image_id,product_id,split,source_dataset,source_country,source_type,view_type,width,height,sha256
8a3f58d261516185,Oatly-Natural-Oatghurt,test,GroceryStoreDataset_Klasson2019,NON_INDIAN,INTERNATIONAL_PACKAGING_FOUNDATION,natural,348,348,bd016ad708760f2442086947ccfd16a54e9650f5f1b6c25f2e3e2000e2e3a5ae
29e6ab7f24e5e428,Oatly-Natural-Oatghurt,test,GroceryStoreDataset_Klasson2019,NON_INDIAN,INTERNATIONAL_PACKAGING_FOUNDATION,natural,348,348,faf73b0e58065cf625d54bdd9230d77b26e9dd5079beb770129ba9d61ebaec56
6afa5ebc9e46b38f,Oatly-Natural-Oatghurt,test,GroceryStoreDataset_Klasson2019,NON_INDIAN,INTERNATIONAL_PACKAGING_FOUNDATION,natural,348,348,64a123a1a0fadfa1b13ae974c184b84eb24d6f20e7f3ea64e174043500ea9ab0
69d1d1545d0e3f72,Oatly-Natural-Oatghurt,test,GroceryStoreDataset_Klasson2019,NON_INDIAN,INTERNATIONAL_PACKAGING_FOUNDATION,natural,348,348,8b9750c1371308b1aa47b7c493a4c8e10afeb595588caa03f042f26badd4a40d
ad4fb3864427a3fd,Oatly-Natural-Oatghurt,test,GroceryStoreDataset_Klasson2019,NON_INDIAN,INTERNATIONAL_PACKAGING_FOUNDATION,natural,348,348,4b900e2a38076bd75e22e91b0a3ed205f233c595838794afbb2ee4b85b161e71
57d1b1f91f5a1901,Oatly-Natural-Oatghurt,test,GroceryStoreDataset_Klasson2019,NON_INDIAN,INTERNATIONAL_PACKAGING_FOUNDATION,natural,348,348,7e3621510cf37230305302a8edeaff5a7d553c45cee2dfee4cf8f89ff8426b5b
b1837da4ec82ded3,Oatly-Natural-Oatghurt,test,GroceryStoreDataset_Klasson2019,NON_INDIAN,INTERNATIONAL_PACKAGING_FOUNDATION,natural,348,348,62f25d2189e16c21194838f8ed40d044f909f6e7f549d1157ea406655515b565
482c40e5921e547e,Oatly-Natural-Oatghurt,test,GroceryStoreDataset_Klasson2019,NON_INDIAN,INTERNATIONAL_PACKAGING_FOUNDATION,natural,348,348,3cff116617c60c283b147916173dd2f477390440289fa8a9dbe5b7344a8e7f45
235b12aaaf1569d8,Oatly-Natural-Oatghurt,test,GroceryStoreDataset_Klasson2019,NON_INDIAN,INTERNATIONAL_PACKAGING_FOUNDATION,natural,348,348,bf2fd80ad436ebd04302de6cbe77d4ca60665845d0780a7084a6092ad8be50f0
6fa2a1825c49de68,Oatly-Natural-Oatghurt,test,GroceryStoreDataset_Klasson2019,NON_INDIAN,INTERNATIONAL_PACKAGING_FOUNDATION,natural,348,348,4ae2c9cf7d8038379f230237ca83f2d8ca49c23380374416021411aee12ec523
a7f200184bfa743d,Oatly-Natural-Oatghurt,test,GroceryStoreDataset_Klasson2019,NON_INDIAN,INTERNATIONAL_PACKAGING_FOUNDATION,natural,348,348,2c309bc4f22746dcaeecc22af9d653bbf04f014d51a3f3178a6971e04a1057bf
12073a5d0e30e08d,Oatly-Natural-Oatghurt,test,GroceryStoreDataset_Klasson2019,NON_INDIAN,INTERNATIONAL_PACKAGING_FOUNDATION,natural,348,348,6327d20194479c187ab55b724bcc7c13c79d9707e89f1e485a87350461095d7c
640d9b766a0d7ca2,Oatly-Natural-Oatghurt,test,GroceryStoreDataset_Klasson2019,NON_INDIAN,INTERNATIONAL_PACKAGING_FOUNDATION,natural,348,348,d4f9e9098d3b26338f6d3fb8a984f00557875e06af36e4b12367aef44810b4d9
cd9e8b61c6f40236,Oatly-Natural-Oatghurt,test,GroceryStoreDataset_Klasson2019,NON_INDIAN,INTERNATIONAL_PACKAGING_FOUNDATION,natural,348,348,f586d5914408c1ef97a65b556eb4e67567feaa503e9c6dac7fbbf90ae88140c9
1fa2612a717aec68,Oatly-Natural-Oatghurt,test,GroceryStoreDataset_Klasson2019,NON_INDIAN,INTERNATIONAL_PACKAGING_FOUNDATION,natural,348,348,25d68f6ff622a81e56a55740342b75674bc03a38c061038f02d559046af6c0b2
bee1616f88d83cc2,Oatly-Natural-Oatghurt,test,GroceryStoreDataset_Klasson2019,NON_INDIAN,INTERNATIONAL_PACKAGING_FOUNDATION,natural,348,348,3b5fb4653dcff070077fe8fe6b2a7ce7c240d9ceacce0f3950cf964c24ce956b
06d6f8a343032b2b,Oatly-Natural-Oatghurt,test,GroceryStoreDataset_Klasson2019,NON_INDIAN,INTERNATIONAL_PACKAGING_FOUNDATION,natural,348,348,91a593a96d36601f858224523d6cade68c3cb07ae358a622732434f410d7efcc
c9022d3b2defd8b8,Oatly-Natural-Oatghurt,test,GroceryStoreDataset_Klasson2019,NON_INDIAN,INTERNATIONAL_PACKAGING_FOUNDATION,natural,348,348,4b49932f3a4627cfef35a88cfe8a0d529aad1d0be4e51004fc057aee523fb8bd
87317d0a43f7a985,Oatly-Natural-Oatghurt,test,GroceryStoreDataset_Klasson2019,NON_INDIAN,INTERNATIONAL_PACKAGING_FOUNDATION,natural,348,348,c9eef112588cbb847be5c52a2cdd18ff124ec2e2b50620fcf6129f9a92c449ca
495c25e3299f7dd3,Oatly-Natural-Oatghurt,test,GroceryStoreDataset_Klasson2019,NON_INDIAN,INTERNATIONAL_PACKAGING_FOUNDATION,natural,348,348,bd8f78f465e6ee627f39c43325f364b7df2a6c33a561783a21809074f66ee89b
2b99b51f79332a92,Oatly-Natural-Oatghurt,test,GroceryStoreDataset_Klasson2019,NON_INDIAN,INTERNATIONAL_PACKAGING_FOUNDATION,natural,348,348,0e08165307d0ac465fee5cefaba941d7d07d64b249daa907ba135c81b5fa5a82
c78188c91fc45c42,Oatly-Natural-Oatghurt,test,GroceryStoreDataset_Klasson2019,NON_INDIAN,INTERNATIONAL_PACKAGING_FOUNDATION,natural,348,348,183ed11c4ad4c736ab96da33d40c0704043950c2ea3876a44ddd96eff9f5fdf4
19786650cfc93d4f,Oatly-Natural-Oatghurt,test,GroceryStoreDataset_Klasson2019,NON_INDIAN,INTERNATIONAL_PACKAGING_FOUNDATION,natural,348,348,33447948c7d3057eb1e507ddcdf4a8e9e5854b2290184edaef3287f922c33c3e
e247a5b195f97516,Oatly-Natural-Oatghurt,test,GroceryStoreDataset_Klasson2019,NON_INDIAN,INTERNATIONAL_PACKAGING_FOUNDATION,natural,348,348,ace4ac6a2301be5473acfaf09c78ec059f321864a5935436bad8a40d16b8b0bd
eb4ab71bff825d4f,Oatly-Natural-Oatghurt,test,GroceryStoreDataset_Klasson2019,NON_INDIAN,INTERNATIONAL_PACKAGING_FOUNDATION,natural,348,348,be817ac43289eeeaa6d2f2a9c0ff49e6f8ccc987cb7a02a899c7c71ec2d08cf9
84560f92759c71da,Oatly-Natural-Oatghurt,test,GroceryStoreDataset_Klasson2019,NON_INDIAN,INTERNATIONAL_PACKAGING_FOUNDATION,natural,348,348,f3decc828d3e8fa9ccb54d2e76de7605bcb7a79660dd6810f6bf659c03502fa0
3511adc7f930869c,Oatly-Natural-Oatghurt,test,GroceryStoreDataset_Klasson2019,NON_INDIAN,INTERNATIONAL_PACKAGING_FOUNDATION,natural,348,348,9435a9d236928e404f54bfd35ae7bf0a28972b36ea6e07700f23f9c4145f0d6b
afa1aa1a326a04b8,Oatly-Natural-Oatghurt,test,GroceryStoreDataset_Klasson2019,NON_INDIAN,INTERNATIONAL_PACKAGING_FOUNDATION,natural,348,348,62af7e48409ab258542ae7dc65846c16c503477843523b8364fc54f1cbf7d046
bd3e46855902341f,Oatly-Natural-Oatghurt,test,GroceryStoreDataset_Klasson2019,NON_INDIAN,INTERNATIONAL_PACKAGING_FOUNDATION,natural,348,348,206211ed02a34535050d940c45b2b98b214d524bf9b5696a5a809a1a0b3ad6a2
77eef684fbe8387e,Oatly-Natural-Oatghurt,test,GroceryStoreDataset_Klasson2019,NON_INDIAN,INTERNATIONAL_PACKAGING_FOUNDATION,natural,348,348,bceae3487e3fea9e747c6bffa55b7eacf787ab7a0fee0bc05ef065728f855895
9d8b7e5e1c1064b8,Oatly-Natural-Oatghurt,test,GroceryStoreDataset_Klasson2019,NON_INDIAN,INTERNATIONAL_PACKAGING_FOUNDATION,natural,348,348,3b3659d5aced9abe8085898afb9968f48a37918b0558f99015124e328dada32a
a71610ae205958aa,Oatly-Natural-Oatghurt,test,GroceryStoreDataset_Klasson2019,NON_INDIAN,INTERNATIONAL_PACKAGING_FOUNDATION,natural,348,348,d5c531ffd747e190a345e9015ea7fb359e99e55ce1071c25a8eede05e88a1049
c2745ff79dee34af,Oatly-Natural-Oatghurt,test,GroceryStoreDataset_Klasson2019,NON_INDIAN,INTERNATIONAL_PACKAGING_FOUNDATION,natural,348,348,6f09413ed25098fa3b90b1a87e4489fbdb23a34de16d2f5f39ecf63d43a67cbb
982f6d04f131ee42,Arla-Sour-Milk,train,GroceryStoreDataset_Klasson2019,NON_INDIAN,INTERNATIONAL_PACKAGING_FOUNDATION,natural,348,348,3c0385157a631d0f3c91934a22f29d02402c6a06be2850ff3e554d64c437b478
0eec3f4dd9d05539,Arla-Sour-Milk,train,GroceryStoreDataset_Klasson2019,NON_INDIAN,INTERNATIONAL_PACKAGING_FOUNDATION,natural,348,348,31982731c937e77f4cc4e7350a38cf40a669006fd4619b7cc5010d88f5c65908
e7d8cfa976427dca,Arla-Sour-Milk,train,GroceryStoreDataset_Klasson2019,NON_INDIAN,INTERNATIONAL_PACKAGING_FOUNDATION,natural,348,348,ad6c3a01eab4b9d2a453bcaf69fca99421c0ab2da06ecccf4af10e35cc195f4d
5a6786e63b18073a,Arla-Sour-Milk,train,GroceryStoreDataset_Klasson2019,NON_INDIAN,INTERNATIONAL_PACKAGING_FOUNDATION,natural,348,348,f111c6a4a56dd253323bd1088ed2a61c2c3b1e35f7cb2d9517d0a7f4165ca248
b55ee1705cebaf18,Arla-Sour-Milk,train,GroceryStoreDataset_Klasson2019,NON_INDIAN,INTERNATIONAL_PACKAGING_FOUNDATION,natural,348,348,192df9a000f1324e136ece5977f08acc8d686cf4ed3d5599cf0140e2fb49eded
03e75b263a78a110,Arla-Sour-Milk,train,GroceryStoreDataset_Klasson2019,NON_INDIAN,INTERNATIONAL_PACKAGING_FOUNDATION,natural,348,348,9e13cf22d38c4ee02f0c65db67259d694f64c161713223bf442632849f023eef
e3d6a87a2301061e,Arla-Sour-Milk,train,GroceryStoreDataset_Klasson2019,NON_INDIAN,INTERNATIONAL_PACKAGING_FOUNDATION,natural,348,348,2e4dfb71c3ce1c8dfa85a7784d9164c3c1efaa693ba917daecd1c300075da8e7
fce9229558cd0479,Arla-Sour-Milk,train,GroceryStoreDataset_Klasson2019,NON_INDIAN,INTERNATIONAL_PACKAGING_FOUNDATION,natural,348,348,4da67580853d8c64c9f1b6fa29a8eb3ae15da660d0fa7b84287544bb708e9b07
685613088453305e,Arla-Sour-Milk,train,GroceryStoreDataset_Klasson2019,NON_INDIAN,INTERNATIONAL_PACKAGING_FOUNDATION,natural,348,348,79efadca938e3c0690416e6a4527b65310f2a50792d35c04b032af0168e6bfc8
9aa33bb9426ef29c,Arla-Sour-Milk,train,GroceryStoreDataset_Klasson2019,NON_INDIAN,INTERNATIONAL_PACKAGING_FOUNDATION,natural,348,348,2893ed17a2bae1b8c75fb12e226b4f4aebea1909012ab6e3d75f3359dda221a6
b417682f7ebfb4ec,Arla-Sour-Milk,train,GroceryStoreDataset_Klasson2019,NON_INDIAN,INTERNATIONAL_PACKAGING_FOUNDATION,natural,348,348,dc6acc07a7d33af65777d5f5acb7528de3e9bba3c6969f4b7b323802e2f5e24f
f42d09cb5f6a4f97,Arla-Sour-Milk,train,GroceryStoreDataset_Klasson2019,NON_INDIAN,INTERNATIONAL_PACKAGING_FOUNDATION,natural,348,348,ec29648a26d27944714ca32a0a7d42d3f9fd1ebbadbf88c1dd0f6dfc076a1c67
7ef254d0f3f17212,Arla-Sour-Milk,train,GroceryStoreDataset_Klasson2019,NON_INDIAN,INTERNATIONAL_PACKAGING_FOUNDATION,natural,348,348,b77f7c7a2d2604ba303a247fe174a019791c11e3d9c033637bed34b899cedfff
06bd4ab37704ffd8,Arla-Sour-Milk,train,GroceryStoreDataset_Klasson2019,NON_INDIAN,INTERNATIONAL_PACKAGING_FOUNDATION,natural,348,348,03f045798e12784b8b792a245d8ac886705bcb81c647a6064041d3e4c357624f
9dbe13d3d6d2c0ef,Arla-Sour-Milk,train,GroceryStoreDataset_Klasson2019,NON_INDIAN,INTERNATIONAL_PACKAGING_FOUNDATION,natural,348,348,234d4e8a30600d175e2c523c3bc469c1b1c3c818ebfa9782034e8a71420da607
23ee5136ac3b9889,Arla-Sour-Milk,train,GroceryStoreDataset_Klasson2019,NON_INDIAN,INTERNATIONAL_PACKAGING_FOUNDATION,natural,348,348,7eb1dd212affce1a21a9e507d2165b8e3f3420945cac2fa08777295943328397
700d668026631f11,Arla-Sour-Milk,train,GroceryStoreDataset_Klasson2019,NON_INDIAN,INTERNATIONAL_PACKAGING_FOUNDATION,natural,348,348,8561b4efa4162b8b12cdb046869081ff88a0b5f17757a90bc81794bf0ab5e0eb
a359d0b43a198f0c,Arla-Sour-Milk,train,GroceryStoreDataset_Klasson2019,NON_INDIAN,INTERNATIONAL_PACKAGING_FOUNDATION,natural,348,348,42503b3a2b2617f23d3e740b03b44041b93eb77a667b2c8b44132dd31a9ec538
abf25b6227b8d500,Arla-Sour-Milk,train,GroceryStoreDataset_Klasson2019,NON_INDIAN,INTERNATIONAL_PACKAGING_FOUNDATION,natural,348,348,4db78bbdf29f2da7904722b19ee1c16d811fe767345e1e3c6a427d034b68a6a7
95437bca98099124,Arla-Sour-Milk,train,GroceryStoreDataset_Klasson2019,NON_INDIAN,INTERNATIONAL_PACKAGING_FOUNDATION,natural,348,348,11d0148a591fc30dd2a311cadc9979e6cbf7f55194ee92c92bfe135105e49905
f2cf31d93cf11104,Arla-Sour-Milk,train,GroceryStoreDataset_Klasson2019,NON_INDIAN,INTERNATIONAL_PACKAGING_FOUNDATION,natural,348,348,2b80e63ef556a95408ce531fd8339c5adb46e19414dddb7b3d36baa9c3ee2c13
ab707204d4a472f7,Arla-Sour-Milk,train,GroceryStoreDataset_Klasson2019,NON_INDIAN,INTERNATIONAL_PACKAGING_FOUNDATION,natural,348,348,e98dc2412136e67bea4762425147194b722709a996aa73d7afd6a58247197ca2
0bbf57552801694f,Arla-Sour-Milk,train,GroceryStoreDataset_Klasson2019,NON_INDIAN,INTERNATIONAL_PACKAGING_FOUNDATION,natural,348,348,2b0174e7b327b373aa68f4c79591f1ae156900149c048e7ae3ae0db1d7617d72
0a121cc377ec427b,Arla-Sour-Milk,train,GroceryStoreDataset_Klasson2019,NON_INDIAN,INTERNATIONAL_PACKAGING_FOUNDATION,natural,348,348,6cfea0dcb567b89e9765e42a1daa8b607585f69d811fdeaa48b4935d053606ac
dfd8370e32e6358a,Arla-Sour-Milk,train,GroceryStoreDataset_Klasson2019,NON_INDIAN,INTERNATIONAL_PACKAGING_FOUNDATION,natural,348,348,c4620f6a6e1ae998af24de07c8cd654889648cea3f827968a190398a68f6003f
e784f518ba69151e,Arla-Sour-Milk,train,GroceryStoreDataset_Klasson2019,NON_INDIAN,INTERNATIONAL_PACKAGING_FOUNDATION,natural,348,348,50143f320ee00316f10112cd21227a3b2f1941c92ee05237351a423ac1a29a0a
f2326a3f48c8f18c,Arla-Sour-Milk,train,GroceryStoreDataset_Klasson2019,NON_INDIAN,INTERNATIONAL_PACKAGING_FOUNDATION,natural,348,348,6bc5276926e00594835c08eee0b3db981a7ebeda9a76c60248463597953e2f03
72961d36e0fa4f9a,Arla-Sour-Milk,train,GroceryStoreDataset_Klasson2019,NON_INDIAN,INTERNATIONAL_PACKAGING_FOUNDATION,natural,348,348,eabefddd9e83bc67efd8124d56b1895bb4385010216a5504ef2313555d4b3524
c7b9d0630b3d7959,Arla-Sour-Milk,train,GroceryStoreDataset_Klasson2019,NON_INDIAN,INTERNATIONAL_PACKAGING_FOUNDATION,natural,348,348,48623b75a4035dd69b0c8316af43a37a1ac6ecc041a34d042012348ad2e805f4
553df61b49223f4d,Arla-Sour-Milk,train,GroceryStoreDataset_Klasson2019,NON_INDIAN,INTERNATIONAL_PACKAGING_FOUNDATION,natural,348,348,20a867db79b286825c43825939b4d97046c9260905b745ed43a82bcd5d194dd8
5f96cc1f44457c1c,Tropicana-Mandarin-Morning,train,GroceryStoreDataset_Klasson2019,NON_INDIAN,INTERNATIONAL_PACKAGING_FOUNDATION,natural,348,348,12c3a8377cae94226a01f1c5453405f15b9f32757dbaade82c95704a1fc89668
05b469c5e660fe63,Tropicana-Mandarin-Morning,train,GroceryStoreDataset_Klasson2019,NON_INDIAN,INTERNATIONAL_PACKAGING_FOUNDATION,natural,348,348,3bb83a41d342ba60b1a4013d92e04165f32abe6f1801fd3b24f704923545c2d5
2953937ffb3e8161,Tropicana-Mandarin-Morning,train,GroceryStoreDataset_Klasson2019,NON_INDIAN,INTERNATIONAL_PACKAGING_FOUNDATION,natural,348,348,f0a66c4072dc2c4d162c1070376eede52ac410962e59ee11e16f4c797dbe8548
3e7744467e51bc0c,Tropicana-Mandarin-Morning,train,GroceryStoreDataset_Klasson2019,NON_INDIAN,INTERNATIONAL_PACKAGING_FOUNDATION,natural,348,348,cb80d851e0dd90250aba1f8d3497cc1b9a9f2002ad9410f531fbeb244c3df6a9
9f028f2a125a86ea,Tropicana-Mandarin-Morning,train,GroceryStoreDataset_Klasson2019,NON_INDIAN,INTERNATIONAL_PACKAGING_FOUNDATION,natural,348,348,50d44531c7c572b303cb66335a097e5cd23036b12655e136ae1159c91b8cb107
4b839cdaf991f354,Tropicana-Mandarin-Morning,train,GroceryStoreDataset_Klasson2019,NON_INDIAN,INTERNATIONAL_PACKAGING_FOUNDATION,natural,348,348,65d9a414621b7faf09eced26b79bd53cbb86dd5286663f650ac2b84b1120ae66
a950d62b48ab970f,Tropicana-Mandarin-Morning,train,GroceryStoreDataset_Klasson2019,NON_INDIAN,INTERNATIONAL_PACKAGING_FOUNDATION,natural,348,348,85c71b5dadd342008c493fd2af871c5b3f5d0288e73c79cdb16f546f8661364b
1ec7d9e4fe132d82,Tropicana-Mandarin-Morning,train,GroceryStoreDataset_Klasson2019,NON_INDIAN,INTERNATIONAL_PACKAGING_FOUNDATION,natural,348,348,3afa94d3e58fc14a7d48429c5aadc95fca00aee4fef8f1b626b94c1f66770abd
dec357febe692831,Tropicana-Mandarin-Morning,train,GroceryStoreDataset_Klasson2019,NON_INDIAN,INTERNATIONAL_PACKAGING_FOUNDATION,natural,348,348,b2f6d88e0751bb8f9ce096a58b61df6c486f673ba340463207752833d11ab9b8
46db73f6964916f9,Tropicana-Mandarin-Morning,train,GroceryStoreDataset_Klasson2019,NON_INDIAN,INTERNATIONAL_PACKAGING_FOUNDATION,natural,348,348,1b1fc1e3fa4fd28588852fadbe787a5a018e30c3785195dbe4ca0f704ced9d1f
219b6493162499bf,Tropicana-Mandarin-Morning,train,GroceryStoreDataset_Klasson2019,NON_INDIAN,INTERNATIONAL_PACKAGING_FOUNDATION,natural,348,348,6cfbee2896fa598a30eeb6b76b71226461aa8096f54946c9582d346c845df92b
dbc52f905be59606,Tropicana-Mandarin-Morning,train,GroceryStoreDataset_Klasson2019,NON_INDIAN,INTERNATIONAL_PACKAGING_FOUNDATION,natural,348,348,2aec17965a967a96934127af65dc20398864fd32d2fff0a490b6f7e998985faa
944ced0461ac3186,Tropicana-Mandarin-Morning,train,GroceryStoreDataset_Klasson2019,NON_INDIAN,INTERNATIONAL_PACKAGING_FOUNDATION,natural,348,348,2319d39602cb1914053566f354f43bb8edf5f45dfedb77c483623327e1138b23
6a8584d02e7c74cc,Tropicana-Mandarin-Morning,train,GroceryStoreDataset_Klasson2019,NON_INDIAN,INTERNATIONAL_PACKAGING_FOUNDATION,natural,348,348,4c8636751641d6decbda7bd3cfdd15641be510431dc42d64bdffa6ce023ac99c
1f08ce87dc03b316,Tropicana-Mandarin-Morning,train,GroceryStoreDataset_Klasson2019,NON_INDIAN,INTERNATIONAL_PACKAGING_FOUNDATION,natural,348,348,256446a7dab4133429c37946e6e5d673e6e72b31f06d04816d1f66ca49626b4b
12697481ce2c7013,Tropicana-Mandarin-Morning,train,GroceryStoreDataset_Klasson2019,NON_INDIAN,INTERNATIONAL_PACKAGING_FOUNDATION,natural,348,348,f48cc5730f0ad56a9c749eea6df6fa22f83fb0786993fc38763da9421d998cdd
3417dbbbf18a8db1,Tropicana-Mandarin-Morning,train,GroceryStoreDataset_Klasson2019,NON_INDIAN,INTERNATIONAL_PACKAGING_FOUNDATION,natural,348,348,14170e0b4955c61d5d5291a46482b91df45cfb492f4ba3da36090875294c85ec
576d7f2ff09b40e3,Tropicana-Mandarin-Morning,train,GroceryStoreDataset_Klasson2019,NON_INDIAN,INTERNATIONAL_PACKAGING_FOUNDATION,natural,348,348,0d8762c6756d51f769a7366b4f96f40a325ccf7c34e0e0bb85401a3cea2e1434
09e8b77aabac6356,Tropicana-Mandarin-Morning,train,GroceryStoreDataset_Klasson2019,NON_INDIAN,INTERNATIONAL_PACKAGING_FOUNDATION,natural,348,348,3548791c0b08abb70ed2d5e2bff395f781016a2714af8347e041ede0dea3f0b2
267d130a15d1fe3c,Tropicana-Mandarin-Morning,train,GroceryStoreDataset_Klasson2019,NON_INDIAN,INTERNATIONAL_PACKAGING_FOUNDATION,natural,348,348,4e4257b368687408aa7b63235c2dec55470af43ae15e7251af78d7286712bd3f
ac1ef22c8e1334d8,Tropicana-Apple-Juice,train,GroceryStoreDataset_Klasson2019,NON_INDIAN,INTERNATIONAL_PACKAGING_FOUNDATION,natural,348,348,e6b5d6db6f770491559b967350a91a9ecc916c96fa1a7414ac4d6956eb5ea1c8
046e229498c60736,Tropicana-Apple-Juice,train,GroceryStoreDataset_Klasson2019,NON_INDIAN,INTERNATIONAL_PACKAGING_FOUNDATION,natural,348,348,0a1580cf783627ecd9c2fd1971ef27571068bf80270d94616e40372a76430154
6b39e15b1fc9e41f,Tropicana-Apple-Juice,train,GroceryStoreDataset_Klasson2019,NON_INDIAN,INTERNATIONAL_PACKAGING_FOUNDATION,natural,348,348,dcd5b4d17213fa6b9d8d285c501c62d5655965d773c3ad584ae906fc415ead24
17123811d5263ed0,Tropicana-Apple-Juice,train,GroceryStoreDataset_Klasson2019,NON_INDIAN,INTERNATIONAL_PACKAGING_FOUNDATION,natural,348,348,b98d5d0bc8c5cd79b8ed6c40aba5a3bd863f0695e2aa31d03e7bc52a2982bdaa
745fec50ae9f4d01,Tropicana-Apple-Juice,train,GroceryStoreDataset_Klasson2019,NON_INDIAN,INTERNATIONAL_PACKAGING_FOUNDATION,natural,348,348,867a6495eda0f45fbe82c7aefce93da52ac5c3a7c0cd8f96ba01dd2c874d89f4
33d43166a7b89e0e,Tropicana-Apple-Juice,train,GroceryStoreDataset_Klasson2019,NON_INDIAN,INTERNATIONAL_PACKAGING_FOUNDATION,natural,348,348,bf9fff3cc6792b4a5facf07bc9feae060f7006b4cf725e5bd8b631a5e2250dbc
eae93176ab3f4595,Tropicana-Apple-Juice,train,GroceryStoreDataset_Klasson2019,NON_INDIAN,INTERNATIONAL_PACKAGING_FOUNDATION,natural,348,348,1cdf74b2a1e6fbf65c9763764a78b77a0c6635bff3be5651cee435776ae8eb77
4233f6da388545ac,Tropicana-Apple-Juice,train,GroceryStoreDataset_Klasson2019,NON_INDIAN,INTERNATIONAL_PACKAGING_FOUNDATION,natural,348,348,dca2775a8b9e74f5d1a879e63a8477e1e14709433d86bc96fd7240b4571d2225
6f29f12d1528f184,Tropicana-Apple-Juice,train,GroceryStoreDataset_Klasson2019,NON_INDIAN,INTERNATIONAL_PACKAGING_FOUNDATION,natural,348,348,5a9f4b32b88d402db3e2515fcddefa716c2334e4de1c09becbdd460b0468d761
2d567d47b1fcbcc3,Tropicana-Apple-Juice,train,GroceryStoreDataset_Klasson2019,NON_INDIAN,INTERNATIONAL_PACKAGING_FOUNDATION,natural,348,348,299f3e9bcb8f1a01c93d356103ec9da807d2f7dc9315c98a820f47b2a1357962
c33a0764f1ed191b,Tropicana-Apple-Juice,train,GroceryStoreDataset_Klasson2019,NON_INDIAN,INTERNATIONAL_PACKAGING_FOUNDATION,natural,348,348,82e2f66e78fd07faf7ff5bccd5bb463129e6ca7891d149748193276c56c8b0a4
c0a5e75ab85e3052,Tropicana-Apple-Juice,train,GroceryStoreDataset_Klasson2019,NON_INDIAN,INTERNATIONAL_PACKAGING_FOUNDATION,natural,348,348,8b4da3c96106a1b1a08a79247b28c308338269240f9329a616bd89726f53e114
241932aaf514af7f,Tropicana-Apple-Juice,train,GroceryStoreDataset_Klasson2019,NON_INDIAN,INTERNATIONAL_PACKAGING_FOUNDATION,natural,348,348,47239f3a4c81935438e8ce4d6afc8a22bad20a75e34f2a7fc8780ee26f9c1134
93acb5f106c7c76c,Tropicana-Apple-Juice,train,GroceryStoreDataset_Klasson2019,NON_INDIAN,INTERNATIONAL_PACKAGING_FOUNDATION,natural,348,348,a825802ec53aa4fda957a96782b7896512398ff8dc027e98d8a546500ead3d71
c82d672b4ec70832,Tropicana-Apple-Juice,train,GroceryStoreDataset_Klasson2019,NON_INDIAN,INTERNATIONAL_PACKAGING_FOUNDATION,natural,348,348,32a864a0c24ff0b0a8ff32eb60b08abf660337cb62e4ebde253aa69afc9189ad
e58f850122e91520,Tropicana-Apple-Juice,train,GroceryStoreDataset_Klasson2019,NON_INDIAN,INTERNATIONAL_PACKAGING_FOUNDATION,natural,348,348,8d9764664d645199288d1fbc2b817b067269a7e80a01aa596968b7f2169fe77f
725a63c1da722314,Tropicana-Apple-Juice,train,GroceryStoreDataset_Klasson2019,NON_INDIAN,INTERNATIONAL_PACKAGING_FOUNDATION,natural,348,348,eab381cffb2f33f87fb8808a4e836345cf71c479b01de1ace6289cf166e9fd90
231fbe4bd2925e15,Tropicana-Apple-Juice,train,GroceryStoreDataset_Klasson2019,NON_INDIAN,INTERNATIONAL_PACKAGING_FOUNDATION,natural,348,348,0cd3a555f952b184662732c8fb61d8629a57c1032900779ef9e7a5a464b54c55
ba4818b3b03e0d09,Tropicana-Apple-Juice,train,GroceryStoreDataset_Klasson2019,NON_INDIAN,INTERNATIONAL_PACKAGING_FOUNDATION,natural,348,348,f79a4af1ccb4c88d54b0a8c3fcdfaccb4dc6594f57b7b3e858c093cfdde3a5fe
2b5edfc26be2b564,Tropicana-Apple-Juice,train,GroceryStoreDataset_Klasson2019,NON_INDIAN,INTERNATIONAL_PACKAGING_FOUNDATION,natural,348,348,ac4d105c84387252198cf19bc6f13b2880339fd84692d05fe24611e390363bef
4822139475468a55,Tropicana-Apple-Juice,train,GroceryStoreDataset_Klasson2019,NON_INDIAN,INTERNATIONAL_PACKAGING_FOUNDATION,natural,348,348,839eaeca5988a1dbdf0767a220bd491c5dc3199636a880b9561b4af19e80cacb
f951a34d8baf44ce,Tropicana-Apple-Juice,train,GroceryStoreDataset_Klasson2019,NON_INDIAN,INTERNATIONAL_PACKAGING_FOUNDATION,natural,348,348,fc4685435abfa387558fbd88b1585cc8edfca93e557f86655427fd7fc012f6e7
4e5388d2f8d257ae,Tropicana-Apple-Juice,train,GroceryStoreDataset_Klasson2019,NON_INDIAN,INTERNATIONAL_PACKAGING_FOUNDATION,natural,348,348,65d13cf3d9a4a67c97e1ada3eac04a677e202048937a98a857a84b19f1957c93
85fa77d885718689,Tropicana-Apple-Juice,train,GroceryStoreDataset_Klasson2019,NON_INDIAN,INTERNATIONAL_PACKAGING_FOUNDATION,natural,348,348,445e0303f5450d3ec813650621f3cc219acbe1194039bbe7f1b6fe6b83c83d3b
1c50830d25224158,Tropicana-Apple-Juice,train,GroceryStoreDataset_Klasson2019,NON_INDIAN,INTERNATIONAL_PACKAGING_FOUNDATION,natural,348,348,5fc4894006275542826b3700ee15d53fc88d9c4f90611edb60e2001dd87de830
d0a6c5f17f91e289,Tropicana-Apple-Juice,train,GroceryStoreDataset_Klasson2019,NON_INDIAN,INTERNATIONAL_PACKAGING_FOUNDATION,natural,348,348,e87f422474d90d6df6ee6d32a66676a45373678bf1eaff5897c8f097428a33f6
483faab9f6805af4,Tropicana-Apple-Juice,train,GroceryStoreDataset_Klasson2019,NON_INDIAN,INTERNATIONAL_PACKAGING_FOUNDATION,natural,348,348,62fd13bfef746904013cf260bac3195ff6cb44d114cdde1a6faa0e3e4ab96cff
5491c1f341c6306d,Tropicana-Apple-Juice,train,GroceryStoreDataset_Klasson2019,NON_INDIAN,INTERNATIONAL_PACKAGING_FOUNDATION,natural,348,348,1e506ccb1396c66b35457f283968ef080d67f1ed5fa9ed352ce9158d1b6b73b5
085d4ca98b2fe0c7,Tropicana-Apple-Juice,train,GroceryStoreDataset_Klasson2019,NON_INDIAN,INTERNATIONAL_PACKAGING_FOUNDATION,natural,348,348,ca92f5d70db11088a1cf0a748c35b2054118e3c34757c44643a161f3ea7b1898
453004400204b6b2,Tropicana-Apple-Juice,train,GroceryStoreDataset_Klasson2019,NON_INDIAN,INTERNATIONAL_PACKAGING_FOUNDATION,natural,348,348,c077e39b45d6eedc9087c276eb538e21aaff5e1cdbff2428686264be53c3679b
c13770eb1c3af2df,Tropicana-Apple-Juice,train,GroceryStoreDataset_Klasson2019,NON_INDIAN,INTERNATIONAL_PACKAGING_FOUNDATION,natural,348,348,abb75280def819ee4060b4c1a83e4e951758dbf3e5977789b1f6b098c6cdcbdf
e1031267d9bee75d,God-Morgon-Orange-Red-Grapefruit-Juice,train,GroceryStoreDataset_Klasson2019,NON_INDIAN,INTERNATIONAL_PACKAGING_FOUNDATION,natural,348,348,a68dc2b66b9231c5ee629fbb3e4eb75711877d6de3e31b118cb22eb917e3eaeb
7451842ec52b6eb9,God-Morgon-Orange-Red-Grapefruit-Juice,train,GroceryStoreDataset_Klasson2019,NON_INDIAN,INTERNATIONAL_PACKAGING_FOUNDATION,natural,348,348,93caf7edbbc1ce8f5def075257dfdff2c7404be3295360a317a65b6f0dc78f30
034a76a15c4cdab8,God-Morgon-Orange-Red-Grapefruit-Juice,train,GroceryStoreDataset_Klasson2019,NON_INDIAN,INTERNATIONAL_PACKAGING_FOUNDATION,natural,348,348,50ff14c4795e03039314d33ac8f77f7d504f4e3cd706c447899c064006a55c99
f3fac7931d3cb730,God-Morgon-Orange-Red-Grapefruit-Juice,train,GroceryStoreDataset_Klasson2019,NON_INDIAN,INTERNATIONAL_PACKAGING_FOUNDATION,natural,348,348,e1670a0fdf67da5cc6de61134288e04bf3b1bb416b8a9d698f1e5ed1abe3fc8c
d7ec810cd4ef8359,God-Morgon-Orange-Red-Grapefruit-Juice,train,GroceryStoreDataset_Klasson2019,NON_INDIAN,INTERNATIONAL_PACKAGING_FOUNDATION,natural,348,348,3c94aaf7383ac824e8da3470d25e97ba7c37f5691c07ae7e12aff5f921dc3b66
ec0da7f20c82ba13,God-Morgon-Orange-Red-Grapefruit-Juice,train,GroceryStoreDataset_Klasson2019,NON_INDIAN,INTERNATIONAL_PACKAGING_FOUNDATION,natural,348,348,ad193344c7362818be96e6888c976c315f88ecce1c947361faa7d66303009b9b
f07e95967425a1e6,God-Morgon-Orange-Red-Grapefruit-Juice,train,GroceryStoreDataset_Klasson2019,NON_INDIAN,INTERNATIONAL_PACKAGING_FOUNDATION,natural,348,348,b25e09ed8682580dceba7826d5c52a046c94dc313d68242327adc6b24746b9f4
4b758ef7cb720d04,God-Morgon-Orange-Red-Grapefruit-Juice,train,GroceryStoreDataset_Klasson2019,NON_INDIAN,INTERNATIONAL_PACKAGING_FOUNDATION,natural,348,348,45442f559d418f90e26ba3b227c495c9fe86440d9bb8a1843954c582c7f14f51
f510e228ad22ce30,God-Morgon-Orange-Red-Grapefruit-Juice,train,GroceryStoreDataset_Klasson2019,NON_INDIAN,INTERNATIONAL_PACKAGING_FOUNDATION,natural,348,348,a58c5fe42f203f8d073bbcde027b6d04b00387974ab131cc54cf62603e3281d5
f6a791a7c968c308,God-Morgon-Orange-Red-Grapefruit-Juice,train,GroceryStoreDataset_Klasson2019,NON_INDIAN,INTERNATIONAL_PACKAGING_FOUNDATION,natural,348,348,5058dc7aec8aa1acd9ae3623b6c27eb98933f39d480c30ad68c9b347f0103f5e
a0ee5b8e35526ba2,God-Morgon-Orange-Red-Grapefruit-Juice,train,GroceryStoreDataset_Klasson2019,NON_INDIAN,INTERNATIONAL_PACKAGING_FOUNDATION,natural,348,348,eb17333803263ff45b7e912ed1b9a456cb3ac810b447e440759eae8018b28a7d
273636ab1b1f2714,God-Morgon-Orange-Red-Grapefruit-Juice,train,GroceryStoreDataset_Klasson2019,NON_INDIAN,INTERNATIONAL_PACKAGING_FOUNDATION,natural,348,348,c585c84e63de3a70b376c7446457af91f56fc254d0a1e2b8fc3a4224f5290766
28e22a0c68ea8f55,God-Morgon-Orange-Red-Grapefruit-Juice,train,GroceryStoreDataset_Klasson2019,NON_INDIAN,INTERNATIONAL_PACKAGING_FOUNDATION,natural,348,348,21387d2faa78a2822bd13eb34316932425b619a5713fc1062cda78b0be3a306b
4a3b45e09d5ee40a,God-Morgon-Orange-Red-Grapefruit-Juice,train,GroceryStoreDataset_Klasson2019,NON_INDIAN,INTERNATIONAL_PACKAGING_FOUNDATION,natural,348,348,1f6fd055d5beb5056b3de113ebf8a3c18a48657b9a8e24388e923d60beb45dc0
9857fc96141b16ee,God-Morgon-Orange-Red-Grapefruit-Juice,train,GroceryStoreDataset_Klasson2019,NON_INDIAN,INTERNATIONAL_PACKAGING_FOUNDATION,natural,348,348,b1b5c95d63febf3861c8dd85fafc0833b9af49b58381f0ef329aff5bcebd57ee
b2f09fe927a35a2d,God-Morgon-Orange-Red-Grapefruit-Juice,train,GroceryStoreDataset_Klasson2019,NON_INDIAN,INTERNATIONAL_PACKAGING_FOUNDATION,natural,348,348,fef14d52996f749c07e98ca823d3379c977e2e088263557b3a76ffdc3f078b1c
17f30b0313346cd2,God-Morgon-Orange-Red-Grapefruit-Juice,train,GroceryStoreDataset_Klasson2019,NON_INDIAN,INTERNATIONAL_PACKAGING_FOUNDATION,natural,348,348,ac427434e4a76e75a3bc070ea68fe8ec83e21cde430dcac58aef586ede7b758e
8bd45f1d3e1ce73b,God-Morgon-Orange-Red-Grapefruit-Juice,train,GroceryStoreDataset_Klasson2019,NON_INDIAN,INTERNATIONAL_PACKAGING_FOUNDATION,natural,348,348,e2824a6ce15e839498b30d237df77e42e1a8242d906644cc134dc7ad3039f183
1421fed41c404019,God-Morgon-Orange-Red-Grapefruit-Juice,train,GroceryStoreDataset_Klasson2019,NON_INDIAN,INTERNATIONAL_PACKAGING_FOUNDATION,natural,348,348,d6823c0468728b8b6b955a344cd38e49ef9f015c9d01a55f32ae475ffbc8b5e1
1619cc4d02af49c9,God-Morgon-Orange-Red-Grapefruit-Juice,train,GroceryStoreDataset_Klasson2019,NON_INDIAN,INTERNATIONAL_PACKAGING_FOUNDATION,natural,348,348,e93343ca7c60cd99bb8cef110c342cf34e95a6737313eab40ceee2cb688926b1
d8d2c20dff012ec0,Bravo-Apple-Juice,train,GroceryStoreDataset_Klasson2019,NON_INDIAN,INTERNATIONAL_PACKAGING_FOUNDATION,natural,348,348,31279a742f98519b1a00195ba3538e806663b1a5a3d2cda5886b758dacb4f332
8f365eddaa0d7a85,Bravo-Apple-Juice,train,GroceryStoreDataset_Klasson2019,NON_INDIAN,INTERNATIONAL_PACKAGING_FOUNDATION,natural,348,348,58767ac0887677de5e17220f708aebda861a60982b9537b2ccefd4d8a3093d89
fd059758513058f1,Bravo-Apple-Juice,train,GroceryStoreDataset_Klasson2019,NON_INDIAN,INTERNATIONAL_PACKAGING_FOUNDATION,natural,348,348,3a47c95f161f60e7d9033628ca59d143c51ce5eb6072fe9d0120bdaceccd1c69
3191d5d0272cc6f3,Bravo-Apple-Juice,train,GroceryStoreDataset_Klasson2019,NON_INDIAN,INTERNATIONAL_PACKAGING_FOUNDATION,natural,348,348,7040e0290fb4411488689a73e2febb6e197ca68ae9a1e8f35f0f26ad5534b9c0
daf39039cca694d2,Bravo-Apple-Juice,train,GroceryStoreDataset_Klasson2019,NON_INDIAN,INTERNATIONAL_PACKAGING_FOUNDATION,natural,348,348,d21a5be86b41f5c68b3da477e7d97a3ab22765b1a0066ce17a47bc3089d672c8
49e931f8c72f8ba0,Bravo-Apple-Juice,train,GroceryStoreDataset_Klasson2019,NON_INDIAN,INTERNATIONAL_PACKAGING_FOUNDATION,natural,348,348,e700cd9ab51abdbe06dea0a7c3e8d3e44387778d8ac3711fcb24b97da2916dcb
3e9a8d49f9dc95b0,Bravo-Apple-Juice,train,GroceryStoreDataset_Klasson2019,NON_INDIAN,INTERNATIONAL_PACKAGING_FOUNDATION,natural,348,348,273eea32b14d5f3ab476fa5dd398fba70acbb9ddd3728294f788afcfc4a80062
8bed141624022d7e,Bravo-Apple-Juice,train,GroceryStoreDataset_Klasson2019,NON_INDIAN,INTERNATIONAL_PACKAGING_FOUNDATION,natural,348,348,f50ca2533d60df1d844ea0837ad5cf1e4825590cc332018a3036efc73ed5d8cc
7a902966e2b0397c,Bravo-Apple-Juice,train,GroceryStoreDataset_Klasson2019,NON_INDIAN,INTERNATIONAL_PACKAGING_FOUNDATION,natural,348,348,bc58fd389624704bc08c8c8f4842e3d8dafff8bcd371221b6f9230112a05fcd3
0c5fc8bc4cd63c7a,Bravo-Apple-Juice,train,GroceryStoreDataset_Klasson2019,NON_INDIAN,INTERNATIONAL_PACKAGING_FOUNDATION,natural,348,348,0945df1b9bcce6d4a99fe7926af8e2b669251756dd06bf54eb5d2d5853ed6bf1
8f3870634f60b844,Bravo-Apple-Juice,train,GroceryStoreDataset_Klasson2019,NON_INDIAN,INTERNATIONAL_PACKAGING_FOUNDATION,natural,348,348,aa9c5dc41cd0980bff8866458aeac55746f442a55bb317032cec0b104261c890
fb2a0a56da1f9068,Bravo-Apple-Juice,train,GroceryStoreDataset_Klasson2019,NON_INDIAN,INTERNATIONAL_PACKAGING_FOUNDATION,natural,348,348,74992c39d014da2cd9c02045a3f39c6f4f96f0ffdd726be3aea71620beddf348
93b795d25ef102df,Bravo-Apple-Juice,train,GroceryStoreDataset_Klasson2019,NON_INDIAN,INTERNATIONAL_PACKAGING_FOUNDATION,natural,348,348,5fa167bd2c34be99067efcf9f182bf12fc1806f3b58e3134fbb061b7f76d4b33
4669b43b5e3acb04,Bravo-Apple-Juice,train,GroceryStoreDataset_Klasson2019,NON_INDIAN,INTERNATIONAL_PACKAGING_FOUNDATION,natural,348,348,efd334d78c7a9828dacbcf5d6aec18b00c33e1b67482b568021ce875c26154e3
f71672fa3cd52048,Bravo-Apple-Juice,train,GroceryStoreDataset_Klasson2019,NON_INDIAN,INTERNATIONAL_PACKAGING_FOUNDATION,natural,348,348,1f20607ab82ed255d3915d39ed4fb4438461b2abf9e729035970ed374bf71c08
329e82e1affb9159,Bravo-Apple-Juice,train,GroceryStoreDataset_Klasson2019,NON_INDIAN,INTERNATIONAL_PACKAGING_FOUNDATION,natural,348,348,49dea0bde74bd8189b6da7e79dd8161d7969a36423f984fd84b8bbb88c38b740
9592cdd514982bd2,Bravo-Apple-Juice,train,GroceryStoreDataset_Klasson2019,NON_INDIAN,INTERNATIONAL_PACKAGING_FOUNDATION,natural,348,348,47addb7f5ad7a50f3e19ba72a7e8a41737f307190d46980fdd7f2bbfb962dddb
a8f1bf4ea212d98f,Bravo-Apple-Juice,train,GroceryStoreDataset_Klasson2019,NON_INDIAN,INTERNATIONAL_PACKAGING_FOUNDATION,natural,348,348,c401c9109ba49620050a43b32a5cd4b9c4d4d32de2d203dde248d35bed4b801f
c2d851f5be71926a,Bravo-Apple-Juice,train,GroceryStoreDataset_Klasson2019,NON_INDIAN,INTERNATIONAL_PACKAGING_FOUNDATION,natural,348,348,61e47e49287871efea078cdc5a92e3c558c20253d25da2f9f496bee213207bd0
c9af7e327b9dce0f,Bravo-Apple-Juice,train,GroceryStoreDataset_Klasson2019,NON_INDIAN,INTERNATIONAL_PACKAGING_FOUNDATION,natural,348,348,ea8eb72a067e1c618d085668418e8d3fd4dea96bb16e6cae9b668f4275555471
8f3e8f04005dcff9,Bravo-Apple-Juice,train,GroceryStoreDataset_Klasson2019,NON_INDIAN,INTERNATIONAL_PACKAGING_FOUNDATION,natural,348,348,1f21ae21172e6bc82eee94bd807cf957497a3c9398106a1193a8f0610c7d5176
0d730e4211aeb325,Bravo-Apple-Juice,train,GroceryStoreDataset_Klasson2019,NON_INDIAN,INTERNATIONAL_PACKAGING_FOUNDATION,natural,348,348,a2089afbfd8fc22ff520af8cae50b3b65c7ef92cacd28c30c6468924ac699ec5
65527d396ba01ee3,Bravo-Apple-Juice,train,GroceryStoreDataset_Klasson2019,NON_INDIAN,INTERNATIONAL_PACKAGING_FOUNDATION,natural,348,348,0288857d6b52f6981a577c90d90726dc23fd2e69a681656c63e31eaa4ee24dc2
f6998012a44cd52f,Bravo-Apple-Juice,train,GroceryStoreDataset_Klasson2019,NON_INDIAN,INTERNATIONAL_PACKAGING_FOUNDATION,natural,348,348,4a65764ce20342075103d450e12b6f1e3dbcf839e536b73240fa82d1e44c9d04
bedb6802f69e4116,Bravo-Apple-Juice,train,GroceryStoreDataset_Klasson2019,NON_INDIAN,INTERNATIONAL_PACKAGING_FOUNDATION,natural,348,348,af3750de33614832f94a42954e22e0cf6fdf0cc4046155978561cffd7e36a3e1
4e662f182fee0684,Bravo-Orange-Juice,train,GroceryStoreDataset_Klasson2019,NON_INDIAN,INTERNATIONAL_PACKAGING_FOUNDATION,natural,348,348,c4d8b17cc52bf9859c4698ec0fbca06733943c4342f9e3da1e40b9ddd7573b99
340a9cd820cfe217,Bravo-Orange-Juice,train,GroceryStoreDataset_Klasson2019,NON_INDIAN,INTERNATIONAL_PACKAGING_FOUNDATION,natural,348,348,3fdb0f48748bd772d5f327812623e13c79d8a293918a4211e4dfb5d4eda35d4e
bbb952fae239a0c2,Bravo-Orange-Juice,train,GroceryStoreDataset_Klasson2019,NON_INDIAN,INTERNATIONAL_PACKAGING_FOUNDATION,natural,348,348,5ec923ed20880d374556ecbb9db04b732c8b9d423f06fde629346193f31e4adc
ef755feb0c7f30a1,Bravo-Orange-Juice,train,GroceryStoreDataset_Klasson2019,NON_INDIAN,INTERNATIONAL_PACKAGING_FOUNDATION,natural,348,348,7c73499975c0dbb571b71a9129a35cfeb6a5f9b10148217af6431e6438c92820
71c65b20641418bf,Bravo-Orange-Juice,train,GroceryStoreDataset_Klasson2019,NON_INDIAN,INTERNATIONAL_PACKAGING_FOUNDATION,natural,348,348,a82baebf3fd5b2785c97249e0e37ba23fbddb8932807ee9635bf873d5127e68e
29e2386226114530,Bravo-Orange-Juice,train,GroceryStoreDataset_Klasson2019,NON_INDIAN,INTERNATIONAL_PACKAGING_FOUNDATION,natural,348,348,139ae830b5f9558f0db19545dde4a9b46a70d71affe62695bb98c12db81e690f
245449ccdf4a4ff2,Bravo-Orange-Juice,train,GroceryStoreDataset_Klasson2019,NON_INDIAN,INTERNATIONAL_PACKAGING_FOUNDATION,natural,348,348,8cab1a6ad001ff31cd9371e1bf0dabf60c289bdc287ceb31d79436ff2c0efa43
3a753a000c1b0a79,Bravo-Orange-Juice,train,GroceryStoreDataset_Klasson2019,NON_INDIAN,INTERNATIONAL_PACKAGING_FOUNDATION,natural,348,348,13a903a055cd7d0d9f387d0ad7c11f742d51d53b2f229cd902d6e7deabb8366e
c447c9880cdd620c,Bravo-Orange-Juice,train,GroceryStoreDataset_Klasson2019,NON_INDIAN,INTERNATIONAL_PACKAGING_FOUNDATION,natural,348,348,12b6470a3861a64039e68d931612b66bbbdb58feed35f21af361a31d0ee6dee4
41e81721200a7b18,Bravo-Orange-Juice,train,GroceryStoreDataset_Klasson2019,NON_INDIAN,INTERNATIONAL_PACKAGING_FOUNDATION,natural,348,348,7fb9d8ad7be4db3d36f4d40abb8887a71c1c44f20252d1533ce8affad4ffd0ce
b5712c894c5e02ba,Bravo-Orange-Juice,train,GroceryStoreDataset_Klasson2019,NON_INDIAN,INTERNATIONAL_PACKAGING_FOUNDATION,natural,348,348,d3da31eb15fd1b17eb102a3f0f8be1b6004fa1988774cc6a8a57520a3f89490f
236952fef3f18e97,Bravo-Orange-Juice,train,GroceryStoreDataset_Klasson2019,NON_INDIAN,INTERNATIONAL_PACKAGING_FOUNDATION,natural,348,348,f017f9949403d0f4918f9f4be2dd73b867d819cab1b4c37d570ef6e0a50a024f
890e8d33853d3a6c,Bravo-Orange-Juice,train,GroceryStoreDataset_Klasson2019,NON_INDIAN,INTERNATIONAL_PACKAGING_FOUNDATION,natural,348,348,5be3e824bd7d9a14fddc446df1113fc8b0f6814a5bfdf0c2cf5bf22f1d0b2028
2f2549d1d1378ede,Bravo-Orange-Juice,train,GroceryStoreDataset_Klasson2019,NON_INDIAN,INTERNATIONAL_PACKAGING_FOUNDATION,natural,348,348,4d564092e25e9a1b7cb35667ff0858669c397b8beb46a1dcec3111c3e9cfd034
88dfd2ae55911af8,Bravo-Orange-Juice,train,GroceryStoreDataset_Klasson2019,NON_INDIAN,INTERNATIONAL_PACKAGING_FOUNDATION,natural,348,348,767f1d05339298a577c424483dc6b70ad4f3c40fae6ee8f32fb099903fe39d67
1651c1de082b8227,Bravo-Orange-Juice,train,GroceryStoreDataset_Klasson2019,NON_INDIAN,INTERNATIONAL_PACKAGING_FOUNDATION,natural,348,348,30f28ae92509e0033b40e7a4d4f722e457953cacad8100732c7913593214e188
b2bc6edd815a4e12,Bravo-Orange-Juice,train,GroceryStoreDataset_Klasson2019,NON_INDIAN,INTERNATIONAL_PACKAGING_FOUNDATION,natural,348,348,406d7889287b2fd9766defb54afd51dd77ce9ebf309d119c341479739163d371
e80c39b5eddee3f6,Bravo-Orange-Juice,train,GroceryStoreDataset_Klasson2019,NON_INDIAN,INTERNATIONAL_PACKAGING_FOUNDATION,natural,348,348,a473da18379f59ee6042859d606cf372b22da39a01fa6093a69898294e941f0a
566fd6ddbc72c5ba,Bravo-Orange-Juice,train,GroceryStoreDataset_Klasson2019,NON_INDIAN,INTERNATIONAL_PACKAGING_FOUNDATION,natural,348,348,d43b6af4a1d0d1a961575f71dc847bc015d450dfd0d2e804e5ce7da387a519ff
a9c06339e56d4473,Bravo-Orange-Juice,train,GroceryStoreDataset_Klasson2019,NON_INDIAN,INTERNATIONAL_PACKAGING_FOUNDATION,natural,348,348,56d3b845ffac531976adadaf6ea0fa68ced27543870fb9f797bc95c1c8868c6d
bec811f7460cf8f1,Bravo-Orange-Juice,train,GroceryStoreDataset_Klasson2019,NON_INDIAN,INTERNATIONAL_PACKAGING_FOUNDATION,natural,348,348,22acf8d88841af012c4d759d9134d190799cb5af7739309f050c32563f17f898
51314321945ee938,Bravo-Orange-Juice,train,GroceryStoreDataset_Klasson2019,NON_INDIAN,INTERNATIONAL_PACKAGING_FOUNDATION,natural,348,348,dcd11d9fed369017f6d8924c2b03d587274c7013bef49c76a4450c4ecca287b9
7973251339604ea8,Bravo-Orange-Juice,train,GroceryStoreDataset_Klasson2019,NON_INDIAN,INTERNATIONAL_PACKAGING_FOUNDATION,natural,348,348,d7a706b699af0405169c7a49306a1fe28f1edb022594708878f24a25593e9d5d
3f9e163222c961da,Bravo-Orange-Juice,train,GroceryStoreDataset_Klasson2019,NON_INDIAN,INTERNATIONAL_PACKAGING_FOUNDATION,natural,348,348,1f8fa00621285417521dde1e3592004eddcb29d162132517117ca757609371d2
5c0a8d1106ad290c,Bravo-Orange-Juice,train,GroceryStoreDataset_Klasson2019,NON_INDIAN,INTERNATIONAL_PACKAGING_FOUNDATION,natural,348,348,6df4079c4d71f8eca69746028ca74d3f566f157522b9477fc66377d30fed82d8
e641f0139cf7779d,Bravo-Orange-Juice,train,GroceryStoreDataset_Klasson2019,NON_INDIAN,INTERNATIONAL_PACKAGING_FOUNDATION,natural,348,348,3b1224ac9c6a498f2905912603b9b92a391d1e35e06b5cbd82f2a810a9828fce
c8502ff9ca2db238,Bravo-Orange-Juice,train,GroceryStoreDataset_Klasson2019,NON_INDIAN,INTERNATIONAL_PACKAGING_FOUNDATION,natural,348,348,b5988183d77090c83cc4d517d653d1ed2b7657902c9f445b775170b5b938100f
63f913744d15ab86,Bravo-Orange-Juice,train,GroceryStoreDataset_Klasson2019,NON_INDIAN,INTERNATIONAL_PACKAGING_FOUNDATION,natural,348,348,18f87fad7cfc176aea74c82321cace8429cfc66c36d6f8f5dcd3bbbebe3e7dd4
a6959c41c77be1d9,Bravo-Orange-Juice,train,GroceryStoreDataset_Klasson2019,NON_INDIAN,INTERNATIONAL_PACKAGING_FOUNDATION,natural,348,348,e976b04966ed4d39f45f1281a1c9e46b6dbc1acd7d61cc1fd27a9bc040231df9
64782b29b5e7bf48,Bravo-Orange-Juice,train,GroceryStoreDataset_Klasson2019,NON_INDIAN,INTERNATIONAL_PACKAGING_FOUNDATION,natural,348,348,fcf5b93b304fdec1f776a4a7b4df4aee1b67c2630b7af0909dd0392881fb7be3
3ec20beee4174675,Bravo-Orange-Juice,train,GroceryStoreDataset_Klasson2019,NON_INDIAN,INTERNATIONAL_PACKAGING_FOUNDATION,natural,348,348,d24fe369d91e5e0aefa062062cceea585260106a258fbc18161dd447b0405126
75c3da5ae19958df,Bravo-Orange-Juice,train,GroceryStoreDataset_Klasson2019,NON_INDIAN,INTERNATIONAL_PACKAGING_FOUNDATION,natural,348,348,7b0bd4ce583faff877ac75de75f2510391a871249f82cc623798f056a4bd90c8
ecc2d976059c4213,Tropicana-Golden-Grapefruit,val,GroceryStoreDataset_Klasson2019,NON_INDIAN,INTERNATIONAL_PACKAGING_FOUNDATION,natural,348,348,35b0bb070bd018078dbb07eaf64ce0d41cf8ebcea035090db05e3032c71d4534
c7d4408a635cfc15,Tropicana-Golden-Grapefruit,val,GroceryStoreDataset_Klasson2019,NON_INDIAN,INTERNATIONAL_PACKAGING_FOUNDATION,natural,348,348,56668361809a524402fda5d36c8c21d67acd4e544861717fe3d3d474053d7290
eb8369f6f3e31fe6,Tropicana-Golden-Grapefruit,val,GroceryStoreDataset_Klasson2019,NON_INDIAN,INTERNATIONAL_PACKAGING_FOUNDATION,natural,348,348,1971d0549b45cf2639cc69d507523febeaf892ce8392e2797dcdfea305267c5e
f06cb46b32878a8c,Tropicana-Golden-Grapefruit,val,GroceryStoreDataset_Klasson2019,NON_INDIAN,INTERNATIONAL_PACKAGING_FOUNDATION,natural,348,348,c8a79eb1e0412c129c9b70115aee74aab227e86f6c8c12ae5ca06481cd1bba9b
3b300eee196258f2,Tropicana-Golden-Grapefruit,val,GroceryStoreDataset_Klasson2019,NON_INDIAN,INTERNATIONAL_PACKAGING_FOUNDATION,natural,348,348,e37e41e6bdd972b9c11d15b8a7dcb6baf5316b8653f110dc31cad1025c480ae9
b47d3afe040e7792,Tropicana-Golden-Grapefruit,val,GroceryStoreDataset_Klasson2019,NON_INDIAN,INTERNATIONAL_PACKAGING_FOUNDATION,natural,348,348,ef30a584452c4c206b133d1e2709c2de5b767c255336f80037b314d1c3994025
46422351352bb41c,Tropicana-Golden-Grapefruit,val,GroceryStoreDataset_Klasson2019,NON_INDIAN,INTERNATIONAL_PACKAGING_FOUNDATION,natural,348,348,8c2bd56a9f2ba2166eb99c2ae331b43dac403f8c6dacce814bfcaef9859731e8
692987aca135da7f,Tropicana-Golden-Grapefruit,val,GroceryStoreDataset_Klasson2019,NON_INDIAN,INTERNATIONAL_PACKAGING_FOUNDATION,natural,348,348,f9a8eec091e7d0fc7418798c7b6cea4d4da461b373af19bceb53b911a954af5c
84ee007b9e7c2e6a,Tropicana-Golden-Grapefruit,val,GroceryStoreDataset_Klasson2019,NON_INDIAN,INTERNATIONAL_PACKAGING_FOUNDATION,natural,348,348,da6a2cfe03d41e343adf46474e5aa9c6213f6a311f4a452c1fb37122d71e941f
1c2774cf3590db8e,Tropicana-Golden-Grapefruit,val,GroceryStoreDataset_Klasson2019,NON_INDIAN,INTERNATIONAL_PACKAGING_FOUNDATION,natural,348,348,651fa4c4261c4cd0829784a8a31ea0932219042fbbed375d9ac6ff93b26cffb9
c6b58d18762ccb7e,Tropicana-Golden-Grapefruit,val,GroceryStoreDataset_Klasson2019,NON_INDIAN,INTERNATIONAL_PACKAGING_FOUNDATION,natural,348,348,8a16c771ed9f24f8c43fcd7ebe6ee5fd960668bf0af01a42b41ddaa385ac6bfc
87168985bca631ba,Tropicana-Golden-Grapefruit,val,GroceryStoreDataset_Klasson2019,NON_INDIAN,INTERNATIONAL_PACKAGING_FOUNDATION,natural,348,348,12da704f3a27edc8bd50294f3d4e565d77fd76487add71b84d2b4d9ea1fc2093
0e2f0f88e30f3521,Tropicana-Golden-Grapefruit,val,GroceryStoreDataset_Klasson2019,NON_INDIAN,INTERNATIONAL_PACKAGING_FOUNDATION,natural,348,348,a0d4cd757e9964a0165c8c87f123455c3b2db4f619f38aa55c2c2084e873f5c6
e6d88430bfa2e92d,Tropicana-Golden-Grapefruit,val,GroceryStoreDataset_Klasson2019,NON_INDIAN,INTERNATIONAL_PACKAGING_FOUNDATION,natural,348,348,5d932676f8feeb191c3fab02775cfb1261035b5d0e8338620c3d46cb38cfb089
0573573d13dce3a3,Tropicana-Golden-Grapefruit,val,GroceryStoreDataset_Klasson2019,NON_INDIAN,INTERNATIONAL_PACKAGING_FOUNDATION,natural,348,348,30695dd2eeafabbba39ec7d514e50790072eaeb9ebbc2a5d1f4902d406a32ca2
51369bd8b56311a3,Tropicana-Golden-Grapefruit,val,GroceryStoreDataset_Klasson2019,NON_INDIAN,INTERNATIONAL_PACKAGING_FOUNDATION,natural,348,348,903adb366629d507ca0b8e26d1c4e2fda2dfba1e8bc76769a262c35bf9189b9f
581bba8c289af3e2,Tropicana-Golden-Grapefruit,val,GroceryStoreDataset_Klasson2019,NON_INDIAN,INTERNATIONAL_PACKAGING_FOUNDATION,natural,348,348,589ef570286dc5466ce868b88b939b5c7a0cf109564c83e002390e45454ecf2a
af89691e891c24d2,Tropicana-Golden-Grapefruit,val,GroceryStoreDataset_Klasson2019,NON_INDIAN,INTERNATIONAL_PACKAGING_FOUNDATION,natural,348,348,ed25a6eaf65b8626d6b5372985bed8cecbf491fb96666acd5ee5770815aa639b
4a17f84a451eb624,Tropicana-Golden-Grapefruit,val,GroceryStoreDataset_Klasson2019,NON_INDIAN,INTERNATIONAL_PACKAGING_FOUNDATION,natural,348,348,38d0e5139591fa4ad2ca3d44f1cfce2e35a3b317205af3337a70556632dbfb13
b97cd344f0586488,Tropicana-Golden-Grapefruit,val,GroceryStoreDataset_Klasson2019,NON_INDIAN,INTERNATIONAL_PACKAGING_FOUNDATION,natural,348,348,533e2f94953a85ae026087254aa7fa933281db1874245237bd21aad5b6de6487
26219e1fc4824310,Tropicana-Golden-Grapefruit,val,GroceryStoreDataset_Klasson2019,NON_INDIAN,INTERNATIONAL_PACKAGING_FOUNDATION,natural,348,348,a9725a09bdcecb5a58f5058566f29a0f260269c97f72cea8b74c9bc7c6fab151
776fc883c88c9c91,Tropicana-Golden-Grapefruit,val,GroceryStoreDataset_Klasson2019,NON_INDIAN,INTERNATIONAL_PACKAGING_FOUNDATION,natural,348,348,533e3673f7ab03fefca472584d0572dd5ef27f79d0e87cdf4adac116709bf8aa
ab2391e6c18b1765,Tropicana-Golden-Grapefruit,val,GroceryStoreDataset_Klasson2019,NON_INDIAN,INTERNATIONAL_PACKAGING_FOUNDATION,natural,348,348,e34e5435117b797138b9062857c418ffeb4c5c6884d9b9805c40b3ce82680248
c3049c3519e49c51,Tropicana-Golden-Grapefruit,val,GroceryStoreDataset_Klasson2019,NON_INDIAN,INTERNATIONAL_PACKAGING_FOUNDATION,natural,348,348,d0e6aaadbb1d2a55fd695f9fbadc0c3c82699d2bfa29d7df8ed411c8f1fdce22
0c35009bb4b76a6c,Tropicana-Golden-Grapefruit,val,GroceryStoreDataset_Klasson2019,NON_INDIAN,INTERNATIONAL_PACKAGING_FOUNDATION,natural,348,348,cb0a4c67a81bfff8fad713acb6a5635afa6780871b2ab829ee78c9713c18d73f
5fc2398e02aad85e,God-Morgon-Orange-Juice,test,GroceryStoreDataset_Klasson2019,NON_INDIAN,INTERNATIONAL_PACKAGING_FOUNDATION,natural,348,348,58d8636087d420352dc1709b2ee9da41b49423a54e5d25a2cbdf69f7d32630d4
c1ffcb6ee4fee065,God-Morgon-Orange-Juice,test,GroceryStoreDataset_Klasson2019,NON_INDIAN,INTERNATIONAL_PACKAGING_FOUNDATION,natural,348,348,88c4a743f74f57988c8576bb284e88dd9717678dfb1f93d1c9237f3bc770bd2e
64f136ac199e66d8,God-Morgon-Orange-Juice,test,GroceryStoreDataset_Klasson2019,NON_INDIAN,INTERNATIONAL_PACKAGING_FOUNDATION,natural,348,348,cba2622279d84515087ebd9e4e1fe146d52eb948db435115e6427590df988d8c
c64fff5dca291dce,God-Morgon-Orange-Juice,test,GroceryStoreDataset_Klasson2019,NON_INDIAN,INTERNATIONAL_PACKAGING_FOUNDATION,natural,348,348,7395194683ab076f6d0278bb1f33d300ea1371438a5c9fee82a6656475a3d386
c256c54378aff68e,God-Morgon-Orange-Juice,test,GroceryStoreDataset_Klasson2019,NON_INDIAN,INTERNATIONAL_PACKAGING_FOUNDATION,natural,348,348,88ca3691e305aeb250afc301139402ac4f9225db029c72c5ad4b678fd46a3f1a
6bbb8859561e18a3,God-Morgon-Orange-Juice,test,GroceryStoreDataset_Klasson2019,NON_INDIAN,INTERNATIONAL_PACKAGING_FOUNDATION,natural,348,348,5375a023bc115db4b56f05285dbb1335bf5103f5396f3b00fbc8c0777f7510dd
cd1fe3495cbd79e6,God-Morgon-Orange-Juice,test,GroceryStoreDataset_Klasson2019,NON_INDIAN,INTERNATIONAL_PACKAGING_FOUNDATION,natural,348,348,b481913f9e6a07baef842f5e5a1acb3d0e7f82372024fa61b42769ab01861f40
47a9d598a269ee6f,God-Morgon-Orange-Juice,test,GroceryStoreDataset_Klasson2019,NON_INDIAN,INTERNATIONAL_PACKAGING_FOUNDATION,natural,348,348,64275a0518f19d71dceed2d4902aa923dd8553a4511dfb67da33c77734fa2d77
7cfde51e63e1e9e5,God-Morgon-Orange-Juice,test,GroceryStoreDataset_Klasson2019,NON_INDIAN,INTERNATIONAL_PACKAGING_FOUNDATION,natural,348,348,2bbfe8734df1f01fcc399ddf5cfbe5e99ead4a9d2248495959ffa801451932ed
1bdbba1df693d87e,God-Morgon-Orange-Juice,test,GroceryStoreDataset_Klasson2019,NON_INDIAN,INTERNATIONAL_PACKAGING_FOUNDATION,natural,348,348,2f9be73f053312e052ec55cae5dccd146cd228906678eddd03907f2040a8cecc
83d616e3dec86e76,God-Morgon-Orange-Juice,test,GroceryStoreDataset_Klasson2019,NON_INDIAN,INTERNATIONAL_PACKAGING_FOUNDATION,natural,348,348,13850d427cd103d57a9f7e4473fd24f570cafc966f721a66b7afe16c3fcae532
4f4a6f44c9648eea,God-Morgon-Orange-Juice,test,GroceryStoreDataset_Klasson2019,NON_INDIAN,INTERNATIONAL_PACKAGING_FOUNDATION,natural,348,348,4d518eeb62114fe7055ca02d3f077b2660430b1cf79def3b8a2a3e5609743f88
b1e3571a2c57ec73,God-Morgon-Orange-Juice,test,GroceryStoreDataset_Klasson2019,NON_INDIAN,INTERNATIONAL_PACKAGING_FOUNDATION,natural,348,348,b0409bbf2025f2c27fd981082f2d2cfbae38b942044003b2c72a53a65b3f49e0
81e5c6f52cad84f0,God-Morgon-Orange-Juice,test,GroceryStoreDataset_Klasson2019,NON_INDIAN,INTERNATIONAL_PACKAGING_FOUNDATION,natural,348,348,fc03b5b318d4353b1027e8f98053b7808293b0d783e227b451b97a5210e65b92
e814a68994c9122a,God-Morgon-Orange-Juice,test,GroceryStoreDataset_Klasson2019,NON_INDIAN,INTERNATIONAL_PACKAGING_FOUNDATION,natural,348,348,5762bae36948654acf8d8754605bc76f77547826731468d63b7aaedb8c4d6f46
7f10042e41d40078,God-Morgon-Orange-Juice,test,GroceryStoreDataset_Klasson2019,NON_INDIAN,INTERNATIONAL_PACKAGING_FOUNDATION,natural,348,348,22384c13c26c89c01df4dda0be196bf8c200fd1cb531bff0dc2abc5ab629eeb7
306c219262475697,God-Morgon-Orange-Juice,test,GroceryStoreDataset_Klasson2019,NON_INDIAN,INTERNATIONAL_PACKAGING_FOUNDATION,natural,348,348,85a5ebcd9bf39533a7845e65da978c89f738189caa1e69ec5259bbcdbda0e2c8
de29f246805ae986,God-Morgon-Orange-Juice,test,GroceryStoreDataset_Klasson2019,NON_INDIAN,INTERNATIONAL_PACKAGING_FOUNDATION,natural,348,348,42f1b21c0aa3ae76976d0442567ce8101a716edbf31cc34e6493400fe847a40d
9f269ef37e8d695a,God-Morgon-Orange-Juice,test,GroceryStoreDataset_Klasson2019,NON_INDIAN,INTERNATIONAL_PACKAGING_FOUNDATION,natural,348,348,ad767c113cc6e59e5c6bc3635d451d947d2641220c5c8c903d02fa40fe5dc652
279b98430844e1ee,God-Morgon-Orange-Juice,test,GroceryStoreDataset_Klasson2019,NON_INDIAN,INTERNATIONAL_PACKAGING_FOUNDATION,natural,348,348,a99a38cd25ebe2529da75fa07d29e76173451815854dbe0d8694b9967a682dae
f3ec37e3a5aae741,God-Morgon-Orange-Juice,test,GroceryStoreDataset_Klasson2019,NON_INDIAN,INTERNATIONAL_PACKAGING_FOUNDATION,natural,348,348,5bb315201c9d801033695f7e17beadb05bb7e1918b9c6694b60e7ebde39bb0a4
86886ebc4abd80e6,God-Morgon-Orange-Juice,test,GroceryStoreDataset_Klasson2019,NON_INDIAN,INTERNATIONAL_PACKAGING_FOUNDATION,natural,348,348,d07ef645d00d042fc60c3fb657702dc4f1bbbaaff9ffda279f6f2a39841e6181
25c603e0562dbe39,God-Morgon-Orange-Juice,test,GroceryStoreDataset_Klasson2019,NON_INDIAN,INTERNATIONAL_PACKAGING_FOUNDATION,natural,348,348,9cee92d691143cccd303c53993527dc9498f50844dce065416df15b1721c8621
fd9d5e13331793f4,Tropicana-Juice-Smooth,train,GroceryStoreDataset_Klasson2019,NON_INDIAN,INTERNATIONAL_PACKAGING_FOUNDATION,natural,348,348,470766891116323de8e9dc206b5606fd39fe1df4869b6bb13ab8d35f22eda1eb
68b839939872878f,Tropicana-Juice-Smooth,train,GroceryStoreDataset_Klasson2019,NON_INDIAN,INTERNATIONAL_PACKAGING_FOUNDATION,natural,348,348,0942a23feeb4070914e175fd5fb6e386478c530f8ed89895fd6f38c3ffbf5998
1ade133e02e958d9,Tropicana-Juice-Smooth,train,GroceryStoreDataset_Klasson2019,NON_INDIAN,INTERNATIONAL_PACKAGING_FOUNDATION,natural,348,348,e9b6c1fd8d31454bc4ccce1c07b2e1c665deb9177eb73b3443df6cee2584fd23
7e382ff22f219fac,Tropicana-Juice-Smooth,train,GroceryStoreDataset_Klasson2019,NON_INDIAN,INTERNATIONAL_PACKAGING_FOUNDATION,natural,348,348,a77c0a637c2da723d32a66702eab744e1ebeb48b929e7455dfee7858d5af71e5
6e185d880877225f,Tropicana-Juice-Smooth,train,GroceryStoreDataset_Klasson2019,NON_INDIAN,INTERNATIONAL_PACKAGING_FOUNDATION,natural,348,348,3752f5832caf02f014b95dd3f415676081907c562831b2c9a5bfaa31bb59c162
1d386c6970aa936b,Tropicana-Juice-Smooth,train,GroceryStoreDataset_Klasson2019,NON_INDIAN,INTERNATIONAL_PACKAGING_FOUNDATION,natural,348,348,d0996208b448eccb68c95f7a297731d5525009cb610d913ac5cad6904511eea8
2ef71242fba276db,Tropicana-Juice-Smooth,train,GroceryStoreDataset_Klasson2019,NON_INDIAN,INTERNATIONAL_PACKAGING_FOUNDATION,natural,348,348,496dc3a57896ca8a10efaa1f4f25349a25ca4131a3b3687b02d21d9bebc591ee
5ffc1e8f913cf3ae,Tropicana-Juice-Smooth,train,GroceryStoreDataset_Klasson2019,NON_INDIAN,INTERNATIONAL_PACKAGING_FOUNDATION,natural,348,348,dcf4dfcd85fe640b8de84926b9df7216a0c6c2992e17c7629afc1cd96a5fdb55
cb3ac20187ac7683,Tropicana-Juice-Smooth,train,GroceryStoreDataset_Klasson2019,NON_INDIAN,INTERNATIONAL_PACKAGING_FOUNDATION,natural,348,348,d99f0db1208e2c29b9626e37b49c94ffd166cf68d91b8c1442c0806bac801ec4
5a9df880ca692760,Tropicana-Juice-Smooth,train,GroceryStoreDataset_Klasson2019,NON_INDIAN,INTERNATIONAL_PACKAGING_FOUNDATION,natural,348,348,03e22dbc9818fd986047bc276daba384baf64ea424dc7e2b1e1d6f1946ed7ed7
cf55a2ffc3e2be3b,Tropicana-Juice-Smooth,train,GroceryStoreDataset_Klasson2019,NON_INDIAN,INTERNATIONAL_PACKAGING_FOUNDATION,natural,348,348,aed80c1e8a970a0f29c2eaca59f8e553e9d324e99fb770f7975a6fda76c551a8
387795d619f4c87e,Tropicana-Juice-Smooth,train,GroceryStoreDataset_Klasson2019,NON_INDIAN,INTERNATIONAL_PACKAGING_FOUNDATION,natural,348,348,8a07b5e5a49cb618c1a6415004fa700996ff0d92b2f38bfaa343627785ea38c2
9560f59cb9374a6d,Tropicana-Juice-Smooth,train,GroceryStoreDataset_Klasson2019,NON_INDIAN,INTERNATIONAL_PACKAGING_FOUNDATION,natural,348,348,00c445bf34a87e4c0102a26b294ac46341e7a58502848a3c8109e92c3ab05f69
e0c1c92dbfaa87a7,Tropicana-Juice-Smooth,train,GroceryStoreDataset_Klasson2019,NON_INDIAN,INTERNATIONAL_PACKAGING_FOUNDATION,natural,348,348,731ed1582b9a6de0f2f2cc661d9694c9969c592e610eefff4eda30ea50f62dcb
00aef1f6c89c3627,Tropicana-Juice-Smooth,train,GroceryStoreDataset_Klasson2019,NON_INDIAN,INTERNATIONAL_PACKAGING_FOUNDATION,natural,348,348,3a0029821469bfe525a080d8d29f823b2f0bf6b65f18ecd418d46234b649dd29
e2ba096778ad5cc4,Tropicana-Juice-Smooth,train,GroceryStoreDataset_Klasson2019,NON_INDIAN,INTERNATIONAL_PACKAGING_FOUNDATION,natural,348,348,7b7c4889d42d242645e1f968f2aebd63bbdf669b18d1654347b14779de3a2db8
b07990dc2ac14407,Tropicana-Juice-Smooth,train,GroceryStoreDataset_Klasson2019,NON_INDIAN,INTERNATIONAL_PACKAGING_FOUNDATION,natural,348,348,1a7e6a8a2d5578c5e1ab38363136ded3b6594b0be3449a66f0b5714fe88dd69c
f7701f1e4ecb6624,Tropicana-Juice-Smooth,train,GroceryStoreDataset_Klasson2019,NON_INDIAN,INTERNATIONAL_PACKAGING_FOUNDATION,natural,348,348,e9427fcbe71d48bde103ee71741e789b627b80c9b47d2af6e6678769fba009e3
2ad45882afcf1878,Tropicana-Juice-Smooth,train,GroceryStoreDataset_Klasson2019,NON_INDIAN,INTERNATIONAL_PACKAGING_FOUNDATION,natural,348,348,e5facd910cdca8ae30b8a85989711562dc407a337d7359204c029b4ea76c3444
b6b48c0c73b4fe3c,Tropicana-Juice-Smooth,train,GroceryStoreDataset_Klasson2019,NON_INDIAN,INTERNATIONAL_PACKAGING_FOUNDATION,natural,348,348,bd47447d1542d5bf321122a35d4a21173122cbf79d780b1bdef445598e9d0995
50c33d3b2d5a80a7,Tropicana-Juice-Smooth,train,GroceryStoreDataset_Klasson2019,NON_INDIAN,INTERNATIONAL_PACKAGING_FOUNDATION,natural,348,348,866969011bcc474dc60c816c09c6d7b74165ec8162b3326854f0c3cf56dbf3de
1e88b654cb8e3042,Tropicana-Juice-Smooth,train,GroceryStoreDataset_Klasson2019,NON_INDIAN,INTERNATIONAL_PACKAGING_FOUNDATION,natural,348,348,fc73d9f8e6d84bb2c7885af9734a36725378a133c01465a849f253b196acb75c
151c1d1afe30ab98,Tropicana-Juice-Smooth,train,GroceryStoreDataset_Klasson2019,NON_INDIAN,INTERNATIONAL_PACKAGING_FOUNDATION,natural,348,348,7cc4cb721c7e32509906036a917774489e0cb372323d37d33c86a2fd06df8572
c3193c0282ba0e3b,Tropicana-Juice-Smooth,train,GroceryStoreDataset_Klasson2019,NON_INDIAN,INTERNATIONAL_PACKAGING_FOUNDATION,natural,348,348,3a7202f0d5f7e7ac566124a8cf2a86c678f08134503f5f67bfa363de40ebf426
2974d6cd945a96ba,Tropicana-Juice-Smooth,train,GroceryStoreDataset_Klasson2019,NON_INDIAN,INTERNATIONAL_PACKAGING_FOUNDATION,natural,348,348,42b8687229691a7d15ba7d9fcd227649cedc04795a5c8d34f034f3f4e616a7f9
9e36f67ae7a7f1e8,Tropicana-Juice-Smooth,train,GroceryStoreDataset_Klasson2019,NON_INDIAN,INTERNATIONAL_PACKAGING_FOUNDATION,natural,348,348,fb04a39e1323b7afaa6ce0d0f27803cc23a544337b63a522f885227e46edf9c0
25f6aa7a9bace8de,God-Morgon-Apple-Juice,val,GroceryStoreDataset_Klasson2019,NON_INDIAN,INTERNATIONAL_PACKAGING_FOUNDATION,natural,348,348,58ee352097189334037851b4a307b1f877a895bd2521670692b9be26b5cd3188
76d3814b81efa731,God-Morgon-Apple-Juice,val,GroceryStoreDataset_Klasson2019,NON_INDIAN,INTERNATIONAL_PACKAGING_FOUNDATION,natural,348,348,0d666fb5dd6b961330bb6527ba595109255ec20216338b793be3f06e88da2045
45e29ec9338cccd6,God-Morgon-Apple-Juice,val,GroceryStoreDataset_Klasson2019,NON_INDIAN,INTERNATIONAL_PACKAGING_FOUNDATION,natural,348,348,2a850d373f173d1de447887e469ab9310d8c92bb4f192dc0b9956a197141b14a
8bee6054a6405723,God-Morgon-Apple-Juice,val,GroceryStoreDataset_Klasson2019,NON_INDIAN,INTERNATIONAL_PACKAGING_FOUNDATION,natural,348,348,af8ad9ffa0fa7462fcdcef820a3703b5df6efb8426f50249b91e494c5ffe7bc2
1e576025b07f3ffa,God-Morgon-Apple-Juice,val,GroceryStoreDataset_Klasson2019,NON_INDIAN,INTERNATIONAL_PACKAGING_FOUNDATION,natural,348,348,7ceae89f56415444c7066332f50c353c7c937dce8acd5fb3070807e3f915ca31
bf2402e3fd50455d,God-Morgon-Apple-Juice,val,GroceryStoreDataset_Klasson2019,NON_INDIAN,INTERNATIONAL_PACKAGING_FOUNDATION,natural,348,348,96faa4ab81591736e4afe1b167009bc646c288539b727a7ce41bf962f63451a3
5a37b3a246336cba,God-Morgon-Apple-Juice,val,GroceryStoreDataset_Klasson2019,NON_INDIAN,INTERNATIONAL_PACKAGING_FOUNDATION,natural,348,348,9f6270363c5f9a01f3b4b0bcfe822ac288021062c43c53703418dbb0a81e0e44
627aa7f0b2833ab7,God-Morgon-Apple-Juice,val,GroceryStoreDataset_Klasson2019,NON_INDIAN,INTERNATIONAL_PACKAGING_FOUNDATION,natural,348,348,b02dfcc5da1dfbde7c89ff94d75cbea6a3449f60e93a4ff5be3ea57bc71ec1d7
0a45f1630bc1bd57,God-Morgon-Apple-Juice,val,GroceryStoreDataset_Klasson2019,NON_INDIAN,INTERNATIONAL_PACKAGING_FOUNDATION,natural,348,348,f7b96c699035ebc160d940a19e8c0b53e9e44b651718058dc4f262a876a15201
87778721754cf970,God-Morgon-Apple-Juice,val,GroceryStoreDataset_Klasson2019,NON_INDIAN,INTERNATIONAL_PACKAGING_FOUNDATION,natural,348,348,638d2a78656ffe29354e6410da355925d2e6f054c1809f08c914623ca239e584
a3ae0f0ac26dce4b,God-Morgon-Apple-Juice,val,GroceryStoreDataset_Klasson2019,NON_INDIAN,INTERNATIONAL_PACKAGING_FOUNDATION,natural,348,348,5dee364b78b4be6401410b40f5e3327f8ac49c96cf432988feaf838e4e83ea11
d861dd77afb4dd09,God-Morgon-Apple-Juice,val,GroceryStoreDataset_Klasson2019,NON_INDIAN,INTERNATIONAL_PACKAGING_FOUNDATION,natural,348,348,1fcf2513ba6d17d7123d189d013a7e25b9f63135def69bae6da90f45b0146201
27210352a3d51db9,God-Morgon-Apple-Juice,val,GroceryStoreDataset_Klasson2019,NON_INDIAN,INTERNATIONAL_PACKAGING_FOUNDATION,natural,348,348,097518912f8a3ca1bc377b068845460dfc2eb533d789cdd9fca63f09f23d4fe1
f985fb4a3e613264,God-Morgon-Apple-Juice,val,GroceryStoreDataset_Klasson2019,NON_INDIAN,INTERNATIONAL_PACKAGING_FOUNDATION,natural,348,348,bc55a347f2542f0e5c594855e305026ee27252f1f5a120b1c91428369887e9ff
565efa0f241a3d37,God-Morgon-Apple-Juice,val,GroceryStoreDataset_Klasson2019,NON_INDIAN,INTERNATIONAL_PACKAGING_FOUNDATION,natural,348,348,f3d76080885c54436c57f61de5295a20e83cb39715bba79186e8704a024b0e98
77aea328c2488b7a,God-Morgon-Apple-Juice,val,GroceryStoreDataset_Klasson2019,NON_INDIAN,INTERNATIONAL_PACKAGING_FOUNDATION,natural,348,348,3109c08e20cef30c3f1888138991bc84ceb43deb247347d68afab703ca2cb109
37f7d3feb5b872a1,God-Morgon-Apple-Juice,val,GroceryStoreDataset_Klasson2019,NON_INDIAN,INTERNATIONAL_PACKAGING_FOUNDATION,natural,348,348,8e04f49f9cca94a658d6fb990eefbf835e0a3d7640b1f30dab26a4f28d0dfaa4
82050beed6ebbfd6,God-Morgon-Apple-Juice,val,GroceryStoreDataset_Klasson2019,NON_INDIAN,INTERNATIONAL_PACKAGING_FOUNDATION,natural,348,348,32a7946dcb9f5bd8fb0f1cdcb036f3cdba651f07527bfb6c418b2481dbbc0f97
aea3fa06720e15f2,God-Morgon-Apple-Juice,val,GroceryStoreDataset_Klasson2019,NON_INDIAN,INTERNATIONAL_PACKAGING_FOUNDATION,natural,348,348,f910a9dcbb9da7120e56e0f3ec23bcbba9376eb0ee33a25b8bda1ef3036286fe
f24005cb58dcabba,God-Morgon-Red-Grapefruit-Juice,train,GroceryStoreDataset_Klasson2019,NON_INDIAN,INTERNATIONAL_PACKAGING_FOUNDATION,natural,348,348,199a0e10332a5305a30e3a44a22ab0d5108f8957e7edc287d6e76198d2d5a979
35893633097a03d7,God-Morgon-Red-Grapefruit-Juice,train,GroceryStoreDataset_Klasson2019,NON_INDIAN,INTERNATIONAL_PACKAGING_FOUNDATION,natural,348,348,f3989c138a5f081a06bfe21a4e5a339d43274818a846d5cac37cd80185ea40bf
a858a69046032f6c,God-Morgon-Red-Grapefruit-Juice,train,GroceryStoreDataset_Klasson2019,NON_INDIAN,INTERNATIONAL_PACKAGING_FOUNDATION,natural,348,348,5960a52d246732eee522a3c631b4901e3a1f1a482240ce6e6c937429f85dc770
4df7f485f07622a9,God-Morgon-Red-Grapefruit-Juice,train,GroceryStoreDataset_Klasson2019,NON_INDIAN,INTERNATIONAL_PACKAGING_FOUNDATION,natural,348,348,8eaa8c7b1884eb4cf878b5228227022ab1d38b5a215b983682c299b2abcbfedf
7fc28f38b6860f43,God-Morgon-Red-Grapefruit-Juice,train,GroceryStoreDataset_Klasson2019,NON_INDIAN,INTERNATIONAL_PACKAGING_FOUNDATION,natural,348,348,7e17bd627139d604ccef5d90ffe17a9286e3a36d3c89296a25c8a714394b3e9b
ba0547f969810200,God-Morgon-Red-Grapefruit-Juice,train,GroceryStoreDataset_Klasson2019,NON_INDIAN,INTERNATIONAL_PACKAGING_FOUNDATION,natural,348,348,fbfbd3ab152134a8c571d0978e18b5fda2edec9f0c6af16144c01b4def7675c0
a47d5dda71d741e7,God-Morgon-Red-Grapefruit-Juice,train,GroceryStoreDataset_Klasson2019,NON_INDIAN,INTERNATIONAL_PACKAGING_FOUNDATION,natural,348,348,4c822feacb572e6f8da0076fa44e1b1c42bdeb327cb72c9bf8bc849bd412fecf
b7b19aea24e5612f,God-Morgon-Red-Grapefruit-Juice,train,GroceryStoreDataset_Klasson2019,NON_INDIAN,INTERNATIONAL_PACKAGING_FOUNDATION,natural,348,348,11c2ab89b00d962df6fb484005008c36f62ea53192360dc1d403c92a19dbd066
cf15d00333bf8a8a,God-Morgon-Red-Grapefruit-Juice,train,GroceryStoreDataset_Klasson2019,NON_INDIAN,INTERNATIONAL_PACKAGING_FOUNDATION,natural,348,348,9939140a9d261b66c6ab6f5fbba117be0dfff232795815352f01125561f0dfe4
dba79726d7642d43,God-Morgon-Red-Grapefruit-Juice,train,GroceryStoreDataset_Klasson2019,NON_INDIAN,INTERNATIONAL_PACKAGING_FOUNDATION,natural,348,348,b825565b1d76052a750f7c184dd8313624bf763eae8758b83455300af000dac6
3cfa8c040e637f77,God-Morgon-Red-Grapefruit-Juice,train,GroceryStoreDataset_Klasson2019,NON_INDIAN,INTERNATIONAL_PACKAGING_FOUNDATION,natural,348,348,25f7f8820b7383e5472124c062cf2d901dc81271527a1ad6bfbf3a8992299315
718db11a30d7bd95,God-Morgon-Red-Grapefruit-Juice,train,GroceryStoreDataset_Klasson2019,NON_INDIAN,INTERNATIONAL_PACKAGING_FOUNDATION,natural,348,348,93b0a6fd7fde893e404ff2896e9e96ae4b1ca1b3ebb6b6456d8b91eb3f53d528
fcbe567075722826,God-Morgon-Red-Grapefruit-Juice,train,GroceryStoreDataset_Klasson2019,NON_INDIAN,INTERNATIONAL_PACKAGING_FOUNDATION,natural,348,348,a46800da0014c73fad9dfd961a4a95c3723daff4918bfa140eb1ea9338f77a1d
a49b5beff722669d,God-Morgon-Red-Grapefruit-Juice,train,GroceryStoreDataset_Klasson2019,NON_INDIAN,INTERNATIONAL_PACKAGING_FOUNDATION,natural,348,348,6e769af56e3678cb78c9d55af81c472dae2d04575388b84629b5502e5ab2f11a
cfdbb14af2eac0e0,God-Morgon-Red-Grapefruit-Juice,train,GroceryStoreDataset_Klasson2019,NON_INDIAN,INTERNATIONAL_PACKAGING_FOUNDATION,natural,348,348,5257bf471f782ce04fa7172fd2d8e7c47df18b6a8eff37b5b1e9ff72bfe52689
c67d5b9acc219634,God-Morgon-Red-Grapefruit-Juice,train,GroceryStoreDataset_Klasson2019,NON_INDIAN,INTERNATIONAL_PACKAGING_FOUNDATION,natural,348,348,040033414ee4e3abc40e2bc1f9b8af301d349c6dfa603f1d2a5ca83d12e60232
810a2e2e21761fc9,God-Morgon-Red-Grapefruit-Juice,train,GroceryStoreDataset_Klasson2019,NON_INDIAN,INTERNATIONAL_PACKAGING_FOUNDATION,natural,348,348,02130d511489af3d90e99016cb4543d41a134c57ace46e7df020c05c0e3ab2af
e72bf2b64bbec39f,God-Morgon-Red-Grapefruit-Juice,train,GroceryStoreDataset_Klasson2019,NON_INDIAN,INTERNATIONAL_PACKAGING_FOUNDATION,natural,348,348,c5f378ecce5d36c3ed7b7fdac2a61dab6050c61d1e4eb26e60f19e8ee4990bb0
56f0b66c7fe93947,God-Morgon-Red-Grapefruit-Juice,train,GroceryStoreDataset_Klasson2019,NON_INDIAN,INTERNATIONAL_PACKAGING_FOUNDATION,natural,348,348,9f145e5bfb322acc72d0fa9a08e6e22ae3f5653e905dc0bb93c66fbfb0053efa
d33c40dc6778163f,God-Morgon-Red-Grapefruit-Juice,train,GroceryStoreDataset_Klasson2019,NON_INDIAN,INTERNATIONAL_PACKAGING_FOUNDATION,natural,348,348,9115de7029ffa8e1420b9718fd39dfdaeae7da7e56b2a69449fde262d8afcff3
9f4eb4896a6db0bc,God-Morgon-Red-Grapefruit-Juice,train,GroceryStoreDataset_Klasson2019,NON_INDIAN,INTERNATIONAL_PACKAGING_FOUNDATION,natural,348,348,4eb34f7fd9236edfb1e4fe6c87a7efb8d7d9801b468e11e6f1a2e09ccee22fcd
4cc7e775bd000288,God-Morgon-Red-Grapefruit-Juice,train,GroceryStoreDataset_Klasson2019,NON_INDIAN,INTERNATIONAL_PACKAGING_FOUNDATION,natural,348,348,41a52b341a1cb172a8a976a19894eefdeb13db1dc113eb1edf4781ef587f1fc4
c2f0e7be0a0ff626,God-Morgon-Red-Grapefruit-Juice,train,GroceryStoreDataset_Klasson2019,NON_INDIAN,INTERNATIONAL_PACKAGING_FOUNDATION,natural,348,348,9ad861f66572d85ca21fc2b15a4a99927e51aa7d8af57cf37706d171f1fa83a5
98a367b7bd8d11de,God-Morgon-Red-Grapefruit-Juice,train,GroceryStoreDataset_Klasson2019,NON_INDIAN,INTERNATIONAL_PACKAGING_FOUNDATION,natural,348,348,776fcef825941dd490de4a9ad1a5ab6cd928f335507c48de8f2a387f915f01cf
ae1a30b8ed1fb940,God-Morgon-Red-Grapefruit-Juice,train,GroceryStoreDataset_Klasson2019,NON_INDIAN,INTERNATIONAL_PACKAGING_FOUNDATION,natural,348,348,98f47b77338dbad89272a49ade051fc00a4b1c2153f66f78b6cbcec6a3b3122b
69a9befbf6b4ecf8,God-Morgon-Red-Grapefruit-Juice,train,GroceryStoreDataset_Klasson2019,NON_INDIAN,INTERNATIONAL_PACKAGING_FOUNDATION,natural,348,348,75cddf357a4d41443e79f68b408d1dc5cc251b9fbab321215194b952d467d057
096a678be2f084ec,Alpro-Shelf-Soy-Milk,train,GroceryStoreDataset_Klasson2019,NON_INDIAN,INTERNATIONAL_PACKAGING_FOUNDATION,natural,348,348,b68b952219b371d0b708d2365deb4e9a8394c160d206e6a6fa83b23f47581a74
28ac654be4f4977d,Alpro-Shelf-Soy-Milk,train,GroceryStoreDataset_Klasson2019,NON_INDIAN,INTERNATIONAL_PACKAGING_FOUNDATION,natural,348,348,479ec7f578efe3b59e092dc6013c5432b1982b020345bddb9ca4f955cb466b1e
495e0e0a923b61c6,Alpro-Shelf-Soy-Milk,train,GroceryStoreDataset_Klasson2019,NON_INDIAN,INTERNATIONAL_PACKAGING_FOUNDATION,natural,348,348,94afeafd26eb37204fdf69efa17ca453a9e85f3634ef48a653e044e67f5b85ab
8b50fc1e15fcc9f4,Alpro-Shelf-Soy-Milk,train,GroceryStoreDataset_Klasson2019,NON_INDIAN,INTERNATIONAL_PACKAGING_FOUNDATION,natural,348,348,4a717c303332ffeaf7df55b9651a0c4dba3266413d9d65f9dff477050181539d
bd0945af49c20efb,Alpro-Shelf-Soy-Milk,train,GroceryStoreDataset_Klasson2019,NON_INDIAN,INTERNATIONAL_PACKAGING_FOUNDATION,natural,348,348,d606b27c5a3c1e47f9e359a3cb2a28bc24fb1e3303ca59c6911399692662bb3c
91c7e024759e7abe,Alpro-Shelf-Soy-Milk,train,GroceryStoreDataset_Klasson2019,NON_INDIAN,INTERNATIONAL_PACKAGING_FOUNDATION,natural,348,348,70852234ea2ea7cd24401c07c9f8d17eafb26624b13dd6da7518bd429e6f8b36
c21a47913efea4c1,Alpro-Shelf-Soy-Milk,train,GroceryStoreDataset_Klasson2019,NON_INDIAN,INTERNATIONAL_PACKAGING_FOUNDATION,natural,348,348,dba4e08cb5e7e4aa7972f70cd5aea099f74043f6f2291f3694979724f1e12b71
129b725518406f2c,Alpro-Shelf-Soy-Milk,train,GroceryStoreDataset_Klasson2019,NON_INDIAN,INTERNATIONAL_PACKAGING_FOUNDATION,natural,348,348,2d6dcf9ddc050404a5675f2ee51f5c6fa01976ff8d7ee8f7e438779ad0e616f2
f6d49dffbf19f0d3,Alpro-Shelf-Soy-Milk,train,GroceryStoreDataset_Klasson2019,NON_INDIAN,INTERNATIONAL_PACKAGING_FOUNDATION,natural,348,348,e72d12c0b517616087370d7940b6531d81933c1e2fcb388fc3d82e5ea84884c7
4aba02f94bdeb7c6,Alpro-Shelf-Soy-Milk,train,GroceryStoreDataset_Klasson2019,NON_INDIAN,INTERNATIONAL_PACKAGING_FOUNDATION,natural,348,348,a1fb789d5d700843905a6b7a445481c7e58343d5ee22a4aab70fca638706fc78
2e96bae99630c7f6,Alpro-Shelf-Soy-Milk,train,GroceryStoreDataset_Klasson2019,NON_INDIAN,INTERNATIONAL_PACKAGING_FOUNDATION,natural,348,348,ef74e34dd103c8f616f96fc31db2229e43e58f7682f7107c4e31e7da158031de
3a8647cef1343674,Alpro-Shelf-Soy-Milk,train,GroceryStoreDataset_Klasson2019,NON_INDIAN,INTERNATIONAL_PACKAGING_FOUNDATION,natural,348,348,5d125a1242c26084b2545216fb963f80457bc363561e5fa3341d1d4eff95f171
3acd7039ce559cfe,Alpro-Shelf-Soy-Milk,train,GroceryStoreDataset_Klasson2019,NON_INDIAN,INTERNATIONAL_PACKAGING_FOUNDATION,natural,348,348,03787abffb29cd7d289b42920601ade5e140d5807a07ed365ea3d7cd4d50dfb2
44c2f70142d520ba,Alpro-Shelf-Soy-Milk,train,GroceryStoreDataset_Klasson2019,NON_INDIAN,INTERNATIONAL_PACKAGING_FOUNDATION,natural,348,348,831b9f42dbac3e7ba23a8f55a39b4409ced6a825e4a1b8438beececbaefe4698
e3fb1a6471e08d08,Alpro-Shelf-Soy-Milk,train,GroceryStoreDataset_Klasson2019,NON_INDIAN,INTERNATIONAL_PACKAGING_FOUNDATION,natural,348,348,444af19e2159c4cedf0980f4f8c8a3d5fb2effffd33812544e9595028752ce8c
c1453b51ebe6fcec,Alpro-Shelf-Soy-Milk,train,GroceryStoreDataset_Klasson2019,NON_INDIAN,INTERNATIONAL_PACKAGING_FOUNDATION,natural,348,348,6497d22136bb9a7797ecc8e7d40376c5d1ca47244f446b32cc6222a577beff41
2702cb60262a1ab6,Alpro-Shelf-Soy-Milk,train,GroceryStoreDataset_Klasson2019,NON_INDIAN,INTERNATIONAL_PACKAGING_FOUNDATION,natural,348,348,3808679b2b9d5403d7e0d77dfbc7c3b3f2c9da866e0eaf6059abf0f05de16a6c
c57d8270696e1ea9,Alpro-Shelf-Soy-Milk,train,GroceryStoreDataset_Klasson2019,NON_INDIAN,INTERNATIONAL_PACKAGING_FOUNDATION,natural,348,348,548598f80985a757f521de11d32012ed24dca20a40b3fa0375a78a765442661f
ee0d2bb5cc4c50e4,Alpro-Shelf-Soy-Milk,train,GroceryStoreDataset_Klasson2019,NON_INDIAN,INTERNATIONAL_PACKAGING_FOUNDATION,natural,348,348,4f87a0ab2c0da977249af2183083af5d88e1c85354e8d2ee7de240238ec4563b
c43eea3578787f75,Alpro-Shelf-Soy-Milk,train,GroceryStoreDataset_Klasson2019,NON_INDIAN,INTERNATIONAL_PACKAGING_FOUNDATION,natural,348,348,8d5c50b901c8e2c74818434b469aa2f6f16804e8df5c919e4ab79439c7720a98
fac86108002f9906,Alpro-Shelf-Soy-Milk,train,GroceryStoreDataset_Klasson2019,NON_INDIAN,INTERNATIONAL_PACKAGING_FOUNDATION,natural,348,348,55ceb130e45dcf5bdad8ef9c2c912c58f0fc8e777979a7c28ecb8249454c1481
ad1797a946e59bb4,Alpro-Shelf-Soy-Milk,train,GroceryStoreDataset_Klasson2019,NON_INDIAN,INTERNATIONAL_PACKAGING_FOUNDATION,natural,348,348,0d9d3edbd08e42547e4fe2d75a7e64e9b909139d1a5653dd2febd9843221a4c0
59d0575fef97d1ac,Alpro-Shelf-Soy-Milk,train,GroceryStoreDataset_Klasson2019,NON_INDIAN,INTERNATIONAL_PACKAGING_FOUNDATION,natural,348,348,b40e79d475bf21fda8ce7d852107a29e597ac91b4633e7157234733c6bc9dacf
3fc7b91a30549dd6,Alpro-Shelf-Soy-Milk,train,GroceryStoreDataset_Klasson2019,NON_INDIAN,INTERNATIONAL_PACKAGING_FOUNDATION,natural,348,348,f7af747779e69b8148d746e436c09dfcf706271f10a93bf2a7671794cd584c46
a90632b2b49f8006,Alpro-Shelf-Soy-Milk,train,GroceryStoreDataset_Klasson2019,NON_INDIAN,INTERNATIONAL_PACKAGING_FOUNDATION,natural,348,348,4718db1bb0998972d5beaf57244f8a4a4c4c8295a9e7df1a55deb0cd792b0832
911a5d007598c573,Alpro-Shelf-Soy-Milk,train,GroceryStoreDataset_Klasson2019,NON_INDIAN,INTERNATIONAL_PACKAGING_FOUNDATION,natural,348,348,46179c9a93fb8fed5294b712a3e67274001539074effc0d0d0aa2d85e439e1d0
3f3357fbc6c64a43,Alpro-Shelf-Soy-Milk,train,GroceryStoreDataset_Klasson2019,NON_INDIAN,INTERNATIONAL_PACKAGING_FOUNDATION,natural,348,348,b71c120016d1c109b50f4aa0d6b7b9e23d1161696732a3aaeb3cb70e302451eb
1c226c4ff6bba48b,Alpro-Shelf-Soy-Milk,train,GroceryStoreDataset_Klasson2019,NON_INDIAN,INTERNATIONAL_PACKAGING_FOUNDATION,natural,348,348,628983c1adeaf4216c88bac5911d145b1ddeba5f2e1193f21b3178803b09bf49
00f4a68917974765,Alpro-Shelf-Soy-Milk,train,GroceryStoreDataset_Klasson2019,NON_INDIAN,INTERNATIONAL_PACKAGING_FOUNDATION,natural,348,348,e8bd723e7070bcdfba874a959914bdf519cb9275cc2b5022dbe07f4ad21681a8
801a5a0b2e0d1afe,Alpro-Shelf-Soy-Milk,train,GroceryStoreDataset_Klasson2019,NON_INDIAN,INTERNATIONAL_PACKAGING_FOUNDATION,natural,348,348,6e1cfb1fb8519b105c8fdc1082ef51a09306782cbfc774733440b9a79fc0065b
e76140d5e6c00776,Alpro-Fresh-Soy-Milk,train,GroceryStoreDataset_Klasson2019,NON_INDIAN,INTERNATIONAL_PACKAGING_FOUNDATION,natural,348,348,9bb55b716987c2c5f43ca55f4fec0cc10f4d87f676516ba6da29ecaa1edae83c
7b81245b1a7c9d49,Alpro-Fresh-Soy-Milk,train,GroceryStoreDataset_Klasson2019,NON_INDIAN,INTERNATIONAL_PACKAGING_FOUNDATION,natural,348,348,fb5f73405563534ce4bb3f787783f594c92ea3a68dd6107e442a0373b37769db
37fd6e72b6aefc67,Alpro-Fresh-Soy-Milk,train,GroceryStoreDataset_Klasson2019,NON_INDIAN,INTERNATIONAL_PACKAGING_FOUNDATION,natural,348,348,b021558bf3f47d6e6ef2eb866ca7d59f42cdb7095ea1b08d9c871c62fc018cbd
4354c92c83a7d061,Alpro-Fresh-Soy-Milk,train,GroceryStoreDataset_Klasson2019,NON_INDIAN,INTERNATIONAL_PACKAGING_FOUNDATION,natural,348,348,9782c7af55a295df172a1f7ae6f602a38ff24f0306834fede0ffbeb77d446f93
da22fa7892e3da02,Alpro-Fresh-Soy-Milk,train,GroceryStoreDataset_Klasson2019,NON_INDIAN,INTERNATIONAL_PACKAGING_FOUNDATION,natural,348,348,6e71d89ad7b8ee82dbc76b2f6e929b11bba225e0759f66ac7926583e6d140f75
5fe6ecbc9acd6cef,Alpro-Fresh-Soy-Milk,train,GroceryStoreDataset_Klasson2019,NON_INDIAN,INTERNATIONAL_PACKAGING_FOUNDATION,natural,348,348,6fb92626256dc30fe845e61f072135fce06df720b8a81706ad73dce5acdb258f
cda1b5a8e6157d09,Alpro-Fresh-Soy-Milk,train,GroceryStoreDataset_Klasson2019,NON_INDIAN,INTERNATIONAL_PACKAGING_FOUNDATION,natural,348,348,74d489b848fadeb983c5469334d2329870d7ef5756286098df46d59d87de03ad
c08f82de5f93c1bf,Alpro-Fresh-Soy-Milk,train,GroceryStoreDataset_Klasson2019,NON_INDIAN,INTERNATIONAL_PACKAGING_FOUNDATION,natural,348,348,3318be7896832adcdfca21c444109c63d15884c59f42839a447908cb39a99e40
4e108761d66c7faf,Alpro-Fresh-Soy-Milk,train,GroceryStoreDataset_Klasson2019,NON_INDIAN,INTERNATIONAL_PACKAGING_FOUNDATION,natural,348,348,045a76ef38a026460b0885a89fe84629fe08013497add715c71babb0ccb563ba
0811ccf6f93a09ad,Alpro-Fresh-Soy-Milk,train,GroceryStoreDataset_Klasson2019,NON_INDIAN,INTERNATIONAL_PACKAGING_FOUNDATION,natural,348,348,5fe45093ab5abb5213268b6225071f8054da42d9e828d5936d9fc162d71433f9
fb8e9ff85e96a6ac,Alpro-Fresh-Soy-Milk,train,GroceryStoreDataset_Klasson2019,NON_INDIAN,INTERNATIONAL_PACKAGING_FOUNDATION,natural,348,348,0d6fb1eb11763756ed3bc7dc65fbf0b809892de09d8fdafbd4463b56309e536d
2fc621459fda8628,Alpro-Fresh-Soy-Milk,train,GroceryStoreDataset_Klasson2019,NON_INDIAN,INTERNATIONAL_PACKAGING_FOUNDATION,natural,348,348,625618b01cb37a2e8f6db9470b1efd945ac1aa974788eb3ceac240b404c3860e
679530b6e74213fc,Alpro-Fresh-Soy-Milk,train,GroceryStoreDataset_Klasson2019,NON_INDIAN,INTERNATIONAL_PACKAGING_FOUNDATION,natural,348,348,260bc0a37e65f6db78322261ee071462914362e89044cfc453a37680aa47d333
783b2a568958469c,Alpro-Fresh-Soy-Milk,train,GroceryStoreDataset_Klasson2019,NON_INDIAN,INTERNATIONAL_PACKAGING_FOUNDATION,natural,348,348,97c8252f5cd3a45e576d402d85b39f22be679a5fbf2e159a39a55ef120b15e38
c11160d062bb6227,Alpro-Fresh-Soy-Milk,train,GroceryStoreDataset_Klasson2019,NON_INDIAN,INTERNATIONAL_PACKAGING_FOUNDATION,natural,348,348,4db91b6deda58322ac8ab01ff1c96163d28600a7462f2d9d50723326c8764347
a5a8fc369839f853,Alpro-Fresh-Soy-Milk,train,GroceryStoreDataset_Klasson2019,NON_INDIAN,INTERNATIONAL_PACKAGING_FOUNDATION,natural,348,348,887a21d9f03070685e8ef620e9f6c5e0861fa6a288773b6037e23b02dddcfcea
317ac95cfaa66a0b,Alpro-Fresh-Soy-Milk,train,GroceryStoreDataset_Klasson2019,NON_INDIAN,INTERNATIONAL_PACKAGING_FOUNDATION,natural,348,348,58b017fa2f6297205050c53c0de9beb2853e3b3261e7ba13f85f3c291ee9d1ad
45e3142f1cfd55a6,Alpro-Fresh-Soy-Milk,train,GroceryStoreDataset_Klasson2019,NON_INDIAN,INTERNATIONAL_PACKAGING_FOUNDATION,natural,348,348,03f69eadec2bf40a015be03cb0cbe35ba496c765bb1c49a47ca6f37ea7fc0449
cfc30ba4c34678e1,Alpro-Fresh-Soy-Milk,train,GroceryStoreDataset_Klasson2019,NON_INDIAN,INTERNATIONAL_PACKAGING_FOUNDATION,natural,348,348,51af78e8145af46e9a42c551e483ecd8c92dfeb1baf9ef41df9fc93c8617e804
2a31ca7973f0c11f,Alpro-Fresh-Soy-Milk,train,GroceryStoreDataset_Klasson2019,NON_INDIAN,INTERNATIONAL_PACKAGING_FOUNDATION,natural,348,348,cda5209e32c57fbff12f5404b601855a9f4449797c0b380f941aca873d05b63a
eb9a0e80c0b45956,Alpro-Fresh-Soy-Milk,train,GroceryStoreDataset_Klasson2019,NON_INDIAN,INTERNATIONAL_PACKAGING_FOUNDATION,natural,348,348,34b0fb69e8d525dc7b23984229f9433f28fab32cbe5b9fc22a9a67cceee880cb
77ed3f87039dc8a6,Alpro-Fresh-Soy-Milk,train,GroceryStoreDataset_Klasson2019,NON_INDIAN,INTERNATIONAL_PACKAGING_FOUNDATION,natural,348,348,6e3fd5fd474196f226a1187c7044c3d762b60272dc128be61e2d0fbf1ee310a1
6660f3cf84b3c4c0,Alpro-Fresh-Soy-Milk,train,GroceryStoreDataset_Klasson2019,NON_INDIAN,INTERNATIONAL_PACKAGING_FOUNDATION,natural,348,348,e28b4890735c053f7b75fdc4e3cc3406a2b12615b48221e36dfd40df1e4be22e
b1ef49858d9d4ddf,Alpro-Fresh-Soy-Milk,train,GroceryStoreDataset_Klasson2019,NON_INDIAN,INTERNATIONAL_PACKAGING_FOUNDATION,natural,348,348,0ce4360459409c182b2d8d92381b2cf026e99b4e12432f631b1528c5f5d95742
d8d209eb19e6b2fd,Alpro-Fresh-Soy-Milk,train,GroceryStoreDataset_Klasson2019,NON_INDIAN,INTERNATIONAL_PACKAGING_FOUNDATION,natural,348,348,3a45dffabfa0691333fc982b18449c141e641ff0010708d3f431f6296e7d06b4
9945f767475132a8,Alpro-Fresh-Soy-Milk,train,GroceryStoreDataset_Klasson2019,NON_INDIAN,INTERNATIONAL_PACKAGING_FOUNDATION,natural,348,348,5f68944910386cf8ae1a1cc727a12ad7cc56891dd31a4380aaa4c87498e4941d
e8f14c76ac5ff2de,Alpro-Fresh-Soy-Milk,train,GroceryStoreDataset_Klasson2019,NON_INDIAN,INTERNATIONAL_PACKAGING_FOUNDATION,natural,348,348,931312a73c0faa81e664735e782540795cbade62d0b0c5bbe09f58922372b0c3
5e2d8af7a02f0e4a,Alpro-Fresh-Soy-Milk,train,GroceryStoreDataset_Klasson2019,NON_INDIAN,INTERNATIONAL_PACKAGING_FOUNDATION,natural,348,348,0b22b6cc4eb2db6e20e22bb84e38753679daa008e505664c0e3d6a59b658ceaf
5e36af4667fb7746,Alpro-Fresh-Soy-Milk,train,GroceryStoreDataset_Klasson2019,NON_INDIAN,INTERNATIONAL_PACKAGING_FOUNDATION,natural,348,348,9611f23983d744731a907a949f6b021ef074b213f0874a68d77f06a67fe46de0
5730f8265b9cf6b6,Alpro-Fresh-Soy-Milk,train,GroceryStoreDataset_Klasson2019,NON_INDIAN,INTERNATIONAL_PACKAGING_FOUNDATION,natural,348,348,edd4b7866eaaf87371beed80dede04da0355b5695e4aa616635520c700b9d67d
3c06d28109017819,Alpro-Blueberry-Soyghurt,train,GroceryStoreDataset_Klasson2019,NON_INDIAN,INTERNATIONAL_PACKAGING_FOUNDATION,natural,348,348,400f555e13993e330d53d98a289a1dc296ba7d7d5a3f5a53cdada96f208777e0
4588d3449013929f,Alpro-Blueberry-Soyghurt,train,GroceryStoreDataset_Klasson2019,NON_INDIAN,INTERNATIONAL_PACKAGING_FOUNDATION,natural,348,348,f842e42f7810da2c7091b2d74257d1f52b1a4d5d3cbfb71fda4ffc6f718b5a8b
e5e773588a0f0c24,Alpro-Blueberry-Soyghurt,train,GroceryStoreDataset_Klasson2019,NON_INDIAN,INTERNATIONAL_PACKAGING_FOUNDATION,natural,348,348,d072339521097f59e078fdd02334c65ddeceeb373b0d95e67fc2273a34799287
64153c07289b7670,Alpro-Blueberry-Soyghurt,train,GroceryStoreDataset_Klasson2019,NON_INDIAN,INTERNATIONAL_PACKAGING_FOUNDATION,natural,348,348,ee991b0078cfb4a049825f4ec0892a87f514f3c9221de435536611698df9cd94
52e8bf0527930761,Alpro-Blueberry-Soyghurt,train,GroceryStoreDataset_Klasson2019,NON_INDIAN,INTERNATIONAL_PACKAGING_FOUNDATION,natural,348,348,e301aaa841f1259e3432c3992859cb4bbca4f49a1970416d287ea0966bb89d06
53014387ea056dee,Alpro-Blueberry-Soyghurt,train,GroceryStoreDataset_Klasson2019,NON_INDIAN,INTERNATIONAL_PACKAGING_FOUNDATION,natural,348,348,ce72dfcb84038dd4152a7a4fc215f32630c5b8829f9e8276f9f58ab3f287908c
a2fb2c1c67d9702b,Alpro-Blueberry-Soyghurt,train,GroceryStoreDataset_Klasson2019,NON_INDIAN,INTERNATIONAL_PACKAGING_FOUNDATION,natural,348,348,5ebf6c3b926190a16b1aa537400c6edf5a241b9ddd1e5b0c83b2cf1bd5dc469b
d430778a581795e9,Alpro-Blueberry-Soyghurt,train,GroceryStoreDataset_Klasson2019,NON_INDIAN,INTERNATIONAL_PACKAGING_FOUNDATION,natural,348,348,a06864c3b87c970b229269ab4e5404d3ba8a8585bccad88bdaff0f9fb67c650b
bcc8e8cb0dccde9d,Alpro-Blueberry-Soyghurt,train,GroceryStoreDataset_Klasson2019,NON_INDIAN,INTERNATIONAL_PACKAGING_FOUNDATION,natural,348,348,0b1356646c102861fd2d804c28dd57738ef907a70c235f9c241cb8e6e4d7beb7
5fd10420c47a8ca6,Alpro-Blueberry-Soyghurt,train,GroceryStoreDataset_Klasson2019,NON_INDIAN,INTERNATIONAL_PACKAGING_FOUNDATION,natural,348,348,a8f0a07e8997c6c04626732712f03c26b66cc0eabbb6843500b54c4698efa262
62393ad3804f9456,Alpro-Blueberry-Soyghurt,train,GroceryStoreDataset_Klasson2019,NON_INDIAN,INTERNATIONAL_PACKAGING_FOUNDATION,natural,348,348,da57b24bd0b5bddf9709f21fdef419a8553d7f0e55870a245591afe2dccedab6
c4d0ce3ee429307d,Alpro-Blueberry-Soyghurt,train,GroceryStoreDataset_Klasson2019,NON_INDIAN,INTERNATIONAL_PACKAGING_FOUNDATION,natural,348,348,f9c53dba9babcb695b910cd3a3ad993660f64c650fad3e452b46ca09af426a2e
db4ccd3718cfafd3,Alpro-Blueberry-Soyghurt,train,GroceryStoreDataset_Klasson2019,NON_INDIAN,INTERNATIONAL_PACKAGING_FOUNDATION,natural,348,348,41fa0c1dab4aa0fc94669c7a3128ac7eeea63ae9895921f44700cb7c23d734af
8ff03be54f1a93b3,Alpro-Blueberry-Soyghurt,train,GroceryStoreDataset_Klasson2019,NON_INDIAN,INTERNATIONAL_PACKAGING_FOUNDATION,natural,348,348,07a856e34eac260d53912d65c7968661881c11f37fc68336fc9188a567251c0f
456870524fbfce5f,Alpro-Blueberry-Soyghurt,train,GroceryStoreDataset_Klasson2019,NON_INDIAN,INTERNATIONAL_PACKAGING_FOUNDATION,natural,348,348,bd738a5805ffcde53090f072ea594bcfd834eb38fdf5aa9ccf4533a55fabe62c
52887462b4d74135,Alpro-Blueberry-Soyghurt,train,GroceryStoreDataset_Klasson2019,NON_INDIAN,INTERNATIONAL_PACKAGING_FOUNDATION,natural,348,348,9817a0b67bda2f44ae6f20016f18e601a3d003d44e3cdf0f0f8358f365d46e1a
8a9932ea141363a3,Alpro-Blueberry-Soyghurt,train,GroceryStoreDataset_Klasson2019,NON_INDIAN,INTERNATIONAL_PACKAGING_FOUNDATION,natural,348,348,fcb2f96e7ba55837a64233cb936d87d3005a536a3a23be154f83f92a001c9bcf
5aa2ee2c06557922,Alpro-Blueberry-Soyghurt,train,GroceryStoreDataset_Klasson2019,NON_INDIAN,INTERNATIONAL_PACKAGING_FOUNDATION,natural,348,348,934e9df7286826a3be3b9c929380fa993a09849c69cedb0a99b5ed4399a36f44
a150a0d35ce7fdb9,Alpro-Blueberry-Soyghurt,train,GroceryStoreDataset_Klasson2019,NON_INDIAN,INTERNATIONAL_PACKAGING_FOUNDATION,natural,348,348,10e2048f0f4f3eeab1dba1a3e34176ead85e043065c1b49b52b962cb4b861750
5fc963d78b225e61,Alpro-Blueberry-Soyghurt,train,GroceryStoreDataset_Klasson2019,NON_INDIAN,INTERNATIONAL_PACKAGING_FOUNDATION,natural,348,348,44651ab1e0bb347abbe36fe74e7ee9fa5d6062ad12c4f55316bc53c58b1a1d41
c2299902c9897bec,Alpro-Blueberry-Soyghurt,train,GroceryStoreDataset_Klasson2019,NON_INDIAN,INTERNATIONAL_PACKAGING_FOUNDATION,natural,348,348,dc8bb02fb7a47ebcf3fa67e49b0e701e7d9f426f8429b07a326d12ed74744d56
a548c8e949112536,Alpro-Blueberry-Soyghurt,train,GroceryStoreDataset_Klasson2019,NON_INDIAN,INTERNATIONAL_PACKAGING_FOUNDATION,natural,348,348,c76f28ec421445f4a97fc62647769a467acc22d0e78ba42a2b13e557032c843a
9c79dba58c6d9e3a,Alpro-Blueberry-Soyghurt,train,GroceryStoreDataset_Klasson2019,NON_INDIAN,INTERNATIONAL_PACKAGING_FOUNDATION,natural,348,348,c1f1c2940c8c8ced6b071b7045ad3e22781a669f784cfdab3b8b5f4bdce2f0d3
7818399624cc07b5,Alpro-Blueberry-Soyghurt,train,GroceryStoreDataset_Klasson2019,NON_INDIAN,INTERNATIONAL_PACKAGING_FOUNDATION,natural,348,348,105352a7b0d100f3ca19f699c98c44e054c4f086d491e51e0e6a9449344c6261
8cd61bb0847e35ff,Alpro-Blueberry-Soyghurt,train,GroceryStoreDataset_Klasson2019,NON_INDIAN,INTERNATIONAL_PACKAGING_FOUNDATION,natural,348,348,0b526cbed7d92cbf65d3c02d651d2e13029fc62328af4b59664416b043d9c479
ce93c9287f5585cd,Alpro-Blueberry-Soyghurt,train,GroceryStoreDataset_Klasson2019,NON_INDIAN,INTERNATIONAL_PACKAGING_FOUNDATION,natural,348,348,5ed19426fb556e9dc8b2622aa6f98f6308357370e088e74c40fcaed46ff48c71
a97bf65676645e12,Alpro-Blueberry-Soyghurt,train,GroceryStoreDataset_Klasson2019,NON_INDIAN,INTERNATIONAL_PACKAGING_FOUNDATION,natural,348,348,0a524e9bc202bdb6d0bb8ffff0461948d0d7b8a6908bc1551fa07f1add96869e
3df7ed69d2718628,Alpro-Blueberry-Soyghurt,train,GroceryStoreDataset_Klasson2019,NON_INDIAN,INTERNATIONAL_PACKAGING_FOUNDATION,natural,348,348,7f147f855f91bd98fdf8c05e249fb1f7df96715306cd37588aa415dd428496fd
2181373deb0aed66,Alpro-Vanilla-Soyghurt,train,GroceryStoreDataset_Klasson2019,NON_INDIAN,INTERNATIONAL_PACKAGING_FOUNDATION,natural,348,348,20aa5bf9bf1ead712f33fec3e5f98fcc274da6887d6760463805f13f6e963a45
a2d4d1d8e7290dbc,Alpro-Vanilla-Soyghurt,train,GroceryStoreDataset_Klasson2019,NON_INDIAN,INTERNATIONAL_PACKAGING_FOUNDATION,natural,348,348,e661eedef0bda0c5b18e862e5df7a20d7bb0b7931a4e25cafa07ba95ecf53c37
eebac19ef784b74d,Alpro-Vanilla-Soyghurt,train,GroceryStoreDataset_Klasson2019,NON_INDIAN,INTERNATIONAL_PACKAGING_FOUNDATION,natural,348,348,e0c1cc3e3957f70f14a10bb4ccb30a03ee2e42303b4b74f698e77de4a1ae3b23
c846d438d441192f,Alpro-Vanilla-Soyghurt,train,GroceryStoreDataset_Klasson2019,NON_INDIAN,INTERNATIONAL_PACKAGING_FOUNDATION,natural,348,348,b4d39b1e428b743aa97375bfe66e0c2da5584add3c290cbe2fdc56a0e8884f2c
7c6ebcc9b217fed0,Alpro-Vanilla-Soyghurt,train,GroceryStoreDataset_Klasson2019,NON_INDIAN,INTERNATIONAL_PACKAGING_FOUNDATION,natural,348,348,ffcb11fd146adb845dfdeadacfaa94fc6e53bb586d26a4db93b322e79a667d4f
14ac20f0457ae664,Alpro-Vanilla-Soyghurt,train,GroceryStoreDataset_Klasson2019,NON_INDIAN,INTERNATIONAL_PACKAGING_FOUNDATION,natural,348,348,47f8b3546a4f6ec50f8897f877b26bedcadae6ea9c104a93e8975021883a90e4
f8bb2f073ee283cb,Alpro-Vanilla-Soyghurt,train,GroceryStoreDataset_Klasson2019,NON_INDIAN,INTERNATIONAL_PACKAGING_FOUNDATION,natural,348,348,465130024479dcb69d88d624c3b1bec7444766618400d9fb6cec5a62931f338a
c7f1189b0184fd03,Alpro-Vanilla-Soyghurt,train,GroceryStoreDataset_Klasson2019,NON_INDIAN,INTERNATIONAL_PACKAGING_FOUNDATION,natural,348,348,a53be5ddec888d52ace10613c8426ab35e1fda8dd46a1faffd851b9e3da539b9
bb72eecb2aba1c26,Alpro-Vanilla-Soyghurt,train,GroceryStoreDataset_Klasson2019,NON_INDIAN,INTERNATIONAL_PACKAGING_FOUNDATION,natural,348,348,c676c89117daed8e5fa112ea2c860d10684c26ee4a5dac389bf801427318dfc1
4d3f02aab5b6ce0f,Alpro-Vanilla-Soyghurt,train,GroceryStoreDataset_Klasson2019,NON_INDIAN,INTERNATIONAL_PACKAGING_FOUNDATION,natural,348,348,65419efebe8d1d87bd4062ab11d2c98cf0495cdd1818c96e9b048543ebc6f600
2323fec66ab00f12,Alpro-Vanilla-Soyghurt,train,GroceryStoreDataset_Klasson2019,NON_INDIAN,INTERNATIONAL_PACKAGING_FOUNDATION,natural,348,348,2522a70f0d694f92c73e1011640219c73f8252b0b1698aad5bd66f029b1b9181
31e21a557dae5298,Alpro-Vanilla-Soyghurt,train,GroceryStoreDataset_Klasson2019,NON_INDIAN,INTERNATIONAL_PACKAGING_FOUNDATION,natural,348,348,33d6d2afe1849519a7b3d719669623c5bed7a90b5c77c5c57eabd65bde2f56a1
384db085b2e483c0,Alpro-Vanilla-Soyghurt,train,GroceryStoreDataset_Klasson2019,NON_INDIAN,INTERNATIONAL_PACKAGING_FOUNDATION,natural,348,348,664b0ee0681f76a5fca9a19137a6cbf1d5aa182cda53155769a783c62d9008fc
9953523086463e14,Alpro-Vanilla-Soyghurt,train,GroceryStoreDataset_Klasson2019,NON_INDIAN,INTERNATIONAL_PACKAGING_FOUNDATION,natural,348,348,93df2ae2bc174b6620d04924c462a825c779c34c315b05de07f85e95ea7353b2
fab60c09ae9960bc,Alpro-Vanilla-Soyghurt,train,GroceryStoreDataset_Klasson2019,NON_INDIAN,INTERNATIONAL_PACKAGING_FOUNDATION,natural,348,348,fda487333dc1c253fefafc73ea2b5b2a0441e6f266148a0ecf69da6eca5faf26
091edbd1ee2fb3aa,Alpro-Vanilla-Soyghurt,train,GroceryStoreDataset_Klasson2019,NON_INDIAN,INTERNATIONAL_PACKAGING_FOUNDATION,natural,348,348,0da7ae692e3d4e43de7d278b8439acf52d996611881ac7a2f7f27b494c7b2403
f311b8124acd04f2,Alpro-Vanilla-Soyghurt,train,GroceryStoreDataset_Klasson2019,NON_INDIAN,INTERNATIONAL_PACKAGING_FOUNDATION,natural,348,348,2ef2349e3ae8c3ccbad39c0f5b00d904334312d147a58b4fbdf9f6d15d7aff7c
4432716708229e3c,Alpro-Vanilla-Soyghurt,train,GroceryStoreDataset_Klasson2019,NON_INDIAN,INTERNATIONAL_PACKAGING_FOUNDATION,natural,348,348,1f6dba89843b24e91689b5fa1779415be1509a9f3d78f3aa6fd829f6044cce5c
3e080f415d709e4a,Alpro-Vanilla-Soyghurt,train,GroceryStoreDataset_Klasson2019,NON_INDIAN,INTERNATIONAL_PACKAGING_FOUNDATION,natural,348,348,db1a9c0c8b50106533cacdfabe70344c6bca8f1912aa4f66e011f7da7fa429c2
154d82e441883acb,Alpro-Vanilla-Soyghurt,train,GroceryStoreDataset_Klasson2019,NON_INDIAN,INTERNATIONAL_PACKAGING_FOUNDATION,natural,348,348,73ab796b1ec067105dc06b0ec6b2090dc5bee9b7a54d6a5978f5f6c3f57b6cba
8329cc9905783587,Alpro-Vanilla-Soyghurt,train,GroceryStoreDataset_Klasson2019,NON_INDIAN,INTERNATIONAL_PACKAGING_FOUNDATION,natural,348,348,52b2bd5bf39a11dc3d791e035e753271f4bf7b6c219613de5d5da4fe7b39af80
c9332c1a7f96e3d2,Alpro-Vanilla-Soyghurt,train,GroceryStoreDataset_Klasson2019,NON_INDIAN,INTERNATIONAL_PACKAGING_FOUNDATION,natural,348,348,9072cbfbfdf186fb6fa8747b444b5d23ba6112fca8f5d323b19aadbba518fa7c
ad5a0b8f571e83d8,Alpro-Vanilla-Soyghurt,train,GroceryStoreDataset_Klasson2019,NON_INDIAN,INTERNATIONAL_PACKAGING_FOUNDATION,natural,348,348,87982cd2797c5e972488359a5f0b1f066066baa4ec9c9bcdb1b86755db4eba16
6eb92d71d85066c8,Arla-Ecological-Sour-Cream,val,GroceryStoreDataset_Klasson2019,NON_INDIAN,INTERNATIONAL_PACKAGING_FOUNDATION,natural,348,348,aa79d27539ca222a2d3dae94c92d7596379fadccf83b5aea74c2b05f058863f7
cf753d96192fb27f,Arla-Ecological-Sour-Cream,val,GroceryStoreDataset_Klasson2019,NON_INDIAN,INTERNATIONAL_PACKAGING_FOUNDATION,natural,348,348,b25db67e736b22fc4851b93777ef14b798f100a38f2cc7034e058023040f4a34
d879a8c700914784,Arla-Ecological-Sour-Cream,val,GroceryStoreDataset_Klasson2019,NON_INDIAN,INTERNATIONAL_PACKAGING_FOUNDATION,natural,348,348,7aae631e5021f1a24a54d2dbdfe478ffb47d94af4f0cd4b8b46327f93dcd7275
a18f1f027f492928,Arla-Ecological-Sour-Cream,val,GroceryStoreDataset_Klasson2019,NON_INDIAN,INTERNATIONAL_PACKAGING_FOUNDATION,natural,348,348,4578d6da6b7ea2323b214e0a4984dd1883394ef478970f4cd2cd16cbbfc8282f
a5ae58da2601e206,Arla-Ecological-Sour-Cream,val,GroceryStoreDataset_Klasson2019,NON_INDIAN,INTERNATIONAL_PACKAGING_FOUNDATION,natural,348,348,84c144f747c9840f24998dbb7157f581227928454dae9208dc3beebfa4ad0a8d
71bd1da3bfc53075,Arla-Ecological-Sour-Cream,val,GroceryStoreDataset_Klasson2019,NON_INDIAN,INTERNATIONAL_PACKAGING_FOUNDATION,natural,348,348,24ab09cb0e7558844b6a6be7012fc3f92b3af23d44edaa76de41aed44e48a41c
b7bb3231501a5612,Arla-Ecological-Sour-Cream,val,GroceryStoreDataset_Klasson2019,NON_INDIAN,INTERNATIONAL_PACKAGING_FOUNDATION,natural,348,348,05c844fefc22a729dd5107198abb42a1e9a5a3bba3b0a6c44bdaa819b8c1dc48
d79e4fe11913a333,Arla-Ecological-Sour-Cream,val,GroceryStoreDataset_Klasson2019,NON_INDIAN,INTERNATIONAL_PACKAGING_FOUNDATION,natural,348,348,489549a4f8f0238c7fbac3c8553faff2eb55cbb96d77f1840188d29a36832699
2566072fa142d29c,Arla-Ecological-Sour-Cream,val,GroceryStoreDataset_Klasson2019,NON_INDIAN,INTERNATIONAL_PACKAGING_FOUNDATION,natural,348,348,9e25e1da7fdc260f911166dcc89224c8db5262412922856ebf759aeaed01b0b9
159d6a47cec9c173,Arla-Ecological-Sour-Cream,val,GroceryStoreDataset_Klasson2019,NON_INDIAN,INTERNATIONAL_PACKAGING_FOUNDATION,natural,348,348,58ad5bb5810a4db185c6bcfefc321292e0e82663142c72613b0b7c0d37b0220c
9122879fc61bb487,Arla-Ecological-Sour-Cream,val,GroceryStoreDataset_Klasson2019,NON_INDIAN,INTERNATIONAL_PACKAGING_FOUNDATION,natural,348,348,00e0714deefa272aa9e09de6eaf031d391a4a3ea9d8a580a7bcb5f660bb70aa9
3d714e494c10f653,Arla-Ecological-Sour-Cream,val,GroceryStoreDataset_Klasson2019,NON_INDIAN,INTERNATIONAL_PACKAGING_FOUNDATION,natural,348,348,f0390321fe97074061cf43665862ccd39467907186eee0da61745ba0f3364de6
546f7b8b691bd1f3,Arla-Ecological-Sour-Cream,val,GroceryStoreDataset_Klasson2019,NON_INDIAN,INTERNATIONAL_PACKAGING_FOUNDATION,natural,348,348,0d1d98b0edc4fcc59e03e6ecf8d4858413df7eb431fd44399d2fdc534806a066
6b7d664df9861674,Arla-Ecological-Sour-Cream,val,GroceryStoreDataset_Klasson2019,NON_INDIAN,INTERNATIONAL_PACKAGING_FOUNDATION,natural,348,348,04cc837fdceb000447a8200e9e79445b8297090a37cef2ec02daaf8fcdbfa8fc
408278d56ce7ad41,Arla-Ecological-Sour-Cream,val,GroceryStoreDataset_Klasson2019,NON_INDIAN,INTERNATIONAL_PACKAGING_FOUNDATION,natural,348,348,2d3aa57a4f62f9d50d9280e60a96f3269f93b1c831d33dffe03ff7f79e45c719
db14559134dbe3a9,Arla-Ecological-Sour-Cream,val,GroceryStoreDataset_Klasson2019,NON_INDIAN,INTERNATIONAL_PACKAGING_FOUNDATION,natural,348,348,2786207dd4bd43a985b7792a1dc3662c626138c4139bd541b3836117894f16eb
839fb52f55d8aa80,Arla-Ecological-Sour-Cream,val,GroceryStoreDataset_Klasson2019,NON_INDIAN,INTERNATIONAL_PACKAGING_FOUNDATION,natural,348,348,6c5ec9c92120e60a470353d0179209c625a7b09aa581bba184b7e27bde8f40ac
892610c3bd82cdd9,Arla-Ecological-Sour-Cream,val,GroceryStoreDataset_Klasson2019,NON_INDIAN,INTERNATIONAL_PACKAGING_FOUNDATION,natural,348,348,585d675453e4fb9d3b06eaafa610530422ee95b061e2ad6e2b12a8b4b481e4c6
471a2b52f6354c51,Arla-Ecological-Sour-Cream,val,GroceryStoreDataset_Klasson2019,NON_INDIAN,INTERNATIONAL_PACKAGING_FOUNDATION,natural,348,348,f8ea0176a1815b39c1c9be1ba4007228626ef68931fa4650bcc57774057b1fe4
b14933f453b04589,Arla-Ecological-Sour-Cream,val,GroceryStoreDataset_Klasson2019,NON_INDIAN,INTERNATIONAL_PACKAGING_FOUNDATION,natural,348,348,bd355d9e392538e4502532dab44b6a9252ab5401f9574a04e050d99fe76c28a9
ea80c963d793c1f4,Arla-Ecological-Sour-Cream,val,GroceryStoreDataset_Klasson2019,NON_INDIAN,INTERNATIONAL_PACKAGING_FOUNDATION,natural,348,348,c115327a06b5b28f802c76ec4d3d9bfc4340660ac17e56cbed9120485c101a38
ff03b1e304a0ef5e,Arla-Ecological-Sour-Cream,val,GroceryStoreDataset_Klasson2019,NON_INDIAN,INTERNATIONAL_PACKAGING_FOUNDATION,natural,348,348,060af0057a6426bb4366c17ede2db659929f038be68995f8589f17f280fb96ed
5fe23518fd167a0d,Arla-Ecological-Sour-Cream,val,GroceryStoreDataset_Klasson2019,NON_INDIAN,INTERNATIONAL_PACKAGING_FOUNDATION,natural,348,348,212b9825320a6835f6e6986d7392a77958b0b70da79a749f316d808bd0a0f6ed
9788e1233508830d,Arla-Ecological-Sour-Cream,val,GroceryStoreDataset_Klasson2019,NON_INDIAN,INTERNATIONAL_PACKAGING_FOUNDATION,natural,348,348,dad453311d2638d67fe942023cb7e3ad20355ca7dae549c30ef377a2a9cdcf0f
38cce791dba90265,Arla-Ecological-Sour-Cream,val,GroceryStoreDataset_Klasson2019,NON_INDIAN,INTERNATIONAL_PACKAGING_FOUNDATION,natural,348,348,14660415644f3f4e49ce55c46a60342889a4efa8dcc0f0b6e92df784cf3b6a62
587efd65412f0fd7,Arla-Ecological-Sour-Cream,val,GroceryStoreDataset_Klasson2019,NON_INDIAN,INTERNATIONAL_PACKAGING_FOUNDATION,natural,348,348,caa8227b96e746a06989695c2c5db0f00627e4479d1f0a903a85311ec6b257f9
e5fba0395b2c6a0a,Arla-Ecological-Sour-Cream,val,GroceryStoreDataset_Klasson2019,NON_INDIAN,INTERNATIONAL_PACKAGING_FOUNDATION,natural,348,348,4f03e553c99f3576e7657223a2973e7b78256eeec65cb61d28e22059dab7027b
9ef24a72350aa3f4,Arla-Ecological-Sour-Cream,val,GroceryStoreDataset_Klasson2019,NON_INDIAN,INTERNATIONAL_PACKAGING_FOUNDATION,natural,348,348,c52fcaad0670383c1335a365d52ebb80240766399e6e9698a7969161c1868312
d7082c319f66b7a2,Arla-Ecological-Sour-Cream,val,GroceryStoreDataset_Klasson2019,NON_INDIAN,INTERNATIONAL_PACKAGING_FOUNDATION,natural,348,348,0d2c78d009ae2a3a3e9fb2d833d7ddb7268446195c6f753930cfe925e6951ac0
50d28f931c1326e6,Arla-Sour-Cream,val,GroceryStoreDataset_Klasson2019,NON_INDIAN,INTERNATIONAL_PACKAGING_FOUNDATION,natural,348,348,638270ee443e234c0789e04e74fd1be6dceafcfc8367bdaa7f50a2738945f062
56a5fe28aa337ffc,Arla-Sour-Cream,val,GroceryStoreDataset_Klasson2019,NON_INDIAN,INTERNATIONAL_PACKAGING_FOUNDATION,natural,348,348,5d758f595e9ab201f9955062cf4304d7ce813dbc0d6bf13cfd27cfc2c980c9d6
e42ac68d9115c506,Arla-Sour-Cream,val,GroceryStoreDataset_Klasson2019,NON_INDIAN,INTERNATIONAL_PACKAGING_FOUNDATION,natural,348,348,eb0be4eb3212153e72ee2a871e759cd66798310b1b0f89078ded66455542d066
9e89aca3f23b6aaa,Arla-Sour-Cream,val,GroceryStoreDataset_Klasson2019,NON_INDIAN,INTERNATIONAL_PACKAGING_FOUNDATION,natural,348,348,3b00dece002919466d2e282e49d6cacaef7a3b323885400d50bd1683cc729a41
57e04f4339c38208,Arla-Sour-Cream,val,GroceryStoreDataset_Klasson2019,NON_INDIAN,INTERNATIONAL_PACKAGING_FOUNDATION,natural,348,348,5204469f84b134caff91df164dfde7c91b0c29507f616a1d19a369a92c10ef9a
048e52dbef5abf09,Arla-Sour-Cream,val,GroceryStoreDataset_Klasson2019,NON_INDIAN,INTERNATIONAL_PACKAGING_FOUNDATION,natural,348,348,4b6a47cc7837aeaa879ea0eb6924219eb1784c91909a539ba468ca0c835dca58
b7fb2faa9a576c83,Arla-Sour-Cream,val,GroceryStoreDataset_Klasson2019,NON_INDIAN,INTERNATIONAL_PACKAGING_FOUNDATION,natural,348,348,f179a4e3016e64d9e76ee742aafe441fa33e1b66d303d3868438b611d5c6cf98
bb89e0df49d9b3c0,Arla-Sour-Cream,val,GroceryStoreDataset_Klasson2019,NON_INDIAN,INTERNATIONAL_PACKAGING_FOUNDATION,natural,348,348,d1b83f315422c9486615dbd1595ce4eaf0df4dce810c7a26e8428465903a4ff9
b3ee081b1744ac45,Arla-Sour-Cream,val,GroceryStoreDataset_Klasson2019,NON_INDIAN,INTERNATIONAL_PACKAGING_FOUNDATION,natural,348,348,3ed02d74e92947f5e1b355057d64a9675de84eff05b837daabf614c979bed182
945bf0a11405e67b,Arla-Sour-Cream,val,GroceryStoreDataset_Klasson2019,NON_INDIAN,INTERNATIONAL_PACKAGING_FOUNDATION,natural,348,348,8048601830c2ecdf051ec3fdee5212b46388c82a145454137cf4da556962ec54
f0a7eb32e6bdda82,Arla-Sour-Cream,val,GroceryStoreDataset_Klasson2019,NON_INDIAN,INTERNATIONAL_PACKAGING_FOUNDATION,natural,348,348,6478522b1ce7f022e9ff7976e9312cd52d69a3ace1b8fbc88400f2cd4a108712
9a81697f936eddd3,Arla-Sour-Cream,val,GroceryStoreDataset_Klasson2019,NON_INDIAN,INTERNATIONAL_PACKAGING_FOUNDATION,natural,348,348,db2b333b753db3138d5df1de7db7afd214ef96a3d3038edd9577f929dbb9a72a
23e868727b221104,Arla-Sour-Cream,val,GroceryStoreDataset_Klasson2019,NON_INDIAN,INTERNATIONAL_PACKAGING_FOUNDATION,natural,348,348,3d11628ad62f426673391abc2ac590bbfbbd2cba6be4ae043501f0dbd394992b
3b52a8f4598c6399,Arla-Sour-Cream,val,GroceryStoreDataset_Klasson2019,NON_INDIAN,INTERNATIONAL_PACKAGING_FOUNDATION,natural,348,348,2afdac54086745a37e633d7e59087a1c2fd04a98408846c5e8e4329f845c7bd9
cce21162413a930c,Arla-Sour-Cream,val,GroceryStoreDataset_Klasson2019,NON_INDIAN,INTERNATIONAL_PACKAGING_FOUNDATION,natural,348,348,103db7d1864b72a34cadd56c528bbbbc7bb9c758d1469bc0e202ff60dbe31020
ee06fcc4ea06bd90,Arla-Sour-Cream,val,GroceryStoreDataset_Klasson2019,NON_INDIAN,INTERNATIONAL_PACKAGING_FOUNDATION,natural,348,348,4df54b98516ae26d82d6d425f9916f2ad0e84894f44950541f896816094cf740
b5da3a85eaf16796,Arla-Sour-Cream,val,GroceryStoreDataset_Klasson2019,NON_INDIAN,INTERNATIONAL_PACKAGING_FOUNDATION,natural,348,348,f1895737368f0031f0cc10e130354c97275beb5e21099453e9e960015f4c87c7
6f2035b86d4cbc15,Arla-Sour-Cream,val,GroceryStoreDataset_Klasson2019,NON_INDIAN,INTERNATIONAL_PACKAGING_FOUNDATION,natural,348,348,592f0abf1486744e0cf83e573ed0b1f1de87d5e386fe477b0a91d418179a07cc
85f6779c51d15c0f,Arla-Sour-Cream,val,GroceryStoreDataset_Klasson2019,NON_INDIAN,INTERNATIONAL_PACKAGING_FOUNDATION,natural,348,348,d2f0efd5bc3a4e093af8ae67b62d12b7a7028fd6b63cdf938ff7ff63d3a46917
c73c4204e7063c12,Garant-Ecological-Standard-Milk,test,GroceryStoreDataset_Klasson2019,NON_INDIAN,INTERNATIONAL_PACKAGING_FOUNDATION,natural,348,348,f7a74695cb383689d7e13663a0ec1d1e7a9077bfaf537a0361c8c145c844bebc
b7878ca1d027d4a2,Garant-Ecological-Standard-Milk,test,GroceryStoreDataset_Klasson2019,NON_INDIAN,INTERNATIONAL_PACKAGING_FOUNDATION,natural,348,348,8f968801ff8a55ce36bde25af612f07fbbb19d69f9204b583c753ccf595f5e9c
bb3dcdfebf5c6d70,Garant-Ecological-Standard-Milk,test,GroceryStoreDataset_Klasson2019,NON_INDIAN,INTERNATIONAL_PACKAGING_FOUNDATION,natural,348,348,8ec546701d34f4efb8d938ec8fe09a6618c3e5cfce71514ae8f29b98cce3fe0a
5aa702e6d02242d7,Garant-Ecological-Standard-Milk,test,GroceryStoreDataset_Klasson2019,NON_INDIAN,INTERNATIONAL_PACKAGING_FOUNDATION,natural,348,348,639a5448bd8826442d56ddb879b735f81997f8064e2d1f3d429dd4c910ecbf4c
2a9bd6e09e5291d7,Garant-Ecological-Standard-Milk,test,GroceryStoreDataset_Klasson2019,NON_INDIAN,INTERNATIONAL_PACKAGING_FOUNDATION,natural,348,348,de2ba5a9daf6cb805e187e09b25bbfa127dd5409eba396169d06d059cf470d2e
076078553157ce98,Garant-Ecological-Standard-Milk,test,GroceryStoreDataset_Klasson2019,NON_INDIAN,INTERNATIONAL_PACKAGING_FOUNDATION,natural,348,348,9bccf49baddfc05560b4d44f32fed276f775cecd816e688336b8da7dd64ea50f
c00256b6414c2bcb,Garant-Ecological-Standard-Milk,test,GroceryStoreDataset_Klasson2019,NON_INDIAN,INTERNATIONAL_PACKAGING_FOUNDATION,natural,348,348,5a6b6784949bd3530e61062c79eb9f8cd194f98c292555f4c9185a39ef6d8c14
bd874b379ec97dea,Garant-Ecological-Standard-Milk,test,GroceryStoreDataset_Klasson2019,NON_INDIAN,INTERNATIONAL_PACKAGING_FOUNDATION,natural,348,348,2239e65d885d6f2d5516773410c7d47fd6a95c93a08de7f828d0bb4474f0c73f
7374f721ee9ba574,Garant-Ecological-Standard-Milk,test,GroceryStoreDataset_Klasson2019,NON_INDIAN,INTERNATIONAL_PACKAGING_FOUNDATION,natural,348,348,ce50213028f3d10cb26ffa382255d7efeba9a52f1d8cf99eda4c5dd7d5ef1f61
32bba670a67f3830,Garant-Ecological-Standard-Milk,test,GroceryStoreDataset_Klasson2019,NON_INDIAN,INTERNATIONAL_PACKAGING_FOUNDATION,natural,348,348,b5714c30be3789e503736ee97187cea09c6524780ce55899e53b0367aabceff0
c3e82316ab6a7a41,Garant-Ecological-Standard-Milk,test,GroceryStoreDataset_Klasson2019,NON_INDIAN,INTERNATIONAL_PACKAGING_FOUNDATION,natural,348,348,77886a2c1846b233f1e67e778a149cde2577286c6abb88b13f58db29c64edfe9
0a70f61780b3dde4,Garant-Ecological-Standard-Milk,test,GroceryStoreDataset_Klasson2019,NON_INDIAN,INTERNATIONAL_PACKAGING_FOUNDATION,natural,348,348,89f204ec5b1f504c36f638eb3896ae4899a52fd7189f95670e5ba6f943225738
e874bc56029d41c3,Garant-Ecological-Standard-Milk,test,GroceryStoreDataset_Klasson2019,NON_INDIAN,INTERNATIONAL_PACKAGING_FOUNDATION,natural,348,348,1bb67b2179b2e78a4fda402f04868ca3930c5ae51568cadec6d0f7ab922789ce
072f71edfc84a38a,Garant-Ecological-Standard-Milk,test,GroceryStoreDataset_Klasson2019,NON_INDIAN,INTERNATIONAL_PACKAGING_FOUNDATION,natural,348,348,1213e46ea55f67e8971f5d7eba47f59a762a1c259002dffb2b7ad842ff8447fb
23485f685024d9ae,Garant-Ecological-Standard-Milk,test,GroceryStoreDataset_Klasson2019,NON_INDIAN,INTERNATIONAL_PACKAGING_FOUNDATION,natural,348,348,e6eab470ed822bc62863294cda0d57a763b9e16711f535a3a95c2ef809db9a3b
21dba33280602b91,Garant-Ecological-Standard-Milk,test,GroceryStoreDataset_Klasson2019,NON_INDIAN,INTERNATIONAL_PACKAGING_FOUNDATION,natural,348,348,8706de81954eae78a3cfd738ea6279ca53bf925269fd592626cd5efdb88b137f
ae17bb62999ff60f,Garant-Ecological-Standard-Milk,test,GroceryStoreDataset_Klasson2019,NON_INDIAN,INTERNATIONAL_PACKAGING_FOUNDATION,natural,348,348,ed7436ffbd24b7aac4e4424406f6127fea9b77ac90d3a1d3257f5b292923908d
447dab5956a81122,Garant-Ecological-Standard-Milk,test,GroceryStoreDataset_Klasson2019,NON_INDIAN,INTERNATIONAL_PACKAGING_FOUNDATION,natural,348,348,a6e257b2e5043fb0eddae864730e1e5cfbe63bf69d82ba19c509d8ab399bdb24
05a5d692eb9e3b13,Garant-Ecological-Standard-Milk,test,GroceryStoreDataset_Klasson2019,NON_INDIAN,INTERNATIONAL_PACKAGING_FOUNDATION,natural,348,348,e285e1294046c612e0116779aab4a7e1a6a4f3c820f28fd7b370b7e552a30df3
ba302766f99ae6fd,Garant-Ecological-Standard-Milk,test,GroceryStoreDataset_Klasson2019,NON_INDIAN,INTERNATIONAL_PACKAGING_FOUNDATION,natural,348,348,43e6342b6352b7f1775899ecd538359f5a1ea632a57a5ac429dde4796221cd82
f8226e4b49d9666b,Garant-Ecological-Standard-Milk,test,GroceryStoreDataset_Klasson2019,NON_INDIAN,INTERNATIONAL_PACKAGING_FOUNDATION,natural,348,348,696656a346b231d13f404661f92e426fdb1109f94a0b4b377b533251c85af799
99bd01729cc4f41e,Garant-Ecological-Standard-Milk,test,GroceryStoreDataset_Klasson2019,NON_INDIAN,INTERNATIONAL_PACKAGING_FOUNDATION,natural,348,348,562ed90b575793282948e63283c8344a96d727ac04c30d82b8d1b5055a204ff8
de34eb7265a8aab5,Garant-Ecological-Standard-Milk,test,GroceryStoreDataset_Klasson2019,NON_INDIAN,INTERNATIONAL_PACKAGING_FOUNDATION,natural,348,348,c24fcb947a4347bfb21c2663c06fa14cbbe54edd2d6d440d0574170fa4cdcaf1
52255b370ba5dc55,Garant-Ecological-Standard-Milk,test,GroceryStoreDataset_Klasson2019,NON_INDIAN,INTERNATIONAL_PACKAGING_FOUNDATION,natural,348,348,b783a7d1c64b4b9747a012fe5d81008fcc8af55bfa81e1a8da8bc66a0bed403b
c7f11d98fcd61d43,Garant-Ecological-Standard-Milk,test,GroceryStoreDataset_Klasson2019,NON_INDIAN,INTERNATIONAL_PACKAGING_FOUNDATION,natural,348,348,f02365716a82162f789ef8c8a69998c1ccb55a8c68dff230a5eb14ca318824df
abc96fb0970c1b86,Garant-Ecological-Standard-Milk,test,GroceryStoreDataset_Klasson2019,NON_INDIAN,INTERNATIONAL_PACKAGING_FOUNDATION,natural,348,348,3b802716bbf051386c9d186b29e02b6139343376f7396b7711a29e465bfbcbf9
30fb9d6d350ff048,Garant-Ecological-Standard-Milk,test,GroceryStoreDataset_Klasson2019,NON_INDIAN,INTERNATIONAL_PACKAGING_FOUNDATION,natural,348,348,9a0fc223deb095b23810a5abd921411d8bbdbbfdba916881b05f66dce7190190
7e0eb99c2a3602fa,Garant-Ecological-Standard-Milk,test,GroceryStoreDataset_Klasson2019,NON_INDIAN,INTERNATIONAL_PACKAGING_FOUNDATION,natural,348,348,25b7d43df0b9091570e7f79f6ddb7c615e86a689029103a1d03c734ea179c3b7
36593d1c941e52be,Arla-Lactose-Medium-Fat-Milk,train,GroceryStoreDataset_Klasson2019,NON_INDIAN,INTERNATIONAL_PACKAGING_FOUNDATION,natural,348,348,30bbb995b0e6a4c4cbe9be8a24848ee46e70655e45e78721da15fc231b48c14d
473630603ffa1d92,Arla-Lactose-Medium-Fat-Milk,train,GroceryStoreDataset_Klasson2019,NON_INDIAN,INTERNATIONAL_PACKAGING_FOUNDATION,natural,348,348,c12a20da898ec57bab13cdf89ad2b1e62eed73e500ad47309b58cda8d13062d9
e94bedd10ecc5354,Arla-Lactose-Medium-Fat-Milk,train,GroceryStoreDataset_Klasson2019,NON_INDIAN,INTERNATIONAL_PACKAGING_FOUNDATION,natural,348,348,7414a80eea68f16f8ea81e9bc4bfa0c34797cba9012c47b4c9b3d425a10b1007
3c1a89351357e871,Arla-Lactose-Medium-Fat-Milk,train,GroceryStoreDataset_Klasson2019,NON_INDIAN,INTERNATIONAL_PACKAGING_FOUNDATION,natural,348,348,3f6c4fb99731c56f1244c2804ad0a94ef3604b202c9163ce8eedf22473aa56c0
535615e133a54ade,Arla-Lactose-Medium-Fat-Milk,train,GroceryStoreDataset_Klasson2019,NON_INDIAN,INTERNATIONAL_PACKAGING_FOUNDATION,natural,348,348,c8a210639b169825a1b786b4d22970b19b977a24386f131963b803912dbef6f8
9e907831d95b55b9,Arla-Lactose-Medium-Fat-Milk,train,GroceryStoreDataset_Klasson2019,NON_INDIAN,INTERNATIONAL_PACKAGING_FOUNDATION,natural,348,348,ff034d27ea011e2ffa6e0307e85a712fb22341c7177d1cdc676fb64cfd75c8fc
5641b12a5a4da638,Arla-Lactose-Medium-Fat-Milk,train,GroceryStoreDataset_Klasson2019,NON_INDIAN,INTERNATIONAL_PACKAGING_FOUNDATION,natural,348,348,0b2c62be0465339bfae4ad58058bfd54e74e9d3f02cf79b35ec69397f6a46091
31d6d876b9c362ce,Arla-Lactose-Medium-Fat-Milk,train,GroceryStoreDataset_Klasson2019,NON_INDIAN,INTERNATIONAL_PACKAGING_FOUNDATION,natural,348,348,21b6315423193d714c3071f635f0d65ddcdbac44bb57df02f08b3bc4f6bc2bdb
ced345abb5a59446,Arla-Lactose-Medium-Fat-Milk,train,GroceryStoreDataset_Klasson2019,NON_INDIAN,INTERNATIONAL_PACKAGING_FOUNDATION,natural,348,348,04ae5b560c8253fe38bc26785d05fbba5715983a91b9c7ddc343fc5cfe5a8763
4146052be2c4bb7b,Arla-Lactose-Medium-Fat-Milk,train,GroceryStoreDataset_Klasson2019,NON_INDIAN,INTERNATIONAL_PACKAGING_FOUNDATION,natural,348,348,b3d22886e4b024f7edcdc3e95470ea63340d9ae51bcf034cc58041d8b8a7bd6a
e1a1d829d70c078a,Arla-Lactose-Medium-Fat-Milk,train,GroceryStoreDataset_Klasson2019,NON_INDIAN,INTERNATIONAL_PACKAGING_FOUNDATION,natural,348,348,f76713567e0843d9b0770004cf91edece9092cebd25cd6bfa2f7a9ff649ebded
015ccf831afd44fa,Arla-Lactose-Medium-Fat-Milk,train,GroceryStoreDataset_Klasson2019,NON_INDIAN,INTERNATIONAL_PACKAGING_FOUNDATION,natural,348,348,e8908397d8a959792a7a4da5ac80e237b10993cdfddc90c79234dea8780dde9e
bebff83b38b643e8,Arla-Lactose-Medium-Fat-Milk,train,GroceryStoreDataset_Klasson2019,NON_INDIAN,INTERNATIONAL_PACKAGING_FOUNDATION,natural,348,348,68d6d762d5cfcd36681e6255c892204d84122f9dfb408946a4f4f7bd4ddb8b5a
35d9ba3bab0bc79c,Arla-Lactose-Medium-Fat-Milk,train,GroceryStoreDataset_Klasson2019,NON_INDIAN,INTERNATIONAL_PACKAGING_FOUNDATION,natural,348,348,6fc9dace59218d7170ab183fdcd37ae64ba3119063cce8ef649ee82984fc0498
9628c25763ee5840,Arla-Lactose-Medium-Fat-Milk,train,GroceryStoreDataset_Klasson2019,NON_INDIAN,INTERNATIONAL_PACKAGING_FOUNDATION,natural,348,348,52666b7a4c0ca24a98936d355e4a98c1ae583bfb8d87a4695f5cc90e4c53e121
83561fde443451ee,Arla-Lactose-Medium-Fat-Milk,train,GroceryStoreDataset_Klasson2019,NON_INDIAN,INTERNATIONAL_PACKAGING_FOUNDATION,natural,348,348,6cedcff7565b1f982b2576645e55542209b6b4846e22e77eb62a7b3affe9dd15
c5ddb8634fd1cb21,Arla-Lactose-Medium-Fat-Milk,train,GroceryStoreDataset_Klasson2019,NON_INDIAN,INTERNATIONAL_PACKAGING_FOUNDATION,natural,348,348,fef088e7380619429794e536a08841b8e05d4cf282bdcee2a0ee30ee9a2bbb25
8423847e2e032f86,Arla-Lactose-Medium-Fat-Milk,train,GroceryStoreDataset_Klasson2019,NON_INDIAN,INTERNATIONAL_PACKAGING_FOUNDATION,natural,348,348,8394db873f65c20d3dc65fde278565f382c71c0159a1041282c86275d7c646da
52a29ada5a8e3196,Arla-Lactose-Medium-Fat-Milk,train,GroceryStoreDataset_Klasson2019,NON_INDIAN,INTERNATIONAL_PACKAGING_FOUNDATION,natural,348,348,18c9f4d1303b5f45a75976a584cb6ce9a2a9e391bba929b09147a893ec590d0a
769a2cec2be7df35,Arla-Lactose-Medium-Fat-Milk,train,GroceryStoreDataset_Klasson2019,NON_INDIAN,INTERNATIONAL_PACKAGING_FOUNDATION,natural,348,348,6da4e501de4cedf4161f03017bec47137ef3e82f38621edb1ed50d335f6d408e
d68c56e019382cef,Arla-Lactose-Medium-Fat-Milk,train,GroceryStoreDataset_Klasson2019,NON_INDIAN,INTERNATIONAL_PACKAGING_FOUNDATION,natural,348,348,e01dc06323b4e6e8bcf0a3c3ef28b3d2b2a1cd38a10995566e6e9d79615c680a
a275c7b6a0441389,Arla-Lactose-Medium-Fat-Milk,train,GroceryStoreDataset_Klasson2019,NON_INDIAN,INTERNATIONAL_PACKAGING_FOUNDATION,natural,348,348,077eb7ea16e6a4f96ebad1e45cb4f539861b6d2f86c5dc7ccb5f61ff177ae65b
63f2c14d8065e8d9,Arla-Lactose-Medium-Fat-Milk,train,GroceryStoreDataset_Klasson2019,NON_INDIAN,INTERNATIONAL_PACKAGING_FOUNDATION,natural,348,348,d87eaff0e8fde53389a6d8753a07e2a17b9955c445ebaacd187981da5baf168c
ebd7812c1e6e7e5e,Arla-Lactose-Medium-Fat-Milk,train,GroceryStoreDataset_Klasson2019,NON_INDIAN,INTERNATIONAL_PACKAGING_FOUNDATION,natural,348,348,cfbe996af6c7682757663939c55f2f339cc35de9eda28de71c6fa844f8baa57a
0d30c3b7438a90ef,Arla-Lactose-Medium-Fat-Milk,train,GroceryStoreDataset_Klasson2019,NON_INDIAN,INTERNATIONAL_PACKAGING_FOUNDATION,natural,348,348,243423ff27bfa36d4230b6feb7e51314fe32c613e62b5679782544022b168d2e
92b3a5f6ce687cd6,Arla-Lactose-Medium-Fat-Milk,train,GroceryStoreDataset_Klasson2019,NON_INDIAN,INTERNATIONAL_PACKAGING_FOUNDATION,natural,348,348,0b60e058a4bc361f893b7e588c54543f003682353fb507b61f5a011d9ca85931
b2de424e2b4c444f,Garant-Ecological-Medium-Fat-Milk,train,GroceryStoreDataset_Klasson2019,NON_INDIAN,INTERNATIONAL_PACKAGING_FOUNDATION,natural,348,348,38565ff8557035c251c2dfbee5db62702db405c58bb5248fb5778f6760954577
85091fbab5b5c0fa,Garant-Ecological-Medium-Fat-Milk,train,GroceryStoreDataset_Klasson2019,NON_INDIAN,INTERNATIONAL_PACKAGING_FOUNDATION,natural,348,348,4e3cbc7d055eea9472f106ec15aa43a207daea8c621152cabf5c216a1692240d
d2af64195e31cc00,Garant-Ecological-Medium-Fat-Milk,train,GroceryStoreDataset_Klasson2019,NON_INDIAN,INTERNATIONAL_PACKAGING_FOUNDATION,natural,348,348,a13b1805893a9b4db90505e10bc4807cb7809e1377f7432ce10c808303287f67
3919e52b8f6af228,Garant-Ecological-Medium-Fat-Milk,train,GroceryStoreDataset_Klasson2019,NON_INDIAN,INTERNATIONAL_PACKAGING_FOUNDATION,natural,348,348,fafeef12b3ab235731b6454f9cc54faf75dea59e31bee7e03991783e19f684ee
81c2a8a46e937a61,Garant-Ecological-Medium-Fat-Milk,train,GroceryStoreDataset_Klasson2019,NON_INDIAN,INTERNATIONAL_PACKAGING_FOUNDATION,natural,348,348,66901c35eba65d00ee1bb2aae2a1d41f641007d4f9a23706305b7315ccfc70b1
ae72cc4b211187cd,Garant-Ecological-Medium-Fat-Milk,train,GroceryStoreDataset_Klasson2019,NON_INDIAN,INTERNATIONAL_PACKAGING_FOUNDATION,natural,348,348,0102fa9a02903c194d8edba2053c734e2e9e2af7ff4ae565f155507471d3bc77
689d48fa52bcab21,Garant-Ecological-Medium-Fat-Milk,train,GroceryStoreDataset_Klasson2019,NON_INDIAN,INTERNATIONAL_PACKAGING_FOUNDATION,natural,348,348,a984e66542e2c8a2633cacf154cfd74dbc35b12eb80d20c3f2a998424f8de895
39d86caeaeebd94f,Garant-Ecological-Medium-Fat-Milk,train,GroceryStoreDataset_Klasson2019,NON_INDIAN,INTERNATIONAL_PACKAGING_FOUNDATION,natural,348,348,ee54a450e333c3fc74b15e302df6bcaaaac1d25b4a274e48af33d4bdd1d66e32
401292de6cf3d510,Garant-Ecological-Medium-Fat-Milk,train,GroceryStoreDataset_Klasson2019,NON_INDIAN,INTERNATIONAL_PACKAGING_FOUNDATION,natural,348,348,cc17f4bd5507df1d8ee390d92595adbe18a6980d1405a248f564e57833c1ef3e
98199c4bba023309,Garant-Ecological-Medium-Fat-Milk,train,GroceryStoreDataset_Klasson2019,NON_INDIAN,INTERNATIONAL_PACKAGING_FOUNDATION,natural,348,348,ffb710cb639531f2f9282d51d9f27ae0ef9f955dfd25131a86e717ff18e7c31f
ef7efeb842a809dc,Garant-Ecological-Medium-Fat-Milk,train,GroceryStoreDataset_Klasson2019,NON_INDIAN,INTERNATIONAL_PACKAGING_FOUNDATION,natural,348,348,ad57b54fc9636af6a23214ea4439b8df3b392b0949a627387abb2e37c334e95f
44c93fff62c3e2c7,Garant-Ecological-Medium-Fat-Milk,train,GroceryStoreDataset_Klasson2019,NON_INDIAN,INTERNATIONAL_PACKAGING_FOUNDATION,natural,348,348,244f3ff40839f73533594a086bffec7c5080ec02d516fa66443dc0f4d6117c76
3a2d58a37a061c3a,Garant-Ecological-Medium-Fat-Milk,train,GroceryStoreDataset_Klasson2019,NON_INDIAN,INTERNATIONAL_PACKAGING_FOUNDATION,natural,348,348,5409cf19c3a35d5a8e18524f8e71ddb6ba4db728570cf660d462753b1e8ee9e4
2323c143cbc13eb6,Garant-Ecological-Medium-Fat-Milk,train,GroceryStoreDataset_Klasson2019,NON_INDIAN,INTERNATIONAL_PACKAGING_FOUNDATION,natural,348,348,53135c89bbfc3fe7b5cbce58edca386b21c157a50e7c2158346a234ee37eba1a
6befba94e66b328c,Garant-Ecological-Medium-Fat-Milk,train,GroceryStoreDataset_Klasson2019,NON_INDIAN,INTERNATIONAL_PACKAGING_FOUNDATION,natural,348,348,0b722a48cc5a0153aa4df080757f7f5f5819561fc6ceb534dd72478bbf45637c
b3db94a812ae80ac,Garant-Ecological-Medium-Fat-Milk,train,GroceryStoreDataset_Klasson2019,NON_INDIAN,INTERNATIONAL_PACKAGING_FOUNDATION,natural,348,348,b34074a1243785162d5290c6c8bb3b6472630c4652c5ed03d8c722eac4271a25
a4108243382e182e,Garant-Ecological-Medium-Fat-Milk,train,GroceryStoreDataset_Klasson2019,NON_INDIAN,INTERNATIONAL_PACKAGING_FOUNDATION,natural,348,348,d463236f65ac1f407cf18ee59c8bd81d6b8f7638a3ead48a207ba0e0950a4113
9683876910a7dab1,Garant-Ecological-Medium-Fat-Milk,train,GroceryStoreDataset_Klasson2019,NON_INDIAN,INTERNATIONAL_PACKAGING_FOUNDATION,natural,348,348,03ce33719fc5fcc7557438f17e1e968a1ec084a5ec4ffcb1d46a70376a037682
f17706033f1a1d6d,Garant-Ecological-Medium-Fat-Milk,train,GroceryStoreDataset_Klasson2019,NON_INDIAN,INTERNATIONAL_PACKAGING_FOUNDATION,natural,348,348,076b9b03e9f9217702bd56be1ca708bb0f05c2c3912d51eded1e84b520c642a7
38253bbd991c8223,Garant-Ecological-Medium-Fat-Milk,train,GroceryStoreDataset_Klasson2019,NON_INDIAN,INTERNATIONAL_PACKAGING_FOUNDATION,natural,348,348,203c03cb9543b6bfc5390b90e09b3ea9d2d8856eed5d86165a2d9db0e2bcb907
e8acef43c54570fb,Garant-Ecological-Medium-Fat-Milk,train,GroceryStoreDataset_Klasson2019,NON_INDIAN,INTERNATIONAL_PACKAGING_FOUNDATION,natural,348,348,729e5a613d558139fd1b81fa14a402adea46b632081af61d396579bac72476a6
9ba6921479ceee30,Garant-Ecological-Medium-Fat-Milk,train,GroceryStoreDataset_Klasson2019,NON_INDIAN,INTERNATIONAL_PACKAGING_FOUNDATION,natural,348,348,ce8b5cbfd71e1c7d63a3c834ad15ae08f316b618190f3dc56b4049dd8b009a6e
cee86a928af3c51e,Garant-Ecological-Medium-Fat-Milk,train,GroceryStoreDataset_Klasson2019,NON_INDIAN,INTERNATIONAL_PACKAGING_FOUNDATION,natural,348,348,fa5e6ee028221aa62ed0767d955fe006a4fd7c8d021757267ea39ebb65086224
a08e2ba2c6e16178,Garant-Ecological-Medium-Fat-Milk,train,GroceryStoreDataset_Klasson2019,NON_INDIAN,INTERNATIONAL_PACKAGING_FOUNDATION,natural,348,348,a287794a0b7e983bd8a1f37da235119b91cb5218ede4c3b488e7f6398d5e12ae
d86dcf8d030335bb,Garant-Ecological-Medium-Fat-Milk,train,GroceryStoreDataset_Klasson2019,NON_INDIAN,INTERNATIONAL_PACKAGING_FOUNDATION,natural,348,348,2592c411ddad371ec873afc3c81656c0f8da55a929dca815081e93a7097a9165
551faf3a72b302f0,Garant-Ecological-Medium-Fat-Milk,train,GroceryStoreDataset_Klasson2019,NON_INDIAN,INTERNATIONAL_PACKAGING_FOUNDATION,natural,348,348,aca903c63b2243a27aff4e43b143d99748b0f6670b42e781057759ed73bf736a
f0c8d0cb2fbd4253,Garant-Ecological-Medium-Fat-Milk,train,GroceryStoreDataset_Klasson2019,NON_INDIAN,INTERNATIONAL_PACKAGING_FOUNDATION,natural,348,348,fba7fff7e9e418daba4017ea4eb77db7cc91428dd39da7c45b30abc733fb51a7
6f243d69507649fc,Garant-Ecological-Medium-Fat-Milk,train,GroceryStoreDataset_Klasson2019,NON_INDIAN,INTERNATIONAL_PACKAGING_FOUNDATION,natural,348,348,87e63e29bcd667908a01e6739efccc648adf8816e8c10f817864dfe6af863c97
af6711e5af918bc2,Garant-Ecological-Medium-Fat-Milk,train,GroceryStoreDataset_Klasson2019,NON_INDIAN,INTERNATIONAL_PACKAGING_FOUNDATION,natural,348,348,d93110e8c6aa28dbdee89a22d167756d4bf3f87ee4ee6d0d44b2aeae63ad0bce
d8352aa467a2239b,Garant-Ecological-Medium-Fat-Milk,train,GroceryStoreDataset_Klasson2019,NON_INDIAN,INTERNATIONAL_PACKAGING_FOUNDATION,natural,348,348,ae204498ce6a715aadb05ab09d1be677a61ae9a8de64c0bf2f84259aa9a47732
8c8b0fbe253da068,Garant-Ecological-Medium-Fat-Milk,train,GroceryStoreDataset_Klasson2019,NON_INDIAN,INTERNATIONAL_PACKAGING_FOUNDATION,natural,348,348,3515a5feb8b9e14e9d10d0cebb5bab7b225843b9f54456dd27a46ebd96c09fc0
ed6b86f5d244db79,Garant-Ecological-Medium-Fat-Milk,train,GroceryStoreDataset_Klasson2019,NON_INDIAN,INTERNATIONAL_PACKAGING_FOUNDATION,natural,348,348,9ff7db743c325c8a385c43e47e51c1287391707228ade6558c82797e5c356350
69e385112a488309,Garant-Ecological-Medium-Fat-Milk,train,GroceryStoreDataset_Klasson2019,NON_INDIAN,INTERNATIONAL_PACKAGING_FOUNDATION,natural,348,348,4c5a5bdfaacd6e86056b651d6a9a0875b20755a9d82c93b3a2463aa425473304
40d861fa8c7e7956,Garant-Ecological-Medium-Fat-Milk,train,GroceryStoreDataset_Klasson2019,NON_INDIAN,INTERNATIONAL_PACKAGING_FOUNDATION,natural,348,348,5705a330b506e47d8511b850254d3ee743c06020f0f27e77e668373c53228a75
0f25b825a4af195d,Garant-Ecological-Medium-Fat-Milk,train,GroceryStoreDataset_Klasson2019,NON_INDIAN,INTERNATIONAL_PACKAGING_FOUNDATION,natural,348,348,11128333daee95b5da6013513b1692c2efc69e8dd8d747f179cf4919203adc0f
0a83e5734bce97c2,Arla-Standard-Milk,train,GroceryStoreDataset_Klasson2019,NON_INDIAN,INTERNATIONAL_PACKAGING_FOUNDATION,natural,348,348,0d13a277bbef3272be2a047034d3863be5b4e132c6cb446bf19a6904ded4c645
59f1aa68a522d9b3,Arla-Standard-Milk,train,GroceryStoreDataset_Klasson2019,NON_INDIAN,INTERNATIONAL_PACKAGING_FOUNDATION,natural,348,348,f60e4a1ebb308cd13fd996706ba32c313da328285d4d3240fec82472a2535de5
518922d7527da015,Arla-Standard-Milk,train,GroceryStoreDataset_Klasson2019,NON_INDIAN,INTERNATIONAL_PACKAGING_FOUNDATION,natural,348,348,1b77734f84a89ccff914acad97e58ce1956fcf45213fc16c5b82d7d0c9ee60c0
de921b44743c310f,Arla-Standard-Milk,train,GroceryStoreDataset_Klasson2019,NON_INDIAN,INTERNATIONAL_PACKAGING_FOUNDATION,natural,348,348,930899e1ba9ff9ec70c465adcff95335635d99b3a56b1ca2647f6d200ec11157
04a9aeca9ed8ca2c,Arla-Standard-Milk,train,GroceryStoreDataset_Klasson2019,NON_INDIAN,INTERNATIONAL_PACKAGING_FOUNDATION,natural,348,348,cb31494b8a92ef46dbbf8e135423dbb76c79d7cf48153cd083c224853796af62
f50af8f9a1208219,Arla-Standard-Milk,train,GroceryStoreDataset_Klasson2019,NON_INDIAN,INTERNATIONAL_PACKAGING_FOUNDATION,natural,348,348,9c08647493d035d52a0cdb3f277f4ef51d3002c0403b7e94e483d90d698c6d08
60e0ed7a3bce0387,Arla-Standard-Milk,train,GroceryStoreDataset_Klasson2019,NON_INDIAN,INTERNATIONAL_PACKAGING_FOUNDATION,natural,348,348,aa9596c15ff8cc47d9a1652ae5ae574efc67ad1c9deca6ca7952da291b73ac60
4b72b93f1e2e221c,Arla-Standard-Milk,train,GroceryStoreDataset_Klasson2019,NON_INDIAN,INTERNATIONAL_PACKAGING_FOUNDATION,natural,348,348,965d718e5d93da6cc59c69db37db8b6995fd03b52ce526ab838e8dae70f725fe
6b1985fa06f7ef9b,Arla-Standard-Milk,train,GroceryStoreDataset_Klasson2019,NON_INDIAN,INTERNATIONAL_PACKAGING_FOUNDATION,natural,348,348,82fd17aee6b7c8dc738d29c84dc49131a1c91d3aec33e9e00a49f6255576a967
aac758e9597e49e6,Arla-Standard-Milk,train,GroceryStoreDataset_Klasson2019,NON_INDIAN,INTERNATIONAL_PACKAGING_FOUNDATION,natural,348,348,0d19111c4705bf89fa0bf68667e545a1fa511e3ca126dc063183e31ba0e8e823
4ed438c4e24a9cb7,Arla-Standard-Milk,train,GroceryStoreDataset_Klasson2019,NON_INDIAN,INTERNATIONAL_PACKAGING_FOUNDATION,natural,348,348,6ec23c9b708e268f619f34dc482fedd09a31fedfacd736667cf95d2958dc8093
a996dd4bdb155035,Arla-Standard-Milk,train,GroceryStoreDataset_Klasson2019,NON_INDIAN,INTERNATIONAL_PACKAGING_FOUNDATION,natural,348,348,4ce33a73bbc726d949df05bd90b8f10e3624722dc44848dd87a0aee50d2762b1
c7d0b20d0c9c6eac,Arla-Standard-Milk,train,GroceryStoreDataset_Klasson2019,NON_INDIAN,INTERNATIONAL_PACKAGING_FOUNDATION,natural,348,348,36478db2acf8edaf1023bb458d450280dda45bb08635e2914cd8bf9a55b4394f
e1d25e3948c5ecd5,Arla-Standard-Milk,train,GroceryStoreDataset_Klasson2019,NON_INDIAN,INTERNATIONAL_PACKAGING_FOUNDATION,natural,348,348,1f196ae6e8a93643dcc71957f66ccab845c257358caaa9e2319b7d644f4a0994
2b21d5e45f60ebac,Arla-Standard-Milk,train,GroceryStoreDataset_Klasson2019,NON_INDIAN,INTERNATIONAL_PACKAGING_FOUNDATION,natural,348,348,a3cdcf1e3c7edd8e6b516cdb3728504d664903a82aff2fc18141e39101a30d1a
56b878b406861c7e,Arla-Standard-Milk,train,GroceryStoreDataset_Klasson2019,NON_INDIAN,INTERNATIONAL_PACKAGING_FOUNDATION,natural,348,348,503932121ad0ebbb0ca5c4b95f4bebf98030dea9f31b0e7a79567f016cd6f677
3b0bd0c5c2fe3462,Arla-Standard-Milk,train,GroceryStoreDataset_Klasson2019,NON_INDIAN,INTERNATIONAL_PACKAGING_FOUNDATION,natural,348,348,c52c6781511fe90b10978e5f186d43a148ffdc5f557a673890595af7125d9b64
b06f136804b64de1,Arla-Standard-Milk,train,GroceryStoreDataset_Klasson2019,NON_INDIAN,INTERNATIONAL_PACKAGING_FOUNDATION,natural,348,348,fb7e3ba05b2e4fb87c2e6c2bd25160a2d2e54753104c17ace53993894a284456
b3c7c535671bcbcf,Arla-Standard-Milk,train,GroceryStoreDataset_Klasson2019,NON_INDIAN,INTERNATIONAL_PACKAGING_FOUNDATION,natural,348,348,c7047370fb08f913d9f14a2309973ded37179a5f315ba3549f29244d0ec48e2a
9d532f12677b0f71,Arla-Standard-Milk,train,GroceryStoreDataset_Klasson2019,NON_INDIAN,INTERNATIONAL_PACKAGING_FOUNDATION,natural,348,348,4c4c416f812249e8c19b7d51244730dea75669b53a849090f4f8ad46a0fb011b
8bf8c0271d568be7,Arla-Standard-Milk,train,GroceryStoreDataset_Klasson2019,NON_INDIAN,INTERNATIONAL_PACKAGING_FOUNDATION,natural,348,348,cccb47a9d1275d07c20242f4411ff5edd58028a904c0cbe6ca4eb528a273b819
829f9da7c6446f91,Arla-Standard-Milk,train,GroceryStoreDataset_Klasson2019,NON_INDIAN,INTERNATIONAL_PACKAGING_FOUNDATION,natural,348,348,f8dba6780a6de7ab18d689081775ba5c229e423c84066ce17117226926720d15
239c8013988a65ff,Arla-Standard-Milk,train,GroceryStoreDataset_Klasson2019,NON_INDIAN,INTERNATIONAL_PACKAGING_FOUNDATION,natural,348,348,02469364de90f0a8854d81a4b43dafd487d5018558727fb94107101919427c7b
994dcbe939b338f5,Arla-Standard-Milk,train,GroceryStoreDataset_Klasson2019,NON_INDIAN,INTERNATIONAL_PACKAGING_FOUNDATION,natural,348,348,0067850a6475e3718caadab8ac343401344f177ba0083f029159dc1e062961c7
fdfaa8c048646b52,Arla-Standard-Milk,train,GroceryStoreDataset_Klasson2019,NON_INDIAN,INTERNATIONAL_PACKAGING_FOUNDATION,natural,348,348,b444bec80942f74fb3c72acea5f2f818cdb218dad04fae858e785f157451af70
1dee80d57bd18524,Arla-Standard-Milk,train,GroceryStoreDataset_Klasson2019,NON_INDIAN,INTERNATIONAL_PACKAGING_FOUNDATION,natural,348,348,ebcb498cf0f73b3eb171ad06c51345b33af57c595e015b1313a722c0974ce223
2642191cd5621463,Arla-Standard-Milk,train,GroceryStoreDataset_Klasson2019,NON_INDIAN,INTERNATIONAL_PACKAGING_FOUNDATION,natural,348,348,58f22c26ba250cf10331fa2c2d4583a7bf3235fca184aa4b7bbb6a1572d6a1b5
701ffbe1c365c6cd,Arla-Standard-Milk,train,GroceryStoreDataset_Klasson2019,NON_INDIAN,INTERNATIONAL_PACKAGING_FOUNDATION,natural,348,348,31024fba780f0584d07c35d57d22b2fd53284f9744961cb408a0cbddbd52a580
17bc18c168f06583,Arla-Standard-Milk,train,GroceryStoreDataset_Klasson2019,NON_INDIAN,INTERNATIONAL_PACKAGING_FOUNDATION,natural,348,348,0a82fe0bdc9ac900815dc5c55ed03ddfe7fa56bff4f2cdc4e351d0507c6d9130
3a74391056499cb1,Arla-Standard-Milk,train,GroceryStoreDataset_Klasson2019,NON_INDIAN,INTERNATIONAL_PACKAGING_FOUNDATION,natural,348,348,6b4b0e320f04e8b238d3eae58a87118675aeac534fccaf1b47b77f8f55e8d9d4
8980670ec7aac39f,Arla-Ecological-Medium-Fat-Milk,train,GroceryStoreDataset_Klasson2019,NON_INDIAN,INTERNATIONAL_PACKAGING_FOUNDATION,natural,348,348,97e3df6afa52f10dcf807615e4d9096c4b0ce3f5011cc14035fed70822327a06
090fdc8db222f0ac,Arla-Ecological-Medium-Fat-Milk,train,GroceryStoreDataset_Klasson2019,NON_INDIAN,INTERNATIONAL_PACKAGING_FOUNDATION,natural,348,348,940085e00b60bd2b8d4503c8e07bfe264adc9425f3d82a93afe2a16e2786ea7d
477fd184423b2220,Arla-Ecological-Medium-Fat-Milk,train,GroceryStoreDataset_Klasson2019,NON_INDIAN,INTERNATIONAL_PACKAGING_FOUNDATION,natural,348,348,fd7d57e371efef3d7aa40b18f1275879b96ceefc60e34bad945ceae2dd3dfbec
b9574e0d8dfe3e43,Arla-Ecological-Medium-Fat-Milk,train,GroceryStoreDataset_Klasson2019,NON_INDIAN,INTERNATIONAL_PACKAGING_FOUNDATION,natural,348,348,c80a36b132b1e162a13f44b1fc1ddf3dd8e6c9cab35c0a173a9df53efa1db7cf
292976a7dde440de,Arla-Ecological-Medium-Fat-Milk,train,GroceryStoreDataset_Klasson2019,NON_INDIAN,INTERNATIONAL_PACKAGING_FOUNDATION,natural,348,348,9a4ec629f63478c5505836937fdf74972b3c7850ad5d5d7d07163652c791c239
aa1dac87510f45a7,Arla-Ecological-Medium-Fat-Milk,train,GroceryStoreDataset_Klasson2019,NON_INDIAN,INTERNATIONAL_PACKAGING_FOUNDATION,natural,348,348,24fc438bbd8ae2f2c2c8244b1b51b4ab91443aec2e6f4b0e936ae6cc1967dcf3
cc975339fe4f03e8,Arla-Ecological-Medium-Fat-Milk,train,GroceryStoreDataset_Klasson2019,NON_INDIAN,INTERNATIONAL_PACKAGING_FOUNDATION,natural,348,348,b8df25790f8052421577f601f667ecb4ca55ac1f63eb7671b05adb058d14eeb7
47605366b19381a8,Arla-Ecological-Medium-Fat-Milk,train,GroceryStoreDataset_Klasson2019,NON_INDIAN,INTERNATIONAL_PACKAGING_FOUNDATION,natural,348,348,07bab60226f320b96393c2163c86b1ec761b1b5ecf8f6ca5f3f0328bf7cba7d2
3b2d338e172de374,Arla-Ecological-Medium-Fat-Milk,train,GroceryStoreDataset_Klasson2019,NON_INDIAN,INTERNATIONAL_PACKAGING_FOUNDATION,natural,348,348,f2c703acf9d71cd97d345b4d3b164762509e7820fde1bbba8cc45bdcb6f68ffa
8759dfe334345551,Arla-Ecological-Medium-Fat-Milk,train,GroceryStoreDataset_Klasson2019,NON_INDIAN,INTERNATIONAL_PACKAGING_FOUNDATION,natural,348,348,8c182922faabb7496e89c9885b9803bce007c48892283376e56c8a9f2bd4a5da
f8460c32ce21f5f7,Arla-Ecological-Medium-Fat-Milk,train,GroceryStoreDataset_Klasson2019,NON_INDIAN,INTERNATIONAL_PACKAGING_FOUNDATION,natural,348,348,32161eae6822c4cb7fa1a6634f92d9bb2386529793930bb9af8261f8c0c3b51a
68ae6e2491b52ed5,Arla-Ecological-Medium-Fat-Milk,train,GroceryStoreDataset_Klasson2019,NON_INDIAN,INTERNATIONAL_PACKAGING_FOUNDATION,natural,348,348,4f47582cb014d057e865f303acea54bec236922fad1df9b085ac50fbb0490219
3c3fedcb0cd6b850,Arla-Ecological-Medium-Fat-Milk,train,GroceryStoreDataset_Klasson2019,NON_INDIAN,INTERNATIONAL_PACKAGING_FOUNDATION,natural,348,348,037051a4ca9af44c695b14afda53184b406b9e735e16dcf30427e00fc8052564
4a289d44c1ddd657,Arla-Ecological-Medium-Fat-Milk,train,GroceryStoreDataset_Klasson2019,NON_INDIAN,INTERNATIONAL_PACKAGING_FOUNDATION,natural,348,348,f6535ea434d3d16ccaecc11df3fd24cccc6f33fc4b0cfef0f4e67513df812a27
a7ae63186b4d7e9c,Arla-Ecological-Medium-Fat-Milk,train,GroceryStoreDataset_Klasson2019,NON_INDIAN,INTERNATIONAL_PACKAGING_FOUNDATION,natural,348,348,f525ed5b8c12b225a229965f4c2998028d61541a58adcc69f70634e7590b39be
5d71e7b6d04e9acc,Arla-Ecological-Medium-Fat-Milk,train,GroceryStoreDataset_Klasson2019,NON_INDIAN,INTERNATIONAL_PACKAGING_FOUNDATION,natural,348,348,f58c1033b491b9f079e78b0597ab1812aea61031b92da743b1280993355fcf23
8f73f96155e644cb,Arla-Ecological-Medium-Fat-Milk,train,GroceryStoreDataset_Klasson2019,NON_INDIAN,INTERNATIONAL_PACKAGING_FOUNDATION,natural,348,348,df9939920509d67ec5af28d78515555619c9a2b1902d74903d949f7643fa45a0
75fdc77ba0c69697,Arla-Ecological-Medium-Fat-Milk,train,GroceryStoreDataset_Klasson2019,NON_INDIAN,INTERNATIONAL_PACKAGING_FOUNDATION,natural,348,348,21c196b26f1b9d4777b73897b8dd3b49a23df57c426b71aaf283246a338f50dd
d253521e99347301,Arla-Ecological-Medium-Fat-Milk,train,GroceryStoreDataset_Klasson2019,NON_INDIAN,INTERNATIONAL_PACKAGING_FOUNDATION,natural,348,348,9861938d041ba4b5afca604ff20b71de3ec623af86879ef9f4d73a27e2b65626
04c3218efc6de941,Arla-Ecological-Medium-Fat-Milk,train,GroceryStoreDataset_Klasson2019,NON_INDIAN,INTERNATIONAL_PACKAGING_FOUNDATION,natural,348,348,fc4a066200416b2afe3cc7690c7f86341ea2a79412811f8d6d645681c95bd1a1
84eed536310337c0,Arla-Ecological-Medium-Fat-Milk,train,GroceryStoreDataset_Klasson2019,NON_INDIAN,INTERNATIONAL_PACKAGING_FOUNDATION,natural,348,348,d5ec92dcd5860ba5a6ed1bf2b9e9591b19a35d06c122ea0287cbde127404560a
dc27c6b295a6de89,Arla-Ecological-Medium-Fat-Milk,train,GroceryStoreDataset_Klasson2019,NON_INDIAN,INTERNATIONAL_PACKAGING_FOUNDATION,natural,348,348,4a96d8215a342e90911dc774f6c0970ee6d2c32d96a86fc3345ff0463cfb7a06
ccd90e87be97648a,Arla-Ecological-Medium-Fat-Milk,train,GroceryStoreDataset_Klasson2019,NON_INDIAN,INTERNATIONAL_PACKAGING_FOUNDATION,natural,348,348,4d202200ed5d98218ee4b9e3a17bb15bb68c0e515a80d063d7a49e72dc045e12
bfb41f029a0f6847,Arla-Ecological-Medium-Fat-Milk,train,GroceryStoreDataset_Klasson2019,NON_INDIAN,INTERNATIONAL_PACKAGING_FOUNDATION,natural,348,348,995aff4f293580b9cc9ed5399d7ae7891425c7fd8b5c5a86283fca70faed04df
3d1a2ac4d891c176,Arla-Ecological-Medium-Fat-Milk,train,GroceryStoreDataset_Klasson2019,NON_INDIAN,INTERNATIONAL_PACKAGING_FOUNDATION,natural,348,348,d146b965b1bf059af3a6e999b1660e8570e190eb0799587a359dc013cc2891bc
b361c368dd0eae0b,Arla-Ecological-Medium-Fat-Milk,train,GroceryStoreDataset_Klasson2019,NON_INDIAN,INTERNATIONAL_PACKAGING_FOUNDATION,natural,348,348,58900bd752040da02b8445e94bc8a19013a2073dac456049417df22a3cbec0b0
ea1e27c28ad1bbf9,Arla-Ecological-Medium-Fat-Milk,train,GroceryStoreDataset_Klasson2019,NON_INDIAN,INTERNATIONAL_PACKAGING_FOUNDATION,natural,348,348,3330da0ff9daccfd56575a1718685988d3a0707f462cfee99e4dd532060bc290
fc7cbf9ce2b8c3a0,Arla-Ecological-Medium-Fat-Milk,train,GroceryStoreDataset_Klasson2019,NON_INDIAN,INTERNATIONAL_PACKAGING_FOUNDATION,natural,348,348,d84c52b3fdcd6430acf764f4ef437e0b98e4bd100ca9c23aefb815c1b3b97f60
a9d05aa2459f084d,Arla-Ecological-Medium-Fat-Milk,train,GroceryStoreDataset_Klasson2019,NON_INDIAN,INTERNATIONAL_PACKAGING_FOUNDATION,natural,348,348,5495189b5a70a33f0ff09a371b70266e5a047ce1265c87d75e48b2fbee790f45
4d2ced55213b4f49,Arla-Medium-Fat-Milk,train,GroceryStoreDataset_Klasson2019,NON_INDIAN,INTERNATIONAL_PACKAGING_FOUNDATION,natural,348,348,3f97aabbc8afd3aed7979a675a17a60fda11a7433936b736607070b89b4a3e8e
1b97531bb0813340,Arla-Medium-Fat-Milk,train,GroceryStoreDataset_Klasson2019,NON_INDIAN,INTERNATIONAL_PACKAGING_FOUNDATION,natural,348,348,1e82ceea34cd5f183f2b6e06ba5201b204f956582a72a740dbbe93b6d8e448fd
eb61543c1a5a3f2a,Arla-Medium-Fat-Milk,train,GroceryStoreDataset_Klasson2019,NON_INDIAN,INTERNATIONAL_PACKAGING_FOUNDATION,natural,348,348,1b8d2c0c983e485a429fa03eb03bd151d6f7f1a092b60b3c3c75605c2a7331d3
5430297f782502e7,Arla-Medium-Fat-Milk,train,GroceryStoreDataset_Klasson2019,NON_INDIAN,INTERNATIONAL_PACKAGING_FOUNDATION,natural,348,348,ab1dbb64a2f5fe896c8e111d3b60ab3b9c8fa0384ced7e06e7f3c23769af8944
2f85fca4bcdd55e1,Arla-Medium-Fat-Milk,train,GroceryStoreDataset_Klasson2019,NON_INDIAN,INTERNATIONAL_PACKAGING_FOUNDATION,natural,348,348,2625d1f326675a2f975497e5c410c605219688696ab1922be5c504aa7d181921
f910e311954f2f53,Arla-Medium-Fat-Milk,train,GroceryStoreDataset_Klasson2019,NON_INDIAN,INTERNATIONAL_PACKAGING_FOUNDATION,natural,348,348,97074c41f4bdaebb80e4e6a94286b7032549005d25a7adbd986e1c4740e014dd
5694e08cc4e34b6e,Arla-Medium-Fat-Milk,train,GroceryStoreDataset_Klasson2019,NON_INDIAN,INTERNATIONAL_PACKAGING_FOUNDATION,natural,348,464,67bf5b830df42ef1c6e63da0f98dbb042eaec9720dbcc25ca430659f9634434e
ce74bb9d76a23bf7,Arla-Medium-Fat-Milk,train,GroceryStoreDataset_Klasson2019,NON_INDIAN,INTERNATIONAL_PACKAGING_FOUNDATION,natural,348,464,cfce4c614d5d6e50520f034addf8735473bbb2cacbf350d293db9f014f38f8ef
a0aafaab75f1b0fa,Arla-Medium-Fat-Milk,train,GroceryStoreDataset_Klasson2019,NON_INDIAN,INTERNATIONAL_PACKAGING_FOUNDATION,natural,348,464,463db2d653dd0fe7575f0fba36d2cb62789a143522febadb530eebb732d7988a
c4495f1fe67c4bb0,Arla-Medium-Fat-Milk,train,GroceryStoreDataset_Klasson2019,NON_INDIAN,INTERNATIONAL_PACKAGING_FOUNDATION,natural,348,348,050e3b997b3a702deac40e3ce6854187afa19055c68a9174107a3173b8300205
2adb17ceeaa2d00e,Arla-Medium-Fat-Milk,train,GroceryStoreDataset_Klasson2019,NON_INDIAN,INTERNATIONAL_PACKAGING_FOUNDATION,natural,348,348,7c4b3349b0077a553e28170a027806033180bca2480dc76bf216de54225ad2c5
364bd535b24366bc,Arla-Medium-Fat-Milk,train,GroceryStoreDataset_Klasson2019,NON_INDIAN,INTERNATIONAL_PACKAGING_FOUNDATION,natural,348,348,c4f5b464235268fd0599b819b3328d9975c0cfb287f0fe5a2b9d5710a4f442a3
b781c51d06c9fd99,Arla-Medium-Fat-Milk,train,GroceryStoreDataset_Klasson2019,NON_INDIAN,INTERNATIONAL_PACKAGING_FOUNDATION,natural,348,464,27e03b863daf66f0718904f466fa21952af542fac90a911b5224bb120d4874bd
e964b7597655d0f4,Arla-Medium-Fat-Milk,train,GroceryStoreDataset_Klasson2019,NON_INDIAN,INTERNATIONAL_PACKAGING_FOUNDATION,natural,348,348,0cb82ab5b7bb9fc9ee70a8283c9754bbfba37ec487f13bf12d1d0e9b95e32657
f1a497110b285eb3,Arla-Medium-Fat-Milk,train,GroceryStoreDataset_Klasson2019,NON_INDIAN,INTERNATIONAL_PACKAGING_FOUNDATION,natural,348,348,3fbc287f8116c0b646729580b88cb9863ddde86e22bbdcbbb3efb7aa3661b11f
c581c9fbeae4e65c,Arla-Medium-Fat-Milk,train,GroceryStoreDataset_Klasson2019,NON_INDIAN,INTERNATIONAL_PACKAGING_FOUNDATION,natural,348,348,4193d30be33e894f4c418ea0cffd764a760d416328a9b4018af20a293485b31c
357e57967c9d5e26,Arla-Medium-Fat-Milk,train,GroceryStoreDataset_Klasson2019,NON_INDIAN,INTERNATIONAL_PACKAGING_FOUNDATION,natural,348,348,e000cf6090b26608fa2831401dd6443576bb2d05754ac4a1cf0c24ee360a6298
7bb5b8d5d80f9702,Arla-Medium-Fat-Milk,train,GroceryStoreDataset_Klasson2019,NON_INDIAN,INTERNATIONAL_PACKAGING_FOUNDATION,natural,348,348,714be7c1a5311862ba0b125cef7657493abd54669f3b85ede80ffdfdf400b890
9a882293b9e76f2b,Arla-Medium-Fat-Milk,train,GroceryStoreDataset_Klasson2019,NON_INDIAN,INTERNATIONAL_PACKAGING_FOUNDATION,natural,348,464,d071ec3396024ee7924be459f94cb3b1e64e7aded4843a141612169f929e43a8
8efc9a957362e6cd,Arla-Medium-Fat-Milk,train,GroceryStoreDataset_Klasson2019,NON_INDIAN,INTERNATIONAL_PACKAGING_FOUNDATION,natural,348,348,56c6c95a56369cd36d1f65f7a3ac649c8460781935069f4eeb55acecf5c1e80b
960f9639bd109b2f,Arla-Medium-Fat-Milk,train,GroceryStoreDataset_Klasson2019,NON_INDIAN,INTERNATIONAL_PACKAGING_FOUNDATION,natural,348,348,05de0f904b48c9139e66a62539578c144e11053b116fcadfdd45b3c965d32ecb
105edfd61530c7a9,Arla-Medium-Fat-Milk,train,GroceryStoreDataset_Klasson2019,NON_INDIAN,INTERNATIONAL_PACKAGING_FOUNDATION,natural,348,348,6635b545cc70814dfdd47605067421c032e096c6bf381dae972d9a7f3334ce98
7238b7e88ebfb453,Arla-Medium-Fat-Milk,train,GroceryStoreDataset_Klasson2019,NON_INDIAN,INTERNATIONAL_PACKAGING_FOUNDATION,natural,348,348,886f46deba82e703adcbd5781728ba22a58e2111974583039fc7da2c00078618
9c340ad380729bbc,Arla-Medium-Fat-Milk,train,GroceryStoreDataset_Klasson2019,NON_INDIAN,INTERNATIONAL_PACKAGING_FOUNDATION,natural,348,348,454957676d466c7fb8e6e6653bb56049ab9941522f4a798e2ccb7a65be408fb5
861e54de2af8161a,Arla-Medium-Fat-Milk,train,GroceryStoreDataset_Klasson2019,NON_INDIAN,INTERNATIONAL_PACKAGING_FOUNDATION,natural,348,464,5d70a614c323bd92cf8ffcbb0cfcbea0b463760e82ef16e812261a119c39d4be
803de9ecf6aa92a6,Arla-Medium-Fat-Milk,train,GroceryStoreDataset_Klasson2019,NON_INDIAN,INTERNATIONAL_PACKAGING_FOUNDATION,natural,348,348,d5f5034556dfd2387ef53dbf2bb6899e7a223e54441fdb9b2a50aaf12448d673
eea2a428160889de,Arla-Medium-Fat-Milk,train,GroceryStoreDataset_Klasson2019,NON_INDIAN,INTERNATIONAL_PACKAGING_FOUNDATION,natural,348,464,904b446d0ecac786f1f7dca78ec308089f2ff88cba87ac1f36757acbffedf26b
1f1c40a8926df3ff,Arla-Medium-Fat-Milk,train,GroceryStoreDataset_Klasson2019,NON_INDIAN,INTERNATIONAL_PACKAGING_FOUNDATION,natural,348,464,572a2b043cc3775a29b6fe139d7c2e834cb5e7a787160923d9e10ab5be3950c3
37de37b7b0d55443,Arla-Medium-Fat-Milk,train,GroceryStoreDataset_Klasson2019,NON_INDIAN,INTERNATIONAL_PACKAGING_FOUNDATION,natural,348,348,ac93bf8b98ef3b014257c59cce8f1d61ad65985636230e194cc7f6238904be2b
53dd5b14487a9fa1,Arla-Medium-Fat-Milk,train,GroceryStoreDataset_Klasson2019,NON_INDIAN,INTERNATIONAL_PACKAGING_FOUNDATION,natural,348,348,4035ed191592baf43017cf07f43030e1d70462dee78b37c01b18c43fdb0256a6
cd63c2439a5d83ca,Arla-Medium-Fat-Milk,train,GroceryStoreDataset_Klasson2019,NON_INDIAN,INTERNATIONAL_PACKAGING_FOUNDATION,natural,348,348,ac67447f5cb9fafd832600ab15b8b31ecd4348614c3509d52bb8ef8dacb6e678
08d8c31217b71dd5,Arla-Medium-Fat-Milk,train,GroceryStoreDataset_Klasson2019,NON_INDIAN,INTERNATIONAL_PACKAGING_FOUNDATION,natural,348,348,4e2e4a194b0278bb5a574efb1931890a913d57e0bfdf1850babcbc0c8c90b427
b9bc2999be5f9f4b,Arla-Medium-Fat-Milk,train,GroceryStoreDataset_Klasson2019,NON_INDIAN,INTERNATIONAL_PACKAGING_FOUNDATION,natural,348,464,81b520fffcee1303b2083ffb814bfba391f52f1d2189effb7af37f6696cd9c80
69aefea740e40a2b,Arla-Medium-Fat-Milk,train,GroceryStoreDataset_Klasson2019,NON_INDIAN,INTERNATIONAL_PACKAGING_FOUNDATION,natural,348,348,bb9ad274839c0320af6e543efc1e3ca5fea772e7e4cdd35d5e09016333cfc849
f7b9452ee9bceaae,Valio-Vanilla-Yoghurt,train,GroceryStoreDataset_Klasson2019,NON_INDIAN,INTERNATIONAL_PACKAGING_FOUNDATION,natural,348,348,464a3353427f311ffda3df5932a02bfe3701e659548308f0525f271a0ef74cea
311e55e24ad0a284,Valio-Vanilla-Yoghurt,train,GroceryStoreDataset_Klasson2019,NON_INDIAN,INTERNATIONAL_PACKAGING_FOUNDATION,natural,348,348,322b76b4406d336b31fc1fe982c787fd718b5caf4de0bcfd65bf417149755eaf
9b2354fa60042818,Valio-Vanilla-Yoghurt,train,GroceryStoreDataset_Klasson2019,NON_INDIAN,INTERNATIONAL_PACKAGING_FOUNDATION,natural,348,348,f0ca749f862a5616bc517d68a089cef1b3fe112f2ec64078b425ae8a888e8e49
77a9ff978be0df6a,Valio-Vanilla-Yoghurt,train,GroceryStoreDataset_Klasson2019,NON_INDIAN,INTERNATIONAL_PACKAGING_FOUNDATION,natural,348,348,b8cc0c9ca504a6ef5b9fc78695b91df080747b96505a36122f526cfa0931de38
95b28ed7eab4b4f4,Valio-Vanilla-Yoghurt,train,GroceryStoreDataset_Klasson2019,NON_INDIAN,INTERNATIONAL_PACKAGING_FOUNDATION,natural,348,348,fb4081204286a73dc6c2d446c3afed0efd2fff21809df2358c6484cc489be2fe
babbd5692583bf24,Valio-Vanilla-Yoghurt,train,GroceryStoreDataset_Klasson2019,NON_INDIAN,INTERNATIONAL_PACKAGING_FOUNDATION,natural,348,348,a1295439f7ea860ca34266ffad9e20fb76c575eddd6470ae7f7cb8c6c58f0a11
07d517f63438a33d,Valio-Vanilla-Yoghurt,train,GroceryStoreDataset_Klasson2019,NON_INDIAN,INTERNATIONAL_PACKAGING_FOUNDATION,natural,348,348,d3c6b635493304a88ec2bbe0a5fecce811d11c50aaf8c9dfac039364de1f5b4c
b17d181529cac6d0,Valio-Vanilla-Yoghurt,train,GroceryStoreDataset_Klasson2019,NON_INDIAN,INTERNATIONAL_PACKAGING_FOUNDATION,natural,348,348,99bb03bfa016b8195a0b26e1e525f4b5ebcb5023619d272bb16f4f4a7e55db54
58c08ed73a51929a,Valio-Vanilla-Yoghurt,train,GroceryStoreDataset_Klasson2019,NON_INDIAN,INTERNATIONAL_PACKAGING_FOUNDATION,natural,348,348,30b77df15797189c248e10d32a98e47e5a29c17e0a093461ea845c13734de6fe
bc7c8522935f5923,Valio-Vanilla-Yoghurt,train,GroceryStoreDataset_Klasson2019,NON_INDIAN,INTERNATIONAL_PACKAGING_FOUNDATION,natural,348,348,5fe0049ebc65e4bcb768571bfc9d8ee665dcd38f1846bfa82bb73b86fb57d31e
8937816bfc24ced3,Valio-Vanilla-Yoghurt,train,GroceryStoreDataset_Klasson2019,NON_INDIAN,INTERNATIONAL_PACKAGING_FOUNDATION,natural,348,348,60aadf4720ea08508b4f82fe5f498aa5c63bac6d521cd60ae1154e654b946a17
bf0ff6f5a9522711,Valio-Vanilla-Yoghurt,train,GroceryStoreDataset_Klasson2019,NON_INDIAN,INTERNATIONAL_PACKAGING_FOUNDATION,natural,348,348,7335180d14ce9b9678710dd4afba8b33a69923bebbbf26d0116e5a94ed2cd662
7afac8fc6f19f2bc,Valio-Vanilla-Yoghurt,train,GroceryStoreDataset_Klasson2019,NON_INDIAN,INTERNATIONAL_PACKAGING_FOUNDATION,natural,348,348,b520b3da2c387aeef34ba51e99815cff5aeb230182eef9ef461175072a904e8a
0288ddefce3d3844,Valio-Vanilla-Yoghurt,train,GroceryStoreDataset_Klasson2019,NON_INDIAN,INTERNATIONAL_PACKAGING_FOUNDATION,natural,348,348,91f72e145369d646d8fbdd8d761d1f2b8a13ce301a1a9f91af7d44e53cf89734
c4e27db6e1c0b0af,Valio-Vanilla-Yoghurt,train,GroceryStoreDataset_Klasson2019,NON_INDIAN,INTERNATIONAL_PACKAGING_FOUNDATION,natural,348,348,7118933f2fc4c2f3384e20dc95014ce86b7cf46142a9c61cb7419f38ee4dd5f8
57455e6a5747c022,Valio-Vanilla-Yoghurt,train,GroceryStoreDataset_Klasson2019,NON_INDIAN,INTERNATIONAL_PACKAGING_FOUNDATION,natural,348,348,b5f849db825df00bdfebb0bdb4aeff574fc136ebf2b9f221bece8d77c7b14ea2
296d3cc636d162cb,Valio-Vanilla-Yoghurt,train,GroceryStoreDataset_Klasson2019,NON_INDIAN,INTERNATIONAL_PACKAGING_FOUNDATION,natural,348,348,cd8f99e23982485a56fb9f45851c6a44b9e763dc977939a554f420784b6a7a80
49005cab77c80c87,Valio-Vanilla-Yoghurt,train,GroceryStoreDataset_Klasson2019,NON_INDIAN,INTERNATIONAL_PACKAGING_FOUNDATION,natural,348,348,2a04b7ebda2d82c836f6d38dbb367a49ef69ea9318fa3b1bd3f5ef13209d6633
80c6494787e48651,Valio-Vanilla-Yoghurt,train,GroceryStoreDataset_Klasson2019,NON_INDIAN,INTERNATIONAL_PACKAGING_FOUNDATION,natural,348,348,cd6f032c52c546f13f158da1dc66527da8c4f556d91f09b84899256869229619
0efed7e04d29ce1c,Valio-Vanilla-Yoghurt,train,GroceryStoreDataset_Klasson2019,NON_INDIAN,INTERNATIONAL_PACKAGING_FOUNDATION,natural,348,348,67c62c8ff541ff207a953ce212d35efcd1538c8c1288c0560841fc890d5bba96
b135c795c9c9cd1d,Valio-Vanilla-Yoghurt,train,GroceryStoreDataset_Klasson2019,NON_INDIAN,INTERNATIONAL_PACKAGING_FOUNDATION,natural,348,348,83a723c11ec259d8b1437f8a4d45c73d42cafa6f017bac0c6359793ab6cfd413
2cc7c27e4543b6e2,Valio-Vanilla-Yoghurt,train,GroceryStoreDataset_Klasson2019,NON_INDIAN,INTERNATIONAL_PACKAGING_FOUNDATION,natural,348,348,a79cfc2daf695272ca57f4cba33921d3d71b5fd920d2fcb3bee49bd911cde1ed
7a9b2bfc55a54373,Valio-Vanilla-Yoghurt,train,GroceryStoreDataset_Klasson2019,NON_INDIAN,INTERNATIONAL_PACKAGING_FOUNDATION,natural,348,348,34dc683d1a9a3b1e65c2c175ba070c34252784b2cea91cea72bba804b44d1fce
53803fdb3953f5ec,Valio-Vanilla-Yoghurt,train,GroceryStoreDataset_Klasson2019,NON_INDIAN,INTERNATIONAL_PACKAGING_FOUNDATION,natural,348,348,d1f78017139fa74303a44968a0c95a6679bbd9f4826cf33ab2b967c8b1769939
3daebcb3a5ea6333,Valio-Vanilla-Yoghurt,train,GroceryStoreDataset_Klasson2019,NON_INDIAN,INTERNATIONAL_PACKAGING_FOUNDATION,natural,348,348,bede3f37794d4b1439745f3e42c94edebfbdb9eaa6811dfc3a3f911e64f57654
04e0300a890bc8b5,Valio-Vanilla-Yoghurt,train,GroceryStoreDataset_Klasson2019,NON_INDIAN,INTERNATIONAL_PACKAGING_FOUNDATION,natural,348,348,9c27fd81190592c0cb2bd90e6230e6998799ff990d83889977b508c3026b83f7
e604b15bc7184b95,Valio-Vanilla-Yoghurt,train,GroceryStoreDataset_Klasson2019,NON_INDIAN,INTERNATIONAL_PACKAGING_FOUNDATION,natural,348,348,caf5277d18b28f538859d0f9bcfa7ae232b8c6cae24ce0838e4bb87cdaf4567a
95ea24acbbfa48b4,Valio-Vanilla-Yoghurt,train,GroceryStoreDataset_Klasson2019,NON_INDIAN,INTERNATIONAL_PACKAGING_FOUNDATION,natural,348,348,ecbd20c18a02ba010c87551525342eddb3fb6289bbe1ae0ee30efbb08d76b5a7
ed4dc839ba0e6440,Valio-Vanilla-Yoghurt,train,GroceryStoreDataset_Klasson2019,NON_INDIAN,INTERNATIONAL_PACKAGING_FOUNDATION,natural,348,348,b3492a56f5f0b604c4bdd445a1550abb2cbdb723d9cebcc72ba33d5794761dfa
720dd86507dedc99,Valio-Vanilla-Yoghurt,train,GroceryStoreDataset_Klasson2019,NON_INDIAN,INTERNATIONAL_PACKAGING_FOUNDATION,natural,348,348,ea4ae6e4518875a595a8b8ba728d901d3d1a4ddce2b6b4aaea92710edaddd20b
bd877ac9e91c4207,Valio-Vanilla-Yoghurt,train,GroceryStoreDataset_Klasson2019,NON_INDIAN,INTERNATIONAL_PACKAGING_FOUNDATION,natural,348,348,316b1e92561e1192c8b9635e441dca5e189883051683ed684e7e15f2e202d608
cc66af5d4fda6c58,Valio-Vanilla-Yoghurt,train,GroceryStoreDataset_Klasson2019,NON_INDIAN,INTERNATIONAL_PACKAGING_FOUNDATION,natural,348,348,2766ff0b2eed2a0db3c2b012191d0d65b7cdb7a3b4f740c862601214073c5853
6bff67fede9f3f4f,Yoggi-Strawberry-Yoghurt,test,GroceryStoreDataset_Klasson2019,NON_INDIAN,INTERNATIONAL_PACKAGING_FOUNDATION,natural,348,348,67c946de47c64aba67d89300c04460bbff0ed323cf497711780b23bb4f14b502
906a5af240599704,Yoggi-Strawberry-Yoghurt,test,GroceryStoreDataset_Klasson2019,NON_INDIAN,INTERNATIONAL_PACKAGING_FOUNDATION,natural,348,348,85b6d791a919eeced78a41254d3a58282c9193f59b4e4496e77e5cad6a4ca832
58cbc75160f3fe0d,Yoggi-Strawberry-Yoghurt,test,GroceryStoreDataset_Klasson2019,NON_INDIAN,INTERNATIONAL_PACKAGING_FOUNDATION,natural,348,348,f1c8906d0efadcf03c7872ffb90ba42c3ef6fbedaa2a350ff38b7db10c022f07
9e67e3639f24d821,Yoggi-Strawberry-Yoghurt,test,GroceryStoreDataset_Klasson2019,NON_INDIAN,INTERNATIONAL_PACKAGING_FOUNDATION,natural,348,348,15102fc7553130a0ca4548f59026ec617c5b847221e84c0e12705164f8f855c0
f5ae89976cc5aac9,Yoggi-Strawberry-Yoghurt,test,GroceryStoreDataset_Klasson2019,NON_INDIAN,INTERNATIONAL_PACKAGING_FOUNDATION,natural,348,348,076aadd786fc0c4d42b1c6d68ead6190817b8414a5b65f3a990d5a12e9cfc69f
da4bffd923a7b3fb,Yoggi-Strawberry-Yoghurt,test,GroceryStoreDataset_Klasson2019,NON_INDIAN,INTERNATIONAL_PACKAGING_FOUNDATION,natural,348,348,612b2ec264bb8a49fa87ae4e1961120b4a0c7ef36eb58d60b59af22f05722f7f
eb502514128f05bb,Yoggi-Strawberry-Yoghurt,test,GroceryStoreDataset_Klasson2019,NON_INDIAN,INTERNATIONAL_PACKAGING_FOUNDATION,natural,348,348,38eff26200bc964897d90a8712bab7b24ba9a52adfea89b01a16dbbe0598af79
de14f7962fd71b24,Yoggi-Strawberry-Yoghurt,test,GroceryStoreDataset_Klasson2019,NON_INDIAN,INTERNATIONAL_PACKAGING_FOUNDATION,natural,348,348,a0c977642cd4b56a6083deb50a66d0989d341ce415b1de8ca5ede1645fda9032
666d2ecfa136b6f7,Yoggi-Strawberry-Yoghurt,test,GroceryStoreDataset_Klasson2019,NON_INDIAN,INTERNATIONAL_PACKAGING_FOUNDATION,natural,348,348,e9f567f16f5c7b8ad78f0550a8e732b82b2a244c40df1563ec793f8db36fd2d4
84672586886a5e20,Yoggi-Strawberry-Yoghurt,test,GroceryStoreDataset_Klasson2019,NON_INDIAN,INTERNATIONAL_PACKAGING_FOUNDATION,natural,348,348,aef08d3b9f8d8c24ca1fce38dde6bf3a69cc3eea9c48c9ee121ac2783a1aac2f
5e03380c571f0e0d,Yoggi-Strawberry-Yoghurt,test,GroceryStoreDataset_Klasson2019,NON_INDIAN,INTERNATIONAL_PACKAGING_FOUNDATION,natural,348,348,eec727cde1570cf40df8c5ee193309ee8d01899cd24575184726d36c3ae018a8
b171d552a9676b84,Yoggi-Strawberry-Yoghurt,test,GroceryStoreDataset_Klasson2019,NON_INDIAN,INTERNATIONAL_PACKAGING_FOUNDATION,natural,348,348,04bb5d12f21c5f2eae10ce3aac5f82b0081059ec623fbbe5af65df70ca044252
f7c0da62f911da65,Yoggi-Strawberry-Yoghurt,test,GroceryStoreDataset_Klasson2019,NON_INDIAN,INTERNATIONAL_PACKAGING_FOUNDATION,natural,348,348,c6d56b8ceca42841e4327c426f812b08229362248fa5b16d973331f4a8103202
f922f1cb5a2da3e9,Yoggi-Strawberry-Yoghurt,test,GroceryStoreDataset_Klasson2019,NON_INDIAN,INTERNATIONAL_PACKAGING_FOUNDATION,natural,348,348,0aca49c07afe0fc6155c32e85f3fbfc98f6225e5437cd338b7c6180a5a14140d
19bd356fd33e7eef,Yoggi-Strawberry-Yoghurt,test,GroceryStoreDataset_Klasson2019,NON_INDIAN,INTERNATIONAL_PACKAGING_FOUNDATION,natural,348,348,4f056b78f187905b12f040d74d115b8b077b5faa98a2f84ed12f2582ca910ae6
e95a614e58b355dd,Yoggi-Strawberry-Yoghurt,test,GroceryStoreDataset_Klasson2019,NON_INDIAN,INTERNATIONAL_PACKAGING_FOUNDATION,natural,348,348,b35ec86ebf78c756717493ffd960d57a5307e6fff3d086229de433062149ee2c
a16937083bc04e05,Yoggi-Strawberry-Yoghurt,test,GroceryStoreDataset_Klasson2019,NON_INDIAN,INTERNATIONAL_PACKAGING_FOUNDATION,natural,348,348,29c2d15cf80c0f1331a14ef1aa5f24095f5ddefd049148847dd4bbe1a5fcd15f
72f479df774b1ba9,Yoggi-Strawberry-Yoghurt,test,GroceryStoreDataset_Klasson2019,NON_INDIAN,INTERNATIONAL_PACKAGING_FOUNDATION,natural,348,348,88d2450d60595d170cf5eeb8a6927ec434b43d844efe8ec73bd1932ddea1cb43
820503e2ce6d04fb,Yoggi-Strawberry-Yoghurt,test,GroceryStoreDataset_Klasson2019,NON_INDIAN,INTERNATIONAL_PACKAGING_FOUNDATION,natural,348,348,d8bb1ddd9ac990a6a8916cb2fc8675afc5e5ecaf52c712d683e00028b34ceaa0
e71285ad02ef2285,Yoggi-Strawberry-Yoghurt,test,GroceryStoreDataset_Klasson2019,NON_INDIAN,INTERNATIONAL_PACKAGING_FOUNDATION,natural,348,348,c96ef1eaa135029bdaafcf3c56b4498afc18cf2fa415e797fe67e598b2087239
483d66287d5c7d4e,Yoggi-Strawberry-Yoghurt,test,GroceryStoreDataset_Klasson2019,NON_INDIAN,INTERNATIONAL_PACKAGING_FOUNDATION,natural,348,348,9e61314a63905694a960bdc63da2554ae1455497a9fffbed0476f515b8950b1a
b7a1ab989c117d67,Yoggi-Strawberry-Yoghurt,test,GroceryStoreDataset_Klasson2019,NON_INDIAN,INTERNATIONAL_PACKAGING_FOUNDATION,natural,348,348,611ad0a2d1301fd364d7e3725eb9f8da9d2854a967ab210d1b6ed2763c4b0dc1
e2d7e7a0d7369979,Yoggi-Strawberry-Yoghurt,test,GroceryStoreDataset_Klasson2019,NON_INDIAN,INTERNATIONAL_PACKAGING_FOUNDATION,natural,348,348,49ff666695af9ae87b0fd9ca93d454c2291957b2896d677ea22fa4b7febb3edd
26dc8ad49809e410,Yoggi-Strawberry-Yoghurt,test,GroceryStoreDataset_Klasson2019,NON_INDIAN,INTERNATIONAL_PACKAGING_FOUNDATION,natural,348,348,05ba4b66f0b32101042929ba2849403269d36dee5c16d72fc2d984669b76294b
a95345ce7b646980,Yoggi-Strawberry-Yoghurt,test,GroceryStoreDataset_Klasson2019,NON_INDIAN,INTERNATIONAL_PACKAGING_FOUNDATION,natural,348,348,908ee23190b22585da3ef0964dabb84d594ec8b41c28cb78412788958482693d
eba26654767e40cc,Yoggi-Strawberry-Yoghurt,test,GroceryStoreDataset_Klasson2019,NON_INDIAN,INTERNATIONAL_PACKAGING_FOUNDATION,natural,348,348,4bd038ddba87e37cc7c019f90f024494970d32879d5268e70fb6fc92f8c23e62
18050bf9eaacb126,Yoggi-Strawberry-Yoghurt,test,GroceryStoreDataset_Klasson2019,NON_INDIAN,INTERNATIONAL_PACKAGING_FOUNDATION,natural,348,348,754674a892d3a1f7dd9ed0fd9c4f121981adc03da800d00912a89a60127f9479
89c7acd336e8939c,Yoggi-Strawberry-Yoghurt,test,GroceryStoreDataset_Klasson2019,NON_INDIAN,INTERNATIONAL_PACKAGING_FOUNDATION,natural,348,348,c5b54dd65bb6d28c9982c53f8a7086f663dd66c5b58ae17a0a14e2040b5c316a
603356bd944821e7,Yoggi-Strawberry-Yoghurt,test,GroceryStoreDataset_Klasson2019,NON_INDIAN,INTERNATIONAL_PACKAGING_FOUNDATION,natural,348,348,e145c36dcb3457ae7146a0579a4b097efff445142d049b35e0f6f27e063a6aa3
194737e4e2ff9e9c,Yoggi-Strawberry-Yoghurt,test,GroceryStoreDataset_Klasson2019,NON_INDIAN,INTERNATIONAL_PACKAGING_FOUNDATION,natural,348,348,15c28062fe5365d47f5b4281a6d1c8dc51a96ca679bce2b82762a79beb015c9f
3700815fca6bce49,Yoggi-Strawberry-Yoghurt,test,GroceryStoreDataset_Klasson2019,NON_INDIAN,INTERNATIONAL_PACKAGING_FOUNDATION,natural,348,348,00b7f60059dd64e9b1ddaa1b3ba45550e22dff3676ed7ba02d4b1bc891afb274
f751c06952da0994,Yoggi-Strawberry-Yoghurt,test,GroceryStoreDataset_Klasson2019,NON_INDIAN,INTERNATIONAL_PACKAGING_FOUNDATION,natural,348,348,7d106292efd8b71431e86d86de86d16052283869e3afab4f93061bd2f41b1353
be4d02d7828dc58b,Arla-Natural-Mild-Low-Fat-Yoghurt,train,GroceryStoreDataset_Klasson2019,NON_INDIAN,INTERNATIONAL_PACKAGING_FOUNDATION,natural,348,348,e189e8154552d209c128fb302579b7c689c3a60ad193176c708396f839b7f9ad
7a5439ee7e25edba,Arla-Natural-Mild-Low-Fat-Yoghurt,train,GroceryStoreDataset_Klasson2019,NON_INDIAN,INTERNATIONAL_PACKAGING_FOUNDATION,natural,348,348,30ca969fe963d3354f3f9a3d9579b90b773c1d79dc39a1159c05e7ffdbf9f043
ecceb452df462563,Arla-Natural-Mild-Low-Fat-Yoghurt,train,GroceryStoreDataset_Klasson2019,NON_INDIAN,INTERNATIONAL_PACKAGING_FOUNDATION,natural,348,348,e43a988c0d4793123ce9f524ea37f854dcff617f8bb82a937c4953207954521b
0ea0d361222e57a9,Arla-Natural-Mild-Low-Fat-Yoghurt,train,GroceryStoreDataset_Klasson2019,NON_INDIAN,INTERNATIONAL_PACKAGING_FOUNDATION,natural,348,348,1d64f71281a8ee4c5fa4c6ea10356a65903a9813a01d10e50a791bbea53bb1b2
9aeb5635c13f552d,Arla-Natural-Mild-Low-Fat-Yoghurt,train,GroceryStoreDataset_Klasson2019,NON_INDIAN,INTERNATIONAL_PACKAGING_FOUNDATION,natural,348,348,ed43cfdd51cd9bdf9bbeaa97679f5a6cdc5cb292c8518aad08d5bfd7c0b53fee
488b66c884eed33a,Arla-Natural-Mild-Low-Fat-Yoghurt,train,GroceryStoreDataset_Klasson2019,NON_INDIAN,INTERNATIONAL_PACKAGING_FOUNDATION,natural,348,348,a47f9af7c5ebb6a17aa8b49c0d3bd153681e70e5f91909ac77f25c2a448c93c3
0cf245b5d82d0d0c,Arla-Natural-Mild-Low-Fat-Yoghurt,train,GroceryStoreDataset_Klasson2019,NON_INDIAN,INTERNATIONAL_PACKAGING_FOUNDATION,natural,348,348,c288b1cfbb160ae9e798a26d11b36c327391a8e8fab168e0ba43bece2f7f7b27
387e916544bc4968,Arla-Natural-Mild-Low-Fat-Yoghurt,train,GroceryStoreDataset_Klasson2019,NON_INDIAN,INTERNATIONAL_PACKAGING_FOUNDATION,natural,348,348,67258545d38c7f766f7fd94f4fb8ae2a603e52b31f20798602930f54cdb6056b
2d34af3f433b83df,Arla-Natural-Mild-Low-Fat-Yoghurt,train,GroceryStoreDataset_Klasson2019,NON_INDIAN,INTERNATIONAL_PACKAGING_FOUNDATION,natural,348,348,f810e7bb0b5205c34d5b2888d8e7a3c72e0b74d7e2428a8d96e57fef896149c5
89ca0a799f1d75da,Arla-Natural-Mild-Low-Fat-Yoghurt,train,GroceryStoreDataset_Klasson2019,NON_INDIAN,INTERNATIONAL_PACKAGING_FOUNDATION,natural,348,348,d37fa00aad4949e830753c8cade040fdcaf50d138b51c07b22028261c18428b0
5cbe02239f164b72,Arla-Natural-Mild-Low-Fat-Yoghurt,train,GroceryStoreDataset_Klasson2019,NON_INDIAN,INTERNATIONAL_PACKAGING_FOUNDATION,natural,348,348,ae03657c4b9a48a98416d9977f1e6ab2b0ef0b288b37da4d330c01f822406e6c
f721d4ee20f2b9f8,Arla-Natural-Mild-Low-Fat-Yoghurt,train,GroceryStoreDataset_Klasson2019,NON_INDIAN,INTERNATIONAL_PACKAGING_FOUNDATION,natural,348,348,a941224e49eec63f88119ee3f23308e54324fae84985bd61f1488950f10292f4
c6cb26c8598da3ac,Arla-Natural-Mild-Low-Fat-Yoghurt,train,GroceryStoreDataset_Klasson2019,NON_INDIAN,INTERNATIONAL_PACKAGING_FOUNDATION,natural,348,348,62d5c64c3e8a7349781bf488b3eb58d959aeee30c9fb54bfb21002de87848b00
d6bb34c90042185e,Arla-Natural-Mild-Low-Fat-Yoghurt,train,GroceryStoreDataset_Klasson2019,NON_INDIAN,INTERNATIONAL_PACKAGING_FOUNDATION,natural,348,348,8f32a660b422373f4f46ec9b8f3edddad5fd768f3d3dd8ac723bf29b0690bf76
588728a78429b5d7,Arla-Natural-Mild-Low-Fat-Yoghurt,train,GroceryStoreDataset_Klasson2019,NON_INDIAN,INTERNATIONAL_PACKAGING_FOUNDATION,natural,348,348,bd5ffb081ad69339070d473b52692beb619e5575c53ee30754bb1fe1e803175e
b1358b970f22343c,Arla-Natural-Mild-Low-Fat-Yoghurt,train,GroceryStoreDataset_Klasson2019,NON_INDIAN,INTERNATIONAL_PACKAGING_FOUNDATION,natural,348,348,034b615a6b40f79f4cedd2fffc441b7940b68b9d92086a89fb4efc6de7f7f68d
411d3b3328716910,Arla-Natural-Mild-Low-Fat-Yoghurt,train,GroceryStoreDataset_Klasson2019,NON_INDIAN,INTERNATIONAL_PACKAGING_FOUNDATION,natural,348,348,cc663906ce095862a1783aba7940301801c0fb6e91590c2554b9fe67c1bfbe18
abaf1f27d056c512,Arla-Natural-Mild-Low-Fat-Yoghurt,train,GroceryStoreDataset_Klasson2019,NON_INDIAN,INTERNATIONAL_PACKAGING_FOUNDATION,natural,348,348,7d44769ef1141e2090d0ffc5f3da01f98538262d817a0ff6543a7aa19e64110f
a45b21a6e26550aa,Arla-Natural-Mild-Low-Fat-Yoghurt,train,GroceryStoreDataset_Klasson2019,NON_INDIAN,INTERNATIONAL_PACKAGING_FOUNDATION,natural,348,348,87ba4d1e8fb60e6d74e6ce458358a780dd899f58eaad0c3fd23392c840e5c4ac
197a0eacbbb68f61,Arla-Natural-Mild-Low-Fat-Yoghurt,train,GroceryStoreDataset_Klasson2019,NON_INDIAN,INTERNATIONAL_PACKAGING_FOUNDATION,natural,348,348,4db1a789141669057778f4fcbf4f02b58f291376421810fca0918804046d87e8
45ac4ba48e0f6ee8,Arla-Natural-Mild-Low-Fat-Yoghurt,train,GroceryStoreDataset_Klasson2019,NON_INDIAN,INTERNATIONAL_PACKAGING_FOUNDATION,natural,348,348,789992981b7c699b2772770bc20bc26b16567328aa9ab68041758da163ad24d6
7a3bb23da4e9aebe,Arla-Natural-Mild-Low-Fat-Yoghurt,train,GroceryStoreDataset_Klasson2019,NON_INDIAN,INTERNATIONAL_PACKAGING_FOUNDATION,natural,348,348,f2d8749bd19a039e8b6c9d8d056cd6b943fcfeaba2eefb269ea3b396851f9866
c48e56f875e0ee54,Arla-Natural-Mild-Low-Fat-Yoghurt,train,GroceryStoreDataset_Klasson2019,NON_INDIAN,INTERNATIONAL_PACKAGING_FOUNDATION,natural,348,348,13f9d661f53009f89c1e18dc05b77ac4545fb22c2a507c1ad85ba891be34234e
a7cce753e76bb594,Arla-Natural-Mild-Low-Fat-Yoghurt,train,GroceryStoreDataset_Klasson2019,NON_INDIAN,INTERNATIONAL_PACKAGING_FOUNDATION,natural,348,348,4f2d2bded949698dbdc21eca93efc39fe4030765ecf8838f57bb65c9c941d123
4e9eb71dd37011e9,Arla-Natural-Mild-Low-Fat-Yoghurt,train,GroceryStoreDataset_Klasson2019,NON_INDIAN,INTERNATIONAL_PACKAGING_FOUNDATION,natural,348,348,691824856f131da47699126c1ba9fbd5d45a69d08cd5cf32319d75255d9dde8b
923b02fd4b89c501,Arla-Natural-Mild-Low-Fat-Yoghurt,train,GroceryStoreDataset_Klasson2019,NON_INDIAN,INTERNATIONAL_PACKAGING_FOUNDATION,natural,348,348,bda292027228c942e496218728629980a4759820ba4eaa560b97ae50e4a0254c
d664592708ff49d4,Yoggi-Vanilla-Yoghurt,train,GroceryStoreDataset_Klasson2019,NON_INDIAN,INTERNATIONAL_PACKAGING_FOUNDATION,natural,348,348,53c74771c6879f35118aa2e3850230aa808f23e2c20a8396076bbc945b1a0bce
d2aaf0234a8ba4c5,Yoggi-Vanilla-Yoghurt,train,GroceryStoreDataset_Klasson2019,NON_INDIAN,INTERNATIONAL_PACKAGING_FOUNDATION,natural,348,348,64e60e3ee208ecf945c4d1e442c8429473f826ca4ebcf670b36b4b9f17f0689c
002e9bab40c30400,Yoggi-Vanilla-Yoghurt,train,GroceryStoreDataset_Klasson2019,NON_INDIAN,INTERNATIONAL_PACKAGING_FOUNDATION,natural,348,348,b1151dbd886629648cd474e112602bc345c8ade3f565430e129ceb9d048f532d
d2d93548aba9710a,Yoggi-Vanilla-Yoghurt,train,GroceryStoreDataset_Klasson2019,NON_INDIAN,INTERNATIONAL_PACKAGING_FOUNDATION,natural,348,348,05c5cc4e79683bf6dbdf0e9942fbc5c04153d3a30e21ca43272a01b9e8899ffa
50b969a32e56f806,Yoggi-Vanilla-Yoghurt,train,GroceryStoreDataset_Klasson2019,NON_INDIAN,INTERNATIONAL_PACKAGING_FOUNDATION,natural,348,348,2d84de55e2c910e314bd4a5e3b30b4745eae6df0532628af1bcce55bf2bdfba1
a3ae45a3bcdc469d,Yoggi-Vanilla-Yoghurt,train,GroceryStoreDataset_Klasson2019,NON_INDIAN,INTERNATIONAL_PACKAGING_FOUNDATION,natural,348,348,27a676152839741523c26a145d4f981d84cb8451ba669ecf85fabc1cb25633db
f15da20ca57e1aa9,Yoggi-Vanilla-Yoghurt,train,GroceryStoreDataset_Klasson2019,NON_INDIAN,INTERNATIONAL_PACKAGING_FOUNDATION,natural,348,348,e9cc71c5c33de03db19e8c2216c661f9408b19571355de5a731dbd4a556e84e6
bb6286edd7bf72b0,Yoggi-Vanilla-Yoghurt,train,GroceryStoreDataset_Klasson2019,NON_INDIAN,INTERNATIONAL_PACKAGING_FOUNDATION,natural,348,348,82f072a0679c103ae9899e09bd516aa5c07fd5341dba6a6e14b2aa0e8fde1e8e
07670099fb37e760,Yoggi-Vanilla-Yoghurt,train,GroceryStoreDataset_Klasson2019,NON_INDIAN,INTERNATIONAL_PACKAGING_FOUNDATION,natural,348,348,866f1566e2f69b41913de5b90c946f67801844620d2a3d028374e073d16a141f
28ca432bfa1e1bc0,Yoggi-Vanilla-Yoghurt,train,GroceryStoreDataset_Klasson2019,NON_INDIAN,INTERNATIONAL_PACKAGING_FOUNDATION,natural,348,348,faf0d44f99d5c87a3f314f7314f7abeb6d4d6229387e18389632d46fd3a9c787
27b6b5178e905831,Yoggi-Vanilla-Yoghurt,train,GroceryStoreDataset_Klasson2019,NON_INDIAN,INTERNATIONAL_PACKAGING_FOUNDATION,natural,348,348,2e0d0ba0d64ddbbf0b1f06d1c3f6f466f5ac495e657202bdccbdb0f867d8bf04
4d35e65c6e4953b8,Yoggi-Vanilla-Yoghurt,train,GroceryStoreDataset_Klasson2019,NON_INDIAN,INTERNATIONAL_PACKAGING_FOUNDATION,natural,348,348,b55b155297dab4b561d99670644b810e71e13be873dff3a7a522b54380f81279
e225367c886d4d7c,Yoggi-Vanilla-Yoghurt,train,GroceryStoreDataset_Klasson2019,NON_INDIAN,INTERNATIONAL_PACKAGING_FOUNDATION,natural,348,348,3b5536da14a0372412b9fc87f4b886302c98fe991e3ccbd054a099e1312e1364
f77dd6e915a32c1d,Yoggi-Vanilla-Yoghurt,train,GroceryStoreDataset_Klasson2019,NON_INDIAN,INTERNATIONAL_PACKAGING_FOUNDATION,natural,348,348,59cc07e927f953ede41f385880f56339a9e82b0ce1b60ed94e70023929236a2f
4b42c5a99eeddbb4,Yoggi-Vanilla-Yoghurt,train,GroceryStoreDataset_Klasson2019,NON_INDIAN,INTERNATIONAL_PACKAGING_FOUNDATION,natural,348,348,28c74eae99541c174cc266e952a9c6e07f0c9ca63681ab151d5a085ae0d3d138
fee2d0d4d3340ece,Yoggi-Vanilla-Yoghurt,train,GroceryStoreDataset_Klasson2019,NON_INDIAN,INTERNATIONAL_PACKAGING_FOUNDATION,natural,348,348,d870f8acab9b4e1a516a976eac1294be93031e2e3e4038fcc3ffcc02f8c84327
445547b7a7c9c1f3,Yoggi-Vanilla-Yoghurt,train,GroceryStoreDataset_Klasson2019,NON_INDIAN,INTERNATIONAL_PACKAGING_FOUNDATION,natural,348,348,ce1c191892d10f039be8ea3cc50df81f40512064cbde9b9ddb29bc566d1529fe
038a6d6fcadf3199,Yoggi-Vanilla-Yoghurt,train,GroceryStoreDataset_Klasson2019,NON_INDIAN,INTERNATIONAL_PACKAGING_FOUNDATION,natural,348,348,55cfe99592ad2730bd4405df4637547f7635578bb3be181b74572cb4c05f6060
e4a4fb04abc364dd,Yoggi-Vanilla-Yoghurt,train,GroceryStoreDataset_Klasson2019,NON_INDIAN,INTERNATIONAL_PACKAGING_FOUNDATION,natural,348,348,e7ee01a98e6f11e54e7fa524bc098a6ac2e5a82bf5f9ffe1be5d8c93c117a689
41d63edb7ae26a2d,Yoggi-Vanilla-Yoghurt,train,GroceryStoreDataset_Klasson2019,NON_INDIAN,INTERNATIONAL_PACKAGING_FOUNDATION,natural,348,348,ed96188fc329070f5d1e8201b7e63d6e20603638d9d6375523fc15aeda7d1890
84afbc07e68c7283,Arla-Mild-Vanilla-Yoghurt,train,GroceryStoreDataset_Klasson2019,NON_INDIAN,INTERNATIONAL_PACKAGING_FOUNDATION,natural,348,348,8765b54b0859c1688255ee3350f7d297bb75ce6fefce58387f7412d5b784b9aa
0c3c49518fccafc0,Arla-Mild-Vanilla-Yoghurt,train,GroceryStoreDataset_Klasson2019,NON_INDIAN,INTERNATIONAL_PACKAGING_FOUNDATION,natural,348,348,456552dc60f379961f394a9672bcf4f313b855e6636947f0a3ffb14e7ac7ec48
3d134697011d798e,Arla-Mild-Vanilla-Yoghurt,train,GroceryStoreDataset_Klasson2019,NON_INDIAN,INTERNATIONAL_PACKAGING_FOUNDATION,natural,348,348,d1e990e7fa0c88e6318f75324a2480f4e7d4e90a5aa6ebe033eb8f6a1eec308b
6c4518c3f53520fb,Arla-Mild-Vanilla-Yoghurt,train,GroceryStoreDataset_Klasson2019,NON_INDIAN,INTERNATIONAL_PACKAGING_FOUNDATION,natural,348,348,cacefab0edb3d7924a98879b2998d1a2ffb0da92ae0d57ee5c6c09c8b58b4139
43bc548dc2b121ca,Arla-Mild-Vanilla-Yoghurt,train,GroceryStoreDataset_Klasson2019,NON_INDIAN,INTERNATIONAL_PACKAGING_FOUNDATION,natural,348,348,237e5ae9a49d04987eca0f6cd2aa0c0acbe20257f27988c8825145e1e4f10f14
f9fc8a3a5548dcd2,Arla-Mild-Vanilla-Yoghurt,train,GroceryStoreDataset_Klasson2019,NON_INDIAN,INTERNATIONAL_PACKAGING_FOUNDATION,natural,348,348,adf32f0d49d54c8f2b285e6a2e2d6f21090f28cb9fecbf7f0f4959d2e3ef97a6
71487d4be3c241bc,Arla-Mild-Vanilla-Yoghurt,train,GroceryStoreDataset_Klasson2019,NON_INDIAN,INTERNATIONAL_PACKAGING_FOUNDATION,natural,348,348,2bc790529787aa90a79021bfb6042453ba9d3f7320b961cf437c487d839f59af
f3bffc08c9809b85,Arla-Mild-Vanilla-Yoghurt,train,GroceryStoreDataset_Klasson2019,NON_INDIAN,INTERNATIONAL_PACKAGING_FOUNDATION,natural,348,348,91812ec91152da19253db322c8fd9c1004245eee852ef7060ff9a77cfde78a00
87bc81b54be96384,Arla-Mild-Vanilla-Yoghurt,train,GroceryStoreDataset_Klasson2019,NON_INDIAN,INTERNATIONAL_PACKAGING_FOUNDATION,natural,348,348,add212aa5d276b4c031663afbf907692dce04fd50d18eb9413f991f2b5a00f6e
8fc514bb526799a6,Arla-Mild-Vanilla-Yoghurt,train,GroceryStoreDataset_Klasson2019,NON_INDIAN,INTERNATIONAL_PACKAGING_FOUNDATION,natural,348,348,c99e8c16561c429bccc6dc5ed8de7f795b4767326bc2e2b38c9c9dbb884e7a42
6a6fad4b3d34c39f,Arla-Mild-Vanilla-Yoghurt,train,GroceryStoreDataset_Klasson2019,NON_INDIAN,INTERNATIONAL_PACKAGING_FOUNDATION,natural,348,348,9e2e10c26081ec929cdd4686a7d069ef8dd72ae570a6f3a5f4708857f39d9760
4c51ec6a808d3cab,Arla-Mild-Vanilla-Yoghurt,train,GroceryStoreDataset_Klasson2019,NON_INDIAN,INTERNATIONAL_PACKAGING_FOUNDATION,natural,348,348,6af114f6e6f04f135214e72bc69adaab893b339c73f2147319af4c0b3f244108
fd449e1bef8c8c80,Arla-Mild-Vanilla-Yoghurt,train,GroceryStoreDataset_Klasson2019,NON_INDIAN,INTERNATIONAL_PACKAGING_FOUNDATION,natural,348,348,dad4faeafec7403555a6fd6be3273c6bb3dfe844d77795b3ef7159c97c716d48
abe9b43db01d9fa0,Arla-Mild-Vanilla-Yoghurt,train,GroceryStoreDataset_Klasson2019,NON_INDIAN,INTERNATIONAL_PACKAGING_FOUNDATION,natural,348,348,14f654d77379ec5debb2817ec1d79639475705d9c3a44ca55a6955bfd04e7165
4f7f5a6949bfbf68,Arla-Mild-Vanilla-Yoghurt,train,GroceryStoreDataset_Klasson2019,NON_INDIAN,INTERNATIONAL_PACKAGING_FOUNDATION,natural,348,348,254afbd0a918569a80fd0ab3d9e8638eb1a450b25e0ecd098f2f133660656fd2
e69462697bc97088,Arla-Mild-Vanilla-Yoghurt,train,GroceryStoreDataset_Klasson2019,NON_INDIAN,INTERNATIONAL_PACKAGING_FOUNDATION,natural,348,348,0212126ada358e35bd1de92f7d3de2f3eef2a1db34389aee2739ee6d1a08cd51
828fa2c95a132db9,Arla-Mild-Vanilla-Yoghurt,train,GroceryStoreDataset_Klasson2019,NON_INDIAN,INTERNATIONAL_PACKAGING_FOUNDATION,natural,348,348,caff299eff4ac5fe392d1ce53e0361e2313b2ebce0ed01510a0c0db8343bd48f
117b692856433472,Arla-Mild-Vanilla-Yoghurt,train,GroceryStoreDataset_Klasson2019,NON_INDIAN,INTERNATIONAL_PACKAGING_FOUNDATION,natural,348,348,04a1c81f619b0a15843a06e2e7b1aba15cbd49cb39f36d470ab75e95b87159fc
fa299392654c2cce,Arla-Mild-Vanilla-Yoghurt,train,GroceryStoreDataset_Klasson2019,NON_INDIAN,INTERNATIONAL_PACKAGING_FOUNDATION,natural,348,348,0276c6ef533d5b3fc16cc41824cad44d76fa139b658c60941b60653769df58f9
44b8633c3cd9a530,Arla-Mild-Vanilla-Yoghurt,train,GroceryStoreDataset_Klasson2019,NON_INDIAN,INTERNATIONAL_PACKAGING_FOUNDATION,natural,348,348,7cf1f20e2be354744dad9a8346727c2f8fcd8524722b3487adc9903ad5bcbed9
cb260156022d2f82,Arla-Mild-Vanilla-Yoghurt,train,GroceryStoreDataset_Klasson2019,NON_INDIAN,INTERNATIONAL_PACKAGING_FOUNDATION,natural,348,348,cc329114c0b15f219ba159e7b7333928239bff6f8353ef329e7b2557bd0bb484
f6db552cdd249167,Arla-Mild-Vanilla-Yoghurt,train,GroceryStoreDataset_Klasson2019,NON_INDIAN,INTERNATIONAL_PACKAGING_FOUNDATION,natural,348,348,5c57e81318d9f905d4c19ac1ceb82cbd443f35aaa6edbdd03375622b6bef013e
c73c8037adaf4977,Arla-Mild-Vanilla-Yoghurt,train,GroceryStoreDataset_Klasson2019,NON_INDIAN,INTERNATIONAL_PACKAGING_FOUNDATION,natural,348,348,5e8d03d82dc430706a5ab9560506c6a767d514ce3820f6b0618418f420a11bd1
16b440f08536bec5,Arla-Mild-Vanilla-Yoghurt,train,GroceryStoreDataset_Klasson2019,NON_INDIAN,INTERNATIONAL_PACKAGING_FOUNDATION,natural,348,348,881fed849035671dda26f79d1ed6ed89c25619fec224159efe19c8d54ef08489
85f7bcfe0cd1a11b,Arla-Mild-Vanilla-Yoghurt,train,GroceryStoreDataset_Klasson2019,NON_INDIAN,INTERNATIONAL_PACKAGING_FOUNDATION,natural,348,348,87657dcf5ec612e1f60bc7958d63cdc34e21975d3fe07928ca8d1bde4ccbf1e8
1bb017fab78505a7,Arla-Mild-Vanilla-Yoghurt,train,GroceryStoreDataset_Klasson2019,NON_INDIAN,INTERNATIONAL_PACKAGING_FOUNDATION,natural,348,348,74a38ea0c4cc64910c35097d67ab723cd87a316cc8c5beed9ec453083bdc1461
c196de90cb0abd4e,Arla-Mild-Vanilla-Yoghurt,train,GroceryStoreDataset_Klasson2019,NON_INDIAN,INTERNATIONAL_PACKAGING_FOUNDATION,natural,348,348,30153657106671e310909aeca585c794b7180d26622a2a4b366b042d69cab386
da38a6b708510c77,Arla-Mild-Vanilla-Yoghurt,train,GroceryStoreDataset_Klasson2019,NON_INDIAN,INTERNATIONAL_PACKAGING_FOUNDATION,natural,348,348,4617e4c707e1baf1e4da7b06e698d8663706cee671cc3491da923d3b72ceee91
fd4db61af2f7e060,Arla-Mild-Vanilla-Yoghurt,train,GroceryStoreDataset_Klasson2019,NON_INDIAN,INTERNATIONAL_PACKAGING_FOUNDATION,natural,348,348,76235ff2756cc48e6665dd43f1bb04053a670964255f5cdc98cfd9bab5b560ca
002777560bd9c42b,Arla-Natural-Yoghurt,train,GroceryStoreDataset_Klasson2019,NON_INDIAN,INTERNATIONAL_PACKAGING_FOUNDATION,natural,348,348,f2c51fb39788023af9c8bfbe2a99050aabed581a987d802b98d5daca16c24741
ffe55cf8c8b8c9e2,Arla-Natural-Yoghurt,train,GroceryStoreDataset_Klasson2019,NON_INDIAN,INTERNATIONAL_PACKAGING_FOUNDATION,natural,348,348,ed1032af3e2caaea003d1b9a9a3de4a2cae39b3892dab1e907b01fa62c93ec58
e2c324815b8cda6a,Arla-Natural-Yoghurt,train,GroceryStoreDataset_Klasson2019,NON_INDIAN,INTERNATIONAL_PACKAGING_FOUNDATION,natural,348,348,41e398a75bd956a02a134d9cb1144cd04870309740172fcb67b3b8b529275f6b
bda2babaf4061acb,Arla-Natural-Yoghurt,train,GroceryStoreDataset_Klasson2019,NON_INDIAN,INTERNATIONAL_PACKAGING_FOUNDATION,natural,348,348,7cf4f2e041d6c825e07f00a66440424dbc10f56954d8addecbd2e79a0cc0b0cb
6734ceda61b2183d,Arla-Natural-Yoghurt,train,GroceryStoreDataset_Klasson2019,NON_INDIAN,INTERNATIONAL_PACKAGING_FOUNDATION,natural,348,348,7bfc567c3ef51aa062cba02445a5161838c01040cf326f74ab05b83aa1addc61
41154731c5288ee0,Arla-Natural-Yoghurt,train,GroceryStoreDataset_Klasson2019,NON_INDIAN,INTERNATIONAL_PACKAGING_FOUNDATION,natural,348,348,c42d7c49e4f9e91beb904052916479850ff1322911fea970ee8ae1fa675f6354
b9ec34e1609ff7cf,Arla-Natural-Yoghurt,train,GroceryStoreDataset_Klasson2019,NON_INDIAN,INTERNATIONAL_PACKAGING_FOUNDATION,natural,348,348,8c57724bd4af35fa1fb30e24fec9071712c3766baefe99522dc6598ab8cbde18
238966fa14f69cd1,Arla-Natural-Yoghurt,train,GroceryStoreDataset_Klasson2019,NON_INDIAN,INTERNATIONAL_PACKAGING_FOUNDATION,natural,348,348,186234827c9d02c411df2c55c2ed80a0e343ecf9bfce5c68eb76e0c8cff1663c
bc193b5bae82d4fb,Arla-Natural-Yoghurt,train,GroceryStoreDataset_Klasson2019,NON_INDIAN,INTERNATIONAL_PACKAGING_FOUNDATION,natural,348,348,4f98b0075bfc66dc3878b48dd213a739440038f92789f36818ed3edda78528e0
68ca2394ad8efebc,Arla-Natural-Yoghurt,train,GroceryStoreDataset_Klasson2019,NON_INDIAN,INTERNATIONAL_PACKAGING_FOUNDATION,natural,348,348,587fe04ab964b7405a7454aeb30d527b1ea11ce1076d363b420fab089107f74d
44c71689124159ae,Arla-Natural-Yoghurt,train,GroceryStoreDataset_Klasson2019,NON_INDIAN,INTERNATIONAL_PACKAGING_FOUNDATION,natural,348,348,2d5c8fd8af2c30e64f294fe9d552d037d51c683c177139323067e1ae14c43931
2fe00b13e9972bc4,Arla-Natural-Yoghurt,train,GroceryStoreDataset_Klasson2019,NON_INDIAN,INTERNATIONAL_PACKAGING_FOUNDATION,natural,348,348,b1b2df64afbaf7f0d583f5cbf99ffd977dfa02a7772af4020e6177f2813c30d7
775a1850c164dc78,Arla-Natural-Yoghurt,train,GroceryStoreDataset_Klasson2019,NON_INDIAN,INTERNATIONAL_PACKAGING_FOUNDATION,natural,348,348,80a0c0f3e20b88dfa65a11c9e8e7b019a8aa623bbe93ed00bc269f503d3f0a12
2ca95546975af301,Arla-Natural-Yoghurt,train,GroceryStoreDataset_Klasson2019,NON_INDIAN,INTERNATIONAL_PACKAGING_FOUNDATION,natural,348,348,174540ef977627b3f8a1f02f9dc7f43a24a5a359ebebd88151500edc7b801616
d78b0e564f1d2e6d,Arla-Natural-Yoghurt,train,GroceryStoreDataset_Klasson2019,NON_INDIAN,INTERNATIONAL_PACKAGING_FOUNDATION,natural,348,348,d6b9cb3c83d773aa742e64691f2158981bd719007aa42a9e944da128466f27fc
44f3315e1ecea58d,Arla-Natural-Yoghurt,train,GroceryStoreDataset_Klasson2019,NON_INDIAN,INTERNATIONAL_PACKAGING_FOUNDATION,natural,348,348,5916be43d0a5589e7aa9089037d2c5f29c3dbf9729577ee6cfa4a57879f2b176
607405cd13804a51,Arla-Natural-Yoghurt,train,GroceryStoreDataset_Klasson2019,NON_INDIAN,INTERNATIONAL_PACKAGING_FOUNDATION,natural,348,348,2dd35daf3629d75dc6df338c7191682702cf73e69106f789fc26c643867e68be
cc441dc86072a72a,Arla-Natural-Yoghurt,train,GroceryStoreDataset_Klasson2019,NON_INDIAN,INTERNATIONAL_PACKAGING_FOUNDATION,natural,348,348,dfc6cfabd4601f938dcaf2163308b73ff26fe0df0257698ca1b977acff6a184d
2b99df71e943e852,Arla-Natural-Yoghurt,train,GroceryStoreDataset_Klasson2019,NON_INDIAN,INTERNATIONAL_PACKAGING_FOUNDATION,natural,348,348,c464289b82bb2b72e11fa0b0356d888ee0581a154c1c213223933c649c8ce1e6
204e90e676edbac1,Arla-Natural-Yoghurt,train,GroceryStoreDataset_Klasson2019,NON_INDIAN,INTERNATIONAL_PACKAGING_FOUNDATION,natural,348,348,940d242b45428e4b7fb9521ffb33a8926c6a0737d95f23f28f0c16ab9a7b88b4
2a6a640fff156a65,Arla-Natural-Yoghurt,train,GroceryStoreDataset_Klasson2019,NON_INDIAN,INTERNATIONAL_PACKAGING_FOUNDATION,natural,348,348,cd5da0d56e21a24b9e3edc6c36c8cd9093dac136735e3d2c83659f8aae385f69
d00872b888f76163,Arla-Natural-Yoghurt,train,GroceryStoreDataset_Klasson2019,NON_INDIAN,INTERNATIONAL_PACKAGING_FOUNDATION,natural,348,348,56a98142ff427684471918c3f17594a8381f4cf9394145e02ce087a4cf64da4f
68d4dda62ceed2fa,Arla-Natural-Yoghurt,train,GroceryStoreDataset_Klasson2019,NON_INDIAN,INTERNATIONAL_PACKAGING_FOUNDATION,natural,348,348,52c594f231fcf3d845a3ef1229ab58f4b1e50547017c4768a167faf782aeaecd
c598a4df87d732c9,Arla-Natural-Yoghurt,train,GroceryStoreDataset_Klasson2019,NON_INDIAN,INTERNATIONAL_PACKAGING_FOUNDATION,natural,348,348,b583e1ac48e46157a41714b675f436b1baea11fec37e932a5ab7a236f0ed1323
94083df5a8080d9c,Arla-Natural-Yoghurt,train,GroceryStoreDataset_Klasson2019,NON_INDIAN,INTERNATIONAL_PACKAGING_FOUNDATION,natural,348,348,6b346135f64c1d328bc0457ac712d14f1febdd5e640a22b6f52a44742304110f
b0a9a0892cbbf00a,Arla-Natural-Yoghurt,train,GroceryStoreDataset_Klasson2019,NON_INDIAN,INTERNATIONAL_PACKAGING_FOUNDATION,natural,348,348,8a6a7ee5f75237e03d19ca51ab6f0322419dc8d33a7d486f84570380a3013992
6856dd1be543b409,Arla-Natural-Yoghurt,train,GroceryStoreDataset_Klasson2019,NON_INDIAN,INTERNATIONAL_PACKAGING_FOUNDATION,natural,348,348,ce5a7857eae1f024d0fd12704f60bdea8e1ef1e067f414ecf257d10a58ba4c06
d5d55ce50bf0dc3a,Arla-Natural-Yoghurt,train,GroceryStoreDataset_Klasson2019,NON_INDIAN,INTERNATIONAL_PACKAGING_FOUNDATION,natural,348,348,de014a3a59c9cdd99918db0e18750f50c1be6624faea5d1f70d8a43992a86782
fe54f8b6c04e9a24,Arla-Natural-Yoghurt,train,GroceryStoreDataset_Klasson2019,NON_INDIAN,INTERNATIONAL_PACKAGING_FOUNDATION,natural,348,348,95ca1b1e34b7da7fc7d83c6ba9d1c28d49be233636afd6a4a62c23b16b3256d8
e17995a05f611d12,Arla-Natural-Yoghurt,train,GroceryStoreDataset_Klasson2019,NON_INDIAN,INTERNATIONAL_PACKAGING_FOUNDATION,natural,348,348,9dc00f086e05cdf18e9372c33a5a260c0ed6b357b72d1b76327bf24d470cee7d
f24b1d469aebaf6c,Arla-Natural-Yoghurt,train,GroceryStoreDataset_Klasson2019,NON_INDIAN,INTERNATIONAL_PACKAGING_FOUNDATION,natural,348,348,0391b72bc69fdfd91dd88e4f3c8dbcd34713d9859edea484274baabaae3a9d3b
2c90ec7da856a5b5,Arla-Natural-Yoghurt,train,GroceryStoreDataset_Klasson2019,NON_INDIAN,INTERNATIONAL_PACKAGING_FOUNDATION,natural,348,348,983b9e573a7638ffc14fdffa98a7a0ee07aebeeb0711ed137e36526593defe48
11d6c53fec9320c3,Arla-Natural-Yoghurt,train,GroceryStoreDataset_Klasson2019,NON_INDIAN,INTERNATIONAL_PACKAGING_FOUNDATION,natural,348,348,bde40886c5e9256c0aeb52f3a31e380c06e458f3f7af45168438c2a243bb53ce
7c00d25c92aeec09,Arla-Natural-Yoghurt,train,GroceryStoreDataset_Klasson2019,NON_INDIAN,INTERNATIONAL_PACKAGING_FOUNDATION,natural,348,348,333058b1fd0cc8bd5dfe0583f29cf024f8db79519b22d9339a1897c87faa926d
d86ff88b9c85b366,Arla-Natural-Yoghurt,train,GroceryStoreDataset_Klasson2019,NON_INDIAN,INTERNATIONAL_PACKAGING_FOUNDATION,natural,348,348,c0351c6b3863ae6b7f12d6ea8b736b8ee3ba3fdfb6f708b8fdbb1a38bafddbc1
16f27be1fac5a0b3,Arla-Natural-Yoghurt,train,GroceryStoreDataset_Klasson2019,NON_INDIAN,INTERNATIONAL_PACKAGING_FOUNDATION,natural,348,348,b4d2c4b784efac9d7bc9edae4490584fb8b39df2b84c1ff967e09a61f0a4a784
05d227fe14a10a9e,Arla-Natural-Yoghurt,train,GroceryStoreDataset_Klasson2019,NON_INDIAN,INTERNATIONAL_PACKAGING_FOUNDATION,natural,348,348,e73dc32bf713fec634eb7d378f9b37bf70029101895ec99c4597ecf66578fee1
4eb43baf9df10571,Arla-Natural-Yoghurt,train,GroceryStoreDataset_Klasson2019,NON_INDIAN,INTERNATIONAL_PACKAGING_FOUNDATION,natural,348,348,b3e7863bf3f8e0630d5f352c01175360ecfe099d3fc20294576668740c64614e
f53cdd908195c020,Arla-Natural-Yoghurt,train,GroceryStoreDataset_Klasson2019,NON_INDIAN,INTERNATIONAL_PACKAGING_FOUNDATION,natural,348,348,2bf709206309249cf6f630e08e31908cf057ac39503969ffc9961c04bf12f699
c50b49a6da65c690,Arla-Natural-Yoghurt,train,GroceryStoreDataset_Klasson2019,NON_INDIAN,INTERNATIONAL_PACKAGING_FOUNDATION,natural,348,348,e360c32e7ccd71928e996d31680abbe7da4c5ccfbc5e8bbff1231045041e0d5f
91fec13a57a4358a,Arla-Natural-Yoghurt,train,GroceryStoreDataset_Klasson2019,NON_INDIAN,INTERNATIONAL_PACKAGING_FOUNDATION,natural,348,348,68ba2aed6fa5bdd63cb431ae993fa09a3892ad51867fbdb7cf967758ca5b7e64
e0c982a4a8b92b4f,Arla-Natural-Yoghurt,train,GroceryStoreDataset_Klasson2019,NON_INDIAN,INTERNATIONAL_PACKAGING_FOUNDATION,natural,348,348,8391c97f2cc225a7b2f456f379e2c0318d748848b528079fb22bc88e2d14a47b
fbc44aa0617ba501,Oatly-Oat-Milk,val,GroceryStoreDataset_Klasson2019,NON_INDIAN,INTERNATIONAL_PACKAGING_FOUNDATION,natural,348,348,d1913ead6538d47e440ba7b2cef1efe5c2d34800368513a7ee1c5faf2f7a8401
67f8b01d88d9b067,Oatly-Oat-Milk,val,GroceryStoreDataset_Klasson2019,NON_INDIAN,INTERNATIONAL_PACKAGING_FOUNDATION,natural,348,348,97ae4c81d0001a3143ad9398e911ce3057e926c48003f35d21a8bb88c5f39f2f
9fd71cd12f445693,Oatly-Oat-Milk,val,GroceryStoreDataset_Klasson2019,NON_INDIAN,INTERNATIONAL_PACKAGING_FOUNDATION,natural,348,348,897d1da6e06a4e50cb1f5f8bcf0a8ed27bec24f5003e380a92d00e02fda64356
e8aeb1cb65d66e44,Oatly-Oat-Milk,val,GroceryStoreDataset_Klasson2019,NON_INDIAN,INTERNATIONAL_PACKAGING_FOUNDATION,natural,348,348,4eea1a61f0844f1641bc36a77be535e03d75d646b8892bcaeba1ced051e15af8
b3a5334b698c1d70,Oatly-Oat-Milk,val,GroceryStoreDataset_Klasson2019,NON_INDIAN,INTERNATIONAL_PACKAGING_FOUNDATION,natural,348,348,930210690efbc0cead3192a94a291f67cb8bbbf32ccb5e87cd197f1aa40a9c4f
5e3beebec31c0557,Oatly-Oat-Milk,val,GroceryStoreDataset_Klasson2019,NON_INDIAN,INTERNATIONAL_PACKAGING_FOUNDATION,natural,348,348,c6e58548d3637834e40ee7802997d9ad66815883a7eca9ab2a1865a9789f3eb3
5414ee2ec63d242e,Oatly-Oat-Milk,val,GroceryStoreDataset_Klasson2019,NON_INDIAN,INTERNATIONAL_PACKAGING_FOUNDATION,natural,348,348,5f9037c815ece07237d23c8040356392df986618808e03b8aecbd35376f754ba
115baf826eb1b15a,Oatly-Oat-Milk,val,GroceryStoreDataset_Klasson2019,NON_INDIAN,INTERNATIONAL_PACKAGING_FOUNDATION,natural,348,348,aa260c010aea7761de2cae00f545292b25653e788d2c9639b5b592021f36cbea
1c1106772d62b83e,Oatly-Oat-Milk,val,GroceryStoreDataset_Klasson2019,NON_INDIAN,INTERNATIONAL_PACKAGING_FOUNDATION,natural,348,348,4f352d77732baf8776da8e6ffb8a8e16fd1e78da0531372e52839e3fc0ccdbdc
1c1203945edbbd74,Oatly-Oat-Milk,val,GroceryStoreDataset_Klasson2019,NON_INDIAN,INTERNATIONAL_PACKAGING_FOUNDATION,natural,348,348,c31c96daeb837aa5849be12db89fc1a4999f2fdff8efb9341ffa5e5ec7d1e94e
d4fd6272ab19193b,Oatly-Oat-Milk,val,GroceryStoreDataset_Klasson2019,NON_INDIAN,INTERNATIONAL_PACKAGING_FOUNDATION,natural,348,348,7d31d38a4989486ec8a3cdc82ac2a37fdab83eabf007c9a7fd1e4aa0c0f47817
94c67ab36b23716f,Oatly-Oat-Milk,val,GroceryStoreDataset_Klasson2019,NON_INDIAN,INTERNATIONAL_PACKAGING_FOUNDATION,natural,348,348,aeb5470e358f5629be4453cbb72e0b91037d92b28c71ea9da8f3f994c7614cde
adcc5c2f57c10e1e,Oatly-Oat-Milk,val,GroceryStoreDataset_Klasson2019,NON_INDIAN,INTERNATIONAL_PACKAGING_FOUNDATION,natural,348,348,54ed86fe331123a24056f30ef115a19c7986be61f35ef49795ac11a3e9477ee8
215059c6c9b0f1fc,Oatly-Oat-Milk,val,GroceryStoreDataset_Klasson2019,NON_INDIAN,INTERNATIONAL_PACKAGING_FOUNDATION,natural,348,348,76286c73653ca60a85d38c9479e1a00cb9d5dd106a36ec842ef5c85ef54476ca
d4c082d1d0e074f5,Oatly-Oat-Milk,val,GroceryStoreDataset_Klasson2019,NON_INDIAN,INTERNATIONAL_PACKAGING_FOUNDATION,natural,348,348,d7062606844dad60ecdfe51dc5651d05eb5734f57b9cf0290f679937c2994871
931af93ecd486e0f,Oatly-Oat-Milk,val,GroceryStoreDataset_Klasson2019,NON_INDIAN,INTERNATIONAL_PACKAGING_FOUNDATION,natural,348,348,f399e092ec9e5c0a7c51e8f203e2c6b958f80152db59ccc6f8e9e3f889686fcf
be0a30ff43119e60,Oatly-Oat-Milk,val,GroceryStoreDataset_Klasson2019,NON_INDIAN,INTERNATIONAL_PACKAGING_FOUNDATION,natural,348,348,eda686b6f9cd69fc108722401cc274cd3484b50ff5cb8313648ca4aa5cc45eee
fd2b46fa2a224955,Oatly-Oat-Milk,val,GroceryStoreDataset_Klasson2019,NON_INDIAN,INTERNATIONAL_PACKAGING_FOUNDATION,natural,348,348,407d573996195ec36ce209b30e2833a2e3287c190a201beba4320743f44f7e02
4a5dfb3d8c5e14a4,Oatly-Oat-Milk,val,GroceryStoreDataset_Klasson2019,NON_INDIAN,INTERNATIONAL_PACKAGING_FOUNDATION,natural,348,348,0dc289dac1590bd3c92188179f1932b2aa2f21f34b897dee34db1a26f1fc7cec
348a6109248006cf,Oatly-Oat-Milk,val,GroceryStoreDataset_Klasson2019,NON_INDIAN,INTERNATIONAL_PACKAGING_FOUNDATION,natural,348,348,fee701d69134a7575a3e916e83503d2ead76e695d6af7813aaa45804b410442e
06e8588395de1e58,Oatly-Oat-Milk,val,GroceryStoreDataset_Klasson2019,NON_INDIAN,INTERNATIONAL_PACKAGING_FOUNDATION,natural,348,348,a29d304c51f579904369d801e21075d70a23cb88be4a29b916177d9ecdebb641
b96affb0c6ec3703,Oatly-Oat-Milk,val,GroceryStoreDataset_Klasson2019,NON_INDIAN,INTERNATIONAL_PACKAGING_FOUNDATION,natural,348,348,c2be603ff9955f6d135148c28500c2805782390121b8335c3416d24816b013e5
81a96550b4df8d31,Oatly-Oat-Milk,val,GroceryStoreDataset_Klasson2019,NON_INDIAN,INTERNATIONAL_PACKAGING_FOUNDATION,natural,348,348,544b0a8ef492cd09d32997320e02287dbc512b9399e4e53eea2b2fcdcc491299
3ca17288bceb8c12,Oatly-Oat-Milk,val,GroceryStoreDataset_Klasson2019,NON_INDIAN,INTERNATIONAL_PACKAGING_FOUNDATION,natural,348,348,db68fc6cb22e2cfa106e39a9c682c9bf80de89f32b71a4afcf88ef6e1ee7182d
f547a41d397e2418,Oatly-Oat-Milk,val,GroceryStoreDataset_Klasson2019,NON_INDIAN,INTERNATIONAL_PACKAGING_FOUNDATION,natural,348,348,53220805586300ba69dd9f9f594d62198f3862a3cd0884f74319a9badde02346
5c146d48f02692ab,Oatly-Oat-Milk,val,GroceryStoreDataset_Klasson2019,NON_INDIAN,INTERNATIONAL_PACKAGING_FOUNDATION,natural,348,348,e7cea14f330b092efbf1e17ba11237518ad91f9faeba1d3e9085a6fadb9e361f
d1e5332aebf2d96b,Oatly-Oat-Milk,val,GroceryStoreDataset_Klasson2019,NON_INDIAN,INTERNATIONAL_PACKAGING_FOUNDATION,natural,348,348,72604fb2620433dc1cd963ecff41995f5028aaa8f8aded75182770aa036a1a8a
fb15cb99fdd2685a,Oatly-Oat-Milk,val,GroceryStoreDataset_Klasson2019,NON_INDIAN,INTERNATIONAL_PACKAGING_FOUNDATION,natural,348,348,7db08a88d3ebcde7cfb544568a3e165c59c8ff78b4ed12b704f4e891e114a4d5
fbc47ec02e54dbe7,Oatly-Oat-Milk,val,GroceryStoreDataset_Klasson2019,NON_INDIAN,INTERNATIONAL_PACKAGING_FOUNDATION,natural,348,348,40cbee175ba691f48f2efcc187becacfd56f924fe6b9bd0f3978d6d933a34896
cf407ab552fe319d,Oatly-Oat-Milk,val,GroceryStoreDataset_Klasson2019,NON_INDIAN,INTERNATIONAL_PACKAGING_FOUNDATION,natural,348,348,8729838e75928f696fb8732c6d74d260bf21b5409c8ebd429b9315d9b11ddf62
a3aad02752de0619,Oatly-Oat-Milk,val,GroceryStoreDataset_Klasson2019,NON_INDIAN,INTERNATIONAL_PACKAGING_FOUNDATION,natural,348,348,ae3a18d27b22905c6a35f8e5c46c013135b134efe427ce19fbbd63b3b224690b
7539ee286ea8d8c9,Oatly-Oat-Milk,val,GroceryStoreDataset_Klasson2019,NON_INDIAN,INTERNATIONAL_PACKAGING_FOUNDATION,natural,348,348,ba17f98c8d121a8f6d349ea2889546163c1f6ece2538f7bf25bf1c602b5b8667
ff0cbe6911781040,Oatly-Natural-Oatghurt,test,GroceryStoreDataset_Klasson2019,NON_INDIAN,INTERNATIONAL_PACKAGING_FOUNDATION,natural,348,348,d8ddb70aa4a5447ecf4a816ac9417cffc79bf06b8fca112fda5b7416c97ed44f
abc61d4fc9a6cec8,Oatly-Natural-Oatghurt,test,GroceryStoreDataset_Klasson2019,NON_INDIAN,INTERNATIONAL_PACKAGING_FOUNDATION,natural,348,348,45b0cbe8bc9a8b7ab786fe6b93830c26f400f7bda25018f110d2689a09d12a6f
a16bee7aedadf679,Oatly-Natural-Oatghurt,test,GroceryStoreDataset_Klasson2019,NON_INDIAN,INTERNATIONAL_PACKAGING_FOUNDATION,natural,348,348,fcc82888c2b357a809bafc61dab85fccd349a6f0cfd2f3e07a96e972c24e290d
08de4876c8600e15,Oatly-Natural-Oatghurt,test,GroceryStoreDataset_Klasson2019,NON_INDIAN,INTERNATIONAL_PACKAGING_FOUNDATION,natural,348,348,f1fa7065ff7db2c8d4fb799bb46996299b8231529b02d2182614b8f8bc58f2d8
60b9aaf586c0ad94,Oatly-Natural-Oatghurt,test,GroceryStoreDataset_Klasson2019,NON_INDIAN,INTERNATIONAL_PACKAGING_FOUNDATION,natural,348,348,12a623098e587f573a792297a4bf88036466e402af24da8731f85d6347d6f15f
fe18416273c683cb,God-Morgon-Orange-Red-Grapefruit-Juice,train,GroceryStoreDataset_Klasson2019,NON_INDIAN,INTERNATIONAL_PACKAGING_FOUNDATION,natural,348,348,9b0722313c22d735cb95da08c8055917b52f46ec32e38c8f7f91637fd1528e99
ebd4d118ea69411b,God-Morgon-Orange-Red-Grapefruit-Juice,train,GroceryStoreDataset_Klasson2019,NON_INDIAN,INTERNATIONAL_PACKAGING_FOUNDATION,natural,348,348,04c7eb4102d97031d2c61086cdb0464be1d53b5b1fd83aa90048d471063059a8
97cb0f7b43a3297f,God-Morgon-Orange-Red-Grapefruit-Juice,train,GroceryStoreDataset_Klasson2019,NON_INDIAN,INTERNATIONAL_PACKAGING_FOUNDATION,natural,348,348,d9a6fc701c6802411851cc718b106c81b98726b78ced64bd68601eec7430a7f7
f21880d78a3389b5,God-Morgon-Orange-Red-Grapefruit-Juice,train,GroceryStoreDataset_Klasson2019,NON_INDIAN,INTERNATIONAL_PACKAGING_FOUNDATION,natural,348,348,f7bc4be26d73872af56d07102b56ed5779b5b8fe44b577e8ac386b0a38a532fe
c5515f07151f776c,God-Morgon-Orange-Red-Grapefruit-Juice,train,GroceryStoreDataset_Klasson2019,NON_INDIAN,INTERNATIONAL_PACKAGING_FOUNDATION,natural,348,348,a1646a2d5ce6702e7e312c505206771d992c18df919b1a78f2f270340c28e781
26d1ef8c523b48be,God-Morgon-Orange-Red-Grapefruit-Juice,train,GroceryStoreDataset_Klasson2019,NON_INDIAN,INTERNATIONAL_PACKAGING_FOUNDATION,natural,348,348,1226d70492ade8f1d4ad89e5e05f28958bbdc93553bd5f9708cc1e20ce205e2e
865e6f71f9610152,Bravo-Apple-Juice,train,GroceryStoreDataset_Klasson2019,NON_INDIAN,INTERNATIONAL_PACKAGING_FOUNDATION,natural,348,348,f176237433a39ec4cf218dc33e59442bf4e346446fbe0c69d84df0618c094a7c
24df9b07e9db4773,Bravo-Apple-Juice,train,GroceryStoreDataset_Klasson2019,NON_INDIAN,INTERNATIONAL_PACKAGING_FOUNDATION,natural,348,348,fddf263f5a060c9137a742f7e8b721cb440c069d5b6c6d3341b46a24f1590680
a65f9d39cf97e8bb,Bravo-Apple-Juice,train,GroceryStoreDataset_Klasson2019,NON_INDIAN,INTERNATIONAL_PACKAGING_FOUNDATION,natural,348,348,5562c2d061798479d3d0c5b806d7203227c3959617d6f88c8a2421adcc6413af
2541f66d354ae950,Bravo-Apple-Juice,train,GroceryStoreDataset_Klasson2019,NON_INDIAN,INTERNATIONAL_PACKAGING_FOUNDATION,natural,348,348,b55aa6931043966825e16794f481cfbceb62ba01059b906066fac56ab8717f89
b10c1050da8e0d42,Bravo-Orange-Juice,train,GroceryStoreDataset_Klasson2019,NON_INDIAN,INTERNATIONAL_PACKAGING_FOUNDATION,natural,348,348,6ce02f53c2dbe8e2b39944f6cae8f73ab4ce5c2661a3b6147c54729af66f11c8
a6bcd5149a108a86,Bravo-Orange-Juice,train,GroceryStoreDataset_Klasson2019,NON_INDIAN,INTERNATIONAL_PACKAGING_FOUNDATION,natural,348,348,674a95561f697cd5329348ead5cd9b9e8161847a7e678326e7cbee109b7d8fed
a000eb62708f8fbe,Bravo-Orange-Juice,train,GroceryStoreDataset_Klasson2019,NON_INDIAN,INTERNATIONAL_PACKAGING_FOUNDATION,natural,348,348,adae322b9bcf0d0736cf1a8a888567367dac94c2b9adc1e75712fa13e704fba4
30c33e0f3bd3eb20,Bravo-Orange-Juice,train,GroceryStoreDataset_Klasson2019,NON_INDIAN,INTERNATIONAL_PACKAGING_FOUNDATION,natural,348,348,926d3f2ede21ada4a7b0d7dd60ee9ac878403a3d1eb496e603e63d2314d4600c
a09bb71b2b3571a4,Bravo-Orange-Juice,train,GroceryStoreDataset_Klasson2019,NON_INDIAN,INTERNATIONAL_PACKAGING_FOUNDATION,natural,348,348,a0c3807bdf32015a168ba9d8a1f538b6ad0f31b38248a05f35a56d107d2d7f7e
58feffbd0da540cf,God-Morgon-Orange-Juice,test,GroceryStoreDataset_Klasson2019,NON_INDIAN,INTERNATIONAL_PACKAGING_FOUNDATION,natural,348,348,c8dd52bc9e72c74d6b54e11b36ba037272fcfeead41e0015402b888320c9bca0
bf2db7bcce9248c9,God-Morgon-Orange-Juice,test,GroceryStoreDataset_Klasson2019,NON_INDIAN,INTERNATIONAL_PACKAGING_FOUNDATION,natural,348,348,6732a659bb1611da1bf5b375ba7a33069cec5fb2e6de55110640d5d4027f5c37
a2c4e94746bde330,God-Morgon-Orange-Juice,test,GroceryStoreDataset_Klasson2019,NON_INDIAN,INTERNATIONAL_PACKAGING_FOUNDATION,natural,348,348,205d2d696e6681d16f853a11c6bc6255490c6d8132efc4465b1fb0914ebb2e6f
8f0dd6213391a088,God-Morgon-Orange-Juice,test,GroceryStoreDataset_Klasson2019,NON_INDIAN,INTERNATIONAL_PACKAGING_FOUNDATION,natural,348,348,8bd340ca8f6390a0623f5a572cff0aac9ccc9b34068e566df301c455722272d7
4d21c93199d40e36,God-Morgon-Orange-Juice,test,GroceryStoreDataset_Klasson2019,NON_INDIAN,INTERNATIONAL_PACKAGING_FOUNDATION,natural,348,348,a226dc33b7303f92269149a07aa5f8ab06fc97aa7a42766b72d1cd696c27a215
73ebc5eeb4006a8b,God-Morgon-Apple-Juice,val,GroceryStoreDataset_Klasson2019,NON_INDIAN,INTERNATIONAL_PACKAGING_FOUNDATION,natural,348,348,f5051455b059d45a0f0b55c3779412ccfc35590984aa1d89d5c3e8dcdc5e6cec
3a2a58a7e861c618,God-Morgon-Apple-Juice,val,GroceryStoreDataset_Klasson2019,NON_INDIAN,INTERNATIONAL_PACKAGING_FOUNDATION,natural,348,348,4165c3084c36a0603cca6168952308360637c0d178f827f4c804356dd3991c9b
9c32d1ebf7a16aeb,God-Morgon-Apple-Juice,val,GroceryStoreDataset_Klasson2019,NON_INDIAN,INTERNATIONAL_PACKAGING_FOUNDATION,natural,348,348,d67c4857ff48a123fb8219910b86e81f510015827a4a210b24f21ebea39760dd
b5e28659aff3b7c2,God-Morgon-Apple-Juice,val,GroceryStoreDataset_Klasson2019,NON_INDIAN,INTERNATIONAL_PACKAGING_FOUNDATION,natural,348,348,db2e25d2107e8bae26584cee6197861e8997b42695a85fa94b17d34f9d3539b5
c09ec28ba34cbfa6,God-Morgon-Apple-Juice,val,GroceryStoreDataset_Klasson2019,NON_INDIAN,INTERNATIONAL_PACKAGING_FOUNDATION,natural,348,348,b1622bd1bfcf1f0c1b4b1bf9e6a4007c45c0051ee964985f708d04be15556268
147ff878fd2b1389,God-Morgon-Red-Grapefruit-Juice,train,GroceryStoreDataset_Klasson2019,NON_INDIAN,INTERNATIONAL_PACKAGING_FOUNDATION,natural,348,348,628165a9450f6c0e35786d31cc955ad39ff0748a45f57e5d10e7f98c80e168de
ce6de22d7aea4f32,God-Morgon-Red-Grapefruit-Juice,train,GroceryStoreDataset_Klasson2019,NON_INDIAN,INTERNATIONAL_PACKAGING_FOUNDATION,natural,348,348,b109012b3d6fb0848feaf1256a667b17337d024204b1c6978b20f865a416b840
23276f217675ee9e,God-Morgon-Red-Grapefruit-Juice,train,GroceryStoreDataset_Klasson2019,NON_INDIAN,INTERNATIONAL_PACKAGING_FOUNDATION,natural,348,348,f6b933f566bfbf63044785c89036542f38553fc59db6c651b27ac6ac820fcf6b
b10c6b1b5ef5bf25,God-Morgon-Red-Grapefruit-Juice,train,GroceryStoreDataset_Klasson2019,NON_INDIAN,INTERNATIONAL_PACKAGING_FOUNDATION,natural,348,348,8819d1f20dc7a3345bc73bc996bfdba1cebf50fd93b06bfdc7b868f715a726bf
db37fcc9529c9f27,Alpro-Blueberry-Soyghurt,train,GroceryStoreDataset_Klasson2019,NON_INDIAN,INTERNATIONAL_PACKAGING_FOUNDATION,natural,348,348,32158bbb4f6731c786dd8d3d06338793eb3f321b7f9dadb220b634a49cb209b3
fcefc5b1c67b4fcd,Alpro-Blueberry-Soyghurt,train,GroceryStoreDataset_Klasson2019,NON_INDIAN,INTERNATIONAL_PACKAGING_FOUNDATION,natural,348,348,f4f64f4cb4de0a3bc6b9ebd477e8aa14983c573778ed4d6454ee89f3fd4b18f2
b7025772d87c6f11,Alpro-Blueberry-Soyghurt,train,GroceryStoreDataset_Klasson2019,NON_INDIAN,INTERNATIONAL_PACKAGING_FOUNDATION,natural,348,348,3a36ade41cbb444c3376d5dd4b03854dc7aaf256364898327800e050b41f0cb4
9cb90c1cff171570,Alpro-Blueberry-Soyghurt,train,GroceryStoreDataset_Klasson2019,NON_INDIAN,INTERNATIONAL_PACKAGING_FOUNDATION,natural,348,348,1037ef35bda2fa99fff8f05e80984af303d17b0cad9ae34231e8e7e6c584d741
969c51608ac88f68,Alpro-Blueberry-Soyghurt,train,GroceryStoreDataset_Klasson2019,NON_INDIAN,INTERNATIONAL_PACKAGING_FOUNDATION,natural,348,348,b58bc24b45b1ae58f4d9d230dec30d382d76ae4905a127a228b8a2cdcc31159a
6a159a78cf342cb9,Alpro-Vanilla-Soyghurt,train,GroceryStoreDataset_Klasson2019,NON_INDIAN,INTERNATIONAL_PACKAGING_FOUNDATION,natural,348,348,f68584265b1491addd907afe80cc523ca4f8742cc854abf2ff43fd6f9843e77a
540596185451f5fc,Alpro-Vanilla-Soyghurt,train,GroceryStoreDataset_Klasson2019,NON_INDIAN,INTERNATIONAL_PACKAGING_FOUNDATION,natural,348,348,99fa42323080fda3b3efe176b193a4728db43ce49ad0efe33e7df6ea88328896
afb85c3050d5ec3f,Alpro-Vanilla-Soyghurt,train,GroceryStoreDataset_Klasson2019,NON_INDIAN,INTERNATIONAL_PACKAGING_FOUNDATION,natural,348,348,2e2c4e28edb536d926334e6d1d5b6fb18eadd8c5090e99af2fd87e0ab6b8318b
9ec54b4e119fdd9c,Alpro-Vanilla-Soyghurt,train,GroceryStoreDataset_Klasson2019,NON_INDIAN,INTERNATIONAL_PACKAGING_FOUNDATION,natural,348,348,5099f2ba0c4bb403410aa253c4c2cd80bfdde7dfe7683b013c542cfb3ae4e028
1016720c2e6f8fd0,Alpro-Vanilla-Soyghurt,train,GroceryStoreDataset_Klasson2019,NON_INDIAN,INTERNATIONAL_PACKAGING_FOUNDATION,natural,348,348,b32300e1d26f322aaa4a1208b29c6078df6603cf7da53a3b7b6d8f33ff34a134
a346ba67f470d05c,Arla-Sour-Cream,val,GroceryStoreDataset_Klasson2019,NON_INDIAN,INTERNATIONAL_PACKAGING_FOUNDATION,natural,348,348,da562190a77d92ea5bc9683532fbc1573f1dc37de7448b53942238644ac8dce7
f7d5984054ea27bc,Arla-Sour-Cream,val,GroceryStoreDataset_Klasson2019,NON_INDIAN,INTERNATIONAL_PACKAGING_FOUNDATION,natural,348,348,c1b2881802acbeb45db82552067d3ad9b76a949e14d736895fb380a3b8ba253d
378924b561104823,Arla-Sour-Cream,val,GroceryStoreDataset_Klasson2019,NON_INDIAN,INTERNATIONAL_PACKAGING_FOUNDATION,natural,348,348,f54bd3e8f8b5a11bbb9f5f23af9b32119d55c739f5cf299d5c4d6af7592d0170
636f4d10141205a2,Arla-Sour-Cream,val,GroceryStoreDataset_Klasson2019,NON_INDIAN,INTERNATIONAL_PACKAGING_FOUNDATION,natural,348,348,361dbeb8d9ebbe925978d3f50ef7c2dc14bc8970bbf56dad02e8d603b89e4059
4248e256444989f9,Arla-Sour-Cream,val,GroceryStoreDataset_Klasson2019,NON_INDIAN,INTERNATIONAL_PACKAGING_FOUNDATION,natural,348,348,5436d14ca6329fe62cf56f00b39a7440592b3fda0354247bb7e9fd4e6f3e0b56
4819d4e7f6100f86,Garant-Ecological-Standard-Milk,test,GroceryStoreDataset_Klasson2019,NON_INDIAN,INTERNATIONAL_PACKAGING_FOUNDATION,natural,348,348,dabec3a7533d2439c9f6cf5246086a0525f7f017c6eb53e0366ea33b4add7f09
22d94b732f96e7e4,Garant-Ecological-Standard-Milk,test,GroceryStoreDataset_Klasson2019,NON_INDIAN,INTERNATIONAL_PACKAGING_FOUNDATION,natural,348,348,9fd7ec2e21701ef7277d5ad6cdd84f90193bafd0412da543ef0697ffc5349486
f51b3b2ea8d7af57,Garant-Ecological-Standard-Milk,test,GroceryStoreDataset_Klasson2019,NON_INDIAN,INTERNATIONAL_PACKAGING_FOUNDATION,natural,348,348,2524a699ea6e65223f9f77e42b98c3665399e77c1a192bf9c658641a478a4374
67bdbdc905ff59e8,Garant-Ecological-Standard-Milk,test,GroceryStoreDataset_Klasson2019,NON_INDIAN,INTERNATIONAL_PACKAGING_FOUNDATION,natural,348,348,e4e4a34e3d8f4c7a9865b2fd18ab5f0f6832813363e13b3fcd6ebfdb96f68edd
543ad8060bd4b4ee,Garant-Ecological-Standard-Milk,test,GroceryStoreDataset_Klasson2019,NON_INDIAN,INTERNATIONAL_PACKAGING_FOUNDATION,natural,348,348,d718c2cfdde64123c7f966d0c576fed82bbea376ef37530ee400230725ab1596
533ff4becdeba124,Garant-Ecological-Standard-Milk,test,GroceryStoreDataset_Klasson2019,NON_INDIAN,INTERNATIONAL_PACKAGING_FOUNDATION,natural,348,348,457e40c52d5b7f01d329823b60e09958555996a28e5b9e4275a5d311db37843a
5513898a60a11504,Garant-Ecological-Medium-Fat-Milk,train,GroceryStoreDataset_Klasson2019,NON_INDIAN,INTERNATIONAL_PACKAGING_FOUNDATION,natural,348,348,26ab4039914b0308e8197142945cf04833aada356fe4413fe66d642f5fa08fec
a40a94dfaa6cb270,Garant-Ecological-Medium-Fat-Milk,train,GroceryStoreDataset_Klasson2019,NON_INDIAN,INTERNATIONAL_PACKAGING_FOUNDATION,natural,348,348,4e551b43eca22550bad83c415398ff6830dba88735427a6f6549055431eac99e
ce41dc0dcdba39dc,Garant-Ecological-Medium-Fat-Milk,train,GroceryStoreDataset_Klasson2019,NON_INDIAN,INTERNATIONAL_PACKAGING_FOUNDATION,natural,348,348,c2cb99410e2d3b67ba63f5a2c15139f3f793d25f52a31ce3fa42e621fd2698b4
60b73558961ff4a9,Garant-Ecological-Medium-Fat-Milk,train,GroceryStoreDataset_Klasson2019,NON_INDIAN,INTERNATIONAL_PACKAGING_FOUNDATION,natural,348,348,d13a9a9bfbeb866e224e8321b8117b50eb6d9b121ec0afcf0f9e2783101825d7
1acd5b38400684e8,Garant-Ecological-Medium-Fat-Milk,train,GroceryStoreDataset_Klasson2019,NON_INDIAN,INTERNATIONAL_PACKAGING_FOUNDATION,natural,348,348,df49b37415665d5427e74e5bee2a1c0feb31cd8de2ddf2e35ad06a400cae3faf
fc1984666a461ef6,Garant-Ecological-Medium-Fat-Milk,train,GroceryStoreDataset_Klasson2019,NON_INDIAN,INTERNATIONAL_PACKAGING_FOUNDATION,natural,348,348,ee87a87d0c38ff7db606ebb482245f0a4114bc3c3cf879aa69a7777338bd5073
31220998c48ae828,Arla-Standard-Milk,train,GroceryStoreDataset_Klasson2019,NON_INDIAN,INTERNATIONAL_PACKAGING_FOUNDATION,natural,348,348,1259508b138eeb1a6cbdcd3dbc247fdb09d9340f70d29e21faf70ef24dfbbb54
ebca9d3f9dc0c1f0,Arla-Standard-Milk,train,GroceryStoreDataset_Klasson2019,NON_INDIAN,INTERNATIONAL_PACKAGING_FOUNDATION,natural,348,348,698320611fba4527c26a430acd213dc65d0f717da77a29d1d2bf2f765f8ef1fc
28b22da94b9cbcf0,Arla-Standard-Milk,train,GroceryStoreDataset_Klasson2019,NON_INDIAN,INTERNATIONAL_PACKAGING_FOUNDATION,natural,348,348,477d256d609b33a2f7aff168d3c31619f89afdb0442a843c70915e70eb542981
fe73176bac07cbe9,Arla-Standard-Milk,train,GroceryStoreDataset_Klasson2019,NON_INDIAN,INTERNATIONAL_PACKAGING_FOUNDATION,natural,348,348,8cc80065977a656abe3e734756e0c84d9f976362053f983e4d34558d6b0c4269
78793e95b666e159,Arla-Standard-Milk,train,GroceryStoreDataset_Klasson2019,NON_INDIAN,INTERNATIONAL_PACKAGING_FOUNDATION,natural,348,348,0a3bd8edacc31a45ae55e898a2c45c1b26c1a94e57d54ed797268090093aae97
8e1911ea41561fb7,Arla-Ecological-Medium-Fat-Milk,train,GroceryStoreDataset_Klasson2019,NON_INDIAN,INTERNATIONAL_PACKAGING_FOUNDATION,natural,348,348,5123d58ef5dba01193136b177e45eb6e2fe13b5903afcc3bf7a765c750712275
c6f91bcfa47c8671,Arla-Ecological-Medium-Fat-Milk,train,GroceryStoreDataset_Klasson2019,NON_INDIAN,INTERNATIONAL_PACKAGING_FOUNDATION,natural,348,348,c3e59d2dd4f1f025b6312be745134d55c7dacc2574960c3aea7d7b794ebff994
6246995ffc2f8717,Arla-Ecological-Medium-Fat-Milk,train,GroceryStoreDataset_Klasson2019,NON_INDIAN,INTERNATIONAL_PACKAGING_FOUNDATION,natural,348,348,519ffdae076975d4b28920e9aeb4327730a4a9488c77f04692f710d54133bd3d
ccf786ca2c0a73ed,Arla-Ecological-Medium-Fat-Milk,train,GroceryStoreDataset_Klasson2019,NON_INDIAN,INTERNATIONAL_PACKAGING_FOUNDATION,natural,348,348,09e3bb602d62b65682031bd61f12eb9f0ad6c90911c9afd746f774369c664534
884436c95a0ecd7b,Arla-Ecological-Medium-Fat-Milk,train,GroceryStoreDataset_Klasson2019,NON_INDIAN,INTERNATIONAL_PACKAGING_FOUNDATION,natural,348,348,c0ff91372a590d8a5ac36f441fb293bbdb9c709d9f198999039936471b66e547
33aec9b84c7bbba8,Arla-Medium-Fat-Milk,train,GroceryStoreDataset_Klasson2019,NON_INDIAN,INTERNATIONAL_PACKAGING_FOUNDATION,natural,348,348,1e3dc86c4aa2a7c47f13871ccb8dc2f37693b721f5b2bba11e234d69d8b67298
6c70e6075de16123,Arla-Medium-Fat-Milk,train,GroceryStoreDataset_Klasson2019,NON_INDIAN,INTERNATIONAL_PACKAGING_FOUNDATION,natural,348,348,c21ad1763a70603df23857d582bed495629ef48c17cc3a4408af2c92a858977f
5c637ebb9de25da7,Arla-Medium-Fat-Milk,train,GroceryStoreDataset_Klasson2019,NON_INDIAN,INTERNATIONAL_PACKAGING_FOUNDATION,natural,348,348,aca01d5048bd8618f4353064b4afb5c98237a92eb8f8473eed7bf65b284e89e3
9bf1d759236d895a,Arla-Medium-Fat-Milk,train,GroceryStoreDataset_Klasson2019,NON_INDIAN,INTERNATIONAL_PACKAGING_FOUNDATION,natural,348,348,e1c0c8d67e964d879fcd47d3936e9f599663fa6d3c1805920dbcbcd1f6d229f4
f695aab8c1e7571e,Valio-Vanilla-Yoghurt,train,GroceryStoreDataset_Klasson2019,NON_INDIAN,INTERNATIONAL_PACKAGING_FOUNDATION,natural,348,348,c6a83d9f026788e8fbd560b329835a9c298858bb2c5231927ba1708f59789737
e543fbc853095dda,Valio-Vanilla-Yoghurt,train,GroceryStoreDataset_Klasson2019,NON_INDIAN,INTERNATIONAL_PACKAGING_FOUNDATION,natural,348,348,bf1b463d3d139ffb15af1765ebf5db2ef4ec2cbae321096757362b9fffef788a
9743facee1fd48d4,Valio-Vanilla-Yoghurt,train,GroceryStoreDataset_Klasson2019,NON_INDIAN,INTERNATIONAL_PACKAGING_FOUNDATION,natural,348,348,b4aa67673fd3851987ea5365b11f31e829e301a3d670fbc86e4387c320a2fe2a
beaaf078449a2556,Valio-Vanilla-Yoghurt,train,GroceryStoreDataset_Klasson2019,NON_INDIAN,INTERNATIONAL_PACKAGING_FOUNDATION,natural,348,348,73b31b1c245804595a3ff0c84b835423bd427801b2b6bdabbac4baa62066920f
d7c4d15133ebb472,Valio-Vanilla-Yoghurt,train,GroceryStoreDataset_Klasson2019,NON_INDIAN,INTERNATIONAL_PACKAGING_FOUNDATION,natural,348,348,6e534756d2c75c92182827952d17ce8d1183c74ef948d6d71ff32bbf1c0086d9
eee5bf6e5e7d47a0,Yoggi-Strawberry-Yoghurt,test,GroceryStoreDataset_Klasson2019,NON_INDIAN,INTERNATIONAL_PACKAGING_FOUNDATION,natural,348,348,b0f91a297a67ea6a7117d4f8c1c4707a6a84ca9f8ecea34ffe5dccc7c45c9965
47adf9e686a57f9a,Yoggi-Strawberry-Yoghurt,test,GroceryStoreDataset_Klasson2019,NON_INDIAN,INTERNATIONAL_PACKAGING_FOUNDATION,natural,348,348,7afa0271dd1247a4bcdeebb2bf496ea4a571603a766e7846224487e1f427a11c
79d66171984955f6,Yoggi-Strawberry-Yoghurt,test,GroceryStoreDataset_Klasson2019,NON_INDIAN,INTERNATIONAL_PACKAGING_FOUNDATION,natural,348,348,37f2ab9293a5cdf21a721b55ced36adddf0b27da33620ab3bcfc94ed879cc219
0abc155277a2699b,Yoggi-Strawberry-Yoghurt,test,GroceryStoreDataset_Klasson2019,NON_INDIAN,INTERNATIONAL_PACKAGING_FOUNDATION,natural,348,348,29b8e66571b5ef6e718f082f0ff1d8cd8acddb96c0d640a2b4fe42c1b5c3516e
5c4ef2599b315970,Yoggi-Strawberry-Yoghurt,test,GroceryStoreDataset_Klasson2019,NON_INDIAN,INTERNATIONAL_PACKAGING_FOUNDATION,natural,348,348,1a7b090b6fe13d8a35e5c67c4e493e86b116fe554eb7732cc7c8cede11a77369
0ac097a6f9f18008,Yoggi-Vanilla-Yoghurt,train,GroceryStoreDataset_Klasson2019,NON_INDIAN,INTERNATIONAL_PACKAGING_FOUNDATION,natural,348,348,9028e339d5894f6819fa0475b1c582fd1b256cd457db09c67b77b29b46f2e5ed
5b71da079947f91a,Yoggi-Vanilla-Yoghurt,train,GroceryStoreDataset_Klasson2019,NON_INDIAN,INTERNATIONAL_PACKAGING_FOUNDATION,natural,348,348,066e5ed018d26b4842b669d5969cb185dd21c529450d63bdea4b23f1f98270df
345361747577b6a6,Yoggi-Vanilla-Yoghurt,train,GroceryStoreDataset_Klasson2019,NON_INDIAN,INTERNATIONAL_PACKAGING_FOUNDATION,natural,348,348,8badaf5ec1bda8392c4b4143e29c671c249940c3263c4db6991228d2ab648318
3e8d5882abad8988,Yoggi-Vanilla-Yoghurt,train,GroceryStoreDataset_Klasson2019,NON_INDIAN,INTERNATIONAL_PACKAGING_FOUNDATION,natural,348,348,805f7f0128042189ea594f5d0eb6915081441f93ce5d9cd9ccb45b3e3fe0e242
c0b52dff3de2b75b,Yoggi-Vanilla-Yoghurt,train,GroceryStoreDataset_Klasson2019,NON_INDIAN,INTERNATIONAL_PACKAGING_FOUNDATION,natural,348,348,1f28af97d64bb4c11af9cd14f3c806d7fc8b713cf317cfe0180dc9c9c493cf41
b765dd073213e6ca,Arla-Mild-Vanilla-Yoghurt,train,GroceryStoreDataset_Klasson2019,NON_INDIAN,INTERNATIONAL_PACKAGING_FOUNDATION,natural,348,348,6cd7403ec32c69c343f27220f7c752d0e6dd53fc42663acfa19b0e6f3ca61c4e
05dadc9c57e3eb13,Arla-Mild-Vanilla-Yoghurt,train,GroceryStoreDataset_Klasson2019,NON_INDIAN,INTERNATIONAL_PACKAGING_FOUNDATION,natural,348,348,dda1e092b9505d014354b37d8d2958fb6395e602a5f13a64782ded95be4800e6
67ef5225241207a1,Arla-Mild-Vanilla-Yoghurt,train,GroceryStoreDataset_Klasson2019,NON_INDIAN,INTERNATIONAL_PACKAGING_FOUNDATION,natural,348,348,b12ad54ddf3ed4ee9356ffde90cf8e5c805420a89c2402955100e7f84e1ea177
43f8125539da9eaa,Arla-Mild-Vanilla-Yoghurt,train,GroceryStoreDataset_Klasson2019,NON_INDIAN,INTERNATIONAL_PACKAGING_FOUNDATION,natural,348,348,04f2abd59cdd1f8e9cbe4acde9ec5a503ba2fb599dd739196cea3cb025c362d3
ddc01cb1905f64fc,Arla-Mild-Vanilla-Yoghurt,train,GroceryStoreDataset_Klasson2019,NON_INDIAN,INTERNATIONAL_PACKAGING_FOUNDATION,natural,348,348,5d05f3882b59c590a1e755f3e3ac8ca888f86949bc3bc3e78aa1ffd49a690988
82effa9a85a968e3,Oatly-Oat-Milk,val,GroceryStoreDataset_Klasson2019,NON_INDIAN,INTERNATIONAL_PACKAGING_FOUNDATION,natural,348,348,bd72df636a6c94f1ca2b78f55e05824102b7e473dfa06cdeb56beb72e3630600
b53ebe9b61c2c369,Oatly-Oat-Milk,val,GroceryStoreDataset_Klasson2019,NON_INDIAN,INTERNATIONAL_PACKAGING_FOUNDATION,natural,348,348,2c3bd8ce29fc55bbe2fabd3de80111cdaa597fdc4068c7f41a8e2d4ea2a3b52d
8516e2dd4a37bb29,Oatly-Oat-Milk,val,GroceryStoreDataset_Klasson2019,NON_INDIAN,INTERNATIONAL_PACKAGING_FOUNDATION,natural,348,348,81c7cf0a673f68e590332febbe7cf684aba510cb12152b6a03278128176e52ac
c573b86c4315880c,Oatly-Oat-Milk,val,GroceryStoreDataset_Klasson2019,NON_INDIAN,INTERNATIONAL_PACKAGING_FOUNDATION,natural,348,348,026ab20aeb4b878e09c5616a32bf5616e4631fcfa87d0688fcb7681943847268
b19e5d3f3f3a0740,Oatly-Oat-Milk,val,GroceryStoreDataset_Klasson2019,NON_INDIAN,INTERNATIONAL_PACKAGING_FOUNDATION,natural,348,348,b0e0a485d490743ce381d8b82b46081312518c0e01752f52f2b798540ad4b37c
87fed196dc21698b,Oatly-Natural-Oatghurt,test,GroceryStoreDataset_Klasson2019,NON_INDIAN,INTERNATIONAL_PACKAGING_FOUNDATION,natural,348,348,fd90fbacf8a1829c660cd04abe16c9511918f7ec4cd8512f5287ba8a8d156abb
98e967b416dd3794,Oatly-Natural-Oatghurt,test,GroceryStoreDataset_Klasson2019,NON_INDIAN,INTERNATIONAL_PACKAGING_FOUNDATION,natural,348,348,cd9facc89c60afc49f208118389792c6bd1041891b02eb608cac61268efa62d4
cae81a4c283d226b,Oatly-Natural-Oatghurt,test,GroceryStoreDataset_Klasson2019,NON_INDIAN,INTERNATIONAL_PACKAGING_FOUNDATION,natural,348,348,6e95d1cb8aab255903946f836cf0f4a0940f4381830290f212638fce47ea3930
3064af282bd73d27,Oatly-Natural-Oatghurt,test,GroceryStoreDataset_Klasson2019,NON_INDIAN,INTERNATIONAL_PACKAGING_FOUNDATION,natural,348,348,76a406ee60633d9183f374f07d0a53c4b2afeb80aec7288f4526f0ce79a04fad
0dfde3f68482156b,Oatly-Natural-Oatghurt,test,GroceryStoreDataset_Klasson2019,NON_INDIAN,INTERNATIONAL_PACKAGING_FOUNDATION,natural,348,348,19a673c9b53d28620bad49eaac1e98d2b017a861fe0db0e0c74b5a1f6117f422
045bf34fb8c12379,Oatly-Natural-Oatghurt,test,GroceryStoreDataset_Klasson2019,NON_INDIAN,INTERNATIONAL_PACKAGING_FOUNDATION,natural,348,348,8074b20258227d571900018290c48564f3c496345b5ac34e5531460627c8bae5
904a4c646122a59a,Oatly-Natural-Oatghurt,test,GroceryStoreDataset_Klasson2019,NON_INDIAN,INTERNATIONAL_PACKAGING_FOUNDATION,natural,348,348,fcad4448c3fa3e6c4248efd3286ba1706d5e3fbceaae4036c9d81debf16759d7
1ec80adf658f53a2,Oatly-Natural-Oatghurt,test,GroceryStoreDataset_Klasson2019,NON_INDIAN,INTERNATIONAL_PACKAGING_FOUNDATION,natural,348,348,57c5b98a933e65169106b4d509ad2f3eac76be9b9dc9d52a9a81f34dc59950c8
a30484a3f009a662,Oatly-Natural-Oatghurt,test,GroceryStoreDataset_Klasson2019,NON_INDIAN,INTERNATIONAL_PACKAGING_FOUNDATION,natural,348,348,bc7e10c528881bbf79dfcb165635b572cacd5ad2152f0086a7684d6be1f4e0a7
69d7351b75950fec,Oatly-Natural-Oatghurt,test,GroceryStoreDataset_Klasson2019,NON_INDIAN,INTERNATIONAL_PACKAGING_FOUNDATION,natural,348,348,141205a129b14e8211d2c3725ab12ca848371771bd90e6ec061fac20c35be846
d4909c17f1c997f9,Oatly-Natural-Oatghurt,test,GroceryStoreDataset_Klasson2019,NON_INDIAN,INTERNATIONAL_PACKAGING_FOUNDATION,natural,348,348,8ab3715dc753f716dd41c75227eb7ea033d2651d120ee3876dda3ae88e3cc478
40b5cb01658703a7,Oatly-Natural-Oatghurt,test,GroceryStoreDataset_Klasson2019,NON_INDIAN,INTERNATIONAL_PACKAGING_FOUNDATION,natural,348,348,d004d6cedd74dcba8d318a5048a50cb535e62c5a4db4895e08c00bd673df3aa8
22a9b3d9099d8db1,Oatly-Natural-Oatghurt,test,GroceryStoreDataset_Klasson2019,NON_INDIAN,INTERNATIONAL_PACKAGING_FOUNDATION,natural,348,348,03fa7cdca409435c59f8d714281f54aff7a3400e958816e63e412b5686105e2d
d057b8cb8a7f48b1,Oatly-Natural-Oatghurt,test,GroceryStoreDataset_Klasson2019,NON_INDIAN,INTERNATIONAL_PACKAGING_FOUNDATION,natural,348,348,6c00a6da9a37695968805e9886b881ddb3e8ccb49bb0d1d243394d00634b4989
befde77bc48009bb,Oatly-Natural-Oatghurt,test,GroceryStoreDataset_Klasson2019,NON_INDIAN,INTERNATIONAL_PACKAGING_FOUNDATION,natural,348,348,75cf93486035d680466becbbf01a89ceba036c5db8b2281a4542d3acb9939bda
b9b3fe10a9af2112,Oatly-Natural-Oatghurt,test,GroceryStoreDataset_Klasson2019,NON_INDIAN,INTERNATIONAL_PACKAGING_FOUNDATION,natural,348,348,070c952ab58ecc5303b6675f351549063be3bc2fb3bddeb1588447d55ffcb0eb
52898617bc5d38a0,Oatly-Natural-Oatghurt,test,GroceryStoreDataset_Klasson2019,NON_INDIAN,INTERNATIONAL_PACKAGING_FOUNDATION,natural,348,348,1752bf940ad86f401670367fe0addf55874648f2d9405b187ddcaf8b68f219be
d9c3961ddd6fd3c6,Oatly-Natural-Oatghurt,test,GroceryStoreDataset_Klasson2019,NON_INDIAN,INTERNATIONAL_PACKAGING_FOUNDATION,natural,348,348,238d4f3ee8ef1969c5d78eb5c11c430c13b19d7d6d89ee17304696342977fde2
b72d4d26b60d95e1,Oatly-Natural-Oatghurt,test,GroceryStoreDataset_Klasson2019,NON_INDIAN,INTERNATIONAL_PACKAGING_FOUNDATION,natural,348,348,d9857641278bc9fe24bc96e4a0d8d9afd299b2c9dbca974761576ea204a6243e
39340aacf4b80bb9,Oatly-Natural-Oatghurt,test,GroceryStoreDataset_Klasson2019,NON_INDIAN,INTERNATIONAL_PACKAGING_FOUNDATION,natural,348,348,735cde4da19983a02cd82e03094510c55ce406b2345466e10d932a7bf1717c28
c592c18093d33246,Oatly-Natural-Oatghurt,test,GroceryStoreDataset_Klasson2019,NON_INDIAN,INTERNATIONAL_PACKAGING_FOUNDATION,natural,348,348,4723d96fa6134f3d79d60bd3e6e48509fcdc5c56f3c16ff9262eaab7b2fbe44d
2b79d7c1132600ef,Oatly-Natural-Oatghurt,test,GroceryStoreDataset_Klasson2019,NON_INDIAN,INTERNATIONAL_PACKAGING_FOUNDATION,natural,348,348,500c6b8e4d21a5f7a9fd0f9d8485067dac78cc5eb96d09ba00db6bb4733bb4ad
bb607a23d28fef86,Oatly-Natural-Oatghurt,test,GroceryStoreDataset_Klasson2019,NON_INDIAN,INTERNATIONAL_PACKAGING_FOUNDATION,natural,348,348,29c710314655917fd5254e54f87a1bad372932d831c77e0df1d78c8c3b5f25c5
25d2cbac65c479d0,Oatly-Natural-Oatghurt,test,GroceryStoreDataset_Klasson2019,NON_INDIAN,INTERNATIONAL_PACKAGING_FOUNDATION,natural,348,348,2c03b24fde54c3a7be5c008a4822c7161f35695119758e98975fee97cfeb2689
77abc0926be36398,Oatly-Natural-Oatghurt,test,GroceryStoreDataset_Klasson2019,NON_INDIAN,INTERNATIONAL_PACKAGING_FOUNDATION,natural,348,348,05c730ad9883581384f5c1eae822183fd0e2b9bf88010d57a5067a33374757e1
c9a3c77526c5bc8d,Oatly-Natural-Oatghurt,test,GroceryStoreDataset_Klasson2019,NON_INDIAN,INTERNATIONAL_PACKAGING_FOUNDATION,natural,348,348,99362110ef05f20720f69e765fcaa28379699ca8a195f90b3433ee42d206af8c
a91b34f5918638af,Oatly-Natural-Oatghurt,test,GroceryStoreDataset_Klasson2019,NON_INDIAN,INTERNATIONAL_PACKAGING_FOUNDATION,natural,348,348,c7145905c04a7b3cfac0c109bc17c807845d50002238a14db3cc5eafca2e65f0
fc202355c7ef16ff,Oatly-Natural-Oatghurt,test,GroceryStoreDataset_Klasson2019,NON_INDIAN,INTERNATIONAL_PACKAGING_FOUNDATION,natural,348,348,5077b7a03c30457877fa4304025e7f0f6de8a189f51773931110cda1fc8d0cf0
a4d47019e9de51a9,Oatly-Natural-Oatghurt,test,GroceryStoreDataset_Klasson2019,NON_INDIAN,INTERNATIONAL_PACKAGING_FOUNDATION,natural,348,348,16e20adca9880a95baabb8fff6398ede7d246e90b35dbf98b27d4c611f365a48
6ea8e99e6a59bd8f,Oatly-Natural-Oatghurt,test,GroceryStoreDataset_Klasson2019,NON_INDIAN,INTERNATIONAL_PACKAGING_FOUNDATION,natural,348,348,c0b760af610547197b76c6eda9039782a9464886187cb807b0b8149c3030f0d2
5113517e9ddc5553,Arla-Sour-Milk,train,GroceryStoreDataset_Klasson2019,NON_INDIAN,INTERNATIONAL_PACKAGING_FOUNDATION,natural,348,348,75f27b2d7a493bdc81d900628d11a3c66ad98c9c2227f1d12108280f704ae926
dc638a2cff018f3c,Arla-Sour-Milk,train,GroceryStoreDataset_Klasson2019,NON_INDIAN,INTERNATIONAL_PACKAGING_FOUNDATION,natural,348,348,b649cfc7d343739e928109eb2637ae0fa095abfaf44c3b92912b583318e3e9d9
86121a5f31660180,Arla-Sour-Milk,train,GroceryStoreDataset_Klasson2019,NON_INDIAN,INTERNATIONAL_PACKAGING_FOUNDATION,natural,348,348,68b0a02f5daaa2550b30111f33486283c4d34e0ac27f8e1f5a5e523f06adef2d
c1b359d9ff4644ba,Arla-Sour-Milk,train,GroceryStoreDataset_Klasson2019,NON_INDIAN,INTERNATIONAL_PACKAGING_FOUNDATION,natural,348,348,6ee9465a87e614b710f0d92727529de13574581898b2f294f7c6a32398c106da
534187fadb63530b,Arla-Sour-Milk,train,GroceryStoreDataset_Klasson2019,NON_INDIAN,INTERNATIONAL_PACKAGING_FOUNDATION,natural,348,348,3498419397cb52199a421942a5a3a9d2206524c3d2ce20b72355433ea789ff68
ae5db2c95eae5ead,Arla-Sour-Milk,train,GroceryStoreDataset_Klasson2019,NON_INDIAN,INTERNATIONAL_PACKAGING_FOUNDATION,natural,348,348,3c0520baf9f5a7dc1d527e67d2760903570da6e86fff1d19532f7a1055f33c71
33f26b797e7c8394,Arla-Sour-Milk,train,GroceryStoreDataset_Klasson2019,NON_INDIAN,INTERNATIONAL_PACKAGING_FOUNDATION,natural,348,348,40a0472a0430b1d94bb074d70438bd0c2de35934875e3ec36afdfe12da5e7f81
f46ef4c5fa12237b,Arla-Sour-Milk,train,GroceryStoreDataset_Klasson2019,NON_INDIAN,INTERNATIONAL_PACKAGING_FOUNDATION,natural,348,348,17a27079dbb52c3f35e1aed62cf66ada5418da0069bbbb6ab1f0ec479ef6f26c
6a5c81f6482924ca,Arla-Sour-Milk,train,GroceryStoreDataset_Klasson2019,NON_INDIAN,INTERNATIONAL_PACKAGING_FOUNDATION,natural,348,348,7097140e51b098407e6d5a20e8ebd23eb13970d2ad7d65762d704fb1f376a59b
3dc973ef6c8a49ef,Arla-Sour-Milk,train,GroceryStoreDataset_Klasson2019,NON_INDIAN,INTERNATIONAL_PACKAGING_FOUNDATION,natural,348,348,f997f6e44b46a64560426cfced35af5a1ca737c1e3f138ac6a8a8682ef29cdef
518ef9e6b9cd2ff1,Arla-Sour-Milk,train,GroceryStoreDataset_Klasson2019,NON_INDIAN,INTERNATIONAL_PACKAGING_FOUNDATION,natural,348,348,3b27c05dd8a888de8f7fbce4889e3944c4a1b2ac248d89a14a33805e2e710e6a
a981c3b2d37c4231,Arla-Sour-Milk,train,GroceryStoreDataset_Klasson2019,NON_INDIAN,INTERNATIONAL_PACKAGING_FOUNDATION,natural,348,348,37701f1b27623b184e89472e82848279f782b9cc4531c0f08343ecec538a42d4
4fc3b1cc21d91994,Arla-Sour-Milk,train,GroceryStoreDataset_Klasson2019,NON_INDIAN,INTERNATIONAL_PACKAGING_FOUNDATION,natural,348,348,83eeeeaaeed2513e015cad3a8e8258bac6ac0bfd3be44700bc495c61a38a54ac
9d4e216520c88201,Arla-Sour-Milk,train,GroceryStoreDataset_Klasson2019,NON_INDIAN,INTERNATIONAL_PACKAGING_FOUNDATION,natural,348,348,55d3fc0d1e1976cb28a8feb313282d1e22ecc24e0c0192dd67375f3f97613232
f7743370166cacd3,Arla-Sour-Milk,train,GroceryStoreDataset_Klasson2019,NON_INDIAN,INTERNATIONAL_PACKAGING_FOUNDATION,natural,348,348,67200259b1b4e674d738488e74018964d8f0a201eca58bff1f55038b84171c16
c301b8ff8e0771e4,Arla-Sour-Milk,train,GroceryStoreDataset_Klasson2019,NON_INDIAN,INTERNATIONAL_PACKAGING_FOUNDATION,natural,348,348,e18d7f022c1ca89588afc22e891eba22e58eae569263f0686bf985cb0f0eea27
c503fd57e7ff83b3,Arla-Sour-Milk,train,GroceryStoreDataset_Klasson2019,NON_INDIAN,INTERNATIONAL_PACKAGING_FOUNDATION,natural,348,348,e04fb1648cc6eea35dade6b1220a5dd2269028d5916bc2bf4277d1619367fea3
3c0ef1b9a444b41f,Arla-Sour-Milk,train,GroceryStoreDataset_Klasson2019,NON_INDIAN,INTERNATIONAL_PACKAGING_FOUNDATION,natural,348,348,0b4213f58e86469bf3d8f424dfa264598d9af4dfda8f7715349b37688d3ce3f8
75dc94be3651e6ca,Arla-Sour-Milk,train,GroceryStoreDataset_Klasson2019,NON_INDIAN,INTERNATIONAL_PACKAGING_FOUNDATION,natural,348,348,323df25297f81fa7f43f1380035cefaf295011f1d42f04a88c26de3340d8edd4
621caf42bb4cc0d9,Tropicana-Mandarin-Morning,train,GroceryStoreDataset_Klasson2019,NON_INDIAN,INTERNATIONAL_PACKAGING_FOUNDATION,natural,348,348,1a140e6c22178657c281220d4f267f11feafd2135c6f95e386c577d1638a1983
e122a3cadd740b45,Tropicana-Mandarin-Morning,train,GroceryStoreDataset_Klasson2019,NON_INDIAN,INTERNATIONAL_PACKAGING_FOUNDATION,natural,348,348,9289f1b24c850ad31adda97e742c4b97dda950f38436c6717cdd8d7c2fa10c2f
a95410ca9785be71,Tropicana-Mandarin-Morning,train,GroceryStoreDataset_Klasson2019,NON_INDIAN,INTERNATIONAL_PACKAGING_FOUNDATION,natural,348,348,635d61eacf70c494dd49ab693d7cd60f02bacfb25bf6ed3ad2de31acee9c7498
3983e9ce133849a0,Tropicana-Mandarin-Morning,train,GroceryStoreDataset_Klasson2019,NON_INDIAN,INTERNATIONAL_PACKAGING_FOUNDATION,natural,348,348,bde18bb310b901209bf5fdf1579362ba3532220ab9826c606a4ee57f74eb7b44
8112103a225a7226,Tropicana-Mandarin-Morning,train,GroceryStoreDataset_Klasson2019,NON_INDIAN,INTERNATIONAL_PACKAGING_FOUNDATION,natural,348,348,b0c01be2db13d15f13ebb165c148a8dccfcbef5aa8c98f506723d0a0b0259ad9
fd84ad47249fee3c,Tropicana-Mandarin-Morning,train,GroceryStoreDataset_Klasson2019,NON_INDIAN,INTERNATIONAL_PACKAGING_FOUNDATION,natural,348,348,1ae8500a2d4002829f494e6dd16018df30a1c4045d3a203a3e983a04582bc74a
b07be855cfd47f6b,Tropicana-Mandarin-Morning,train,GroceryStoreDataset_Klasson2019,NON_INDIAN,INTERNATIONAL_PACKAGING_FOUNDATION,natural,348,348,d9fbbc2e995f18a469ff645e8025db4b9202ed95666b48ba1de8ae6b7df80d8c
318046899b02b6ea,Tropicana-Mandarin-Morning,train,GroceryStoreDataset_Klasson2019,NON_INDIAN,INTERNATIONAL_PACKAGING_FOUNDATION,natural,348,348,c712ea4375d6310f9acc46ea73d433ef32969da3a5e7c59b1e006ec1417d4183
2f81a2433968d866,Tropicana-Mandarin-Morning,train,GroceryStoreDataset_Klasson2019,NON_INDIAN,INTERNATIONAL_PACKAGING_FOUNDATION,natural,348,348,1a7831e6df93642478d005dfb0852f7cd0ebf362411afd6c2963e99d4a373ad3
06cd26f3abe08f8c,Tropicana-Mandarin-Morning,train,GroceryStoreDataset_Klasson2019,NON_INDIAN,INTERNATIONAL_PACKAGING_FOUNDATION,natural,348,348,8cb194fb18678bd3c6a3491a53b18fecff4c4a6665a8a52f060772d97e2d51b3
377dd75bd73c0855,Tropicana-Mandarin-Morning,train,GroceryStoreDataset_Klasson2019,NON_INDIAN,INTERNATIONAL_PACKAGING_FOUNDATION,natural,348,348,72dd87b71564b54257c53ea774df1f0e3a540a9f6c6da071b2ecff142e9fd7d7
106ce3e5148b196b,Tropicana-Mandarin-Morning,train,GroceryStoreDataset_Klasson2019,NON_INDIAN,INTERNATIONAL_PACKAGING_FOUNDATION,natural,348,348,0559711403a7311cde47c6bba96b3d6fc3c6fafe755cc1f1e63c1b8b70be9ac0
314a7f04f29dc1e5,Tropicana-Mandarin-Morning,train,GroceryStoreDataset_Klasson2019,NON_INDIAN,INTERNATIONAL_PACKAGING_FOUNDATION,natural,348,348,6703f5048d60bb00d60fdf90c2e6969940d0e7d7813e064e1ff155fc78dbfe27
4eacafb11e6d7e9f,Tropicana-Mandarin-Morning,train,GroceryStoreDataset_Klasson2019,NON_INDIAN,INTERNATIONAL_PACKAGING_FOUNDATION,natural,348,348,638c639bdfb07f42b4810551f6299610c21cea3428ac864ce273121c9fab4283
f996a76d0486db01,Tropicana-Mandarin-Morning,train,GroceryStoreDataset_Klasson2019,NON_INDIAN,INTERNATIONAL_PACKAGING_FOUNDATION,natural,348,348,1368a62c14da682d73a8247e2994d0423a128499e5c40651ca6d77bb56f5b662
6d08e5c0a4881178,Tropicana-Mandarin-Morning,train,GroceryStoreDataset_Klasson2019,NON_INDIAN,INTERNATIONAL_PACKAGING_FOUNDATION,natural,348,348,7f9f2cec8bed99916a38bf0ce5760201478a021840dfefe1640c9926aeeddc56
0a9cbc0e437d6867,Tropicana-Mandarin-Morning,train,GroceryStoreDataset_Klasson2019,NON_INDIAN,INTERNATIONAL_PACKAGING_FOUNDATION,natural,348,348,dce45452b5a92f9a89c0c8cd65ffcda0aed596a33e66d05d6d1de018ab091406
4f0c302a1b5062e4,Tropicana-Mandarin-Morning,train,GroceryStoreDataset_Klasson2019,NON_INDIAN,INTERNATIONAL_PACKAGING_FOUNDATION,natural,348,348,36865c587d4d61e4248f2c2c23f03e1f88045be75bc12b8c7a5bb80ef70316b9
6f248efaa091ece4,Tropicana-Mandarin-Morning,train,GroceryStoreDataset_Klasson2019,NON_INDIAN,INTERNATIONAL_PACKAGING_FOUNDATION,natural,348,348,7943894b380e33c062e4b731fadfa15c8f7602702d468c2360a53a157f20d87e
fb5f3a1aa6c1d347,Tropicana-Mandarin-Morning,train,GroceryStoreDataset_Klasson2019,NON_INDIAN,INTERNATIONAL_PACKAGING_FOUNDATION,natural,348,348,a502b62f59b51a3b90988351e1390c01ea38110e2a5a1264b00328f0811433ee
b0944f22f32d3bd5,Tropicana-Apple-Juice,train,GroceryStoreDataset_Klasson2019,NON_INDIAN,INTERNATIONAL_PACKAGING_FOUNDATION,natural,348,348,a4be50535a2ffcefb31acfc5fca013eff36122750cc4cda39c48927ba8e1023b
de371dc1f7d1caa6,Tropicana-Apple-Juice,train,GroceryStoreDataset_Klasson2019,NON_INDIAN,INTERNATIONAL_PACKAGING_FOUNDATION,natural,348,348,ac26905170d29e6fe29754260bc7b4cef2ca287f4f762c681b82a5fb45d0eafc
047c207886ee70dd,Tropicana-Apple-Juice,train,GroceryStoreDataset_Klasson2019,NON_INDIAN,INTERNATIONAL_PACKAGING_FOUNDATION,natural,348,348,79a381de4788ff470f782a7b9e9725cb5c0f1a261b3fddfd14d72193f1f555ef
d11cbed7c30a6f24,Tropicana-Apple-Juice,train,GroceryStoreDataset_Klasson2019,NON_INDIAN,INTERNATIONAL_PACKAGING_FOUNDATION,natural,348,348,92810f45f7a9ff84079d8eaa2edc28eb2be7b384c5d6674fb5c7bde2d7eeda4b
3f8f0eadf92834c8,Tropicana-Apple-Juice,train,GroceryStoreDataset_Klasson2019,NON_INDIAN,INTERNATIONAL_PACKAGING_FOUNDATION,natural,348,348,9b10fcb0414664d583d17e31cdd688197e25fb95b83adf1df1e64c2f8df790e3
e044213256d7b5c8,Tropicana-Apple-Juice,train,GroceryStoreDataset_Klasson2019,NON_INDIAN,INTERNATIONAL_PACKAGING_FOUNDATION,natural,348,348,c16ab235b682e03a9766991665fc3f2851d16311d2594283dd3881c33b660e9c
acb4d650aad2ac44,Tropicana-Apple-Juice,train,GroceryStoreDataset_Klasson2019,NON_INDIAN,INTERNATIONAL_PACKAGING_FOUNDATION,natural,348,348,3349b4d1e8c4952ccf0515ccc59535b9540af43109f62cc9727aa12d7f806cd1
2255df878ee37670,Tropicana-Apple-Juice,train,GroceryStoreDataset_Klasson2019,NON_INDIAN,INTERNATIONAL_PACKAGING_FOUNDATION,natural,348,348,f7a406cb878c6ae0bfe7037f14c711bf6796c117834a1978779fb4e948acf410
28a6f7f02b51e969,Tropicana-Apple-Juice,train,GroceryStoreDataset_Klasson2019,NON_INDIAN,INTERNATIONAL_PACKAGING_FOUNDATION,natural,348,348,4b9462471429a5d2c32597fac9bd7f5bc760350933bd948fa156609711c5e85e
4597628c7663d73d,Tropicana-Apple-Juice,train,GroceryStoreDataset_Klasson2019,NON_INDIAN,INTERNATIONAL_PACKAGING_FOUNDATION,natural,348,348,c089d44234d47fea46bbc1719bd4b727334098229fd0dcb93657bcf3cdc812e5
4ffaf263dd8b2d1b,Tropicana-Apple-Juice,train,GroceryStoreDataset_Klasson2019,NON_INDIAN,INTERNATIONAL_PACKAGING_FOUNDATION,natural,348,348,00a2b070f376ecece7125bf1770867ab56613f72c22f585964284df568e7a39c
c7a9ae44b8e7d564,Tropicana-Apple-Juice,train,GroceryStoreDataset_Klasson2019,NON_INDIAN,INTERNATIONAL_PACKAGING_FOUNDATION,natural,348,348,e2ad66320a6129fcf8307ccb368925e6d056c4e5572d36dbac8897958ecac4ee
a2a9bc7411e64cc7,Tropicana-Apple-Juice,train,GroceryStoreDataset_Klasson2019,NON_INDIAN,INTERNATIONAL_PACKAGING_FOUNDATION,natural,348,348,8d437b63c90d37e5ff2582dbc38855df1c758e897e5cec06e60bbc02953d2d79
1751217ce9139a17,Tropicana-Apple-Juice,train,GroceryStoreDataset_Klasson2019,NON_INDIAN,INTERNATIONAL_PACKAGING_FOUNDATION,natural,348,348,1a12e75c13a4ab24e9dbe281d195b61d549e9306c4cbfbe28fa4b374d49721b9
5d99c3cdb543407a,Tropicana-Apple-Juice,train,GroceryStoreDataset_Klasson2019,NON_INDIAN,INTERNATIONAL_PACKAGING_FOUNDATION,natural,348,348,7adf5bd335b7fc3d1291bb1737509b9e295ad2d3da1106081477c4f1a92f8206
5d354ee3bb5613aa,Tropicana-Apple-Juice,train,GroceryStoreDataset_Klasson2019,NON_INDIAN,INTERNATIONAL_PACKAGING_FOUNDATION,natural,348,348,ffbe22fa8df05769fef3466ab596fa5a3524c9340e921208b49ab7511ff3ced9
56a635c8b5067102,Tropicana-Apple-Juice,train,GroceryStoreDataset_Klasson2019,NON_INDIAN,INTERNATIONAL_PACKAGING_FOUNDATION,natural,348,348,e94a418aa4f5568ab23d403da615136e031dee4023455e8fbace4e88a49f3a52
74b614c521d55103,Tropicana-Apple-Juice,train,GroceryStoreDataset_Klasson2019,NON_INDIAN,INTERNATIONAL_PACKAGING_FOUNDATION,natural,348,348,085618c6689f3b5f357dcaf512011eb4fc8cd17b768456cdf825af3348bb2564
3b059e52d79b93fb,Tropicana-Apple-Juice,train,GroceryStoreDataset_Klasson2019,NON_INDIAN,INTERNATIONAL_PACKAGING_FOUNDATION,natural,348,348,a9f911d16243637f902c3642063b381dd63c9500cfcde8132e0d00a330f7683c
e9ff95d611e73d1e,Tropicana-Apple-Juice,train,GroceryStoreDataset_Klasson2019,NON_INDIAN,INTERNATIONAL_PACKAGING_FOUNDATION,natural,348,348,beb1f999a3b33b24e4f457e853a3e0674012a899f9119ca45e3168d9fa3ca9ba
5a4e84072d34ec6a,Tropicana-Apple-Juice,train,GroceryStoreDataset_Klasson2019,NON_INDIAN,INTERNATIONAL_PACKAGING_FOUNDATION,natural,348,348,8fea5688e9d90622fe283d2da3a8a136324a8c699756e1b6f988d47707cc0412
274f9db682fc09a9,Tropicana-Apple-Juice,train,GroceryStoreDataset_Klasson2019,NON_INDIAN,INTERNATIONAL_PACKAGING_FOUNDATION,natural,348,348,0f804b554f450529b4941376847dc1bd1848fe98ab22e67c6b66116a49af4811
bc9a895db2870b30,Tropicana-Apple-Juice,train,GroceryStoreDataset_Klasson2019,NON_INDIAN,INTERNATIONAL_PACKAGING_FOUNDATION,natural,348,348,c40ca5bbefff8a164b4dbf3ec3dd021fd9d093b51d94b39c9b44163eda62a71f
7327ae56e7bff4cf,Tropicana-Apple-Juice,train,GroceryStoreDataset_Klasson2019,NON_INDIAN,INTERNATIONAL_PACKAGING_FOUNDATION,natural,348,348,a001298fc284792168d36e42157fb1d547464236b09c6fa78c9511d0be47c17d
59436f561e09641b,Tropicana-Apple-Juice,train,GroceryStoreDataset_Klasson2019,NON_INDIAN,INTERNATIONAL_PACKAGING_FOUNDATION,natural,348,348,8c7e697c303204f9cb0e24957569ccd3178d242b89a9efaa48583aa556f226e7
f000fc4dbbc5e693,Tropicana-Apple-Juice,train,GroceryStoreDataset_Klasson2019,NON_INDIAN,INTERNATIONAL_PACKAGING_FOUNDATION,natural,348,348,e5a45f341d374a2f3cfaa460aec7ef447fc391d0baf0829ffdffbe2aa83e12b7
7127126f4bf627e5,Tropicana-Apple-Juice,train,GroceryStoreDataset_Klasson2019,NON_INDIAN,INTERNATIONAL_PACKAGING_FOUNDATION,natural,348,348,c51fe3610027856876f36e3430ed8ffd69758828a7a096277f3bfe11a81320eb
48e84eb24dadea04,Tropicana-Apple-Juice,train,GroceryStoreDataset_Klasson2019,NON_INDIAN,INTERNATIONAL_PACKAGING_FOUNDATION,natural,348,348,2531f256fda292238af575161f7d3a201ae82987c0a41e6b93e4448338502770
5b9042b2fbf843d4,God-Morgon-Orange-Red-Grapefruit-Juice,train,GroceryStoreDataset_Klasson2019,NON_INDIAN,INTERNATIONAL_PACKAGING_FOUNDATION,natural,348,348,d027f51d6376a6389eb397d4ee579c105d65cb2568b25e5728d3fde7add8c18c
47a60ba5c14df2d0,God-Morgon-Orange-Red-Grapefruit-Juice,train,GroceryStoreDataset_Klasson2019,NON_INDIAN,INTERNATIONAL_PACKAGING_FOUNDATION,natural,348,348,ad0c03380c4696adf98387b0d0f2046e5f3151283443f4041e962c7e64c32d42
ba02318115064bd9,God-Morgon-Orange-Red-Grapefruit-Juice,train,GroceryStoreDataset_Klasson2019,NON_INDIAN,INTERNATIONAL_PACKAGING_FOUNDATION,natural,348,348,79e893f4f800c135767d3c554740639feb037506f53e18dfbc78ca3ee8c55bc3
e815d69f67cd75b0,God-Morgon-Orange-Red-Grapefruit-Juice,train,GroceryStoreDataset_Klasson2019,NON_INDIAN,INTERNATIONAL_PACKAGING_FOUNDATION,natural,348,348,2ea37c168e81a762b5657feaba22936ce0aa7b07118afed07518177a8009da55
b066c060d9e97a92,God-Morgon-Orange-Red-Grapefruit-Juice,train,GroceryStoreDataset_Klasson2019,NON_INDIAN,INTERNATIONAL_PACKAGING_FOUNDATION,natural,348,348,e19d8d57f4e510e8da2e8a6f95cc42831c27ffc86d2e7243eb064d9e5a4f3ca7
9a872e254d85c9ca,God-Morgon-Orange-Red-Grapefruit-Juice,train,GroceryStoreDataset_Klasson2019,NON_INDIAN,INTERNATIONAL_PACKAGING_FOUNDATION,natural,348,348,d706eb3775e712933685364bed96791afc12c0cd940f7cb8184547ef0e8c002c
a5a73daab514056d,God-Morgon-Orange-Red-Grapefruit-Juice,train,GroceryStoreDataset_Klasson2019,NON_INDIAN,INTERNATIONAL_PACKAGING_FOUNDATION,natural,348,348,d70ea18dee87e263429c8507f61ad79e265afd9fd08f117ee2842ed56df106e1
6435f029b0ecc76a,God-Morgon-Orange-Red-Grapefruit-Juice,train,GroceryStoreDataset_Klasson2019,NON_INDIAN,INTERNATIONAL_PACKAGING_FOUNDATION,natural,348,348,2356b334cf53dddac396d8e4d959c84e6764f2122130f0f22b9fce39e5ed0d40
0a4d2c0723fcbe12,God-Morgon-Orange-Red-Grapefruit-Juice,train,GroceryStoreDataset_Klasson2019,NON_INDIAN,INTERNATIONAL_PACKAGING_FOUNDATION,natural,348,348,6ed140629415ee81eecbc7c207f15564fe1b64b031a0788616b80daaaff201d3
65b13ad34cf1052e,God-Morgon-Orange-Red-Grapefruit-Juice,train,GroceryStoreDataset_Klasson2019,NON_INDIAN,INTERNATIONAL_PACKAGING_FOUNDATION,natural,348,348,ba0c7902ca8eeaf3e79759b074792484f6edf08bec1e49100265d1a51545dfbf
97fc89152e26c591,God-Morgon-Orange-Red-Grapefruit-Juice,train,GroceryStoreDataset_Klasson2019,NON_INDIAN,INTERNATIONAL_PACKAGING_FOUNDATION,natural,348,348,1c1342cb3f7d7971e28cabaee0e92b429331cb7df0a97a626fc769e6194c608d
e972f31b3eae1afd,God-Morgon-Orange-Red-Grapefruit-Juice,train,GroceryStoreDataset_Klasson2019,NON_INDIAN,INTERNATIONAL_PACKAGING_FOUNDATION,natural,348,348,88a6229114fe1c8eca13f12f9abe46bf69d81aac86a3b8441da29bb345477988
17ebb8ba129c58bd,God-Morgon-Orange-Red-Grapefruit-Juice,train,GroceryStoreDataset_Klasson2019,NON_INDIAN,INTERNATIONAL_PACKAGING_FOUNDATION,natural,348,348,d2ab726d9ffa9a715771b7782cf3f399154f483bffd890c33eaf156419320953
4474c047c3f0f3b0,God-Morgon-Orange-Red-Grapefruit-Juice,train,GroceryStoreDataset_Klasson2019,NON_INDIAN,INTERNATIONAL_PACKAGING_FOUNDATION,natural,348,348,3fb6099a47ef8d8fcb846382ab8715740401397fa294a563243700beef5a576d
66cd0c7abdd3373f,God-Morgon-Orange-Red-Grapefruit-Juice,train,GroceryStoreDataset_Klasson2019,NON_INDIAN,INTERNATIONAL_PACKAGING_FOUNDATION,natural,348,348,aa8fb9206ba531a96df8177aa4084c13f4067b25de63d97939ba398a4b1ab0eb
ffc9ce524e64ef3b,God-Morgon-Orange-Red-Grapefruit-Juice,train,GroceryStoreDataset_Klasson2019,NON_INDIAN,INTERNATIONAL_PACKAGING_FOUNDATION,natural,348,348,10a77da432c3111ce74804dc1abad2b3add51430d6b80002a6e2b8c7dc387020
7c23f1fb3af88309,God-Morgon-Orange-Red-Grapefruit-Juice,train,GroceryStoreDataset_Klasson2019,NON_INDIAN,INTERNATIONAL_PACKAGING_FOUNDATION,natural,348,348,f28c5c89a48b24bfed71dd111fff6126ed8be69befe713abf7c603f86a13d130
3429b76b57247000,God-Morgon-Orange-Red-Grapefruit-Juice,train,GroceryStoreDataset_Klasson2019,NON_INDIAN,INTERNATIONAL_PACKAGING_FOUNDATION,natural,348,348,86387b695b656d61512bd161052b862d0e4157937b678e3a331beb52093f4be7
f2b4d4e7b097a2a0,God-Morgon-Orange-Red-Grapefruit-Juice,train,GroceryStoreDataset_Klasson2019,NON_INDIAN,INTERNATIONAL_PACKAGING_FOUNDATION,natural,348,348,0db22c98536bdaa7e3e2f764494262f2c32d7cc4adc5f132a119b82f358bc376
f52847bde21481b8,Bravo-Apple-Juice,train,GroceryStoreDataset_Klasson2019,NON_INDIAN,INTERNATIONAL_PACKAGING_FOUNDATION,natural,348,348,e746611cccc24282507899abed8ab82bd477cad767c55a98e69c99f1ccf8ece9
1a17457eda41b4a9,Bravo-Apple-Juice,train,GroceryStoreDataset_Klasson2019,NON_INDIAN,INTERNATIONAL_PACKAGING_FOUNDATION,natural,348,348,a151d502208bb3e102a6cf9a98e7c0f8f61554134912ec9da6c5e27065843655
586910176123b0ff,Bravo-Apple-Juice,train,GroceryStoreDataset_Klasson2019,NON_INDIAN,INTERNATIONAL_PACKAGING_FOUNDATION,natural,348,348,5698ae340a81176401b3bbe109e78bf7ba80ac47d3b86d7779ebb8d68155ec25
f7136ea93ba59c7d,Bravo-Apple-Juice,train,GroceryStoreDataset_Klasson2019,NON_INDIAN,INTERNATIONAL_PACKAGING_FOUNDATION,natural,348,348,d717dc73437208e116ef42d38f3633a73d1700159948affdc63679b20c61d068
d656bd65cba85b6d,Bravo-Apple-Juice,train,GroceryStoreDataset_Klasson2019,NON_INDIAN,INTERNATIONAL_PACKAGING_FOUNDATION,natural,348,348,b3f3ef9a3b03210bd76214103a7bcc891ad5a06661480e4d7c124a9958d5de2a
02176e1afbd67748,Bravo-Apple-Juice,train,GroceryStoreDataset_Klasson2019,NON_INDIAN,INTERNATIONAL_PACKAGING_FOUNDATION,natural,348,348,28a8eb94ac8328cae7f7b94657020b08c884e3d450fd2352aace26c983c6a206
2bf15ac8ca3db5d0,Bravo-Apple-Juice,train,GroceryStoreDataset_Klasson2019,NON_INDIAN,INTERNATIONAL_PACKAGING_FOUNDATION,natural,348,348,e2e78cbc61b292f578b916e6ada9d4980d74199dc5ab50722be1cce7d8ad1292
eebc569094546cd5,Bravo-Apple-Juice,train,GroceryStoreDataset_Klasson2019,NON_INDIAN,INTERNATIONAL_PACKAGING_FOUNDATION,natural,348,348,744c3058a52037cb5b0a81c015aa43a1ccf2870695579a51f471376498dac9ed
894dc231a8508ccf,Bravo-Apple-Juice,train,GroceryStoreDataset_Klasson2019,NON_INDIAN,INTERNATIONAL_PACKAGING_FOUNDATION,natural,348,348,411fce3b629bea53b147387a426c4ed2d075d0597b91a05892f8259bcb1424d1
85ff1080a5b8bc39,Bravo-Apple-Juice,train,GroceryStoreDataset_Klasson2019,NON_INDIAN,INTERNATIONAL_PACKAGING_FOUNDATION,natural,348,348,992c022cb6b8574dd6a6ec94295276114350207a0a84631396ed19e3096be815
8bc5b748d3aba61e,Bravo-Apple-Juice,train,GroceryStoreDataset_Klasson2019,NON_INDIAN,INTERNATIONAL_PACKAGING_FOUNDATION,natural,348,348,a5167a26b5485c992657afb786b67bbd02002321f80691c95587361c54b77e4a
733c041f2f014831,Bravo-Apple-Juice,train,GroceryStoreDataset_Klasson2019,NON_INDIAN,INTERNATIONAL_PACKAGING_FOUNDATION,natural,348,348,ed83e288a986ef0f484586ab8417b110be8b60f62b921b3382b3f469d6c56ee6
822645113c06edcf,Bravo-Apple-Juice,train,GroceryStoreDataset_Klasson2019,NON_INDIAN,INTERNATIONAL_PACKAGING_FOUNDATION,natural,348,348,cd0778dd108409c4fe2039258f2d7a1f92b62227e106caedd75a2eec8eed0ca8
8e78c32bef1577d7,Bravo-Apple-Juice,train,GroceryStoreDataset_Klasson2019,NON_INDIAN,INTERNATIONAL_PACKAGING_FOUNDATION,natural,348,348,9599547e604a93be3b63fd7f51b54df7f72627b2c23b31df4075cf79a93d6880
465e49cbe29823f5,Bravo-Apple-Juice,train,GroceryStoreDataset_Klasson2019,NON_INDIAN,INTERNATIONAL_PACKAGING_FOUNDATION,natural,348,348,3db8992e7fedcd47958494b81f325964906171bcd9cba513e5d40d9e1256fe73
eb639bffcaea3d32,Bravo-Apple-Juice,train,GroceryStoreDataset_Klasson2019,NON_INDIAN,INTERNATIONAL_PACKAGING_FOUNDATION,natural,348,348,1e63a984ccdcf005cf996018c7fab4dfb88a442ff11debcb7961aafbd54b11ad
1e6ec5c8ef04231c,Bravo-Apple-Juice,train,GroceryStoreDataset_Klasson2019,NON_INDIAN,INTERNATIONAL_PACKAGING_FOUNDATION,natural,348,348,600eeb4e09d4b26e9ac1312b76fc7188d080db97b5e8632690aaec1a3d3df1aa
f65d23122f1f1792,Bravo-Apple-Juice,train,GroceryStoreDataset_Klasson2019,NON_INDIAN,INTERNATIONAL_PACKAGING_FOUNDATION,natural,348,348,68674de775df04b8bbcac18d21882a7a465dc247cd503eb5c33b527ee73e107d
26e91c9cf82139e6,Bravo-Apple-Juice,train,GroceryStoreDataset_Klasson2019,NON_INDIAN,INTERNATIONAL_PACKAGING_FOUNDATION,natural,348,348,6ac152de7d8b522021e60c996a4ba65f86dae035fccd058fdc2924a77168916b
f6dd10118d6de65f,Bravo-Apple-Juice,train,GroceryStoreDataset_Klasson2019,NON_INDIAN,INTERNATIONAL_PACKAGING_FOUNDATION,natural,348,348,d335b125258a80491ad23dc023bb5b5e4ef1e56f4364e2e02b57d2a6b17642f7
efc7b1ab210224e7,Bravo-Apple-Juice,train,GroceryStoreDataset_Klasson2019,NON_INDIAN,INTERNATIONAL_PACKAGING_FOUNDATION,natural,348,348,864b3c6d722e2f152ccd6be33681290c27c699a778b2970c5118abf3e88d96bd
4b154998de152adf,Bravo-Apple-Juice,train,GroceryStoreDataset_Klasson2019,NON_INDIAN,INTERNATIONAL_PACKAGING_FOUNDATION,natural,348,348,df3183b578a4c7311ad6842245c027c78a560b473d2d744c5e48ce267099c8bd
3596c7d5a3d442e1,Bravo-Apple-Juice,train,GroceryStoreDataset_Klasson2019,NON_INDIAN,INTERNATIONAL_PACKAGING_FOUNDATION,natural,348,348,56d9287760662630de2c5bb95c484f0380b54475b1fa0eb8b1e4a5d252cf1bd6
715a7e7549758d1d,Bravo-Orange-Juice,train,GroceryStoreDataset_Klasson2019,NON_INDIAN,INTERNATIONAL_PACKAGING_FOUNDATION,natural,348,348,3d7130ee43e33a2f039bb1616300146ab7d0f43927ec1ac13895f8e5f8c2c5e8
5eaa4e758c14a629,Bravo-Orange-Juice,train,GroceryStoreDataset_Klasson2019,NON_INDIAN,INTERNATIONAL_PACKAGING_FOUNDATION,natural,348,348,c6d2c50a584663fe5ebdba48365f8490ba53f6dc820a44a6ecccfa25ca2e2c16
a886743a5ef1858b,Bravo-Orange-Juice,train,GroceryStoreDataset_Klasson2019,NON_INDIAN,INTERNATIONAL_PACKAGING_FOUNDATION,natural,348,348,f4a71284a642266ed6ca9bc0c5f79049d2747f6a57352e2ddd441f32cdb2f01b
4d2b6d19e6d3870b,Bravo-Orange-Juice,train,GroceryStoreDataset_Klasson2019,NON_INDIAN,INTERNATIONAL_PACKAGING_FOUNDATION,natural,348,348,418a15ad061436676d2c333b9a0539a75a70caf75c18d86e3204cf6b9d3f925a
544cf2b2016b35ad,Bravo-Orange-Juice,train,GroceryStoreDataset_Klasson2019,NON_INDIAN,INTERNATIONAL_PACKAGING_FOUNDATION,natural,348,348,5752b878de2e21502d6ea58c4e9202021130b5d0b125d4e16fa8eddf851d43ec
43a1878de4ef6b13,Bravo-Orange-Juice,train,GroceryStoreDataset_Klasson2019,NON_INDIAN,INTERNATIONAL_PACKAGING_FOUNDATION,natural,348,348,ee5d6c70e85356d4d152374c410c2208f66e99c46562db4588430d1becda231e
c46e98c3ee73a8ef,Bravo-Orange-Juice,train,GroceryStoreDataset_Klasson2019,NON_INDIAN,INTERNATIONAL_PACKAGING_FOUNDATION,natural,348,348,b6004c902dcee4a7e8cbcc09c11ed204fa23a3f34458325e44757ee98488a424
7c237279e253b61e,Bravo-Orange-Juice,train,GroceryStoreDataset_Klasson2019,NON_INDIAN,INTERNATIONAL_PACKAGING_FOUNDATION,natural,348,348,331af986e4b9757e7f15bf8df10257991a09e17d59d4550f95dffb609c9c5a7e
c5cef131105cfeba,Bravo-Orange-Juice,train,GroceryStoreDataset_Klasson2019,NON_INDIAN,INTERNATIONAL_PACKAGING_FOUNDATION,natural,348,348,c4bff1a95211c51e7454e890c75053f5608001953dc6ca4ea2d4ff9a60363ca7
49a879bdd9a209b7,Bravo-Orange-Juice,train,GroceryStoreDataset_Klasson2019,NON_INDIAN,INTERNATIONAL_PACKAGING_FOUNDATION,natural,348,348,1d101d242ac810656e26ea24096182777143baa0713696a2db34f6c83b588e4a
6c529d98f8cd58b1,Bravo-Orange-Juice,train,GroceryStoreDataset_Klasson2019,NON_INDIAN,INTERNATIONAL_PACKAGING_FOUNDATION,natural,348,348,83c055dacbac805967d984f697ecaa93066157c4c45215ab9598fd928ac42a52
1deb140dd51a6f6d,Bravo-Orange-Juice,train,GroceryStoreDataset_Klasson2019,NON_INDIAN,INTERNATIONAL_PACKAGING_FOUNDATION,natural,348,348,a0c08b80e22afa418f926f70c72eb760285ebed4aca4de5595676449a38cf5cb
9e9304f8b6ac81ac,Bravo-Orange-Juice,train,GroceryStoreDataset_Klasson2019,NON_INDIAN,INTERNATIONAL_PACKAGING_FOUNDATION,natural,348,348,ce6ef9cf9a4b9b7373f91e733c9f666c3e3eabf70e277b4b18fc4a64269592ec
578511291d1fcf31,Bravo-Orange-Juice,train,GroceryStoreDataset_Klasson2019,NON_INDIAN,INTERNATIONAL_PACKAGING_FOUNDATION,natural,348,348,08a3fb15544f0223ce52332f1b5bb4735df4de70404c1f964aaa85b193ab9255
fe723a9903a30068,Bravo-Orange-Juice,train,GroceryStoreDataset_Klasson2019,NON_INDIAN,INTERNATIONAL_PACKAGING_FOUNDATION,natural,348,348,4534f12cfd419ecc91b73bfb574abb2a2c488b754bc953bd6eb3c0d63d320f61
e5877c678cc29dd6,Bravo-Orange-Juice,train,GroceryStoreDataset_Klasson2019,NON_INDIAN,INTERNATIONAL_PACKAGING_FOUNDATION,natural,348,348,ee0ed30f60ff41df047f745cfdbc95fb80b669467b8ee7f04ac640a0595e9aa7
7f09ec29cbff320c,Bravo-Orange-Juice,train,GroceryStoreDataset_Klasson2019,NON_INDIAN,INTERNATIONAL_PACKAGING_FOUNDATION,natural,348,348,73e012a525ec7aef8828c9045358c35eb403888509b20b6c2255997c41902ccb
fef84c06e3c1dfb7,Bravo-Orange-Juice,train,GroceryStoreDataset_Klasson2019,NON_INDIAN,INTERNATIONAL_PACKAGING_FOUNDATION,natural,348,348,5f65ea02bf9fd825fa7ac4bc9dfe4bcc885d4e903876f7ab14adb05a3ee7b7f2
dd2ccc456bbd92fb,Bravo-Orange-Juice,train,GroceryStoreDataset_Klasson2019,NON_INDIAN,INTERNATIONAL_PACKAGING_FOUNDATION,natural,348,348,213fd3df8ad07c7a3a08145aade6510c616bc3256aa72ddec63be64855414555
9ef65744fb36ea25,Bravo-Orange-Juice,train,GroceryStoreDataset_Klasson2019,NON_INDIAN,INTERNATIONAL_PACKAGING_FOUNDATION,natural,348,348,66f1c121944f8837944a25cfa7f398c94a75e513d0cbe986f653e8919eadb4d0
0c3d3449928b31ce,Bravo-Orange-Juice,train,GroceryStoreDataset_Klasson2019,NON_INDIAN,INTERNATIONAL_PACKAGING_FOUNDATION,natural,348,348,374c6b3649477948d0e09cb54e93ef347b16868fe9d4134fb2d286d3b0e2b7be
b9ce206dbcf290d7,Bravo-Orange-Juice,train,GroceryStoreDataset_Klasson2019,NON_INDIAN,INTERNATIONAL_PACKAGING_FOUNDATION,natural,348,348,b76a80bbe58b0ba6f284c9380996200fcff2688a0ab55b6e91304c8f14983eeb
39009edd007a2ddc,Bravo-Orange-Juice,train,GroceryStoreDataset_Klasson2019,NON_INDIAN,INTERNATIONAL_PACKAGING_FOUNDATION,natural,348,348,36cfc37b1a076afdfb1c38babb7f9e56570d9941c8526013c3df1fb4147308d9
b15fc32815eeda8c,Bravo-Orange-Juice,train,GroceryStoreDataset_Klasson2019,NON_INDIAN,INTERNATIONAL_PACKAGING_FOUNDATION,natural,348,348,55959cc89927cd11db4526afb24a8e330d24bff906eaca2c2a6894efcdbf60e4
192bdd4701345e4e,Bravo-Orange-Juice,train,GroceryStoreDataset_Klasson2019,NON_INDIAN,INTERNATIONAL_PACKAGING_FOUNDATION,natural,348,348,71bc78c19e60b867130b79424e6e54c1e723d1d1a70956f60c77ca54aa4a0842
86a8c75225ce2738,Bravo-Orange-Juice,train,GroceryStoreDataset_Klasson2019,NON_INDIAN,INTERNATIONAL_PACKAGING_FOUNDATION,natural,348,348,b9cd5baf14cb1282322577c9f2d0e25a0a99404781259b6ac1e2ad8964ff4acc
973cf5beb107f671,Bravo-Orange-Juice,train,GroceryStoreDataset_Klasson2019,NON_INDIAN,INTERNATIONAL_PACKAGING_FOUNDATION,natural,348,348,4a61519d4010bed181c7269ddd393f0134ba8bc8ded369b73986933d07acc433
45b16e00977439ba,Bravo-Orange-Juice,train,GroceryStoreDataset_Klasson2019,NON_INDIAN,INTERNATIONAL_PACKAGING_FOUNDATION,natural,348,348,77f139753949142f1c9e1e0c6668635685371ab63e034491ee2921f17c930123
01b45956e5cb9cef,Bravo-Orange-Juice,train,GroceryStoreDataset_Klasson2019,NON_INDIAN,INTERNATIONAL_PACKAGING_FOUNDATION,natural,348,348,421d3810bcda8ce731b32480ccdbc0a606afe5aef15820da9fd16a86b756191c
dad210618f2ad8b4,Bravo-Orange-Juice,train,GroceryStoreDataset_Klasson2019,NON_INDIAN,INTERNATIONAL_PACKAGING_FOUNDATION,natural,348,348,88604495eda7f0cf02dcbe3033df9e2703d127d520096807f650f85bd9dc20cc
8e5bf643b3a9cd0c,Bravo-Orange-Juice,train,GroceryStoreDataset_Klasson2019,NON_INDIAN,INTERNATIONAL_PACKAGING_FOUNDATION,natural,348,348,c3e6f276e3b7a507369412d8f73ba6faeb89ab9798bab4a03b1ed5847556e174
081684d5c19fe209,Tropicana-Golden-Grapefruit,val,GroceryStoreDataset_Klasson2019,NON_INDIAN,INTERNATIONAL_PACKAGING_FOUNDATION,natural,348,348,5d008a19e15adb9d18668546e0848eba1d8b3a9c18228c7876bfa1fdec291cbf
59fd8a24ed36373f,Tropicana-Golden-Grapefruit,val,GroceryStoreDataset_Klasson2019,NON_INDIAN,INTERNATIONAL_PACKAGING_FOUNDATION,natural,348,348,27581e8441c6f909d02c6bbe8aadf71cc7ad2600d4ce0730d140566bb6d8a048
2745918e58678fee,Tropicana-Golden-Grapefruit,val,GroceryStoreDataset_Klasson2019,NON_INDIAN,INTERNATIONAL_PACKAGING_FOUNDATION,natural,348,348,8e8809bb1d02883f1cee23236edabbb6d029fcc383cf7e00373d5929e06c7ed7
fe50d8bc164a45d6,Tropicana-Golden-Grapefruit,val,GroceryStoreDataset_Klasson2019,NON_INDIAN,INTERNATIONAL_PACKAGING_FOUNDATION,natural,348,348,dd89a341f39cfb6370f955d7c34e7eb49eff3972225edafd948481a4aa304bbf
41d2555871b6d1bf,Tropicana-Golden-Grapefruit,val,GroceryStoreDataset_Klasson2019,NON_INDIAN,INTERNATIONAL_PACKAGING_FOUNDATION,natural,348,348,047b0bed98d4cf435f6b0e809dbdf15c2741116f184ce668444c574ad278844d
cb2e634881325b1d,Tropicana-Golden-Grapefruit,val,GroceryStoreDataset_Klasson2019,NON_INDIAN,INTERNATIONAL_PACKAGING_FOUNDATION,natural,348,348,ebcce5921bf0018aa6058c6f1ee20f3c7d3c83636dba4f8675167114a372a393
e2f037e4d0bacbbd,Tropicana-Golden-Grapefruit,val,GroceryStoreDataset_Klasson2019,NON_INDIAN,INTERNATIONAL_PACKAGING_FOUNDATION,natural,348,348,cb4790cf1724ed1a578d432b3340453fe23c87ca5b3db52cd5ba88538009f232
5562684b506bdfe8,Tropicana-Golden-Grapefruit,val,GroceryStoreDataset_Klasson2019,NON_INDIAN,INTERNATIONAL_PACKAGING_FOUNDATION,natural,348,348,8c2ac948863404f3b8e1e5ce5548af9332ab7ad0910f2d64b841aa7ceac30f1e
7b1c16cb4ce97e14,Tropicana-Golden-Grapefruit,val,GroceryStoreDataset_Klasson2019,NON_INDIAN,INTERNATIONAL_PACKAGING_FOUNDATION,natural,348,348,580c7679b6f3d2b7f0b66ef1b74541cda827b802955eb04057c7a10fbcfebc08
7669239f3fcb113a,Tropicana-Golden-Grapefruit,val,GroceryStoreDataset_Klasson2019,NON_INDIAN,INTERNATIONAL_PACKAGING_FOUNDATION,natural,348,348,3bbfa7e2b8d023c95f940e9f6dfd7f0c06f0c73bd3f6f2440e02114d0ff830e0
4e9f4fbc24dd8547,Tropicana-Golden-Grapefruit,val,GroceryStoreDataset_Klasson2019,NON_INDIAN,INTERNATIONAL_PACKAGING_FOUNDATION,natural,348,348,ca77b0bfcd6aade3e69554228a11b61c19942d137838d090802e2da775afeabc
74f5cbcdbe894b0b,Tropicana-Golden-Grapefruit,val,GroceryStoreDataset_Klasson2019,NON_INDIAN,INTERNATIONAL_PACKAGING_FOUNDATION,natural,348,348,11873d2db80fd517e81107d723c8d39782a09b8e6c47315a523a73aa09d49a33
090bead8cf310610,Tropicana-Golden-Grapefruit,val,GroceryStoreDataset_Klasson2019,NON_INDIAN,INTERNATIONAL_PACKAGING_FOUNDATION,natural,348,348,b0a7fe87cb243d6c7ad3e741fb4307b5abd9a887de29cb5b1f084a7db4a81d46
4d948a3dea6f586b,Tropicana-Golden-Grapefruit,val,GroceryStoreDataset_Klasson2019,NON_INDIAN,INTERNATIONAL_PACKAGING_FOUNDATION,natural,348,348,c441c306aef29da45ccc5ea209aaba650a4f26be284da4777b2e0a0354217f2f
61d30bf4e042d292,Tropicana-Golden-Grapefruit,val,GroceryStoreDataset_Klasson2019,NON_INDIAN,INTERNATIONAL_PACKAGING_FOUNDATION,natural,348,348,5407d7d57e475a8b24c582bb3ad3e907b76a8eba26e0e4257ce24dce99d065ce
131c46c90af494c0,Tropicana-Golden-Grapefruit,val,GroceryStoreDataset_Klasson2019,NON_INDIAN,INTERNATIONAL_PACKAGING_FOUNDATION,natural,348,348,bc3652017908af547513faedfdb63cd8136df95ad9097308675ed818d5725fef
30220d8a56987674,Tropicana-Golden-Grapefruit,val,GroceryStoreDataset_Klasson2019,NON_INDIAN,INTERNATIONAL_PACKAGING_FOUNDATION,natural,348,348,a16b9fa63237a31572dc1c80f63ffbc1a638e08b723ab5b22661887c7e197db0
9d57e249fa5e2f05,Tropicana-Golden-Grapefruit,val,GroceryStoreDataset_Klasson2019,NON_INDIAN,INTERNATIONAL_PACKAGING_FOUNDATION,natural,348,348,799537e6ce673386e3ab9e1a9d31f4b6e4e0123e09722f24b7db97c2625e0c6e
68b4a61322598afc,Tropicana-Golden-Grapefruit,val,GroceryStoreDataset_Klasson2019,NON_INDIAN,INTERNATIONAL_PACKAGING_FOUNDATION,natural,348,348,196358e8075cf30983783e3622fda99efb964b98d94180588ab9b503c1707f46
a748024c5936a24b,God-Morgon-Orange-Juice,test,GroceryStoreDataset_Klasson2019,NON_INDIAN,INTERNATIONAL_PACKAGING_FOUNDATION,natural,348,348,528a38d1c0ea747331c3bc37851439ac3d178435169642b44e0fe4bbf667c5d0
d41859fba0a80c7a,God-Morgon-Orange-Juice,test,GroceryStoreDataset_Klasson2019,NON_INDIAN,INTERNATIONAL_PACKAGING_FOUNDATION,natural,348,348,ecbd85e9ce9de65e1025d51665735a5a3adb5e52cf716fa6c512137e082e47e4
cb7465f5b2dde23a,God-Morgon-Orange-Juice,test,GroceryStoreDataset_Klasson2019,NON_INDIAN,INTERNATIONAL_PACKAGING_FOUNDATION,natural,348,348,01bed9f7a6e2d10a5503d56f6813a8b0758abe9e5a570c8c1dc3c90c081487c7
fc89cfe5cd8a5226,God-Morgon-Orange-Juice,test,GroceryStoreDataset_Klasson2019,NON_INDIAN,INTERNATIONAL_PACKAGING_FOUNDATION,natural,348,464,398059de4d64a3169d7550b97ae43d5ce37df4991595c8b2bafcca1f8146788a
4dd1f047c0cd3923,God-Morgon-Orange-Juice,test,GroceryStoreDataset_Klasson2019,NON_INDIAN,INTERNATIONAL_PACKAGING_FOUNDATION,natural,348,348,c0c696e5e275ee81d54dc6547d6ad5e883b086d0432ca8e30f5a22a5011a95e9
dd7c9f1ace7cd534,God-Morgon-Orange-Juice,test,GroceryStoreDataset_Klasson2019,NON_INDIAN,INTERNATIONAL_PACKAGING_FOUNDATION,natural,348,348,5ef940345c80c9137a1b37eeec04bf79eae83205a1954646523196fb198e2ef5
923e0ea63d3c7faa,God-Morgon-Orange-Juice,test,GroceryStoreDataset_Klasson2019,NON_INDIAN,INTERNATIONAL_PACKAGING_FOUNDATION,natural,348,348,d685f93a0873ade8eeb64d5abf470b257f5b348c67e2cae272ae524b304fbdc8
81578e065185dc71,God-Morgon-Orange-Juice,test,GroceryStoreDataset_Klasson2019,NON_INDIAN,INTERNATIONAL_PACKAGING_FOUNDATION,natural,348,464,787b9393075dd1b412fa2efcfebd4b49b5e9169e44dcdc8f480533e5ae9bb773
a1207fec181004e9,God-Morgon-Orange-Juice,test,GroceryStoreDataset_Klasson2019,NON_INDIAN,INTERNATIONAL_PACKAGING_FOUNDATION,natural,348,348,f55bbafe9d31c3eff7a8485ffbbf9583c018d4c5da46a5e6e0e93401a88cb906
c25ffb3151c50830,God-Morgon-Orange-Juice,test,GroceryStoreDataset_Klasson2019,NON_INDIAN,INTERNATIONAL_PACKAGING_FOUNDATION,natural,348,464,0ba494a20993f2da2b4ad50d0406329f7aa02a38c7caf8526573f85a7e6067f4
18d675b5a4df1109,God-Morgon-Orange-Juice,test,GroceryStoreDataset_Klasson2019,NON_INDIAN,INTERNATIONAL_PACKAGING_FOUNDATION,natural,348,464,9cac7218a35680ac81fe90ce938decb9816bdc658405d02d861dc15810005826
eeaf55c6318d9dbe,God-Morgon-Orange-Juice,test,GroceryStoreDataset_Klasson2019,NON_INDIAN,INTERNATIONAL_PACKAGING_FOUNDATION,natural,348,348,41c7189747b037ba29275eb21c99837d61ed5b1da72d91ecfdafe299e2ecc6b2
2ce652a98f8f392a,God-Morgon-Orange-Juice,test,GroceryStoreDataset_Klasson2019,NON_INDIAN,INTERNATIONAL_PACKAGING_FOUNDATION,natural,348,348,a255a2bfc92ba11d751d1d02f005342c09da3129b280039260030d696992325c
582d7a8739a405f1,God-Morgon-Orange-Juice,test,GroceryStoreDataset_Klasson2019,NON_INDIAN,INTERNATIONAL_PACKAGING_FOUNDATION,natural,348,464,e317970b407ab6b26642878ea6d6e386585fc20284b1f6b9de64a38c9491d69c
f525fbc670aefb55,God-Morgon-Orange-Juice,test,GroceryStoreDataset_Klasson2019,NON_INDIAN,INTERNATIONAL_PACKAGING_FOUNDATION,natural,348,348,009da16eaa64ff477365691e6c86d0d218e2bc4f042fd86a1fc62774e278cc23
570cb0429228a5fa,God-Morgon-Orange-Juice,test,GroceryStoreDataset_Klasson2019,NON_INDIAN,INTERNATIONAL_PACKAGING_FOUNDATION,natural,348,464,7e9a2eb640297ec1e9d8d1aa13e8e0875eb6b321d7d5d5958bbe7538205ab07b
a31e26cd69fe8cae,God-Morgon-Orange-Juice,test,GroceryStoreDataset_Klasson2019,NON_INDIAN,INTERNATIONAL_PACKAGING_FOUNDATION,natural,348,348,6332c70f6388db640da1f06b3dc2887d42b39cf9fc89715487d9aa72199fecd7
b58148c3a009a403,God-Morgon-Orange-Juice,test,GroceryStoreDataset_Klasson2019,NON_INDIAN,INTERNATIONAL_PACKAGING_FOUNDATION,natural,348,348,1f2778ff76b56ea84496c89ab9b6098c3b50175fcdd67b638e91f2a5b205716b
cb6b6494d597df39,God-Morgon-Orange-Juice,test,GroceryStoreDataset_Klasson2019,NON_INDIAN,INTERNATIONAL_PACKAGING_FOUNDATION,natural,348,348,2b8ab647af2543cb2a8cb0ee6c587319318261b293c108648ec25cf25b30edb0
707a873cbce4f26f,God-Morgon-Orange-Juice,test,GroceryStoreDataset_Klasson2019,NON_INDIAN,INTERNATIONAL_PACKAGING_FOUNDATION,natural,348,464,b37570b4b830d1b2f11c5399e19fe63debda806f1b704a27e37452ebd845a5e8
a678a0ee5fb91543,God-Morgon-Orange-Juice,test,GroceryStoreDataset_Klasson2019,NON_INDIAN,INTERNATIONAL_PACKAGING_FOUNDATION,natural,348,348,74b070980c9ca99feb2e60dcdfe241481baa3b45983b38b303afe2896143d547
d5eac15af803e3f4,God-Morgon-Orange-Juice,test,GroceryStoreDataset_Klasson2019,NON_INDIAN,INTERNATIONAL_PACKAGING_FOUNDATION,natural,348,348,a67d2d19a034b112610ce8abd9e97618bf432416aff591a974a6bc8b9685f649
780dc154469ff85a,Tropicana-Juice-Smooth,train,GroceryStoreDataset_Klasson2019,NON_INDIAN,INTERNATIONAL_PACKAGING_FOUNDATION,natural,348,348,cb931632c5a5cb81370683520eab9dc0197fee0047aeb3512ce1941e3868535a
0c7b99b8b5d4c773,Tropicana-Juice-Smooth,train,GroceryStoreDataset_Klasson2019,NON_INDIAN,INTERNATIONAL_PACKAGING_FOUNDATION,natural,348,348,7bf52d154c25892eee34441c10f85c5c892781283d226518be07c4e05bb7daa5
dc75911c2969986a,Tropicana-Juice-Smooth,train,GroceryStoreDataset_Klasson2019,NON_INDIAN,INTERNATIONAL_PACKAGING_FOUNDATION,natural,348,348,a139653137b7c4b43919e59b43659493eb95ce12c166fc0e2c624088f9cdc2b8
6500482c8c1310c4,Tropicana-Juice-Smooth,train,GroceryStoreDataset_Klasson2019,NON_INDIAN,INTERNATIONAL_PACKAGING_FOUNDATION,natural,348,348,6f3a340fc3f328059e39383b0e357585a9a695183c9473ff8ad0defbd3493e6d
2505cc951f91841c,Tropicana-Juice-Smooth,train,GroceryStoreDataset_Klasson2019,NON_INDIAN,INTERNATIONAL_PACKAGING_FOUNDATION,natural,348,348,55bcbdc421aedf34fd2a8a9c9cf4692b97422eb1cde5569fa09be0405ffb8b17
d3280c2a565435c7,Tropicana-Juice-Smooth,train,GroceryStoreDataset_Klasson2019,NON_INDIAN,INTERNATIONAL_PACKAGING_FOUNDATION,natural,348,348,35f4f234e80381a377d93b2a9e5b301a2c45114ce7fbd1c5cf9b8ce13a8aca9e
53de7aa3e894d22d,Tropicana-Juice-Smooth,train,GroceryStoreDataset_Klasson2019,NON_INDIAN,INTERNATIONAL_PACKAGING_FOUNDATION,natural,348,348,674f08ec89ad0e2894cd471a8d97439ef9a80802e64ceb52450086eb0817db23
4a267224182f61ed,Tropicana-Juice-Smooth,train,GroceryStoreDataset_Klasson2019,NON_INDIAN,INTERNATIONAL_PACKAGING_FOUNDATION,natural,348,348,2ba8efb115d537e4cb5127a4fe04cb6aa797c7410fca1461d45da2eff9a9c869
de57355a0519e6ef,Tropicana-Juice-Smooth,train,GroceryStoreDataset_Klasson2019,NON_INDIAN,INTERNATIONAL_PACKAGING_FOUNDATION,natural,348,348,1251e54a75335cac972d9ba09d12f962a21d649dcb3bb088a229f0e0e6e3935c
6b9880db629acb01,Tropicana-Juice-Smooth,train,GroceryStoreDataset_Klasson2019,NON_INDIAN,INTERNATIONAL_PACKAGING_FOUNDATION,natural,348,348,f6652da565acb502d6910b23a1557c53364ed769c6d1d449ea6a125c3ac81153
727b0e42daeb31a7,Tropicana-Juice-Smooth,train,GroceryStoreDataset_Klasson2019,NON_INDIAN,INTERNATIONAL_PACKAGING_FOUNDATION,natural,348,348,c7f0fc3c5332ca5a82c6eb9c436758a88b453b433547b7e72a750796bb05f9d3
4c87e7e8dbb94c24,Tropicana-Juice-Smooth,train,GroceryStoreDataset_Klasson2019,NON_INDIAN,INTERNATIONAL_PACKAGING_FOUNDATION,natural,348,348,ffd15659ab8d319e602632617cd8e5ab92e22949d9e10392cb1d94d4216be45c
d72f41c93db508fc,Tropicana-Juice-Smooth,train,GroceryStoreDataset_Klasson2019,NON_INDIAN,INTERNATIONAL_PACKAGING_FOUNDATION,natural,348,348,e22c6e770f005dde53266717d5aff79f3da353717162d3075ebe43185fd61b30
6d153730f6d998ba,Tropicana-Juice-Smooth,train,GroceryStoreDataset_Klasson2019,NON_INDIAN,INTERNATIONAL_PACKAGING_FOUNDATION,natural,348,348,820c35881df8b4d7747dfa39d6391a96692b4ed74e320aa7285bd50f812cc3cd
4129d02d5fcbf107,Tropicana-Juice-Smooth,train,GroceryStoreDataset_Klasson2019,NON_INDIAN,INTERNATIONAL_PACKAGING_FOUNDATION,natural,348,348,2a78094227bde23c60d250a72f85f48af99996088567886685fddbb06c1a6f3b
2f0414a9dbf1e036,Tropicana-Juice-Smooth,train,GroceryStoreDataset_Klasson2019,NON_INDIAN,INTERNATIONAL_PACKAGING_FOUNDATION,natural,348,348,ed668ac200522d55e155d3810187792fefebfe1a6366f177cc160f37d3a4f0b6
5d6a806d119b9dcd,Tropicana-Juice-Smooth,train,GroceryStoreDataset_Klasson2019,NON_INDIAN,INTERNATIONAL_PACKAGING_FOUNDATION,natural,348,348,008dfe90cb38f346fcd8a8455e2250f49057bb0182ada9de17ea75c1b2521b1c
1ffaaf33d67fdab4,Tropicana-Juice-Smooth,train,GroceryStoreDataset_Klasson2019,NON_INDIAN,INTERNATIONAL_PACKAGING_FOUNDATION,natural,348,348,45b2d0f300c39e8617a8d7d3d935903131d5b53236ccf2d673d104c1d6ed007c
f3e039dcb924133c,Tropicana-Juice-Smooth,train,GroceryStoreDataset_Klasson2019,NON_INDIAN,INTERNATIONAL_PACKAGING_FOUNDATION,natural,348,348,7c92eb8d0fed73f40601490920a62a0357ec209772c2dc3019006f04a62befbb
81c4eba3be176d9a,Tropicana-Juice-Smooth,train,GroceryStoreDataset_Klasson2019,NON_INDIAN,INTERNATIONAL_PACKAGING_FOUNDATION,natural,348,348,64d7a61420094e0d1b3d352a67a209f00b1bb073e20608599f3b7d7f118a6dfb
e3f0c983c8c7993f,Tropicana-Juice-Smooth,train,GroceryStoreDataset_Klasson2019,NON_INDIAN,INTERNATIONAL_PACKAGING_FOUNDATION,natural,348,348,70312eddcedcf6c6555623f162dc605a27703b0e9885eca301d49fa1e72ace63
0786b8fdad99db26,Tropicana-Juice-Smooth,train,GroceryStoreDataset_Klasson2019,NON_INDIAN,INTERNATIONAL_PACKAGING_FOUNDATION,natural,348,348,2e6678cbcbd60868cbe061843dd2c6c8ae3d46fbcddf69d13279186ac1fe03c5
0584a3dba3245f61,Tropicana-Juice-Smooth,train,GroceryStoreDataset_Klasson2019,NON_INDIAN,INTERNATIONAL_PACKAGING_FOUNDATION,natural,348,348,80856ccb96a3acad4509c4360accc5ea336d66f70df6326f9de480d4e1830e96
d73b402221eeeb0b,Tropicana-Juice-Smooth,train,GroceryStoreDataset_Klasson2019,NON_INDIAN,INTERNATIONAL_PACKAGING_FOUNDATION,natural,348,348,b7f4a8d8ee5b8380b17002d8ea95fdec32dd821aa01f8525758410e46a14ce74
330174d999a1d2b4,God-Morgon-Apple-Juice,val,GroceryStoreDataset_Klasson2019,NON_INDIAN,INTERNATIONAL_PACKAGING_FOUNDATION,natural,348,348,f1d847b4a996fcb405bfe68d85acfa41143180bae394a40ad075f27eaccaa9cc
0557a5c41a1590a2,God-Morgon-Apple-Juice,val,GroceryStoreDataset_Klasson2019,NON_INDIAN,INTERNATIONAL_PACKAGING_FOUNDATION,natural,348,348,8a8b653cbcc0624a2d11325c4fdc20cefa1b74832023cb8b424444aa978a0c23
2e6c88e35b952841,God-Morgon-Apple-Juice,val,GroceryStoreDataset_Klasson2019,NON_INDIAN,INTERNATIONAL_PACKAGING_FOUNDATION,natural,348,348,c03ac51cfc3c47160c51557841c96f082c62574f076beee3c34e2d31b75c801f
89b0bde2fccc680e,God-Morgon-Apple-Juice,val,GroceryStoreDataset_Klasson2019,NON_INDIAN,INTERNATIONAL_PACKAGING_FOUNDATION,natural,348,348,8bcd319d75dd4d0cc5f852015e8272d7b22584f9526f282dc9f8841b756233ad
3a75191aed57582b,God-Morgon-Apple-Juice,val,GroceryStoreDataset_Klasson2019,NON_INDIAN,INTERNATIONAL_PACKAGING_FOUNDATION,natural,348,348,2e5ddbcc5b459cff7a9053dd3e088be2f072b6bbfda5a598cc2e458c04126291
3ff0a9d433a2973f,God-Morgon-Apple-Juice,val,GroceryStoreDataset_Klasson2019,NON_INDIAN,INTERNATIONAL_PACKAGING_FOUNDATION,natural,348,348,a2cb7ae633441ef1c6aaeb2eefb77d687a77a4df9743dbc0ebe0c428d23597b8
8f41648e92874003,God-Morgon-Apple-Juice,val,GroceryStoreDataset_Klasson2019,NON_INDIAN,INTERNATIONAL_PACKAGING_FOUNDATION,natural,348,348,18fa9ead81354315c1e7be112e29966eb988d9125ef32e9effcc0e9f134dfe83
b375431d26698613,God-Morgon-Apple-Juice,val,GroceryStoreDataset_Klasson2019,NON_INDIAN,INTERNATIONAL_PACKAGING_FOUNDATION,natural,348,348,f5a1eaa67fa4b52f4570fb32026ffde03b0510613bf9a9f74f8f5f4a31463e41
94f1215b1170bb4f,God-Morgon-Apple-Juice,val,GroceryStoreDataset_Klasson2019,NON_INDIAN,INTERNATIONAL_PACKAGING_FOUNDATION,natural,348,348,7660e2282261b043c6cc72f671782a349c095f46a2fb74fb85d8bd51f30df168
ef9dd85a936f3a87,God-Morgon-Apple-Juice,val,GroceryStoreDataset_Klasson2019,NON_INDIAN,INTERNATIONAL_PACKAGING_FOUNDATION,natural,348,348,db61fc87b04c55573b643ac4fd66d1125df9a4b16c093aad0a4c66a448504e82
f4d208b4420288de,God-Morgon-Apple-Juice,val,GroceryStoreDataset_Klasson2019,NON_INDIAN,INTERNATIONAL_PACKAGING_FOUNDATION,natural,348,348,6114c8c747e407babb6ce9ec79f060059f76c7d1999ecca924200eaaa5795500
fdc38106d2433de0,God-Morgon-Apple-Juice,val,GroceryStoreDataset_Klasson2019,NON_INDIAN,INTERNATIONAL_PACKAGING_FOUNDATION,natural,348,348,8ff4fe5225d946c791bffba84e58b4f2442eeeac9d90d0e1ececa7eebb438dbe
458233c1a2d4a228,God-Morgon-Apple-Juice,val,GroceryStoreDataset_Klasson2019,NON_INDIAN,INTERNATIONAL_PACKAGING_FOUNDATION,natural,348,348,ebf05ee2e700d493145d44d3d7cfbb6e934196bfe5f5202797ff173722c8f5e7
2b78c401e8c51d76,God-Morgon-Apple-Juice,val,GroceryStoreDataset_Klasson2019,NON_INDIAN,INTERNATIONAL_PACKAGING_FOUNDATION,natural,348,348,672cd5caedb4a945fb3cb930334ac2709ad792c29fd2cacac78db5078a31422b
dacb3cea1ce06771,God-Morgon-Apple-Juice,val,GroceryStoreDataset_Klasson2019,NON_INDIAN,INTERNATIONAL_PACKAGING_FOUNDATION,natural,348,348,a0b2b53494c33ee08d33d7b8fd1efdfa141a1f7a6ba8b4ee6a378074445b2f99
09e29b9964c875c6,God-Morgon-Apple-Juice,val,GroceryStoreDataset_Klasson2019,NON_INDIAN,INTERNATIONAL_PACKAGING_FOUNDATION,natural,348,348,08ca71b90b6ea5c70f569add5e0b14c9fced485ea8f5168f0bcbb2f69fd07fbd
94ca42d186fbc644,God-Morgon-Apple-Juice,val,GroceryStoreDataset_Klasson2019,NON_INDIAN,INTERNATIONAL_PACKAGING_FOUNDATION,natural,348,348,a4e3cf2fbb58f1764ecd127b97a929da535b6882d20f2a4b2db04b752908d13c
ffa158663f553ab2,God-Morgon-Apple-Juice,val,GroceryStoreDataset_Klasson2019,NON_INDIAN,INTERNATIONAL_PACKAGING_FOUNDATION,natural,348,348,8e1405c5d1997279c67f93b9e81effd077c3bc60ac673194e8c1b479337cc800
cf7701eee714d378,God-Morgon-Apple-Juice,val,GroceryStoreDataset_Klasson2019,NON_INDIAN,INTERNATIONAL_PACKAGING_FOUNDATION,natural,348,348,fbb637a68117804a1f2351db206e6bf5584ee4ece2212f4e2f48917d67e5a70c
687e4a7807c53824,God-Morgon-Red-Grapefruit-Juice,train,GroceryStoreDataset_Klasson2019,NON_INDIAN,INTERNATIONAL_PACKAGING_FOUNDATION,natural,348,348,d4a3fbc1c072371dbbcf0f07963ce2f3298d5b53f75fff41aec7f6160199903b
ccd3cd0885d520fb,God-Morgon-Red-Grapefruit-Juice,train,GroceryStoreDataset_Klasson2019,NON_INDIAN,INTERNATIONAL_PACKAGING_FOUNDATION,natural,348,348,bf28376e49b5fb4befbc14807e28df8688be2266e2e7530b075ece965f3cc38b
800b5a11412f7c55,God-Morgon-Red-Grapefruit-Juice,train,GroceryStoreDataset_Klasson2019,NON_INDIAN,INTERNATIONAL_PACKAGING_FOUNDATION,natural,348,348,d108f2b1071f5c1dccfe9d60b79b7f3391b7f16a715ba679c3653068ab88ea70
5fb29a38b36ce9dd,God-Morgon-Red-Grapefruit-Juice,train,GroceryStoreDataset_Klasson2019,NON_INDIAN,INTERNATIONAL_PACKAGING_FOUNDATION,natural,348,348,7ff493a42559475a815e2c9402ea3dc49e9717f204e029b32c833b37dad3768e
2427b505a94fd5f9,God-Morgon-Red-Grapefruit-Juice,train,GroceryStoreDataset_Klasson2019,NON_INDIAN,INTERNATIONAL_PACKAGING_FOUNDATION,natural,348,348,98829de7a97bae2c480ab8cb560849df8b290132cdf9c34b927acc0a6137a8d8
e93909c9d6c9993e,God-Morgon-Red-Grapefruit-Juice,train,GroceryStoreDataset_Klasson2019,NON_INDIAN,INTERNATIONAL_PACKAGING_FOUNDATION,natural,348,348,dd462bf509593057afe8bc418279d6d628c1d72198e1991074beaa5b188383c7
1d1011ea17f11c6b,God-Morgon-Red-Grapefruit-Juice,train,GroceryStoreDataset_Klasson2019,NON_INDIAN,INTERNATIONAL_PACKAGING_FOUNDATION,natural,348,348,fb9e81c481c7f1105efde728808065c924daed820f014292b360ac439603c10e
396a4c99d8e4ef87,God-Morgon-Red-Grapefruit-Juice,train,GroceryStoreDataset_Klasson2019,NON_INDIAN,INTERNATIONAL_PACKAGING_FOUNDATION,natural,348,348,95f4daccb0c092ea01c4542fea867a4052c59c03cb41804a23dc689d4fc85d60
ac7d5aeef0edcf7e,God-Morgon-Red-Grapefruit-Juice,train,GroceryStoreDataset_Klasson2019,NON_INDIAN,INTERNATIONAL_PACKAGING_FOUNDATION,natural,348,348,8e8a267e7379803b6b98b77fab9d6316433fa63d7d8e28ea1c9aa168434eecad
6dea24cf0cd65228,God-Morgon-Red-Grapefruit-Juice,train,GroceryStoreDataset_Klasson2019,NON_INDIAN,INTERNATIONAL_PACKAGING_FOUNDATION,natural,348,348,027e8aacb57633b7f4c37f5974311a3bc8b3154f2e110ed901d97770d801b5e8
d2929e4b09a4358d,God-Morgon-Red-Grapefruit-Juice,train,GroceryStoreDataset_Klasson2019,NON_INDIAN,INTERNATIONAL_PACKAGING_FOUNDATION,natural,348,348,7aadf12368b2a0ba05cd69dd8fdd3fb1ba3db77aeb07ae19e9e153493b056721
530e6f5332d1c411,God-Morgon-Red-Grapefruit-Juice,train,GroceryStoreDataset_Klasson2019,NON_INDIAN,INTERNATIONAL_PACKAGING_FOUNDATION,natural,348,348,8776e7a3e6f2a42a91b889443b4c175c1654ef63fccf0d837d0e6677d9b7886b
87b984a85689a60d,God-Morgon-Red-Grapefruit-Juice,train,GroceryStoreDataset_Klasson2019,NON_INDIAN,INTERNATIONAL_PACKAGING_FOUNDATION,natural,348,348,6f2771829e5be644c953df50e4e288b7c46e7f924217ae650507aff1e8ba4e2c
253bacf6f60317c5,God-Morgon-Red-Grapefruit-Juice,train,GroceryStoreDataset_Klasson2019,NON_INDIAN,INTERNATIONAL_PACKAGING_FOUNDATION,natural,348,348,23ef9ca1c8fed10222936eaccf17639c22f7b35e0d81232a1853d60cd4a911ea
68197da5d1a55410,Alpro-Shelf-Soy-Milk,train,GroceryStoreDataset_Klasson2019,NON_INDIAN,INTERNATIONAL_PACKAGING_FOUNDATION,natural,348,348,b0d81b1d739ae0dfe04a93f9aefd75f1e8296de6ed77aa1c31126319c3a8efd8
36c0f5fa02fd04a1,Alpro-Shelf-Soy-Milk,train,GroceryStoreDataset_Klasson2019,NON_INDIAN,INTERNATIONAL_PACKAGING_FOUNDATION,natural,348,348,83500131a98e522db4a01d6004123d43d7fdea99e64cb85bd5b99f827af7b8c6
888644b6e9266243,Alpro-Shelf-Soy-Milk,train,GroceryStoreDataset_Klasson2019,NON_INDIAN,INTERNATIONAL_PACKAGING_FOUNDATION,natural,348,348,6bede07f6eaa02893da5080613983a6ebd79b773590e0ea2305b074ea9d9d870
ffb5b5ceb4fbed2e,Alpro-Shelf-Soy-Milk,train,GroceryStoreDataset_Klasson2019,NON_INDIAN,INTERNATIONAL_PACKAGING_FOUNDATION,natural,348,348,8b5486a2606498bfba78639e72dd523266060b154a563f7eb552ffeabfb14a23
4f5a66b9a7ece86a,Alpro-Shelf-Soy-Milk,train,GroceryStoreDataset_Klasson2019,NON_INDIAN,INTERNATIONAL_PACKAGING_FOUNDATION,natural,348,348,b303eaba7d8a4988d3fca022c9d4f72700312f41cc0c69c5f0c76a2bf0414d8d
4a21abb52428b3fb,Alpro-Shelf-Soy-Milk,train,GroceryStoreDataset_Klasson2019,NON_INDIAN,INTERNATIONAL_PACKAGING_FOUNDATION,natural,348,348,454229acf32e6de3d17411388c1e19942d6ba1d6d41e29ec8500874e21b6e867
f8d875a2720daa45,Alpro-Shelf-Soy-Milk,train,GroceryStoreDataset_Klasson2019,NON_INDIAN,INTERNATIONAL_PACKAGING_FOUNDATION,natural,348,348,56c349d8e664638251f0b6197be5911c30bfb9dd8170e3a0f6b27410189d96c1
2af5f5d2057620ea,Alpro-Shelf-Soy-Milk,train,GroceryStoreDataset_Klasson2019,NON_INDIAN,INTERNATIONAL_PACKAGING_FOUNDATION,natural,348,348,719ee8ddb516c0c8dab52c12487c03fbfb6dc7dfda2f942e21ed68b7249cc767
bd7a2323bfcbd7f9,Alpro-Shelf-Soy-Milk,train,GroceryStoreDataset_Klasson2019,NON_INDIAN,INTERNATIONAL_PACKAGING_FOUNDATION,natural,348,348,4249fa0a976043609f48ffab6ee92af265fb581a4b93c01781d9420cf6794f87
97e6e1345cfc616f,Alpro-Shelf-Soy-Milk,train,GroceryStoreDataset_Klasson2019,NON_INDIAN,INTERNATIONAL_PACKAGING_FOUNDATION,natural,348,348,8d65c86c3def7387b9b8a8428c97b4f214a77c046f75ca2500b9c64a45bb0ca2
f09e169bba820906,Alpro-Shelf-Soy-Milk,train,GroceryStoreDataset_Klasson2019,NON_INDIAN,INTERNATIONAL_PACKAGING_FOUNDATION,natural,348,348,0c42247e16f3f32c9a4c47c809cc9348e1758399e98dfffd83a5641c0afde008
5c350bcb33504dcf,Alpro-Shelf-Soy-Milk,train,GroceryStoreDataset_Klasson2019,NON_INDIAN,INTERNATIONAL_PACKAGING_FOUNDATION,natural,348,348,5eeda05d926656e165012f9e15c3e9dd9fd0794ab21ddd0d1587163bda65aeb8
be4bdd23c007aa52,Alpro-Shelf-Soy-Milk,train,GroceryStoreDataset_Klasson2019,NON_INDIAN,INTERNATIONAL_PACKAGING_FOUNDATION,natural,348,348,8e62e78fe1036b617c12cc4bd3c8d8911ac3fcbfe3d336badebd78b47a1b162a
31fd2e9e0ea52f9b,Alpro-Shelf-Soy-Milk,train,GroceryStoreDataset_Klasson2019,NON_INDIAN,INTERNATIONAL_PACKAGING_FOUNDATION,natural,348,348,b5d6d202bf7c98f20e8a11aec0dea67c18c133119cd51ba78a607f524018be38
5f64b69fe8e73e73,Alpro-Shelf-Soy-Milk,train,GroceryStoreDataset_Klasson2019,NON_INDIAN,INTERNATIONAL_PACKAGING_FOUNDATION,natural,348,348,f85ae5eef1d243cae0a666d863d672995000a766a98647997a80cb1aeccb6629
3e4796bf0cd3af7c,Alpro-Shelf-Soy-Milk,train,GroceryStoreDataset_Klasson2019,NON_INDIAN,INTERNATIONAL_PACKAGING_FOUNDATION,natural,348,348,f15a9981f1508104701291108c9dd3981d5b54955cb6364ded4262bbd40cd40c
ad363e144abe8a2e,Alpro-Shelf-Soy-Milk,train,GroceryStoreDataset_Klasson2019,NON_INDIAN,INTERNATIONAL_PACKAGING_FOUNDATION,natural,348,348,0cb185d1fcd7c427faee587595afae643b4f49bde5c9bf9640f733157e7f85ff
55c0dd27077b14e5,Alpro-Shelf-Soy-Milk,train,GroceryStoreDataset_Klasson2019,NON_INDIAN,INTERNATIONAL_PACKAGING_FOUNDATION,natural,348,348,b2331cf7981b622984e5290eef58fbc79f06042cd613be3ec06ef361d2d042cf
dd14a686d859af68,Alpro-Shelf-Soy-Milk,train,GroceryStoreDataset_Klasson2019,NON_INDIAN,INTERNATIONAL_PACKAGING_FOUNDATION,natural,348,348,024e34d556e142868ee3eeef5fd2a88e35e54d774a6181390223522786fa9d4e
f40ec5a201a0d658,Alpro-Shelf-Soy-Milk,train,GroceryStoreDataset_Klasson2019,NON_INDIAN,INTERNATIONAL_PACKAGING_FOUNDATION,natural,348,348,45170c0b97c1ac986d766e8af68d7c243791ef8ca0b41b99f90f46af180b2424
2ce4d59f61d3b0c2,Alpro-Shelf-Soy-Milk,train,GroceryStoreDataset_Klasson2019,NON_INDIAN,INTERNATIONAL_PACKAGING_FOUNDATION,natural,348,348,83e64f364f04505f84c26259d417daa81d5eed7235ac20e10fbe3993e9efaec5
20b32ce08287182a,Alpro-Shelf-Soy-Milk,train,GroceryStoreDataset_Klasson2019,NON_INDIAN,INTERNATIONAL_PACKAGING_FOUNDATION,natural,348,348,01f9c68f86319ce7b627d62254ae3edfa70ca9495bae4077d121a76b52a735e4
c9f2f7a5f32ea105,Alpro-Shelf-Soy-Milk,train,GroceryStoreDataset_Klasson2019,NON_INDIAN,INTERNATIONAL_PACKAGING_FOUNDATION,natural,348,348,1c7984e803f7718aedc86a8762b582cc680772401abf3e6f1e81c8c261c67593
8a8e26d16fbd2eab,Alpro-Shelf-Soy-Milk,train,GroceryStoreDataset_Klasson2019,NON_INDIAN,INTERNATIONAL_PACKAGING_FOUNDATION,natural,348,348,af2bbaca6a332ba41dd075e823f5e83c806c8acedf576fce14972c88aa34281e
fbdb98b244087a4c,Alpro-Shelf-Soy-Milk,train,GroceryStoreDataset_Klasson2019,NON_INDIAN,INTERNATIONAL_PACKAGING_FOUNDATION,natural,348,348,67b0f61f63a699c7c6b213f94cdc1ebe794035cd2e4dbf9d641a229c35d39168
bd8afba9c9e34517,Alpro-Shelf-Soy-Milk,train,GroceryStoreDataset_Klasson2019,NON_INDIAN,INTERNATIONAL_PACKAGING_FOUNDATION,natural,348,348,95e2d126c038cd8f2418f0caf5347cc4e8abcf50e4b6d2b4d5faa6aa86034195
49c3dc2222d0ca82,Alpro-Shelf-Soy-Milk,train,GroceryStoreDataset_Klasson2019,NON_INDIAN,INTERNATIONAL_PACKAGING_FOUNDATION,natural,348,348,a4f3e1677d97f2e671da36c6da8d1c227e4675929e95a207273539fe1d741464
314a92941cf87a93,Alpro-Shelf-Soy-Milk,train,GroceryStoreDataset_Klasson2019,NON_INDIAN,INTERNATIONAL_PACKAGING_FOUNDATION,natural,348,348,729f1a11ddfe18aaefd48b92b10e87f1eb000a20ad4d3200591cfadf7f562781
9ae940ff7af6e91e,Alpro-Shelf-Soy-Milk,train,GroceryStoreDataset_Klasson2019,NON_INDIAN,INTERNATIONAL_PACKAGING_FOUNDATION,natural,348,348,9c134364359dbabccb797b2152142b6374a8bcadabe690f45a732256bd21e014
c70ec2e141946b43,Alpro-Shelf-Soy-Milk,train,GroceryStoreDataset_Klasson2019,NON_INDIAN,INTERNATIONAL_PACKAGING_FOUNDATION,natural,348,348,bf461ae0960c2f3c7fdc68386056197719a53069d89e2f1bbb723c617ce7eca7
30942bbf2296235d,Alpro-Fresh-Soy-Milk,train,GroceryStoreDataset_Klasson2019,NON_INDIAN,INTERNATIONAL_PACKAGING_FOUNDATION,natural,348,348,7810eb926a5b403a50162a2dc02070e280e22a18ad356bfe8125b0e816a485b4
abfafcecef8884f6,Alpro-Fresh-Soy-Milk,train,GroceryStoreDataset_Klasson2019,NON_INDIAN,INTERNATIONAL_PACKAGING_FOUNDATION,natural,348,348,15c29912fda3334866704935dca70ae4e295c889803b26e9acd2227f6f7eb10b
0b7a11b6013ef51f,Alpro-Fresh-Soy-Milk,train,GroceryStoreDataset_Klasson2019,NON_INDIAN,INTERNATIONAL_PACKAGING_FOUNDATION,natural,348,348,1c7188ae69234369c367a6a8fe2169fde8e1e5cf3958223ad8cae1e47ff36e11
c4bf02c4e7bf933e,Alpro-Fresh-Soy-Milk,train,GroceryStoreDataset_Klasson2019,NON_INDIAN,INTERNATIONAL_PACKAGING_FOUNDATION,natural,348,348,4b32c9e7a8b6df2aaf64c406d12699539221798fa3af25ce697bea3221323c18
1e6ab289d3222ff8,Alpro-Fresh-Soy-Milk,train,GroceryStoreDataset_Klasson2019,NON_INDIAN,INTERNATIONAL_PACKAGING_FOUNDATION,natural,348,348,0399e4ee371610264bdaf8f0c18c44f7c97031f7a4fa4bac1a8e5713deb809c2
2f20a75120ddd82b,Alpro-Fresh-Soy-Milk,train,GroceryStoreDataset_Klasson2019,NON_INDIAN,INTERNATIONAL_PACKAGING_FOUNDATION,natural,348,348,ffd98a276a2a8f376a3b383c00d0302110c699a0c5a434f4c4fda452cb7f1a9e
f4d22c4506eb7ba5,Alpro-Fresh-Soy-Milk,train,GroceryStoreDataset_Klasson2019,NON_INDIAN,INTERNATIONAL_PACKAGING_FOUNDATION,natural,348,348,fd9d50f8170df73b7812657a51c54ddd72b697db1fa6a903be34f09b16e16417
f0a5d22095cc6e80,Alpro-Fresh-Soy-Milk,train,GroceryStoreDataset_Klasson2019,NON_INDIAN,INTERNATIONAL_PACKAGING_FOUNDATION,natural,348,348,c8af73c57c7c63dd52c91475a0a3cd0c6ae41529b4dc1f0edee9cb4116e48597
658c48d4936dc172,Alpro-Fresh-Soy-Milk,train,GroceryStoreDataset_Klasson2019,NON_INDIAN,INTERNATIONAL_PACKAGING_FOUNDATION,natural,348,348,ec6209938fa7732ff889169afcad4588aeadb2ee7aa3e3f8ed33d021f13730ea
a32df5ab8ac6529b,Alpro-Fresh-Soy-Milk,train,GroceryStoreDataset_Klasson2019,NON_INDIAN,INTERNATIONAL_PACKAGING_FOUNDATION,natural,348,348,67de19b5b4b81e579c6c660284c12e3721ebcaae82c5f73c0966d6654e6a74eb
d53e9a655c95c61d,Alpro-Fresh-Soy-Milk,train,GroceryStoreDataset_Klasson2019,NON_INDIAN,INTERNATIONAL_PACKAGING_FOUNDATION,natural,348,348,0f4ae2ab388b027f8e30e5089d8f2c871cac29eb5c0629b8e9853537c813ebaa
a1b098ea116a9689,Alpro-Fresh-Soy-Milk,train,GroceryStoreDataset_Klasson2019,NON_INDIAN,INTERNATIONAL_PACKAGING_FOUNDATION,natural,348,348,52ba0ed1d8c125b3e40962edfffd60f537d9b8077b9a3d1982524d2bbd91a4b2
d846431229712fc9,Alpro-Fresh-Soy-Milk,train,GroceryStoreDataset_Klasson2019,NON_INDIAN,INTERNATIONAL_PACKAGING_FOUNDATION,natural,348,348,e7f0587fed376e76b6f2ef175de77a4483145521678953435faf93e0fda92704
3bf0b10eecf7f834,Alpro-Fresh-Soy-Milk,train,GroceryStoreDataset_Klasson2019,NON_INDIAN,INTERNATIONAL_PACKAGING_FOUNDATION,natural,348,348,3e19a848e6efe42ee2bc9e9d0ea8a2b7354dcb685016d6b7911069ad1fb9f0e7
4499a32a5a59e085,Alpro-Fresh-Soy-Milk,train,GroceryStoreDataset_Klasson2019,NON_INDIAN,INTERNATIONAL_PACKAGING_FOUNDATION,natural,348,348,84f6df36de9c528e2b6c7780489739cdc2285129d9a31c0a851d2c284f19ab87
c262896a10b35040,Alpro-Fresh-Soy-Milk,train,GroceryStoreDataset_Klasson2019,NON_INDIAN,INTERNATIONAL_PACKAGING_FOUNDATION,natural,348,348,6dae2373c6504e8f773899c30a87660cd97a344fd3797890e3f8519dccc85fec
f3da313d4cab006c,Alpro-Fresh-Soy-Milk,train,GroceryStoreDataset_Klasson2019,NON_INDIAN,INTERNATIONAL_PACKAGING_FOUNDATION,natural,348,348,74a1b5530017f8e4a32cd12eebd98123c9eeb41a10b3d02b66ecfbd461ccac9b
090ffb1353dfe376,Alpro-Fresh-Soy-Milk,train,GroceryStoreDataset_Klasson2019,NON_INDIAN,INTERNATIONAL_PACKAGING_FOUNDATION,natural,348,348,850f87a701ba9349a2048769a29687f347bccb1aad326d5a53f4bbdc2116ea32
4dbc63e01f27147e,Alpro-Fresh-Soy-Milk,train,GroceryStoreDataset_Klasson2019,NON_INDIAN,INTERNATIONAL_PACKAGING_FOUNDATION,natural,348,348,db33d2f21a688395c8c2184c8e81d2583d0adad7064e3b02540240c626c7ce11
a279311154584ea6,Alpro-Fresh-Soy-Milk,train,GroceryStoreDataset_Klasson2019,NON_INDIAN,INTERNATIONAL_PACKAGING_FOUNDATION,natural,348,348,2cdd67c8f5ad553252919439716e6bf080c7154001c9cb86eecc62e375cda177
60a223d42a783145,Alpro-Fresh-Soy-Milk,train,GroceryStoreDataset_Klasson2019,NON_INDIAN,INTERNATIONAL_PACKAGING_FOUNDATION,natural,348,348,f44d5bd15abe73eea6ed768f56ffad68878413f69a9f659a3774453d72ff2f9c
cadddae9e455f7c4,Alpro-Fresh-Soy-Milk,train,GroceryStoreDataset_Klasson2019,NON_INDIAN,INTERNATIONAL_PACKAGING_FOUNDATION,natural,348,348,a048108ff5c80c66aa5fa11c0b71a4befc7160d8acfc3d81b1e24d8b1842fb01
6ad3d166fc643c14,Alpro-Fresh-Soy-Milk,train,GroceryStoreDataset_Klasson2019,NON_INDIAN,INTERNATIONAL_PACKAGING_FOUNDATION,natural,348,348,94939c1ddef18c0cde225feb43548dc0ac5f491da5aa20181e938d033929a979
6bedb2da2da4cdf4,Alpro-Fresh-Soy-Milk,train,GroceryStoreDataset_Klasson2019,NON_INDIAN,INTERNATIONAL_PACKAGING_FOUNDATION,natural,348,348,dafb4fe3ff730000dc25400213cf71c1b07a22bbf3cf6cf671871e7dc6101090
c061e0e6bac791b9,Alpro-Fresh-Soy-Milk,train,GroceryStoreDataset_Klasson2019,NON_INDIAN,INTERNATIONAL_PACKAGING_FOUNDATION,natural,348,348,d972fd58817ba7ad26dceb3eb6db0e514005b6c214dc7d6288477b7b9b3a1955
f28d80edc53c67d7,Alpro-Fresh-Soy-Milk,train,GroceryStoreDataset_Klasson2019,NON_INDIAN,INTERNATIONAL_PACKAGING_FOUNDATION,natural,348,348,e414129c8ac514432de0da25d0652c4aaffcd906a6df9b52551aebf35a295673
95475b9f03647ea8,Alpro-Fresh-Soy-Milk,train,GroceryStoreDataset_Klasson2019,NON_INDIAN,INTERNATIONAL_PACKAGING_FOUNDATION,natural,348,348,c102c0e3bcb1b7aefdf96c6b57cf3b313edadbcdd8dea261326c854dc8cb6fe5
b1969ad40ce0e111,Alpro-Fresh-Soy-Milk,train,GroceryStoreDataset_Klasson2019,NON_INDIAN,INTERNATIONAL_PACKAGING_FOUNDATION,natural,348,348,5435b63aa5558fe93c7d7c3085cad65e4deecb2d372173f86245a9e843be18c3
eb572bed4b54d463,Alpro-Blueberry-Soyghurt,train,GroceryStoreDataset_Klasson2019,NON_INDIAN,INTERNATIONAL_PACKAGING_FOUNDATION,natural,348,348,cb6dc8012807fb188de638dd4ae86e622217ffaa661606e9d7d5e83bac1fe5c8
6d9c62e8cfcfd7b4,Alpro-Blueberry-Soyghurt,train,GroceryStoreDataset_Klasson2019,NON_INDIAN,INTERNATIONAL_PACKAGING_FOUNDATION,natural,348,348,090f996772eb3fda2e2efed362fced7fb76cd18b62fa88e04ed55f723f38ec16
9be80014313a6033,Alpro-Blueberry-Soyghurt,train,GroceryStoreDataset_Klasson2019,NON_INDIAN,INTERNATIONAL_PACKAGING_FOUNDATION,natural,348,348,7c6f33d779bc2528344bb63f5d392e6422554345bebdbcb8dcdd31d0d6dc4c7b
75b1d5ec645d32e2,Alpro-Blueberry-Soyghurt,train,GroceryStoreDataset_Klasson2019,NON_INDIAN,INTERNATIONAL_PACKAGING_FOUNDATION,natural,348,348,69e2af3ad0ce3ea5dac44c457d467e68be78f709749988273d9202baafaef56c
15449beb725716e7,Alpro-Blueberry-Soyghurt,train,GroceryStoreDataset_Klasson2019,NON_INDIAN,INTERNATIONAL_PACKAGING_FOUNDATION,natural,348,348,9ca8ff33b94b70b84599654e3c80b797b89561bea485fdb4067462ba6d6afb39
cd13141a35e39fd9,Alpro-Blueberry-Soyghurt,train,GroceryStoreDataset_Klasson2019,NON_INDIAN,INTERNATIONAL_PACKAGING_FOUNDATION,natural,348,348,6f92698ab3250752d4ba1fd756321cb3646ba00d4939be79429a4a33af562f4b
82d7d81b01c511a9,Alpro-Blueberry-Soyghurt,train,GroceryStoreDataset_Klasson2019,NON_INDIAN,INTERNATIONAL_PACKAGING_FOUNDATION,natural,348,348,3e61dbd14bacc1ed70d54e3b95aa6513d087162c9383248e99b888752789a0f4
08da5f33377caba8,Alpro-Blueberry-Soyghurt,train,GroceryStoreDataset_Klasson2019,NON_INDIAN,INTERNATIONAL_PACKAGING_FOUNDATION,natural,348,348,b4d9b881261c8808b007d4a7f7736bad4d1500c04acf4e5ac5aad22a8b0b520a
117dcbb840176670,Alpro-Blueberry-Soyghurt,train,GroceryStoreDataset_Klasson2019,NON_INDIAN,INTERNATIONAL_PACKAGING_FOUNDATION,natural,348,348,be0634c152f2086b9e323e727f74dcd15e7294133d733396a4d6a53bea90b02a
abe76c70fcb5222b,Alpro-Blueberry-Soyghurt,train,GroceryStoreDataset_Klasson2019,NON_INDIAN,INTERNATIONAL_PACKAGING_FOUNDATION,natural,348,348,975d01c74729e7707d8a08bbc38ef4c54a313cf6638006f7e882ff37dddb5aa0
50021c6b82704784,Alpro-Blueberry-Soyghurt,train,GroceryStoreDataset_Klasson2019,NON_INDIAN,INTERNATIONAL_PACKAGING_FOUNDATION,natural,348,348,1e0ba16d0fa77232bc79c4759098a73916cfb1a586e79636ceefa8a5044a398c
8f9162aa1924f233,Alpro-Blueberry-Soyghurt,train,GroceryStoreDataset_Klasson2019,NON_INDIAN,INTERNATIONAL_PACKAGING_FOUNDATION,natural,348,348,0cb01ab56b5096c12ee91e08a8a7ea3e6c12d00f2e3ef7f8513685b78c45407d
b42016631938bfc6,Alpro-Blueberry-Soyghurt,train,GroceryStoreDataset_Klasson2019,NON_INDIAN,INTERNATIONAL_PACKAGING_FOUNDATION,natural,348,348,86e67555e476f10ff60f8b41cd5c3ea4e96f23578911ed1bd68a94bcbd562083
6c3a37952e8eaa49,Alpro-Blueberry-Soyghurt,train,GroceryStoreDataset_Klasson2019,NON_INDIAN,INTERNATIONAL_PACKAGING_FOUNDATION,natural,348,348,fa449dfe800b85d36de0874f038850bed55e9159768b88b9841e581b865dd164
99e3f353e702c95e,Alpro-Blueberry-Soyghurt,train,GroceryStoreDataset_Klasson2019,NON_INDIAN,INTERNATIONAL_PACKAGING_FOUNDATION,natural,348,348,1bb4991b673d6f42490219b629a1d145ae54b9f353535b23bfc74537f07d9b07
d79fc16ebc2a269e,Alpro-Blueberry-Soyghurt,train,GroceryStoreDataset_Klasson2019,NON_INDIAN,INTERNATIONAL_PACKAGING_FOUNDATION,natural,348,348,79168113b9a0713fd91628fdf99a5de1fec9e16ac17773ecf95aaa5bfcdbaab2
b9e3fba51d255a06,Alpro-Blueberry-Soyghurt,train,GroceryStoreDataset_Klasson2019,NON_INDIAN,INTERNATIONAL_PACKAGING_FOUNDATION,natural,348,348,d6b38ff1d7f92a9dc10e33dc6a7bec0b44f6a8e27052ff3a162fdad0983cc097
57b541dc21518ff3,Alpro-Blueberry-Soyghurt,train,GroceryStoreDataset_Klasson2019,NON_INDIAN,INTERNATIONAL_PACKAGING_FOUNDATION,natural,348,348,51f4f998da2a8cc1502cbd3c53e32e2c87529ae394e474726298d9ccede4269b
d9c6096b5b8c53da,Alpro-Blueberry-Soyghurt,train,GroceryStoreDataset_Klasson2019,NON_INDIAN,INTERNATIONAL_PACKAGING_FOUNDATION,natural,348,348,c105d7df7d1bd4e4ac8e16410c17e1f83e2cc61585e723e22a3a8346f583297b
b026cc633b004c71,Alpro-Blueberry-Soyghurt,train,GroceryStoreDataset_Klasson2019,NON_INDIAN,INTERNATIONAL_PACKAGING_FOUNDATION,natural,348,348,a24fe2bedb4e71dc16565d78ca3fd8dda6291380737b6a0e87e52dea21c5253a
54701c3fbe18b611,Alpro-Blueberry-Soyghurt,train,GroceryStoreDataset_Klasson2019,NON_INDIAN,INTERNATIONAL_PACKAGING_FOUNDATION,natural,348,348,f1a8de593a76acbb4b9e3720a1c6590b17e5ae53df80ade1b5146e549f066f0f
37efa502ef9d54c1,Alpro-Blueberry-Soyghurt,train,GroceryStoreDataset_Klasson2019,NON_INDIAN,INTERNATIONAL_PACKAGING_FOUNDATION,natural,348,348,5eda9174cf8da8fae61b910e83b0fe79099349a4e9ddf73b61be4785b2952b9f
a41ca240374a491a,Alpro-Blueberry-Soyghurt,train,GroceryStoreDataset_Klasson2019,NON_INDIAN,INTERNATIONAL_PACKAGING_FOUNDATION,natural,348,348,9ab808d92264631da527d9a1ac433226e6427af41358875ca2e4c0711bf5fa4c
47eee47d5baf50cf,Alpro-Blueberry-Soyghurt,train,GroceryStoreDataset_Klasson2019,NON_INDIAN,INTERNATIONAL_PACKAGING_FOUNDATION,natural,348,348,45a128b6a88f455a894cf6bdf9642d60c7227d0bb634e45daafba894b9d58d57
6e1e319d90d95b59,Alpro-Blueberry-Soyghurt,train,GroceryStoreDataset_Klasson2019,NON_INDIAN,INTERNATIONAL_PACKAGING_FOUNDATION,natural,348,348,c4d4aed5c74f39dc5e802204bb9c5025eea6e61fcd1ba619050e80f5dc8ff7b9
fd5c8e2e12d24991,Alpro-Blueberry-Soyghurt,train,GroceryStoreDataset_Klasson2019,NON_INDIAN,INTERNATIONAL_PACKAGING_FOUNDATION,natural,348,348,4f7eed5b1766d2a5eccd7cc6784f1396ab2a9557f9943b5ff96e14524cc424b7
4046e3c3571e7382,Alpro-Blueberry-Soyghurt,train,GroceryStoreDataset_Klasson2019,NON_INDIAN,INTERNATIONAL_PACKAGING_FOUNDATION,natural,348,348,5d0a8aa0a7e92f4618a3587ce7dd84c431b3e62e0356d6e09b26ede74ab1f777
d97ebced3aafed1c,Alpro-Blueberry-Soyghurt,train,GroceryStoreDataset_Klasson2019,NON_INDIAN,INTERNATIONAL_PACKAGING_FOUNDATION,natural,348,348,eab7220d3e4a8213e7039b1a6f64f3fe0f5a28bfb1b5454c2db87de7561aed27
18e560262ac7dea2,Alpro-Vanilla-Soyghurt,train,GroceryStoreDataset_Klasson2019,NON_INDIAN,INTERNATIONAL_PACKAGING_FOUNDATION,natural,348,348,7cfecc576a3c041021e6ee036a2795cfa755f17de25cde1e38dac9b8814ca92b
bf6cbe2e77ad73f2,Alpro-Vanilla-Soyghurt,train,GroceryStoreDataset_Klasson2019,NON_INDIAN,INTERNATIONAL_PACKAGING_FOUNDATION,natural,348,348,a2ae78b948e8c9c83778f74308c5086a1ab39d1a380688fb7d2a866b880b6add
55b1fc50986c3078,Alpro-Vanilla-Soyghurt,train,GroceryStoreDataset_Klasson2019,NON_INDIAN,INTERNATIONAL_PACKAGING_FOUNDATION,natural,348,348,1e1180642d661a027d0f3e9eb448e03a4ab0748e8864681ed41482e817e10458
1700b4538df4b111,Alpro-Vanilla-Soyghurt,train,GroceryStoreDataset_Klasson2019,NON_INDIAN,INTERNATIONAL_PACKAGING_FOUNDATION,natural,348,348,957738e4d05a44e84fad5ee60ae1527ec1e8b6c9d4125f307ad3da4ac7e3ce5d
559fdc6e8ef382a8,Alpro-Vanilla-Soyghurt,train,GroceryStoreDataset_Klasson2019,NON_INDIAN,INTERNATIONAL_PACKAGING_FOUNDATION,natural,348,348,0380a5a42f0cb2f0eede34d0cafed942242cb53ca89972dc1f634c580e653ba1
0543bda30526d953,Alpro-Vanilla-Soyghurt,train,GroceryStoreDataset_Klasson2019,NON_INDIAN,INTERNATIONAL_PACKAGING_FOUNDATION,natural,348,348,2177f9717da0444989e0bf153203a625bd609d8c78322dc9f0adcff266c24bb1
a06dc13dfbf52aea,Alpro-Vanilla-Soyghurt,train,GroceryStoreDataset_Klasson2019,NON_INDIAN,INTERNATIONAL_PACKAGING_FOUNDATION,natural,348,348,f5b264545a3884d90367cf9b46d0fe710f214e57c895dc62f537fad878e633a6
2cd6b4be0aee7451,Alpro-Vanilla-Soyghurt,train,GroceryStoreDataset_Klasson2019,NON_INDIAN,INTERNATIONAL_PACKAGING_FOUNDATION,natural,348,348,151cd732e9a287b3dfe2005dd1da2d1c29848768cbabd3db131fd7c32468c0cf
2a828bb408cb51ac,Alpro-Vanilla-Soyghurt,train,GroceryStoreDataset_Klasson2019,NON_INDIAN,INTERNATIONAL_PACKAGING_FOUNDATION,natural,348,348,112d7116d8232888be21b2773be180b8d2b72b09a46e6286b3dba0ab48ede2d1
e6a64cef98ad504a,Alpro-Vanilla-Soyghurt,train,GroceryStoreDataset_Klasson2019,NON_INDIAN,INTERNATIONAL_PACKAGING_FOUNDATION,natural,348,348,e2927ab74d3aebb67305001c83780848c8033075fc5f4ff6548961fa13f8e6c3
c84120e89fc5e757,Alpro-Vanilla-Soyghurt,train,GroceryStoreDataset_Klasson2019,NON_INDIAN,INTERNATIONAL_PACKAGING_FOUNDATION,natural,348,348,b8ff51730549149c3e9120c13bee76287127b7347d9c2bce2b0df82fb50d59c5
bfdbaf719f13edca,Alpro-Vanilla-Soyghurt,train,GroceryStoreDataset_Klasson2019,NON_INDIAN,INTERNATIONAL_PACKAGING_FOUNDATION,natural,348,348,00bdff0761e77603b94c475b6f88ca5067344c6739390ba2f2333de6d4c771c6
effbe015dee654e0,Alpro-Vanilla-Soyghurt,train,GroceryStoreDataset_Klasson2019,NON_INDIAN,INTERNATIONAL_PACKAGING_FOUNDATION,natural,348,348,e0a709c93a9fc716be960ee4aaaa67fe71a1ef819cc9807ab0b4f1b054e59c8d
9dada97da242ab75,Alpro-Vanilla-Soyghurt,train,GroceryStoreDataset_Klasson2019,NON_INDIAN,INTERNATIONAL_PACKAGING_FOUNDATION,natural,348,348,ea0b448813ee5534c0515c4e32239826150e7cf781f36a7b1aa24e3fe285364f
6e3b0faf2e8514af,Alpro-Vanilla-Soyghurt,train,GroceryStoreDataset_Klasson2019,NON_INDIAN,INTERNATIONAL_PACKAGING_FOUNDATION,natural,348,348,a87e350cbf1fd9f5307a52e7076ac71a6648bc570fc163c99a1ea3dc4874796c
dc2720d5ad2cf459,Alpro-Vanilla-Soyghurt,train,GroceryStoreDataset_Klasson2019,NON_INDIAN,INTERNATIONAL_PACKAGING_FOUNDATION,natural,348,348,6f55ef196e347c3af06c69d23e69ad9d99aa1f1a693f234959624833fff946d8
47984c9fb208eacd,Alpro-Vanilla-Soyghurt,train,GroceryStoreDataset_Klasson2019,NON_INDIAN,INTERNATIONAL_PACKAGING_FOUNDATION,natural,348,348,985dc28d0edb0f5b9c1ec7f604a83d660f8111aeb69dbb59b750e6ad5330e6b5
f752f8cb11c1c711,Alpro-Vanilla-Soyghurt,train,GroceryStoreDataset_Klasson2019,NON_INDIAN,INTERNATIONAL_PACKAGING_FOUNDATION,natural,348,348,751c68b30e62b37ba8641f672e08496b2abcfb4e076a43fd96eb1ed7452f83ef
ad81dd785bae146e,Alpro-Vanilla-Soyghurt,train,GroceryStoreDataset_Klasson2019,NON_INDIAN,INTERNATIONAL_PACKAGING_FOUNDATION,natural,348,348,cda810889cb2adc8b84d5cea434ca7f8761f014d9b01ef30108e188d7830e586
44f7d9f92e95ce8c,Arla-Ecological-Sour-Cream,val,GroceryStoreDataset_Klasson2019,NON_INDIAN,INTERNATIONAL_PACKAGING_FOUNDATION,natural,348,348,ac53c1d43ff3bc3c7e4ac83c9e6ea6525e9a5a26dd401ce11022efdb32b845be
ebd8bc6b4bab5d31,Arla-Ecological-Sour-Cream,val,GroceryStoreDataset_Klasson2019,NON_INDIAN,INTERNATIONAL_PACKAGING_FOUNDATION,natural,348,348,f911cfab8787d6c1a10f967b42361ce5ea3047a4913a9aae449b6a765d551b68
9fe85384e1b3bdea,Arla-Ecological-Sour-Cream,val,GroceryStoreDataset_Klasson2019,NON_INDIAN,INTERNATIONAL_PACKAGING_FOUNDATION,natural,348,348,7b3019c1afff8eebbcd12a4cb6a322091be6f4c4443bcc8becba5bcc09eb01f4
e8a19ee9e68df81e,Arla-Ecological-Sour-Cream,val,GroceryStoreDataset_Klasson2019,NON_INDIAN,INTERNATIONAL_PACKAGING_FOUNDATION,natural,348,348,519f28ef73054d3251d2d20067dbc3375ee15c19f4176133f6308d2dc33e4f88
d645e0c35aa188db,Arla-Ecological-Sour-Cream,val,GroceryStoreDataset_Klasson2019,NON_INDIAN,INTERNATIONAL_PACKAGING_FOUNDATION,natural,348,348,ae2f4c1ea877f934b93af1c6ec00886705cfe53b46e3bd15ef16ec4200c92819
b45b7ae472bb18ea,Arla-Ecological-Sour-Cream,val,GroceryStoreDataset_Klasson2019,NON_INDIAN,INTERNATIONAL_PACKAGING_FOUNDATION,natural,348,348,2ccef97fa786af10925597fedbb35b5bf63d80a0985f018e99bca845ae4c3029
3feacde6cf22be6a,Arla-Ecological-Sour-Cream,val,GroceryStoreDataset_Klasson2019,NON_INDIAN,INTERNATIONAL_PACKAGING_FOUNDATION,natural,348,348,09a35caaa545f72be7275bbcd8ab0c1b821d8115c1a5797b9f5107de43c37766
b78d0d199113f2d5,Arla-Ecological-Sour-Cream,val,GroceryStoreDataset_Klasson2019,NON_INDIAN,INTERNATIONAL_PACKAGING_FOUNDATION,natural,348,348,bea75d668cae8d7e6612f70a7866d074504bb60156291f0ab331d11fbac2913d
a9e20349657af1d6,Arla-Ecological-Sour-Cream,val,GroceryStoreDataset_Klasson2019,NON_INDIAN,INTERNATIONAL_PACKAGING_FOUNDATION,natural,348,348,813905205f47a19744b7e61d85997250e1a40b97869620abe1bd934b281fdac6
0274e86aaf99949c,Arla-Ecological-Sour-Cream,val,GroceryStoreDataset_Klasson2019,NON_INDIAN,INTERNATIONAL_PACKAGING_FOUNDATION,natural,348,348,5b82d6d9ef32a959cc9c2dd63edc9a32adecf35df7da4caab0b04cd7b4798984
daff169b1431c672,Arla-Ecological-Sour-Cream,val,GroceryStoreDataset_Klasson2019,NON_INDIAN,INTERNATIONAL_PACKAGING_FOUNDATION,natural,348,348,da85d04e1fc44020aaf36c6e5a09cd50381eedb62dca21b2274496de11262040
eaa109af4ffa28d3,Arla-Ecological-Sour-Cream,val,GroceryStoreDataset_Klasson2019,NON_INDIAN,INTERNATIONAL_PACKAGING_FOUNDATION,natural,348,348,f9492fa2b789c04a706c8e183b9676808b7aec580e17c15e482526c60c800fef
860bb3932234a691,Arla-Ecological-Sour-Cream,val,GroceryStoreDataset_Klasson2019,NON_INDIAN,INTERNATIONAL_PACKAGING_FOUNDATION,natural,348,348,8391c6eb235881406b8915e9dce5bec2873fcbaddb3c5173319f090271892016
29f9070e8a511554,Arla-Ecological-Sour-Cream,val,GroceryStoreDataset_Klasson2019,NON_INDIAN,INTERNATIONAL_PACKAGING_FOUNDATION,natural,348,348,c02bb117ddc0b67d46e5889190d4c69ecb52a1d619c2f731a0d065aab44dea44
9044dffb7220b79c,Arla-Ecological-Sour-Cream,val,GroceryStoreDataset_Klasson2019,NON_INDIAN,INTERNATIONAL_PACKAGING_FOUNDATION,natural,348,348,7d1f5d3bb83da5953d6aa82d39e0fdb5cfa6188923ae9cb01d4420649d9f376e
b21560820ab80dff,Arla-Ecological-Sour-Cream,val,GroceryStoreDataset_Klasson2019,NON_INDIAN,INTERNATIONAL_PACKAGING_FOUNDATION,natural,348,348,bb798d966f2c46b47c30eef1c70dc9249b42a1f3a2e067336c4b02a9872cc6c2
82b34a82c82c4754,Arla-Ecological-Sour-Cream,val,GroceryStoreDataset_Klasson2019,NON_INDIAN,INTERNATIONAL_PACKAGING_FOUNDATION,natural,348,348,899667e51793edc82ffa6585bf2dbed24f0659e71662be337ba70aacbb56744e
c802bbdc6e5ee9d2,Arla-Ecological-Sour-Cream,val,GroceryStoreDataset_Klasson2019,NON_INDIAN,INTERNATIONAL_PACKAGING_FOUNDATION,natural,348,348,e59ed4735f54d47ff020e843c6115d155cee91388eaf0bc68dd842c03e34590a
3f7fe05626111b9f,Arla-Ecological-Sour-Cream,val,GroceryStoreDataset_Klasson2019,NON_INDIAN,INTERNATIONAL_PACKAGING_FOUNDATION,natural,348,348,93263cf87ea3c3299e92099ce5bf2e4af5a8dbb9c2f51dd152b1e373476c01bc
83b203d6096761d9,Arla-Ecological-Sour-Cream,val,GroceryStoreDataset_Klasson2019,NON_INDIAN,INTERNATIONAL_PACKAGING_FOUNDATION,natural,348,348,0c86f8d839db26fa16480b6db3db12ea8766c0685651cf892aef6d95ba02955e
f11461b32b7d900e,Arla-Ecological-Sour-Cream,val,GroceryStoreDataset_Klasson2019,NON_INDIAN,INTERNATIONAL_PACKAGING_FOUNDATION,natural,348,348,d57efa78b96981a708258018e66e8d9fd640442cb41c50ece208bcd9651f5cad
b5c8269253769b95,Arla-Ecological-Sour-Cream,val,GroceryStoreDataset_Klasson2019,NON_INDIAN,INTERNATIONAL_PACKAGING_FOUNDATION,natural,348,348,bfcee1e0bde94b13976b28aadc920e76b42e8fc20d04e9a723eb74a5a205cd2d
34fb3c4abcea46c3,Arla-Ecological-Sour-Cream,val,GroceryStoreDataset_Klasson2019,NON_INDIAN,INTERNATIONAL_PACKAGING_FOUNDATION,natural,348,348,9b3b973fd29bd87e8fdfeb4a1111725b30e46c29a2f0abd8c922d666b778a73f
fbe107dabf3e914a,Arla-Sour-Cream,val,GroceryStoreDataset_Klasson2019,NON_INDIAN,INTERNATIONAL_PACKAGING_FOUNDATION,natural,348,348,b2826986860b8aee3e296bfb4505c9e5dffd443450b7ea23357625da03bc1353
ea14e5b5eeab2498,Arla-Sour-Cream,val,GroceryStoreDataset_Klasson2019,NON_INDIAN,INTERNATIONAL_PACKAGING_FOUNDATION,natural,348,348,b275eaeeb3c232023e554c3899e173c1e08fefac1396679e2e86416afd6b2f9f
4a05d15fbca64fe9,Arla-Sour-Cream,val,GroceryStoreDataset_Klasson2019,NON_INDIAN,INTERNATIONAL_PACKAGING_FOUNDATION,natural,348,348,ad7e034fcac18107f833f919e4f00d48b7b3d8f719d0657c815f01a3c0c0b1ba
915078606f2e764b,Arla-Sour-Cream,val,GroceryStoreDataset_Klasson2019,NON_INDIAN,INTERNATIONAL_PACKAGING_FOUNDATION,natural,348,348,3cea7bc20d127d5927d6e714cf608526082d74e8fa3a876021f2e4a9f638bbc1
2efd5a5977fcf39c,Arla-Sour-Cream,val,GroceryStoreDataset_Klasson2019,NON_INDIAN,INTERNATIONAL_PACKAGING_FOUNDATION,natural,348,348,ec34c05596273d27ab177e0876f21d01596f3468e50bdb083eed81f94b6720ac
3a1575d41f2266a7,Arla-Sour-Cream,val,GroceryStoreDataset_Klasson2019,NON_INDIAN,INTERNATIONAL_PACKAGING_FOUNDATION,natural,348,348,cbcda9322e71a0422ba41b894c24e136a5e3ca0bd0c854947ecf0c5ac3fad6c0
cc5aff694dc136c9,Arla-Sour-Cream,val,GroceryStoreDataset_Klasson2019,NON_INDIAN,INTERNATIONAL_PACKAGING_FOUNDATION,natural,348,348,b745f04230384a4cb0be3d8c6bd0e4db90542ce00c354f98b8093fff27a74884
cd00d1e7b836a416,Arla-Sour-Cream,val,GroceryStoreDataset_Klasson2019,NON_INDIAN,INTERNATIONAL_PACKAGING_FOUNDATION,natural,348,348,24108d2f34219ddf503cb277f9828558e41a6ef8018082122a77481827a45117
04182cd317773adf,Arla-Sour-Cream,val,GroceryStoreDataset_Klasson2019,NON_INDIAN,INTERNATIONAL_PACKAGING_FOUNDATION,natural,348,348,f31850797e2960706dd97b0fe679ad588f721011efff6b75f77cca26b01e4864
4ea9561dba652fa9,Arla-Sour-Cream,val,GroceryStoreDataset_Klasson2019,NON_INDIAN,INTERNATIONAL_PACKAGING_FOUNDATION,natural,348,348,ca58f285e1a7de47e72f7cd7fe2a4fe8096d607afaf078ec4ad7280a2129a6ea
60e7fb46a470be84,Arla-Sour-Cream,val,GroceryStoreDataset_Klasson2019,NON_INDIAN,INTERNATIONAL_PACKAGING_FOUNDATION,natural,348,348,835ad56c0a1b84fec0f44b0a49061ce84b331a524e6d85b52402d0890cb25733
f638c463c3b35154,Arla-Sour-Cream,val,GroceryStoreDataset_Klasson2019,NON_INDIAN,INTERNATIONAL_PACKAGING_FOUNDATION,natural,348,348,f1d8da92805b17acecc32daab3b2d94e15e9d9b60b9a0942c13052a09b1bb579
e5df4e0dbedfb876,Arla-Sour-Cream,val,GroceryStoreDataset_Klasson2019,NON_INDIAN,INTERNATIONAL_PACKAGING_FOUNDATION,natural,348,348,9631a17f5d895e24bcf18320783fbb9dfa744985e90a959876da254075dc9cbd
d19811f67da559f3,Arla-Sour-Cream,val,GroceryStoreDataset_Klasson2019,NON_INDIAN,INTERNATIONAL_PACKAGING_FOUNDATION,natural,348,348,c676b7076e48d431a814b0ced15859fbfd833e8fbe8c01f4fb70ce336e5985e2
5f0a8052b7d3ca96,Arla-Sour-Cream,val,GroceryStoreDataset_Klasson2019,NON_INDIAN,INTERNATIONAL_PACKAGING_FOUNDATION,natural,348,348,40f40485696add3afc408fffd35e77c03a3473e97beaea4d0d40557db917ef5a
66e940ccaa0ea6aa,Arla-Sour-Cream,val,GroceryStoreDataset_Klasson2019,NON_INDIAN,INTERNATIONAL_PACKAGING_FOUNDATION,natural,348,348,426ee6eb383b67f136c3e4a4911bdcbc39f68a6ee54614eeaa857722eab3f3af
a95154bd018d39b6,Arla-Sour-Cream,val,GroceryStoreDataset_Klasson2019,NON_INDIAN,INTERNATIONAL_PACKAGING_FOUNDATION,natural,348,348,2ed9693289513b7d207f51c71a18138cf7a523f8b776204765150709f242773b
e60bb860fda9abd7,Arla-Sour-Cream,val,GroceryStoreDataset_Klasson2019,NON_INDIAN,INTERNATIONAL_PACKAGING_FOUNDATION,natural,348,348,d075763a52d4ea0ee8d028da9894572e2fdd96e581a7cc526af95a53e06937d1
c08d0f913173bc3f,Garant-Ecological-Standard-Milk,test,GroceryStoreDataset_Klasson2019,NON_INDIAN,INTERNATIONAL_PACKAGING_FOUNDATION,natural,348,348,f3a65da210bf4da22a44c2c22d4cf6b678ed120e4225652015fae08ef0d39b96
c72a339dd817d81d,Garant-Ecological-Standard-Milk,test,GroceryStoreDataset_Klasson2019,NON_INDIAN,INTERNATIONAL_PACKAGING_FOUNDATION,natural,348,348,1834ef6831277f4646f171b9e7177ecf6e78703c9d76fb84e959412358eb1bcb
16baa0df421d9757,Garant-Ecological-Standard-Milk,test,GroceryStoreDataset_Klasson2019,NON_INDIAN,INTERNATIONAL_PACKAGING_FOUNDATION,natural,348,348,b0c9044a565feffbae95427a103741ad8c2ff28c493a305d0e833228be194528
c1d9bd9f9f6a5dfa,Garant-Ecological-Standard-Milk,test,GroceryStoreDataset_Klasson2019,NON_INDIAN,INTERNATIONAL_PACKAGING_FOUNDATION,natural,348,348,6a8c75471042843427db73b27c808a4df4e4b6e656a0ceaa34376b29b3db66e3
d0563dca9e5aa2dc,Garant-Ecological-Standard-Milk,test,GroceryStoreDataset_Klasson2019,NON_INDIAN,INTERNATIONAL_PACKAGING_FOUNDATION,natural,348,348,8ef4466bf01ad67ad8a1cc01b58edf307065c6ded552fed624114933d926ce4f
7e19d2379f0ab218,Garant-Ecological-Standard-Milk,test,GroceryStoreDataset_Klasson2019,NON_INDIAN,INTERNATIONAL_PACKAGING_FOUNDATION,natural,348,348,fbc8cab2427f9bb2ab610925b88b22579807c1fa839275d8360b43675f1b4546
34e2dcfeabad14f9,Garant-Ecological-Standard-Milk,test,GroceryStoreDataset_Klasson2019,NON_INDIAN,INTERNATIONAL_PACKAGING_FOUNDATION,natural,348,348,58c103efe235a7336dd848f92055692c937918b88ca386a9b17f4b7020956ac9
2d3661f41cdeb735,Garant-Ecological-Standard-Milk,test,GroceryStoreDataset_Klasson2019,NON_INDIAN,INTERNATIONAL_PACKAGING_FOUNDATION,natural,348,348,afcde5f2e6f0bdd6ff8719fc52bef307367dc3aaee93bdcb25ae147303612664
f5b59078a9d3ee55,Garant-Ecological-Standard-Milk,test,GroceryStoreDataset_Klasson2019,NON_INDIAN,INTERNATIONAL_PACKAGING_FOUNDATION,natural,348,348,d611412954ec2313f4ad5a18427026944bdc724894c9f6d7125030ed4f131aeb
5b5a7ed5b3d1c91e,Garant-Ecological-Standard-Milk,test,GroceryStoreDataset_Klasson2019,NON_INDIAN,INTERNATIONAL_PACKAGING_FOUNDATION,natural,348,348,3a8139a34c8383e4fadbe09e0062e1dc9ab2fc94a53fba7a9d536d011ac6e7c6
aa268abc8b3ad3dc,Garant-Ecological-Standard-Milk,test,GroceryStoreDataset_Klasson2019,NON_INDIAN,INTERNATIONAL_PACKAGING_FOUNDATION,natural,348,348,acb76bef528a19541e6ad2935a90c68529f0194b38b4a07d7164226138b9d8de
12b739fd69790245,Arla-Lactose-Medium-Fat-Milk,train,GroceryStoreDataset_Klasson2019,NON_INDIAN,INTERNATIONAL_PACKAGING_FOUNDATION,natural,348,348,4c12efc2b6c8716ebeba6ef604c26fb6990cca5013039d1ee7ab15119d254192
e65c2c1588d9d143,Arla-Lactose-Medium-Fat-Milk,train,GroceryStoreDataset_Klasson2019,NON_INDIAN,INTERNATIONAL_PACKAGING_FOUNDATION,natural,348,348,a28e07e288900f4b40ccacd2cdea896aef2f1e35a756bac4d8877aae63f45f95
e66832c6aa88553a,Arla-Lactose-Medium-Fat-Milk,train,GroceryStoreDataset_Klasson2019,NON_INDIAN,INTERNATIONAL_PACKAGING_FOUNDATION,natural,348,348,42d17e72d4fc8217c158cf887222739129b780a8075f1b9291370b843567b0d2
1a44c3c867f30acd,Arla-Lactose-Medium-Fat-Milk,train,GroceryStoreDataset_Klasson2019,NON_INDIAN,INTERNATIONAL_PACKAGING_FOUNDATION,natural,348,348,de1b94a590132b531b343dc0cfefa1831c3211b884b14e81315facbdecc87265
06e86f4b2e716cec,Arla-Lactose-Medium-Fat-Milk,train,GroceryStoreDataset_Klasson2019,NON_INDIAN,INTERNATIONAL_PACKAGING_FOUNDATION,natural,348,348,99ba8d757722a44dc34570661ff7d12bebfa4ba4e96a697d4c0725cd671b215e
e504aaaad6cea83c,Arla-Lactose-Medium-Fat-Milk,train,GroceryStoreDataset_Klasson2019,NON_INDIAN,INTERNATIONAL_PACKAGING_FOUNDATION,natural,348,348,39d497d25d7b17d81ffa77d040018b16d26aeb9ce3c0e769490d36f0c0996ddb
2e9e727904f63969,Arla-Lactose-Medium-Fat-Milk,train,GroceryStoreDataset_Klasson2019,NON_INDIAN,INTERNATIONAL_PACKAGING_FOUNDATION,natural,348,348,2f9ef2abb0e98e77e234787b19c2b7485c7c944dff146f4a0326cd9764630e58
89d98c7403d1171b,Arla-Lactose-Medium-Fat-Milk,train,GroceryStoreDataset_Klasson2019,NON_INDIAN,INTERNATIONAL_PACKAGING_FOUNDATION,natural,348,348,ebefe83c9f8af39b893276aa629d7cfe38e17ecdf68bedc8ac124efbd8ce950a
05ead6eb7b4fdb48,Arla-Lactose-Medium-Fat-Milk,train,GroceryStoreDataset_Klasson2019,NON_INDIAN,INTERNATIONAL_PACKAGING_FOUNDATION,natural,348,348,f894702b96e59a4cdd7d9d0d0dd26a3fdc96cfff4880bf7bac1fa950ddcebb04
c7a23c6414fc5f77,Arla-Lactose-Medium-Fat-Milk,train,GroceryStoreDataset_Klasson2019,NON_INDIAN,INTERNATIONAL_PACKAGING_FOUNDATION,natural,348,348,e6d87d775a79aab4bc6a0b3c2dfcd645155b4a0a53c4261009d191997fd771a5
9a248525887ce25d,Arla-Lactose-Medium-Fat-Milk,train,GroceryStoreDataset_Klasson2019,NON_INDIAN,INTERNATIONAL_PACKAGING_FOUNDATION,natural,348,348,6ff28968c311580974468cb2a97935828d5b1d0b1f88e94825eb831c53280383
e67672ae3694feb7,Arla-Lactose-Medium-Fat-Milk,train,GroceryStoreDataset_Klasson2019,NON_INDIAN,INTERNATIONAL_PACKAGING_FOUNDATION,natural,348,348,c1a088f1d2f03173bb2f23e200245fe065666396e4f4321137fcd2f67d6f1176
758132e1d56b915c,Arla-Lactose-Medium-Fat-Milk,train,GroceryStoreDataset_Klasson2019,NON_INDIAN,INTERNATIONAL_PACKAGING_FOUNDATION,natural,348,348,56b3041d75c3bec695c2931ad35fddfa193b2b20d40116900e46e18838cbbd6c
5abc8f1d75e7c308,Arla-Lactose-Medium-Fat-Milk,train,GroceryStoreDataset_Klasson2019,NON_INDIAN,INTERNATIONAL_PACKAGING_FOUNDATION,natural,348,348,080ba0157fa6cf68bb0de93be6f18e3c0893c8b6f41cb10559948e8a7fb455bf
3da05e4f34ef6bbf,Arla-Lactose-Medium-Fat-Milk,train,GroceryStoreDataset_Klasson2019,NON_INDIAN,INTERNATIONAL_PACKAGING_FOUNDATION,natural,348,348,eed3cdd91fca2e7b7550fcc75777fd578410d944ed9997af1fb4f90c62dbe66b
e87038869c374fc5,Arla-Lactose-Medium-Fat-Milk,train,GroceryStoreDataset_Klasson2019,NON_INDIAN,INTERNATIONAL_PACKAGING_FOUNDATION,natural,348,348,f003bdb8242295a49e98cc4dfdbbdffdf16669fae194a9aaa5500aa8bdb48fe1
c4ac72d62b191c7f,Arla-Lactose-Medium-Fat-Milk,train,GroceryStoreDataset_Klasson2019,NON_INDIAN,INTERNATIONAL_PACKAGING_FOUNDATION,natural,348,348,e868696b11d9a4c84ac33ce514b41da6a0a61924d7f61c250d6bad93b03c3408
f71adddb98ff9407,Arla-Lactose-Medium-Fat-Milk,train,GroceryStoreDataset_Klasson2019,NON_INDIAN,INTERNATIONAL_PACKAGING_FOUNDATION,natural,348,348,501ad55acd3053b4830b20e4b769860c8d2a35b43f7a60fef70c6819142fbff8
663903a89ddc217b,Arla-Lactose-Medium-Fat-Milk,train,GroceryStoreDataset_Klasson2019,NON_INDIAN,INTERNATIONAL_PACKAGING_FOUNDATION,natural,348,348,ea76392e31da113b52b6a09153c0af4f73593cc72483e01cac744a6f4b62f1f6
65d30ec551b892ba,Arla-Lactose-Medium-Fat-Milk,train,GroceryStoreDataset_Klasson2019,NON_INDIAN,INTERNATIONAL_PACKAGING_FOUNDATION,natural,348,348,9922303ddb4a67e706adfc0799f1b1319eea4f18de7acf624bbc0debf507354a
6d7039326172e754,Arla-Lactose-Medium-Fat-Milk,train,GroceryStoreDataset_Klasson2019,NON_INDIAN,INTERNATIONAL_PACKAGING_FOUNDATION,natural,348,348,b18ec592504fb9cd5e8df24f127265ff1a43d3cbf678ee150c06bfbf97e8c27d
cd6e1da905df38d1,Arla-Lactose-Medium-Fat-Milk,train,GroceryStoreDataset_Klasson2019,NON_INDIAN,INTERNATIONAL_PACKAGING_FOUNDATION,natural,348,348,8e33c9493fbf946077ebc5b5f3ba8347fef2feabe9939817a3b68e491b8f7115
fa057feb4610cfb2,Arla-Lactose-Medium-Fat-Milk,train,GroceryStoreDataset_Klasson2019,NON_INDIAN,INTERNATIONAL_PACKAGING_FOUNDATION,natural,348,348,18119e75e9f11ff413be0add3a2b0516ba2cf30eae50ab16eba29cce4a68e393
98d78882e6e73450,Arla-Lactose-Medium-Fat-Milk,train,GroceryStoreDataset_Klasson2019,NON_INDIAN,INTERNATIONAL_PACKAGING_FOUNDATION,natural,348,348,708b04a274e38377e2d2b55b873ab5caa0fd394a537570f00e4438676ad00537
36d906009c298dd4,Arla-Lactose-Medium-Fat-Milk,train,GroceryStoreDataset_Klasson2019,NON_INDIAN,INTERNATIONAL_PACKAGING_FOUNDATION,natural,348,348,aa177b09d86fe0575fe6542a0f3cb862f81cb70fc33f2eb558995f499abd3ab8
c372b36fcdb7fe86,Garant-Ecological-Medium-Fat-Milk,train,GroceryStoreDataset_Klasson2019,NON_INDIAN,INTERNATIONAL_PACKAGING_FOUNDATION,natural,348,348,a0f3c690de35f823e1b79f7fe40d8922d9acc05a1148436ca009363f387cb3f4
9f1fb49ef8689bee,Garant-Ecological-Medium-Fat-Milk,train,GroceryStoreDataset_Klasson2019,NON_INDIAN,INTERNATIONAL_PACKAGING_FOUNDATION,natural,348,348,fae1b3412588c8ce2668d1d6746cf03701c380685869b2d1531b103b4c5c1f19
1df59069ab509df1,Garant-Ecological-Medium-Fat-Milk,train,GroceryStoreDataset_Klasson2019,NON_INDIAN,INTERNATIONAL_PACKAGING_FOUNDATION,natural,348,348,2062771610449258d8edbbd0e4f4128f3028bf3894595fa2a58ca64fffe24bd8
1a2cc6937e49fdca,Garant-Ecological-Medium-Fat-Milk,train,GroceryStoreDataset_Klasson2019,NON_INDIAN,INTERNATIONAL_PACKAGING_FOUNDATION,natural,348,348,2581fefb6874d28724123fab95f64d9eab4a95f5058c117250573e65f66d896f
1a91836c3d7f7fdc,Garant-Ecological-Medium-Fat-Milk,train,GroceryStoreDataset_Klasson2019,NON_INDIAN,INTERNATIONAL_PACKAGING_FOUNDATION,natural,348,348,ab6fff30e1e120965bbc73566cb4ba3ff730e16c8a70477d3df75871a0788a18
c55096cd823431c3,Garant-Ecological-Medium-Fat-Milk,train,GroceryStoreDataset_Klasson2019,NON_INDIAN,INTERNATIONAL_PACKAGING_FOUNDATION,natural,348,348,5b62e01930204d446912f7b7e10caa5997263b3f9d54feec746dbbf4ff96a5fb
4f05735cad63478b,Garant-Ecological-Medium-Fat-Milk,train,GroceryStoreDataset_Klasson2019,NON_INDIAN,INTERNATIONAL_PACKAGING_FOUNDATION,natural,348,348,ecb9d5e0660595d3de3fe30a68232c3dcd09ce89c91c18b8143329dc29ff6ee9
0d0c1208a34ba876,Garant-Ecological-Medium-Fat-Milk,train,GroceryStoreDataset_Klasson2019,NON_INDIAN,INTERNATIONAL_PACKAGING_FOUNDATION,natural,348,348,609540ab1b1c758e95fea58795c091e0a7b28ccd3f7fdfbeb283ca0e4b237bb4
977a22f7964afc52,Garant-Ecological-Medium-Fat-Milk,train,GroceryStoreDataset_Klasson2019,NON_INDIAN,INTERNATIONAL_PACKAGING_FOUNDATION,natural,348,348,dab43c881bf150eec27073de698340bbf22e47fcc0b2af21def387021a671597
5d2722814f943943,Garant-Ecological-Medium-Fat-Milk,train,GroceryStoreDataset_Klasson2019,NON_INDIAN,INTERNATIONAL_PACKAGING_FOUNDATION,natural,348,348,9e4a8ebf2af7e37a13970e15ab2448c16abe14a8d1dcab5cff4f0c693b8b47ee
d68595ea750b3c35,Garant-Ecological-Medium-Fat-Milk,train,GroceryStoreDataset_Klasson2019,NON_INDIAN,INTERNATIONAL_PACKAGING_FOUNDATION,natural,348,348,cb6a5255ff5fd6e143693cef0e903b60e41807973abe30da633cebe41edcac7a
69a72cafa296e0f8,Garant-Ecological-Medium-Fat-Milk,train,GroceryStoreDataset_Klasson2019,NON_INDIAN,INTERNATIONAL_PACKAGING_FOUNDATION,natural,348,348,c9deb9a98e4d6e7fb065582a040ba41d1e295699cf22c6fc51a3314b3d69cecc
1abe0f40e85b09fe,Garant-Ecological-Medium-Fat-Milk,train,GroceryStoreDataset_Klasson2019,NON_INDIAN,INTERNATIONAL_PACKAGING_FOUNDATION,natural,348,348,4039b68ee2c130aaffc5611cd86b78139e3a68e26438efe747b9cad53b46f0c2
214fc5fcd32d9f40,Garant-Ecological-Medium-Fat-Milk,train,GroceryStoreDataset_Klasson2019,NON_INDIAN,INTERNATIONAL_PACKAGING_FOUNDATION,natural,348,348,95c7b9b4dfba6ee24260627eceeee1904305db7bbfcc5f30e9bd4ed16e829c54
cdd4f466df5abd19,Garant-Ecological-Medium-Fat-Milk,train,GroceryStoreDataset_Klasson2019,NON_INDIAN,INTERNATIONAL_PACKAGING_FOUNDATION,natural,348,348,e16586bffd8c3a70c9e12279f15fce89c2605e85955e1b86b8ca054dcc266cb1
f13ff6d71e1070bc,Garant-Ecological-Medium-Fat-Milk,train,GroceryStoreDataset_Klasson2019,NON_INDIAN,INTERNATIONAL_PACKAGING_FOUNDATION,natural,348,348,245faa49fd9c15f7a9bb3e5218e66862f0e071e48952b44d1925b1948dae4e66
b6c3cd6cbf984577,Garant-Ecological-Medium-Fat-Milk,train,GroceryStoreDataset_Klasson2019,NON_INDIAN,INTERNATIONAL_PACKAGING_FOUNDATION,natural,348,348,56410c320075a180616d4850644d9da93e6db7218e0b2167552f140fa98104f4
d7aedd647da5b4f0,Garant-Ecological-Medium-Fat-Milk,train,GroceryStoreDataset_Klasson2019,NON_INDIAN,INTERNATIONAL_PACKAGING_FOUNDATION,natural,348,348,1f1dc9c58d3ea5a8bd9efb014b5ddbda5e5db8d120ac47bb70dfe9cdfa7d9221
4b7df545cc6aeee2,Garant-Ecological-Medium-Fat-Milk,train,GroceryStoreDataset_Klasson2019,NON_INDIAN,INTERNATIONAL_PACKAGING_FOUNDATION,natural,348,348,568498d7faf63ecb79fe48285c8f9c583ef1e6f947aac4d42dd8c9ebdf40a999
28ad4f74dbeb1237,Garant-Ecological-Medium-Fat-Milk,train,GroceryStoreDataset_Klasson2019,NON_INDIAN,INTERNATIONAL_PACKAGING_FOUNDATION,natural,348,348,d4d9384926542f2ccf38e070cbf40a146e1faa8c672655f1b58fd0826f151d63
bddfb46e401c0b8f,Garant-Ecological-Medium-Fat-Milk,train,GroceryStoreDataset_Klasson2019,NON_INDIAN,INTERNATIONAL_PACKAGING_FOUNDATION,natural,348,348,4dccc5e3944d71a1274a484a926ede7f4d778b873fdb4ec71a03591474a51c61
40c8961a8cd882cf,Garant-Ecological-Medium-Fat-Milk,train,GroceryStoreDataset_Klasson2019,NON_INDIAN,INTERNATIONAL_PACKAGING_FOUNDATION,natural,348,348,dd435f6ba15ae523c1c5e61b145d0243b38f6d048354ba80b1018c3f0f7cef98
a04a1ae773965511,Garant-Ecological-Medium-Fat-Milk,train,GroceryStoreDataset_Klasson2019,NON_INDIAN,INTERNATIONAL_PACKAGING_FOUNDATION,natural,348,348,64a7a9eab6b24be10db547a6a0275e148f6255e78b9439e35a62e130a8f07c02
49a347bce39e7084,Garant-Ecological-Medium-Fat-Milk,train,GroceryStoreDataset_Klasson2019,NON_INDIAN,INTERNATIONAL_PACKAGING_FOUNDATION,natural,348,348,9144a215743c172f1f3654141e3ce17c201d822f453a1a8b52bfce4d5857301c
4d2065da60e658fa,Garant-Ecological-Medium-Fat-Milk,train,GroceryStoreDataset_Klasson2019,NON_INDIAN,INTERNATIONAL_PACKAGING_FOUNDATION,natural,348,348,233b1b5795e7c5f5db2afe039b9416cce0b52d15da0c59efa0083100c5e26760
5cc0381ba38685c1,Garant-Ecological-Medium-Fat-Milk,train,GroceryStoreDataset_Klasson2019,NON_INDIAN,INTERNATIONAL_PACKAGING_FOUNDATION,natural,348,348,470e1b3f3c1976a2027d60a02b4a07ff294c7a371624e704372fce713fcdd827
78d79e462052fe76,Garant-Ecological-Medium-Fat-Milk,train,GroceryStoreDataset_Klasson2019,NON_INDIAN,INTERNATIONAL_PACKAGING_FOUNDATION,natural,348,348,cc36aa7ddc64e72883883de63408a34924662788b8dcfe6c879b6068e7f4fecc
ef6ea01047b8a0bf,Garant-Ecological-Medium-Fat-Milk,train,GroceryStoreDataset_Klasson2019,NON_INDIAN,INTERNATIONAL_PACKAGING_FOUNDATION,natural,348,348,09323f9e7a746943696bcfffcc7956b2961e7978361867fae40b40fc575f6e45
e6bfe22a4e06d0d5,Garant-Ecological-Medium-Fat-Milk,train,GroceryStoreDataset_Klasson2019,NON_INDIAN,INTERNATIONAL_PACKAGING_FOUNDATION,natural,348,348,79e4d6f3e72be1d41b980e55726b263dc9c476e2f9258c31ba769cf3cba3ba9a
e28c433aa558acef,Garant-Ecological-Medium-Fat-Milk,train,GroceryStoreDataset_Klasson2019,NON_INDIAN,INTERNATIONAL_PACKAGING_FOUNDATION,natural,348,348,58d6dbc168fd2199ede91aef9e166e9bf202f37dd0ba0c49854cb56db5f327e8
44a9aeb8f3630a42,Garant-Ecological-Medium-Fat-Milk,train,GroceryStoreDataset_Klasson2019,NON_INDIAN,INTERNATIONAL_PACKAGING_FOUNDATION,natural,348,348,d7b7aaaf920579b12cdebc8ef33e211d46a7b2161dbbd1aa19fd7ed77571910e
5efd89e4e7becca3,Garant-Ecological-Medium-Fat-Milk,train,GroceryStoreDataset_Klasson2019,NON_INDIAN,INTERNATIONAL_PACKAGING_FOUNDATION,natural,348,348,6b52930e7f8605263002c7cae251963e82763c6c288c0d506993070feb5683b1
4a9e3c47c4d38756,Garant-Ecological-Medium-Fat-Milk,train,GroceryStoreDataset_Klasson2019,NON_INDIAN,INTERNATIONAL_PACKAGING_FOUNDATION,natural,348,348,759abf621dd3483b3fa5416345f3cf14352f5a34f0401516dba6ad414416f699
a8b5c81770fbb11f,Garant-Ecological-Medium-Fat-Milk,train,GroceryStoreDataset_Klasson2019,NON_INDIAN,INTERNATIONAL_PACKAGING_FOUNDATION,natural,348,348,ed0cb84fa1a46f617636454239e4f293270fbf9f19a48a088ae7a9db9d01ec2b
013ea8e0dca316a9,Garant-Ecological-Medium-Fat-Milk,train,GroceryStoreDataset_Klasson2019,NON_INDIAN,INTERNATIONAL_PACKAGING_FOUNDATION,natural,348,348,fb14997a51230e1cc4221c4e05600687eb17bd6b88b9edf105bc4134422c8e24
6103c13866e7f475,Arla-Standard-Milk,train,GroceryStoreDataset_Klasson2019,NON_INDIAN,INTERNATIONAL_PACKAGING_FOUNDATION,natural,348,348,d6b6db7edcc56450bc58082de7b4eef4cd40e0a4788aff628e079524a8407d9e
cdf7e1b73d81104e,Arla-Standard-Milk,train,GroceryStoreDataset_Klasson2019,NON_INDIAN,INTERNATIONAL_PACKAGING_FOUNDATION,natural,348,348,cb18d1a56a890a6c2ebaceb02e14a3be639482facb45ecf4834a02ae59c558ff
0629bfce46759218,Arla-Standard-Milk,train,GroceryStoreDataset_Klasson2019,NON_INDIAN,INTERNATIONAL_PACKAGING_FOUNDATION,natural,348,348,d49a95521035ae0795215db426aef891e13db42d30d0cdd07083155899f4d291
3581d9bc65eeb0dc,Arla-Standard-Milk,train,GroceryStoreDataset_Klasson2019,NON_INDIAN,INTERNATIONAL_PACKAGING_FOUNDATION,natural,348,348,b846f652a8e580337558f46e92a08ceea96e62c6589e23c8c0606aa4b140c626
1eeaebcd14e9a4d0,Arla-Standard-Milk,train,GroceryStoreDataset_Klasson2019,NON_INDIAN,INTERNATIONAL_PACKAGING_FOUNDATION,natural,348,348,cffd34de79a69607e28c9161edb4ed05f3e7c921d1a678f7831c1e337f6dbba5
c23da79673578d0d,Arla-Standard-Milk,train,GroceryStoreDataset_Klasson2019,NON_INDIAN,INTERNATIONAL_PACKAGING_FOUNDATION,natural,348,348,7d8badb5437448387490fe49bd70f68ce6629214dd80afd2ced24b52331919ff
86cdec4636c57c17,Arla-Standard-Milk,train,GroceryStoreDataset_Klasson2019,NON_INDIAN,INTERNATIONAL_PACKAGING_FOUNDATION,natural,348,348,599d719f29a2af0e3bed223bc7fc9233b14b1fde996332704f9e8a59322de924
7cb9039b0ed54a52,Arla-Standard-Milk,train,GroceryStoreDataset_Klasson2019,NON_INDIAN,INTERNATIONAL_PACKAGING_FOUNDATION,natural,348,348,efe97ca505d2ec395246b756707f6f222ee030b7bc08ea216d635704cdeb3031
4513899e29b38ee6,Arla-Standard-Milk,train,GroceryStoreDataset_Klasson2019,NON_INDIAN,INTERNATIONAL_PACKAGING_FOUNDATION,natural,348,348,a0db9b227c57585d55b4c224847e9ab3316ee73b8f1d0f937c4b369938abbd71
b3e08eb2c3cc5c09,Arla-Standard-Milk,train,GroceryStoreDataset_Klasson2019,NON_INDIAN,INTERNATIONAL_PACKAGING_FOUNDATION,natural,348,348,8d831fcc07e82115aab197d4737530b51979789b677233d31a6eabcfb96741f0
e32ca9b274141031,Arla-Standard-Milk,train,GroceryStoreDataset_Klasson2019,NON_INDIAN,INTERNATIONAL_PACKAGING_FOUNDATION,natural,348,348,8d34241d1008f1647cc03dfddf1451ccffbb000afdda25f6de50606d4c6d0a89
a0b741478358114c,Arla-Standard-Milk,train,GroceryStoreDataset_Klasson2019,NON_INDIAN,INTERNATIONAL_PACKAGING_FOUNDATION,natural,348,348,636c6029f9e74b2042901280d51892c824c9c66b746ccbeb8644ca0f73d49202
f6f29a19ba6073e6,Arla-Standard-Milk,train,GroceryStoreDataset_Klasson2019,NON_INDIAN,INTERNATIONAL_PACKAGING_FOUNDATION,natural,348,348,fe97bcf483e50503728d17f9056a85d951b9e43bf0229f8c408dded331f293bd
1ea93b9806da0c9e,Arla-Standard-Milk,train,GroceryStoreDataset_Klasson2019,NON_INDIAN,INTERNATIONAL_PACKAGING_FOUNDATION,natural,348,348,cf0e79574c69eea508268163949a96371d89ebfdb49c71dead2db46444af6c3a
d23b1ff7c22071d5,Arla-Standard-Milk,train,GroceryStoreDataset_Klasson2019,NON_INDIAN,INTERNATIONAL_PACKAGING_FOUNDATION,natural,348,348,fa181bf6c95bc2f9c5d1e1396ac8fe70a9e9faddc2ad76b8a5a47f74adf7ca1e
7a52f68066ea1c07,Arla-Standard-Milk,train,GroceryStoreDataset_Klasson2019,NON_INDIAN,INTERNATIONAL_PACKAGING_FOUNDATION,natural,348,348,4387af3ddb2a3ee4f7352fdbca190fb85b207bc6fc88eb92213ffb37a8922745
4b50100d69d359d8,Arla-Standard-Milk,train,GroceryStoreDataset_Klasson2019,NON_INDIAN,INTERNATIONAL_PACKAGING_FOUNDATION,natural,348,348,c53ebe9e9abefe505bcb8d85dbb1beff2e677a838982d9e824cbb64d30be27f7
c59d6aa84e978b3e,Arla-Standard-Milk,train,GroceryStoreDataset_Klasson2019,NON_INDIAN,INTERNATIONAL_PACKAGING_FOUNDATION,natural,348,348,355d88fd6d46aed2d2151a9e2978cc74bd7dc404ba896f3e063b5049f200c633
2919cf8404540257,Arla-Standard-Milk,train,GroceryStoreDataset_Klasson2019,NON_INDIAN,INTERNATIONAL_PACKAGING_FOUNDATION,natural,348,348,74b323235d57082c02767517e71f712531d688abcb337ed8b9a444f60ae7a1a6
554fc7caa89a452d,Arla-Standard-Milk,train,GroceryStoreDataset_Klasson2019,NON_INDIAN,INTERNATIONAL_PACKAGING_FOUNDATION,natural,348,348,89bc67b85c580bfb2948389847063c560beea95de687af082031d309373c17ce
84c751b0628bf97c,Arla-Standard-Milk,train,GroceryStoreDataset_Klasson2019,NON_INDIAN,INTERNATIONAL_PACKAGING_FOUNDATION,natural,348,348,bfa2543ed6f3a95f438ccc9c83db97e67145f0bc455c3eb2e7592b998e2650c6
18157a84c23a6da7,Arla-Standard-Milk,train,GroceryStoreDataset_Klasson2019,NON_INDIAN,INTERNATIONAL_PACKAGING_FOUNDATION,natural,348,348,3e857ae6842afa209bf04dd68c21cb55850af75fc01bd7b6ba30466e3ffd3b60
64e2799e0d202fec,Arla-Standard-Milk,train,GroceryStoreDataset_Klasson2019,NON_INDIAN,INTERNATIONAL_PACKAGING_FOUNDATION,natural,348,348,6624983c3753cf841724b25e7d604a27caaf409efe0eaf9fe8786ed50d66d26f
a88920a978fb97e7,Arla-Standard-Milk,train,GroceryStoreDataset_Klasson2019,NON_INDIAN,INTERNATIONAL_PACKAGING_FOUNDATION,natural,348,348,496c8dfb96013c8672226d58394297453343f6d27fcf76c064e1feca405c0bab
89b20d7e3fb53d69,Arla-Standard-Milk,train,GroceryStoreDataset_Klasson2019,NON_INDIAN,INTERNATIONAL_PACKAGING_FOUNDATION,natural,348,348,1f4dfc58cf8a4c073b04d5d6a57077cb55012560f763d1265fe1f24cba51544f
85454b077e4a236a,Arla-Standard-Milk,train,GroceryStoreDataset_Klasson2019,NON_INDIAN,INTERNATIONAL_PACKAGING_FOUNDATION,natural,348,348,daf8abbe3be6d1901dc3ec7362855c90c8b68016a1841d9917f4e8fefef6aa43
90ba69ef8436e1c0,Arla-Standard-Milk,train,GroceryStoreDataset_Klasson2019,NON_INDIAN,INTERNATIONAL_PACKAGING_FOUNDATION,natural,348,348,ba6fe0c41cbaf9f162bc4793c8db6e24a76f96c70025cec4c28bcd25b544873c
b1a0e9ecd542c437,Arla-Standard-Milk,train,GroceryStoreDataset_Klasson2019,NON_INDIAN,INTERNATIONAL_PACKAGING_FOUNDATION,natural,348,348,72afe0210d4c2af61f12a577f81e936a30f759580a4406bce62f89b33bf2419e
f3108cf5081beb66,Arla-Standard-Milk,train,GroceryStoreDataset_Klasson2019,NON_INDIAN,INTERNATIONAL_PACKAGING_FOUNDATION,natural,348,348,3eb28c815e19a1a294a9b2e0fb1588cd4e8b85b42e6ec56a78ae0a67ef22db15
b4f14f0a23be02f5,Arla-Standard-Milk,train,GroceryStoreDataset_Klasson2019,NON_INDIAN,INTERNATIONAL_PACKAGING_FOUNDATION,natural,348,348,1e1bb4fe040d831c8605a5d65b6cb8ff3f2ff198eb27ab4fd40563311b20ba3d
5586d21ba6c0355a,Arla-Ecological-Medium-Fat-Milk,train,GroceryStoreDataset_Klasson2019,NON_INDIAN,INTERNATIONAL_PACKAGING_FOUNDATION,natural,348,348,790216682843f6a6e05d8ffada3aeba67ce61f9bae73995aa4c72613346cb743
d8b3035886d9ffc3,Arla-Ecological-Medium-Fat-Milk,train,GroceryStoreDataset_Klasson2019,NON_INDIAN,INTERNATIONAL_PACKAGING_FOUNDATION,natural,348,348,bfda4cc3b5d49238fd005187bc5d4c0a5bfd398b62b0197aea524e2bcf9912bb
349b19730c00b7cf,Arla-Ecological-Medium-Fat-Milk,train,GroceryStoreDataset_Klasson2019,NON_INDIAN,INTERNATIONAL_PACKAGING_FOUNDATION,natural,348,348,a7644f507e4facc8a82595ed5b7ccb92bcc01fcf0cfb853996fb8d14c082b758
08551df4b43c1ee4,Arla-Ecological-Medium-Fat-Milk,train,GroceryStoreDataset_Klasson2019,NON_INDIAN,INTERNATIONAL_PACKAGING_FOUNDATION,natural,348,348,84ff61de8d1588e70bf51021d4d3d1a05cb3b2a0bbf97fbc04e18c37ecdc0186
ac1fe01658b1d6de,Arla-Ecological-Medium-Fat-Milk,train,GroceryStoreDataset_Klasson2019,NON_INDIAN,INTERNATIONAL_PACKAGING_FOUNDATION,natural,348,348,b5fbcff8c46aac19f1b72702baa6aa5409f2c1aa04837ed6d6db4a49bd17834c
489eeb18fd0ba0f8,Arla-Ecological-Medium-Fat-Milk,train,GroceryStoreDataset_Klasson2019,NON_INDIAN,INTERNATIONAL_PACKAGING_FOUNDATION,natural,348,348,f753f7d8735e267adb3318bd646880e6c3c84d85876e7645e80d1b80aaf6b452
f40c4ca7c737b2ed,Arla-Ecological-Medium-Fat-Milk,train,GroceryStoreDataset_Klasson2019,NON_INDIAN,INTERNATIONAL_PACKAGING_FOUNDATION,natural,348,348,a383a42c26a5c249d786de8dd0328a376d0b86255a276c373daa8f47aea43366
c564aeec6dd1441e,Arla-Ecological-Medium-Fat-Milk,train,GroceryStoreDataset_Klasson2019,NON_INDIAN,INTERNATIONAL_PACKAGING_FOUNDATION,natural,348,348,8cf75d6030b777cfa2e714c35dbfebc2f60a7bc6678a6f7c74b3b6586abf1f09
ccadf14fbc13dbb9,Arla-Ecological-Medium-Fat-Milk,train,GroceryStoreDataset_Klasson2019,NON_INDIAN,INTERNATIONAL_PACKAGING_FOUNDATION,natural,348,348,2e5005530c020a3f6ed19ca3e9c115d50dedcafabd74152c991b15c44224dade
5396e993e6becc6a,Arla-Ecological-Medium-Fat-Milk,train,GroceryStoreDataset_Klasson2019,NON_INDIAN,INTERNATIONAL_PACKAGING_FOUNDATION,natural,348,348,a55b23742586fafc074c77a9a727b57629e4746db76f52cc3d3085c03df3a231
c77df4d17b72cb76,Arla-Ecological-Medium-Fat-Milk,train,GroceryStoreDataset_Klasson2019,NON_INDIAN,INTERNATIONAL_PACKAGING_FOUNDATION,natural,348,348,a52b97f6aaef33c867e24b88c1adb047fa6ab00aff1dac437221ae9ef43c06a3
ffc980e920f46b16,Arla-Ecological-Medium-Fat-Milk,train,GroceryStoreDataset_Klasson2019,NON_INDIAN,INTERNATIONAL_PACKAGING_FOUNDATION,natural,348,348,2796f2aacf82d744f4d76bd01f03e1a306d63527a3be3916a766274a32d1816c
ef45de2ea4842425,Arla-Ecological-Medium-Fat-Milk,train,GroceryStoreDataset_Klasson2019,NON_INDIAN,INTERNATIONAL_PACKAGING_FOUNDATION,natural,348,348,8cb0f3ecefef403ecc340742651196f1f1b95ed6d2457ab456d6a2af53654a86
210be9c94be6a12c,Arla-Ecological-Medium-Fat-Milk,train,GroceryStoreDataset_Klasson2019,NON_INDIAN,INTERNATIONAL_PACKAGING_FOUNDATION,natural,348,348,9fcffdb43183103ff15eda29c270aedf45d62c6b703a3e6de5197d19a4a8868b
04daeada214bfe98,Arla-Ecological-Medium-Fat-Milk,train,GroceryStoreDataset_Klasson2019,NON_INDIAN,INTERNATIONAL_PACKAGING_FOUNDATION,natural,348,348,2b97ec3c16a6aa522e38179d2a54afc28cb89504d2efcbbbde6566384c995e36
1bd04e5cf9222dc8,Arla-Ecological-Medium-Fat-Milk,train,GroceryStoreDataset_Klasson2019,NON_INDIAN,INTERNATIONAL_PACKAGING_FOUNDATION,natural,348,348,1c33291408c617ecbf2a5602d0dc36562426f3dc5013500381f15753b5e709d3
efa48b0e7afa59a5,Arla-Ecological-Medium-Fat-Milk,train,GroceryStoreDataset_Klasson2019,NON_INDIAN,INTERNATIONAL_PACKAGING_FOUNDATION,natural,348,348,97ca28123f7327ce72cc08b14138e77c0748b1daac9751ecf255a9b37f275af8
98a29d67c578c5b4,Arla-Ecological-Medium-Fat-Milk,train,GroceryStoreDataset_Klasson2019,NON_INDIAN,INTERNATIONAL_PACKAGING_FOUNDATION,natural,348,348,097d9beabfc9b50f86bbee8da4d5b9e6afca245819bb453826d56e139ea355d2
b8845aa3a5cf8765,Arla-Ecological-Medium-Fat-Milk,train,GroceryStoreDataset_Klasson2019,NON_INDIAN,INTERNATIONAL_PACKAGING_FOUNDATION,natural,348,348,88905abe0101bbd55249442629230d10b6e300feb9078a7b903f092789bede25
70979e70f3943f67,Arla-Ecological-Medium-Fat-Milk,train,GroceryStoreDataset_Klasson2019,NON_INDIAN,INTERNATIONAL_PACKAGING_FOUNDATION,natural,348,348,38c255d36f25b3c76b1022f7ef1f89defd9387c728fd03d5529a5e05fed396ad
25e6a6ef1aaee0a4,Arla-Ecological-Medium-Fat-Milk,train,GroceryStoreDataset_Klasson2019,NON_INDIAN,INTERNATIONAL_PACKAGING_FOUNDATION,natural,348,348,313f1847fb092587a88d20fd64ada4bdc1d61bc4e2a645d9718bb4fa92901315
7038c2ae2689ed90,Arla-Ecological-Medium-Fat-Milk,train,GroceryStoreDataset_Klasson2019,NON_INDIAN,INTERNATIONAL_PACKAGING_FOUNDATION,natural,348,348,f0dbb213122683a17dfb3da255fc5881a956092301982db129406c4419d2a00c
c546fc6a3fecf799,Arla-Ecological-Medium-Fat-Milk,train,GroceryStoreDataset_Klasson2019,NON_INDIAN,INTERNATIONAL_PACKAGING_FOUNDATION,natural,348,348,f1dfb9ba231c6c7f207343e5bc0494beed2c9c22eb6e0c7d038fd3174bc2ff28
5d0ef2b10e0192ee,Arla-Ecological-Medium-Fat-Milk,train,GroceryStoreDataset_Klasson2019,NON_INDIAN,INTERNATIONAL_PACKAGING_FOUNDATION,natural,348,348,5d6d31765c410e2ef770f8fa61dce4b3b8b75127c9f9e1db9760775e68fce81a
695ea4144d121386,Arla-Ecological-Medium-Fat-Milk,train,GroceryStoreDataset_Klasson2019,NON_INDIAN,INTERNATIONAL_PACKAGING_FOUNDATION,natural,348,348,c447b2bd067cc8f2a3965baad3aecae7f05aaecf035bee86b3b090451df2cab4
5e5ed026bda535ef,Arla-Ecological-Medium-Fat-Milk,train,GroceryStoreDataset_Klasson2019,NON_INDIAN,INTERNATIONAL_PACKAGING_FOUNDATION,natural,348,348,62db827abed4c96fd5a6c370a11babc7d8a02673da841a02c5dbaaf51e96e8f2
85b3816687fd6490,Arla-Ecological-Medium-Fat-Milk,train,GroceryStoreDataset_Klasson2019,NON_INDIAN,INTERNATIONAL_PACKAGING_FOUNDATION,natural,348,348,275819337f2b80301c8cdae9051cac1b2bf652e0328047127e3561ceea7e0a38
2768d2ecde10f9c2,Arla-Ecological-Medium-Fat-Milk,train,GroceryStoreDataset_Klasson2019,NON_INDIAN,INTERNATIONAL_PACKAGING_FOUNDATION,natural,348,348,86a8c9fd1016e6beccc42cb7b4948f84419877acfd54810e6f2890f1173dfac3
eb5ae9208b4b9ed4,Arla-Ecological-Medium-Fat-Milk,train,GroceryStoreDataset_Klasson2019,NON_INDIAN,INTERNATIONAL_PACKAGING_FOUNDATION,natural,348,348,88eb8caa812c555d4aa2e40fa8d17881574a28c5a5c8524c290e5a9b40a5d6e5
8abf467678d80409,Arla-Medium-Fat-Milk,train,GroceryStoreDataset_Klasson2019,NON_INDIAN,INTERNATIONAL_PACKAGING_FOUNDATION,natural,348,348,52ea628bb610388b84f80e29e5b27aeb59e0ee34f1c5cd04e3f81bfe56850c75
02a828bef6e47454,Arla-Medium-Fat-Milk,train,GroceryStoreDataset_Klasson2019,NON_INDIAN,INTERNATIONAL_PACKAGING_FOUNDATION,natural,348,348,c98f5ebcfdf2e2fda19e199cc87e0dedd357de91200dfecaeffa49653662d6b8
a49ffa310646deb4,Arla-Medium-Fat-Milk,train,GroceryStoreDataset_Klasson2019,NON_INDIAN,INTERNATIONAL_PACKAGING_FOUNDATION,natural,348,348,ad84b39df1c40cfc32c99c71a9cb15bbe8a6daae78b9a0f43aa01167dcf50b4c
b0daa79f021df367,Arla-Medium-Fat-Milk,train,GroceryStoreDataset_Klasson2019,NON_INDIAN,INTERNATIONAL_PACKAGING_FOUNDATION,natural,348,348,f7865f086c1ea84fa029e120683a41bc22c8d66262030e378f6c4bb88b720a81
7dde6a1466fe2bac,Arla-Medium-Fat-Milk,train,GroceryStoreDataset_Klasson2019,NON_INDIAN,INTERNATIONAL_PACKAGING_FOUNDATION,natural,348,348,7a116df3d2f2991e01186216455898137945018a89be81ea24cdd219fdb0664d
61f39b47430a5e96,Arla-Medium-Fat-Milk,train,GroceryStoreDataset_Klasson2019,NON_INDIAN,INTERNATIONAL_PACKAGING_FOUNDATION,natural,348,348,8606ceab98bb35a94e7b720a45fbf3ed3b2334fcb356757db644e3aedf9f3334
6b3f5081f5185d60,Arla-Medium-Fat-Milk,train,GroceryStoreDataset_Klasson2019,NON_INDIAN,INTERNATIONAL_PACKAGING_FOUNDATION,natural,348,348,cea3756b70f147a31360ebe8d9760091e682a6a2133dc2da5992b9e671318473
bc1c36bab96c2594,Arla-Medium-Fat-Milk,train,GroceryStoreDataset_Klasson2019,NON_INDIAN,INTERNATIONAL_PACKAGING_FOUNDATION,natural,348,348,25e1baa7881c4fe844d1044d12e6da8a26909369a81ef3aa08c553d13bbf1890
8e34266ce06c10d7,Arla-Medium-Fat-Milk,train,GroceryStoreDataset_Klasson2019,NON_INDIAN,INTERNATIONAL_PACKAGING_FOUNDATION,natural,348,348,9c79c7fc9cea192da1353acaf256f5fb82f9b6d92c468f954f29f2d9a5c6a0a5
5a5d308954834d49,Arla-Medium-Fat-Milk,train,GroceryStoreDataset_Klasson2019,NON_INDIAN,INTERNATIONAL_PACKAGING_FOUNDATION,natural,348,348,9442521eb92ea980ee4e141d7e9286c06b4743017a74ebb5e2aefbd0dd5914b0
6e55f45af341bb69,Arla-Medium-Fat-Milk,train,GroceryStoreDataset_Klasson2019,NON_INDIAN,INTERNATIONAL_PACKAGING_FOUNDATION,natural,348,348,62915e6129d93776672f004e1228443d686d956754d376f69ceff13899c273f8
320bc471c87bf7b7,Arla-Medium-Fat-Milk,train,GroceryStoreDataset_Klasson2019,NON_INDIAN,INTERNATIONAL_PACKAGING_FOUNDATION,natural,348,348,9a15e2cb1b85702ca0f7a056fb97b05da351046faf76290bab80c431ef71d6d5
2897cdd988e53d34,Arla-Medium-Fat-Milk,train,GroceryStoreDataset_Klasson2019,NON_INDIAN,INTERNATIONAL_PACKAGING_FOUNDATION,natural,348,348,528ed03dc1f052f05a4537e056c424ecae24b0132705c973743ae44f75c0be90
8f43416574efbe87,Arla-Medium-Fat-Milk,train,GroceryStoreDataset_Klasson2019,NON_INDIAN,INTERNATIONAL_PACKAGING_FOUNDATION,natural,348,348,8ff02f885a02b2d65d6b0161515e7d07f043dd988e9c744a303b690e94e5fc3e
a91e7627d233b170,Arla-Medium-Fat-Milk,train,GroceryStoreDataset_Klasson2019,NON_INDIAN,INTERNATIONAL_PACKAGING_FOUNDATION,natural,348,348,48fcf757c34e2a198b237cbf9255f0b816d6a4754722d0ea8e9620d458e94ef8
afe78efd703981c3,Arla-Medium-Fat-Milk,train,GroceryStoreDataset_Klasson2019,NON_INDIAN,INTERNATIONAL_PACKAGING_FOUNDATION,natural,348,348,a1cf2ffca171dc83897779412b2b63590d9e1fc29270940c0e560bceddbab855
4d5875c3f6372604,Arla-Medium-Fat-Milk,train,GroceryStoreDataset_Klasson2019,NON_INDIAN,INTERNATIONAL_PACKAGING_FOUNDATION,natural,348,348,72e5d0706b42318b038b2ad304e4ac914fb81a35b2f57f020a93e257dc16babb
85ac01655422bd0c,Arla-Medium-Fat-Milk,train,GroceryStoreDataset_Klasson2019,NON_INDIAN,INTERNATIONAL_PACKAGING_FOUNDATION,natural,348,348,4f63ca30965b9517a2c4663f5524e838c371d00a520d46a868ba0cc10a3adc52
88b59c34f42e7b25,Arla-Medium-Fat-Milk,train,GroceryStoreDataset_Klasson2019,NON_INDIAN,INTERNATIONAL_PACKAGING_FOUNDATION,natural,348,348,2031e1c8e4e8b4cc1e57529413e55fe3c735ff73d38848f4d36db10195a56a92
a31afdef64995eac,Arla-Medium-Fat-Milk,train,GroceryStoreDataset_Klasson2019,NON_INDIAN,INTERNATIONAL_PACKAGING_FOUNDATION,natural,348,348,5c826d4f2a7d87647b21a49340c7aaa30acfa56a945cba7b350ff9e670cf6aa7
109d477c5ce054d9,Arla-Medium-Fat-Milk,train,GroceryStoreDataset_Klasson2019,NON_INDIAN,INTERNATIONAL_PACKAGING_FOUNDATION,natural,348,348,2a5d289d63cd9e067089afc9f22a0aaca2df236ac1aea4d48e1210601a925de4
da69ca3edb372930,Arla-Medium-Fat-Milk,train,GroceryStoreDataset_Klasson2019,NON_INDIAN,INTERNATIONAL_PACKAGING_FOUNDATION,natural,348,348,1858ac87a6e3641d2fe842cd67980438ef92051696af432afc2121e204108c05
78093527ebef1d82,Arla-Medium-Fat-Milk,train,GroceryStoreDataset_Klasson2019,NON_INDIAN,INTERNATIONAL_PACKAGING_FOUNDATION,natural,348,348,bbb7786c68656caa5533a374f2b410309b8c3aa401a4200a71cc3b5e832058a6
261ce7fce9a2dc6b,Arla-Medium-Fat-Milk,train,GroceryStoreDataset_Klasson2019,NON_INDIAN,INTERNATIONAL_PACKAGING_FOUNDATION,natural,348,348,5f89ad103a1ecf36718308df2c6d86177e20eb77d09365058e9d5eb10a950fd6
813a0ac4c25658ab,Arla-Medium-Fat-Milk,train,GroceryStoreDataset_Klasson2019,NON_INDIAN,INTERNATIONAL_PACKAGING_FOUNDATION,natural,348,348,47c9cc481874b0c3c39a2175b3a6430b656928afdb3f595e5f5e25807e27ecb9
be1863ecfafb976a,Arla-Medium-Fat-Milk,train,GroceryStoreDataset_Klasson2019,NON_INDIAN,INTERNATIONAL_PACKAGING_FOUNDATION,natural,348,348,c829aefbc85eea51170a47da8cf275dccb2b0cf2c2dddd0d2d45861a4195f787
a882b0724e43fd45,Arla-Medium-Fat-Milk,train,GroceryStoreDataset_Klasson2019,NON_INDIAN,INTERNATIONAL_PACKAGING_FOUNDATION,natural,348,348,04f4907d9f63623567256fc635f99ad07bd7182b266076e215a1d203d3cea1fb
01b13c1face7f9a5,Arla-Medium-Fat-Milk,train,GroceryStoreDataset_Klasson2019,NON_INDIAN,INTERNATIONAL_PACKAGING_FOUNDATION,natural,348,348,f7f5a4562cd84b6dd2984ef7a6a28e34d8786fe2318114aab982ec94aca38561
c6619ed1135d08ac,Arla-Medium-Fat-Milk,train,GroceryStoreDataset_Klasson2019,NON_INDIAN,INTERNATIONAL_PACKAGING_FOUNDATION,natural,348,348,7a2883629f60a0f98b910537a227bc011d3f1c146546e2c7264911b5bd3c261f
8604f26a49272100,Arla-Medium-Fat-Milk,train,GroceryStoreDataset_Klasson2019,NON_INDIAN,INTERNATIONAL_PACKAGING_FOUNDATION,natural,348,348,aeed8b3b05ea14adeb3eb6365852abf21194427ae283dc42d8a9bc9b2cbe75d8
362b5c9a785ef9dc,Arla-Medium-Fat-Milk,train,GroceryStoreDataset_Klasson2019,NON_INDIAN,INTERNATIONAL_PACKAGING_FOUNDATION,natural,348,348,8bf09a7c01fcf41b938b64d54d975d697feb66091131e1bd987ead5ec53d55b6
8dbfba94a1f310f8,Arla-Medium-Fat-Milk,train,GroceryStoreDataset_Klasson2019,NON_INDIAN,INTERNATIONAL_PACKAGING_FOUNDATION,natural,348,348,3067c361b8e85fda18c4442478276d457d3ff42889f780c9cb866ab9cd2a76d7
50f4a02248a44a96,Arla-Medium-Fat-Milk,train,GroceryStoreDataset_Klasson2019,NON_INDIAN,INTERNATIONAL_PACKAGING_FOUNDATION,natural,348,348,d9d52e12dc8809e9cef15a8561e06b4ce50e959b8f1e43f8e34e4032af02815f
4a039892c4ad753b,Arla-Medium-Fat-Milk,train,GroceryStoreDataset_Klasson2019,NON_INDIAN,INTERNATIONAL_PACKAGING_FOUNDATION,natural,348,348,68fa0f838467a903ece5d8c471a7a816c8a9525aa139e298e29cf25cbbc4e99d
981ad144e04f03a3,Valio-Vanilla-Yoghurt,train,GroceryStoreDataset_Klasson2019,NON_INDIAN,INTERNATIONAL_PACKAGING_FOUNDATION,natural,348,348,f20bf463d7add9b8f09b628b0ac8b30802fb3aa8e4db01f9609d77b1cedf0df3
8b85c71bbfbe542e,Valio-Vanilla-Yoghurt,train,GroceryStoreDataset_Klasson2019,NON_INDIAN,INTERNATIONAL_PACKAGING_FOUNDATION,natural,348,348,b08ef399f3d0054731efb6e463b471a89bb3ce1dda09017d1117de5a5deeb76c
7cc07546b5170fca,Valio-Vanilla-Yoghurt,train,GroceryStoreDataset_Klasson2019,NON_INDIAN,INTERNATIONAL_PACKAGING_FOUNDATION,natural,348,348,79c607509cd877a08020b74bf9f2e87b6bec7b80c0337a1feab6b3ac5cb8e7a8
464b09bc500e5557,Valio-Vanilla-Yoghurt,train,GroceryStoreDataset_Klasson2019,NON_INDIAN,INTERNATIONAL_PACKAGING_FOUNDATION,natural,348,348,0acb7e5379cbec960488f5dc16a5142164b49e4b0465c74f92280f8d88c72436
386a09082ee7f763,Valio-Vanilla-Yoghurt,train,GroceryStoreDataset_Klasson2019,NON_INDIAN,INTERNATIONAL_PACKAGING_FOUNDATION,natural,348,348,373988f68b83f26553dcd440b8198a4bff51a989f2f7d0f3466c31006539e727
f17ff369387f1254,Valio-Vanilla-Yoghurt,train,GroceryStoreDataset_Klasson2019,NON_INDIAN,INTERNATIONAL_PACKAGING_FOUNDATION,natural,348,348,6d9a7bd7ee2b11b0fc516f56c88f6afd2b1d520872a7c08103b6f247a5a85f56
25c880e870668cf7,Valio-Vanilla-Yoghurt,train,GroceryStoreDataset_Klasson2019,NON_INDIAN,INTERNATIONAL_PACKAGING_FOUNDATION,natural,348,348,ddccdecf9981b01e70de476dfee280a7da4f3e8612efcb3409ec26b6a6006387
e626c636bc857cf1,Valio-Vanilla-Yoghurt,train,GroceryStoreDataset_Klasson2019,NON_INDIAN,INTERNATIONAL_PACKAGING_FOUNDATION,natural,348,348,2a6a1db2066b69cd42b12fff1e9b6c10ebf5f3e3a4e8b4aaf606d80378539cb6
db5eb501cc4f6ea3,Valio-Vanilla-Yoghurt,train,GroceryStoreDataset_Klasson2019,NON_INDIAN,INTERNATIONAL_PACKAGING_FOUNDATION,natural,348,348,2d27ebaba4e93b53dfdebfa0f2c538423ac90278ba445e931c36cf27baa55159
a5a556ad8b5fd964,Valio-Vanilla-Yoghurt,train,GroceryStoreDataset_Klasson2019,NON_INDIAN,INTERNATIONAL_PACKAGING_FOUNDATION,natural,348,348,4e26b83e528dec5dbfbc8abfd3818e10f38d5aa244470cd73f4d2ce6cdf00f5e
88c18fd55f84ce3d,Valio-Vanilla-Yoghurt,train,GroceryStoreDataset_Klasson2019,NON_INDIAN,INTERNATIONAL_PACKAGING_FOUNDATION,natural,348,348,9eed573a423453ccff47e6e87fc80a3d87addb35e4c04206275bac2925f2ad46
83ee66a91fe0f436,Valio-Vanilla-Yoghurt,train,GroceryStoreDataset_Klasson2019,NON_INDIAN,INTERNATIONAL_PACKAGING_FOUNDATION,natural,348,348,d1bbe5e0c6b231fa85e9a59f67f81478c1a05ee30c439ab4ac7a47d5ae247bb0
c57e0b46f58143a9,Valio-Vanilla-Yoghurt,train,GroceryStoreDataset_Klasson2019,NON_INDIAN,INTERNATIONAL_PACKAGING_FOUNDATION,natural,348,348,2099a17e634034ff38347dcecab3175072a389d65aab4a4146a713a0e87df89d
18a11b09eb946f24,Valio-Vanilla-Yoghurt,train,GroceryStoreDataset_Klasson2019,NON_INDIAN,INTERNATIONAL_PACKAGING_FOUNDATION,natural,348,348,b4d69fed5662b7ae50fbc09e3f3df011165ae1bc56952ed3a3cf635225d10b69
7b0db984a80b151d,Valio-Vanilla-Yoghurt,train,GroceryStoreDataset_Klasson2019,NON_INDIAN,INTERNATIONAL_PACKAGING_FOUNDATION,natural,348,348,afd8255183450012eac6129cb6b7f40a40f6ca5658459c098c23c29ce31b8d79
5be2fb29e11f71bf,Valio-Vanilla-Yoghurt,train,GroceryStoreDataset_Klasson2019,NON_INDIAN,INTERNATIONAL_PACKAGING_FOUNDATION,natural,348,348,6bc38d4d966124bb2a4b1eddb7cb17cc549070d2fb4bf04399416e3c87510350
2e5a789bfb881338,Valio-Vanilla-Yoghurt,train,GroceryStoreDataset_Klasson2019,NON_INDIAN,INTERNATIONAL_PACKAGING_FOUNDATION,natural,348,348,2d4878598653576a07fb5f63095a69ee297a36b4e5bd6764879bc3d20e82b335
704501828955fefa,Valio-Vanilla-Yoghurt,train,GroceryStoreDataset_Klasson2019,NON_INDIAN,INTERNATIONAL_PACKAGING_FOUNDATION,natural,348,348,2527be1ffde51714caaed7a49a759fff54acfe8147d2ff0762d87478fb4dba43
c922c2b504758785,Valio-Vanilla-Yoghurt,train,GroceryStoreDataset_Klasson2019,NON_INDIAN,INTERNATIONAL_PACKAGING_FOUNDATION,natural,348,348,4df0e7ff816daef8414ea573a67d0a54ef6a127634a3a71ae3f2ea8d0658ef65
3990f42f6d5ae460,Valio-Vanilla-Yoghurt,train,GroceryStoreDataset_Klasson2019,NON_INDIAN,INTERNATIONAL_PACKAGING_FOUNDATION,natural,348,348,77ec048ae4812285cc9976253c4c92936107db99ca482293bfa1fc2271ae24b6
4c8c279073889149,Valio-Vanilla-Yoghurt,train,GroceryStoreDataset_Klasson2019,NON_INDIAN,INTERNATIONAL_PACKAGING_FOUNDATION,natural,348,348,453f3ff5d3621d2fea8fef45b0f93bffc412af10a0f28354867b9908d6af5f6f
41ce4d7ddb2acf19,Valio-Vanilla-Yoghurt,train,GroceryStoreDataset_Klasson2019,NON_INDIAN,INTERNATIONAL_PACKAGING_FOUNDATION,natural,348,348,654b3a41f522ee3db0f725e22c7aea4b0e7f8ce24e591bdd7781aced7251cc80
6d8f83e93e7f8253,Valio-Vanilla-Yoghurt,train,GroceryStoreDataset_Klasson2019,NON_INDIAN,INTERNATIONAL_PACKAGING_FOUNDATION,natural,348,348,63d2024fed9dfbd79693312216d111c23f093899628b23e5b3dd7fac426bdcdb
4b623ad34e1d7326,Valio-Vanilla-Yoghurt,train,GroceryStoreDataset_Klasson2019,NON_INDIAN,INTERNATIONAL_PACKAGING_FOUNDATION,natural,348,348,b8825bdd2862977b8501896da4fc6083af5422e8a0beffcab7d7f06e79413048
5d0a744e92eb6ec3,Valio-Vanilla-Yoghurt,train,GroceryStoreDataset_Klasson2019,NON_INDIAN,INTERNATIONAL_PACKAGING_FOUNDATION,natural,348,348,01c09748cecf6d7de4ac9bfb90ad1fc08f0ff9ae80e0b4209814be30765ee8bb
01f006897a7339c9,Valio-Vanilla-Yoghurt,train,GroceryStoreDataset_Klasson2019,NON_INDIAN,INTERNATIONAL_PACKAGING_FOUNDATION,natural,348,348,f7e5bdb46f52cc7ece6e99a60c32e9a65364e233f1162fc1e164a22ff736c6af
6420d5acc41801a6,Valio-Vanilla-Yoghurt,train,GroceryStoreDataset_Klasson2019,NON_INDIAN,INTERNATIONAL_PACKAGING_FOUNDATION,natural,348,348,444612e800e3c86f17e50d1d09e946411c151a536d8a17fc61fd999c50d5bf0f
f8bf0392bde491c8,Valio-Vanilla-Yoghurt,train,GroceryStoreDataset_Klasson2019,NON_INDIAN,INTERNATIONAL_PACKAGING_FOUNDATION,natural,348,348,5193e748223d8e9ee9d3f74b04d8f7a3c8c59e475a2dbff6177c7679b4c68bd3
459964fc9b190739,Valio-Vanilla-Yoghurt,train,GroceryStoreDataset_Klasson2019,NON_INDIAN,INTERNATIONAL_PACKAGING_FOUNDATION,natural,348,348,6cdd9961a998e8c03da5710913503890c9ad3cd1a9698f99523ad66dfdb53100
c05ee674063c944a,Valio-Vanilla-Yoghurt,train,GroceryStoreDataset_Klasson2019,NON_INDIAN,INTERNATIONAL_PACKAGING_FOUNDATION,natural,348,348,e9206fa7dccdf7c053573da32d748fa9f9dd351a29f8d2ee125b71df82060e8d
1f56800d45aab63d,Valio-Vanilla-Yoghurt,train,GroceryStoreDataset_Klasson2019,NON_INDIAN,INTERNATIONAL_PACKAGING_FOUNDATION,natural,348,348,00c15356526c5abfb451107f44e74fb26e5c6ec636926db8cc6d96396e398ddd
18fcf195736cddc4,Yoggi-Strawberry-Yoghurt,test,GroceryStoreDataset_Klasson2019,NON_INDIAN,INTERNATIONAL_PACKAGING_FOUNDATION,natural,348,348,b22c37775aa02b412e03428eda9611de0332409da44daf7fab4957013d0a5624
a17d14cf29d2ea24,Yoggi-Strawberry-Yoghurt,test,GroceryStoreDataset_Klasson2019,NON_INDIAN,INTERNATIONAL_PACKAGING_FOUNDATION,natural,348,348,a4b4ea8cccf924cff439c85c68523f5eaf6af9a263e804d6065269fdd8b9402c
6c0a88349726cf3e,Yoggi-Strawberry-Yoghurt,test,GroceryStoreDataset_Klasson2019,NON_INDIAN,INTERNATIONAL_PACKAGING_FOUNDATION,natural,348,348,657dfe3971b28da15543615d998929ecc0ebb07ede2aba79bce606b0fa2ebbac
5adc3dab5f0acf65,Yoggi-Strawberry-Yoghurt,test,GroceryStoreDataset_Klasson2019,NON_INDIAN,INTERNATIONAL_PACKAGING_FOUNDATION,natural,348,348,a2c35644e35b654d92e8dad305b3ca891a5030a54fa973db5c2a465cf157fc21
68246816ba6b4c55,Yoggi-Strawberry-Yoghurt,test,GroceryStoreDataset_Klasson2019,NON_INDIAN,INTERNATIONAL_PACKAGING_FOUNDATION,natural,348,348,01352e20afe5ceef14ca6313394a8018765a2bc51bba610bd21744c356b7c523
83844822c9158e64,Yoggi-Strawberry-Yoghurt,test,GroceryStoreDataset_Klasson2019,NON_INDIAN,INTERNATIONAL_PACKAGING_FOUNDATION,natural,348,348,5136ab1f7e4b3d1a58b95fbf701c84d7b4a4c2ba22c2fc19ae34cab1ca952b16
6edd8f32abfc2ae0,Yoggi-Strawberry-Yoghurt,test,GroceryStoreDataset_Klasson2019,NON_INDIAN,INTERNATIONAL_PACKAGING_FOUNDATION,natural,348,348,5291cb18c7680ac39ea840ff53f730a89ffcddb50d0675d4fa47d0d5a68a4fb9
dfc7cdf60968aeee,Yoggi-Strawberry-Yoghurt,test,GroceryStoreDataset_Klasson2019,NON_INDIAN,INTERNATIONAL_PACKAGING_FOUNDATION,natural,348,348,c847218bb81c2d71837707a7abdf81cbda97778e15b0200badc188f7e4a3878a
b46dac2c2b0d93bc,Yoggi-Strawberry-Yoghurt,test,GroceryStoreDataset_Klasson2019,NON_INDIAN,INTERNATIONAL_PACKAGING_FOUNDATION,natural,348,348,6e34ae82537adaa590e28b659aa2926439bae4584488644a5479399be6262609
5679fcbd8f98cf19,Yoggi-Strawberry-Yoghurt,test,GroceryStoreDataset_Klasson2019,NON_INDIAN,INTERNATIONAL_PACKAGING_FOUNDATION,natural,348,348,992889acf10d2b9e9d01f5c5a50aff810486cbc6540e61c089ad7178f5630c7e
dae4d0d1a87aa4a5,Yoggi-Strawberry-Yoghurt,test,GroceryStoreDataset_Klasson2019,NON_INDIAN,INTERNATIONAL_PACKAGING_FOUNDATION,natural,348,348,6e3fe038a82814cd143cfbca1f7992e3a58b7ab6299317f6c537a8a5378c25dc
85260504eedf10c1,Yoggi-Strawberry-Yoghurt,test,GroceryStoreDataset_Klasson2019,NON_INDIAN,INTERNATIONAL_PACKAGING_FOUNDATION,natural,348,348,2de450a9120c1972c6276dbc29b62a40722425b0ef375cbf468e63c92b4dedfa
e268d3145ebb3acf,Yoggi-Strawberry-Yoghurt,test,GroceryStoreDataset_Klasson2019,NON_INDIAN,INTERNATIONAL_PACKAGING_FOUNDATION,natural,348,348,3982f4d01079375bcd8e4efe9ead4826e4dc0777b4b9486993665aeb3f80a6db
bfba03e044dcb056,Yoggi-Strawberry-Yoghurt,test,GroceryStoreDataset_Klasson2019,NON_INDIAN,INTERNATIONAL_PACKAGING_FOUNDATION,natural,348,348,2159745f1ece6aa0ae22aaff51221bb1ac3b75bba69b5b7e9d1f5c8b5c0988bf
93a7a852e87120d4,Yoggi-Strawberry-Yoghurt,test,GroceryStoreDataset_Klasson2019,NON_INDIAN,INTERNATIONAL_PACKAGING_FOUNDATION,natural,348,348,d189624640e42192d6e9dbdebfb2b56beae59253efb936a50d2796a095dc2ddb
d52ca9652af00536,Yoggi-Strawberry-Yoghurt,test,GroceryStoreDataset_Klasson2019,NON_INDIAN,INTERNATIONAL_PACKAGING_FOUNDATION,natural,348,348,3c0539a3a83a4876bdc1f30f351de4415794293570a9622896c27bbd17e0e3e3
d64dfd29e68e69f0,Yoggi-Strawberry-Yoghurt,test,GroceryStoreDataset_Klasson2019,NON_INDIAN,INTERNATIONAL_PACKAGING_FOUNDATION,natural,348,348,728813a71a5fda5fffbbc35b2d8f63751c3d83881e54226f85b7f815f2d0ea6e
66aaab3557264194,Yoggi-Strawberry-Yoghurt,test,GroceryStoreDataset_Klasson2019,NON_INDIAN,INTERNATIONAL_PACKAGING_FOUNDATION,natural,348,348,bff541128f9f167eea7fd99c41eb63e37d87d291b6a8712a34acadf985ce298a
b5c736dce9c38a94,Yoggi-Strawberry-Yoghurt,test,GroceryStoreDataset_Klasson2019,NON_INDIAN,INTERNATIONAL_PACKAGING_FOUNDATION,natural,348,348,6147adf866047dd78089909e40e905d7963bf3ae9fab379e8427b376596c8d2e
e1809b6b9ac8ca8b,Yoggi-Strawberry-Yoghurt,test,GroceryStoreDataset_Klasson2019,NON_INDIAN,INTERNATIONAL_PACKAGING_FOUNDATION,natural,348,348,8c9eda037cec8ec0bd17b74a77f568016f8fc9a8814f1fb4771f160544b99e9a
e463cbe813cf4db4,Yoggi-Strawberry-Yoghurt,test,GroceryStoreDataset_Klasson2019,NON_INDIAN,INTERNATIONAL_PACKAGING_FOUNDATION,natural,348,348,416a245c7b6d11c5f8ea9c2260625818bd165f88bf434a1fd66f87012572167f
419d20bae12f7f4a,Yoggi-Strawberry-Yoghurt,test,GroceryStoreDataset_Klasson2019,NON_INDIAN,INTERNATIONAL_PACKAGING_FOUNDATION,natural,348,348,a6fc8264c766e386fc490010f646f4b47d895ea5964f4570a9670ed75081afde
ccba707ee75744d7,Yoggi-Strawberry-Yoghurt,test,GroceryStoreDataset_Klasson2019,NON_INDIAN,INTERNATIONAL_PACKAGING_FOUNDATION,natural,348,348,40dface45f803fa5808581517e96e19c0ae68dcc78e50b37ba46c5c763a901d8
71efb8895293d2de,Yoggi-Strawberry-Yoghurt,test,GroceryStoreDataset_Klasson2019,NON_INDIAN,INTERNATIONAL_PACKAGING_FOUNDATION,natural,348,348,125d92e21eb7a38eb0177e4d46145b9776b0075fdaacbaab5ade668202626e74
38d9dd2d39bef9d7,Yoggi-Strawberry-Yoghurt,test,GroceryStoreDataset_Klasson2019,NON_INDIAN,INTERNATIONAL_PACKAGING_FOUNDATION,natural,348,348,3dc022d44cdde562362cbd20f5cdff4393a82561951bebb0e81d4261630dec28
74a7bb3c68df6da5,Yoggi-Strawberry-Yoghurt,test,GroceryStoreDataset_Klasson2019,NON_INDIAN,INTERNATIONAL_PACKAGING_FOUNDATION,natural,348,348,2e7c338491cd14a4bc1e1074f0922c9133fd0ace2f465d77851a6740393f83eb
ca9e21aefe1c9eeb,Yoggi-Strawberry-Yoghurt,test,GroceryStoreDataset_Klasson2019,NON_INDIAN,INTERNATIONAL_PACKAGING_FOUNDATION,natural,348,348,01c094857a3e83d948bcf5f5faab9073adc88f5bcd17a2554ff7b0fb5f983e23
8962faef9be075a6,Yoggi-Strawberry-Yoghurt,test,GroceryStoreDataset_Klasson2019,NON_INDIAN,INTERNATIONAL_PACKAGING_FOUNDATION,natural,348,348,6edd82aabee426e3fe53bb626de9c92b34bb63db11ca2117f92ea066697e74b4
2493147a17a8ed7d,Yoggi-Strawberry-Yoghurt,test,GroceryStoreDataset_Klasson2019,NON_INDIAN,INTERNATIONAL_PACKAGING_FOUNDATION,natural,348,348,97f0ea1b0f6c6472170c50f63ff3dfcf36129c6f798191b7d8b703b38a013128
65666e6741a776ae,Yoggi-Strawberry-Yoghurt,test,GroceryStoreDataset_Klasson2019,NON_INDIAN,INTERNATIONAL_PACKAGING_FOUNDATION,natural,348,348,7cda52be35a9ad027813f048629d0f30a3dea228622c34d70b24170175f71abb
961e54fe5a1e1bae,Yoggi-Strawberry-Yoghurt,test,GroceryStoreDataset_Klasson2019,NON_INDIAN,INTERNATIONAL_PACKAGING_FOUNDATION,natural,348,348,d9b4fe10ebb68a053d7751c9bb0117adbe5649144105e076a2113870e8bd8d07
e101607c79a91c33,Yoggi-Strawberry-Yoghurt,test,GroceryStoreDataset_Klasson2019,NON_INDIAN,INTERNATIONAL_PACKAGING_FOUNDATION,natural,348,348,45c26dc5d7f05ff11fcf8c887b2ae7a10470e9448a7840f33a3691297e5fa218
ba07f8547f979434,Arla-Natural-Mild-Low-Fat-Yoghurt,train,GroceryStoreDataset_Klasson2019,NON_INDIAN,INTERNATIONAL_PACKAGING_FOUNDATION,natural,348,348,95d714dc63757223f90006aa78a958740fdb8f6c750888d096484651fda2e36a
84be31783b561cb1,Arla-Natural-Mild-Low-Fat-Yoghurt,train,GroceryStoreDataset_Klasson2019,NON_INDIAN,INTERNATIONAL_PACKAGING_FOUNDATION,natural,348,348,6265ebbdc36353093439cb2731ca2b06d921fec43b4d8c08c5cf62ae67e9db10
19ca096775a366f5,Arla-Natural-Mild-Low-Fat-Yoghurt,train,GroceryStoreDataset_Klasson2019,NON_INDIAN,INTERNATIONAL_PACKAGING_FOUNDATION,natural,348,348,495d8ae3cca780550d90f2fb346d0578e603a4779d4690ae0057a4b4c70afad6
46f667c1135ae039,Arla-Natural-Mild-Low-Fat-Yoghurt,train,GroceryStoreDataset_Klasson2019,NON_INDIAN,INTERNATIONAL_PACKAGING_FOUNDATION,natural,348,348,0ff9ae486919a96b671314bbc2a0711144c2409089eb108b7e6557f91b1bd07c
f90aa85d102570ff,Arla-Natural-Mild-Low-Fat-Yoghurt,train,GroceryStoreDataset_Klasson2019,NON_INDIAN,INTERNATIONAL_PACKAGING_FOUNDATION,natural,348,348,c9fee4d0df78854376ad28e3fe968207033483efed56aee0b62899b4c7e0b82b
0a33cd03f3e81822,Arla-Natural-Mild-Low-Fat-Yoghurt,train,GroceryStoreDataset_Klasson2019,NON_INDIAN,INTERNATIONAL_PACKAGING_FOUNDATION,natural,348,348,ad4cfe350252afb4292273846d9f24f480041956bc37fac167cb0282bd914560
c5a482a05f8c4171,Arla-Natural-Mild-Low-Fat-Yoghurt,train,GroceryStoreDataset_Klasson2019,NON_INDIAN,INTERNATIONAL_PACKAGING_FOUNDATION,natural,348,348,98eddf3bdca6879a1d987ca9767373cae4fb09cd2e73ecc987b6ff4a17fe9437
79cdc9e0e3096a29,Arla-Natural-Mild-Low-Fat-Yoghurt,train,GroceryStoreDataset_Klasson2019,NON_INDIAN,INTERNATIONAL_PACKAGING_FOUNDATION,natural,348,348,4bacc8f5af8b5ff489b4766b973bdb61b1c2ae12dd7d3199c25256bd69c20bd2
acd358c148d26f08,Arla-Natural-Mild-Low-Fat-Yoghurt,train,GroceryStoreDataset_Klasson2019,NON_INDIAN,INTERNATIONAL_PACKAGING_FOUNDATION,natural,348,348,c844ecf0bb56a6ef29e4186a1db10e44ec4dad515cc7920ede47ed75fc733f01
2108425aba42db60,Arla-Natural-Mild-Low-Fat-Yoghurt,train,GroceryStoreDataset_Klasson2019,NON_INDIAN,INTERNATIONAL_PACKAGING_FOUNDATION,natural,348,348,0e5d664529b3b27eb82170608a86b8f3f7e2e3223199082f1e4bcb1c62c78c5e
76196957d2fd1a86,Arla-Natural-Mild-Low-Fat-Yoghurt,train,GroceryStoreDataset_Klasson2019,NON_INDIAN,INTERNATIONAL_PACKAGING_FOUNDATION,natural,348,348,335b1d104ae6503ce3da2aceab16e794b2d6ded0ad841ca7ac1a52b2c27317ba
732a29572583329a,Arla-Natural-Mild-Low-Fat-Yoghurt,train,GroceryStoreDataset_Klasson2019,NON_INDIAN,INTERNATIONAL_PACKAGING_FOUNDATION,natural,348,348,912e6ae99265d34f0d9ef14d1023f88b9c0e23fbf89a62141c72e6ec89f4c068
8c2a44a28b02fa54,Arla-Natural-Mild-Low-Fat-Yoghurt,train,GroceryStoreDataset_Klasson2019,NON_INDIAN,INTERNATIONAL_PACKAGING_FOUNDATION,natural,348,348,9b814a15e8f1ef45652f54fa13894bba097b97f6f60f1f887641f395ab0ce7da
6b563126e5f11cd3,Arla-Natural-Mild-Low-Fat-Yoghurt,train,GroceryStoreDataset_Klasson2019,NON_INDIAN,INTERNATIONAL_PACKAGING_FOUNDATION,natural,348,348,ccd47834d7d144ae48373b97ccc7a09e88577a213c3af233da76d2059b97c745
9ad3b0992bf002a7,Arla-Natural-Mild-Low-Fat-Yoghurt,train,GroceryStoreDataset_Klasson2019,NON_INDIAN,INTERNATIONAL_PACKAGING_FOUNDATION,natural,348,348,47c57aab22c22da98107c8da72dc251840c0152d044241ec95299414a1b33e59
5f3220d64c5105f5,Arla-Natural-Mild-Low-Fat-Yoghurt,train,GroceryStoreDataset_Klasson2019,NON_INDIAN,INTERNATIONAL_PACKAGING_FOUNDATION,natural,348,348,6e701504ce8602f510b6f9476630a0a5e2917940c54b79f0f835e36fc2b4c131
2a0043711cfda114,Arla-Natural-Mild-Low-Fat-Yoghurt,train,GroceryStoreDataset_Klasson2019,NON_INDIAN,INTERNATIONAL_PACKAGING_FOUNDATION,natural,348,348,d41c11f3c115b5c35db8aa03de0338ef0b8c6d2fa3508c26017727ba819a55b8
d02014ffe215bc7d,Arla-Natural-Mild-Low-Fat-Yoghurt,train,GroceryStoreDataset_Klasson2019,NON_INDIAN,INTERNATIONAL_PACKAGING_FOUNDATION,natural,348,348,eb2954b9e8c9dfd1813f72393ef5c397e8f9433a56971b2e534c7ca20086a2f3
df16939e8e13770c,Arla-Natural-Mild-Low-Fat-Yoghurt,train,GroceryStoreDataset_Klasson2019,NON_INDIAN,INTERNATIONAL_PACKAGING_FOUNDATION,natural,348,348,e563b7e472b3f9cf6809de13db8d1da5041adc30e5f416c361b1bd8d40c72ad2
58b93b5f662779c2,Arla-Natural-Mild-Low-Fat-Yoghurt,train,GroceryStoreDataset_Klasson2019,NON_INDIAN,INTERNATIONAL_PACKAGING_FOUNDATION,natural,348,348,71826662ec78af8801909ad8b9be7c1b9490b6b75ea31889711a84d298d5c529
bf7552439079469e,Arla-Natural-Mild-Low-Fat-Yoghurt,train,GroceryStoreDataset_Klasson2019,NON_INDIAN,INTERNATIONAL_PACKAGING_FOUNDATION,natural,348,348,43074e200b33e36baf8848f49615547d697aa7b036a2f55a6fa50e4ab5fc688a
41e3577cfc453244,Arla-Natural-Mild-Low-Fat-Yoghurt,train,GroceryStoreDataset_Klasson2019,NON_INDIAN,INTERNATIONAL_PACKAGING_FOUNDATION,natural,348,348,fbf7b3f4b8bb98f81f599f08528c317ca1931a07bf264144ff9d81e174089a0b
296c785dc3f54e96,Arla-Natural-Mild-Low-Fat-Yoghurt,train,GroceryStoreDataset_Klasson2019,NON_INDIAN,INTERNATIONAL_PACKAGING_FOUNDATION,natural,348,348,ef6736a1d47aa713f922bafd6e3df93e4256bffe983a1956110afa4577c25a31
8e307700ee5015fa,Yoggi-Vanilla-Yoghurt,train,GroceryStoreDataset_Klasson2019,NON_INDIAN,INTERNATIONAL_PACKAGING_FOUNDATION,natural,348,348,292dea8c656fc9e55af93514805aa2d72edf52466d1be58746a7d42fafb4eb12
ea9d6f49f26365ab,Yoggi-Vanilla-Yoghurt,train,GroceryStoreDataset_Klasson2019,NON_INDIAN,INTERNATIONAL_PACKAGING_FOUNDATION,natural,348,348,470797975b547190da5cb7928cf239122e100db06fdcc1a8af44f88d048c4c04
c3882ef8d5cf7276,Yoggi-Vanilla-Yoghurt,train,GroceryStoreDataset_Klasson2019,NON_INDIAN,INTERNATIONAL_PACKAGING_FOUNDATION,natural,348,348,0add6d35a2807d54e2adcfd27d684c89e7eb9f0f064dd5ea6bdc27c1b2474b46
41517523900d2bdb,Yoggi-Vanilla-Yoghurt,train,GroceryStoreDataset_Klasson2019,NON_INDIAN,INTERNATIONAL_PACKAGING_FOUNDATION,natural,348,348,896ff5828609d07e4acb6969a8f1c1ddecd45037905da0beaa79c24db08a6ea4
c822c2fb1649e052,Yoggi-Vanilla-Yoghurt,train,GroceryStoreDataset_Klasson2019,NON_INDIAN,INTERNATIONAL_PACKAGING_FOUNDATION,natural,348,348,00f410e210063ee8f46d1caa86c9789feaeddda3abba64bf672174709151f668
738ec8a081d9f8f5,Yoggi-Vanilla-Yoghurt,train,GroceryStoreDataset_Klasson2019,NON_INDIAN,INTERNATIONAL_PACKAGING_FOUNDATION,natural,348,348,2b319b972d7464b9058604df14b83644c61ac0fd396b62ec47b52b0a1ec9d15c
82493006c19d3bf9,Yoggi-Vanilla-Yoghurt,train,GroceryStoreDataset_Klasson2019,NON_INDIAN,INTERNATIONAL_PACKAGING_FOUNDATION,natural,348,348,e5a63ecaa2c83da19562d67519c9db1f50b29d6e296fcf9ffb2fe05883f787e4
193fce7a2b840a39,Yoggi-Vanilla-Yoghurt,train,GroceryStoreDataset_Klasson2019,NON_INDIAN,INTERNATIONAL_PACKAGING_FOUNDATION,natural,348,348,9e9a3cbe206973f015d2df9b2e782f16b3969b166bc3a9085de21c18a82abdfb
404afb206d231b5c,Yoggi-Vanilla-Yoghurt,train,GroceryStoreDataset_Klasson2019,NON_INDIAN,INTERNATIONAL_PACKAGING_FOUNDATION,natural,348,348,905debab53dde072e50cb6ad69d8b4d44eb83b99e9daf420426dec76ed253caa
3ccf86dad607d9b5,Yoggi-Vanilla-Yoghurt,train,GroceryStoreDataset_Klasson2019,NON_INDIAN,INTERNATIONAL_PACKAGING_FOUNDATION,natural,348,348,9cfb2e0fbda805bdf654ffdc3168af572dbd308915f21662028f897a7499dd73
6a5b7caee13997f2,Yoggi-Vanilla-Yoghurt,train,GroceryStoreDataset_Klasson2019,NON_INDIAN,INTERNATIONAL_PACKAGING_FOUNDATION,natural,348,348,28f72a1a1af5b59683b5270c88b9fdcbf65a14c3cc02195f4d4d1d90b6a08dd0
fc3aa1a4b6c7c700,Yoggi-Vanilla-Yoghurt,train,GroceryStoreDataset_Klasson2019,NON_INDIAN,INTERNATIONAL_PACKAGING_FOUNDATION,natural,348,348,1d139e4388d8e33898696e00c781fdcc1a148accb824b1332c5a9238e9b697db
2168b6d2f9b87cd3,Yoggi-Vanilla-Yoghurt,train,GroceryStoreDataset_Klasson2019,NON_INDIAN,INTERNATIONAL_PACKAGING_FOUNDATION,natural,348,348,32fe5d172d40bc1fa86a686b3892ee13aea8e5d34dd1b5fe0370550845f757c8
3d78272990596e82,Yoggi-Vanilla-Yoghurt,train,GroceryStoreDataset_Klasson2019,NON_INDIAN,INTERNATIONAL_PACKAGING_FOUNDATION,natural,348,348,b5fd795944831bebcb49e5b5afb3ecb22c9d38fc01d1caff6e4511d73461f505
1823fd885e1afa5e,Yoggi-Vanilla-Yoghurt,train,GroceryStoreDataset_Klasson2019,NON_INDIAN,INTERNATIONAL_PACKAGING_FOUNDATION,natural,348,348,3c47154982ff9453c69151a2d0e631131713b714e94535d38b5e5a703e49f342
7462fbf6bde5c9a8,Yoggi-Vanilla-Yoghurt,train,GroceryStoreDataset_Klasson2019,NON_INDIAN,INTERNATIONAL_PACKAGING_FOUNDATION,natural,348,348,4bf4ae1b1d71d4af8791c479e1bdd9d5d98a90226ae9e080bdedb2469cc0a1c6
07aa6db9b32203c0,Yoggi-Vanilla-Yoghurt,train,GroceryStoreDataset_Klasson2019,NON_INDIAN,INTERNATIONAL_PACKAGING_FOUNDATION,natural,348,348,37ff3e421ce1a24272c29acba11022ab57ed3c46b11964957fa9aedde7b243b4
a518df64cf0405f5,Yoggi-Vanilla-Yoghurt,train,GroceryStoreDataset_Klasson2019,NON_INDIAN,INTERNATIONAL_PACKAGING_FOUNDATION,natural,348,348,ee2dbb969fe4471f78685f036603d9d481fa6e2aade5d6dc59d532407ad4f848
0e767e37b93db824,Arla-Mild-Vanilla-Yoghurt,train,GroceryStoreDataset_Klasson2019,NON_INDIAN,INTERNATIONAL_PACKAGING_FOUNDATION,natural,348,348,9947452bfc0abcd4957bfd9389c278dd52c813f478d6a9b8c78cdd896ff0a7c8
84c199423dc609ed,Arla-Mild-Vanilla-Yoghurt,train,GroceryStoreDataset_Klasson2019,NON_INDIAN,INTERNATIONAL_PACKAGING_FOUNDATION,natural,348,348,3c78795b3258c757eeae046067fc4a04c47f7357bf5d1047235a10f88dbb2b79
9f9f10e2f1ce838b,Arla-Mild-Vanilla-Yoghurt,train,GroceryStoreDataset_Klasson2019,NON_INDIAN,INTERNATIONAL_PACKAGING_FOUNDATION,natural,348,348,66f3dab4d3cc5dc1e6bbd43304889054663612d3c192a625ebdd2b23023f4068
ca0b76634dcaa286,Arla-Mild-Vanilla-Yoghurt,train,GroceryStoreDataset_Klasson2019,NON_INDIAN,INTERNATIONAL_PACKAGING_FOUNDATION,natural,348,348,5278662635dbe7de2ab49754e50806f8ac73a833804828b4ead9754f416dc0c2
0a122726454f11ee,Arla-Mild-Vanilla-Yoghurt,train,GroceryStoreDataset_Klasson2019,NON_INDIAN,INTERNATIONAL_PACKAGING_FOUNDATION,natural,348,348,c69c96188184357167904d6cb12df296e059e870edf9a3de653deded2ed12670
f87f2b4ffae72fef,Arla-Mild-Vanilla-Yoghurt,train,GroceryStoreDataset_Klasson2019,NON_INDIAN,INTERNATIONAL_PACKAGING_FOUNDATION,natural,348,348,f13e3356844c3e6d1136ba7c7361fe6968427dc406376c011435334cea50208c
63671332c0b2851d,Arla-Mild-Vanilla-Yoghurt,train,GroceryStoreDataset_Klasson2019,NON_INDIAN,INTERNATIONAL_PACKAGING_FOUNDATION,natural,348,348,2ee1e5129f985508804b3b6ed3c41f78282310a0a817fe775ade1af9e888f008
7fb8c1d1d86d8bf9,Arla-Mild-Vanilla-Yoghurt,train,GroceryStoreDataset_Klasson2019,NON_INDIAN,INTERNATIONAL_PACKAGING_FOUNDATION,natural,348,348,be8fb7c45f47660eb84943d896cb20472900a19fbd266f8287a4f6ae8f7541a5
b29935367945db87,Arla-Mild-Vanilla-Yoghurt,train,GroceryStoreDataset_Klasson2019,NON_INDIAN,INTERNATIONAL_PACKAGING_FOUNDATION,natural,348,348,6cdcbabdcda4a53fa4504190890d22ef5f1020d894860d92478313c2882e4478
b2b9e9e83ed59359,Arla-Mild-Vanilla-Yoghurt,train,GroceryStoreDataset_Klasson2019,NON_INDIAN,INTERNATIONAL_PACKAGING_FOUNDATION,natural,348,348,ebf1c2443789b82e4b8668980b0d4a6e91e2fa26a5ccaada6a94232a09a4de0a
12578d092faf298a,Arla-Mild-Vanilla-Yoghurt,train,GroceryStoreDataset_Klasson2019,NON_INDIAN,INTERNATIONAL_PACKAGING_FOUNDATION,natural,348,348,3b31cb4c255bdafb810c5a1d0f838997a6900c9ee1bb472fbc9a18acc8a605a2
e9934b6051a92fb8,Arla-Mild-Vanilla-Yoghurt,train,GroceryStoreDataset_Klasson2019,NON_INDIAN,INTERNATIONAL_PACKAGING_FOUNDATION,natural,348,348,6ba466deb63de24d106dbf544037c31d25fd40d61908dcfd2a131d3cff3480d1
a02c8da7b0a1c163,Arla-Mild-Vanilla-Yoghurt,train,GroceryStoreDataset_Klasson2019,NON_INDIAN,INTERNATIONAL_PACKAGING_FOUNDATION,natural,348,348,44030fb4a7890bcb38274f27f3ea7e1fcd81dbdbc8116db52d0ca20b38dbbed0
4ac74c785ab2792d,Arla-Mild-Vanilla-Yoghurt,train,GroceryStoreDataset_Klasson2019,NON_INDIAN,INTERNATIONAL_PACKAGING_FOUNDATION,natural,348,348,89759af5a84b3a5355b66f28bacb6d53f1904c4e71e65cd53ce3b8e9bb1f9529
e7684be7cbc94b07,Arla-Mild-Vanilla-Yoghurt,train,GroceryStoreDataset_Klasson2019,NON_INDIAN,INTERNATIONAL_PACKAGING_FOUNDATION,natural,348,348,b6b4becd75e13c5d4731debd55eee229678677857091d7fe554e1b4d0567bbd4
c8ebfb4ebcb3823c,Arla-Mild-Vanilla-Yoghurt,train,GroceryStoreDataset_Klasson2019,NON_INDIAN,INTERNATIONAL_PACKAGING_FOUNDATION,natural,348,348,b66cc16df642c2464c581c64c2dc0798e41650796ff4e15e1ec7aba3b332ee06
6ad3ca85fa232800,Arla-Mild-Vanilla-Yoghurt,train,GroceryStoreDataset_Klasson2019,NON_INDIAN,INTERNATIONAL_PACKAGING_FOUNDATION,natural,348,348,cba2db5cd981b2b845d3e9d967976e7cc19c6d8b1eddb0172e2d731008330b23
17ce2fe951035ea3,Arla-Mild-Vanilla-Yoghurt,train,GroceryStoreDataset_Klasson2019,NON_INDIAN,INTERNATIONAL_PACKAGING_FOUNDATION,natural,348,348,7bf409f65c1f41b0a2262a592163c2825bbcd54f8a2d817933f8b300e8b345cd
adb58ec9e65dcc50,Arla-Mild-Vanilla-Yoghurt,train,GroceryStoreDataset_Klasson2019,NON_INDIAN,INTERNATIONAL_PACKAGING_FOUNDATION,natural,348,348,8494c6cdf005ada2932ab901a18d3373a57189271f5e445675702f9fb8c47c46
04a2b581cad54c2b,Arla-Mild-Vanilla-Yoghurt,train,GroceryStoreDataset_Klasson2019,NON_INDIAN,INTERNATIONAL_PACKAGING_FOUNDATION,natural,348,348,26c5413c76a6e590dee057a238eab5f408baf1b1184a9a685ba3e4d2cd9b2f29
71bc890aa72243ee,Arla-Mild-Vanilla-Yoghurt,train,GroceryStoreDataset_Klasson2019,NON_INDIAN,INTERNATIONAL_PACKAGING_FOUNDATION,natural,348,348,22d6add313c10f0cd19f52750130a99f640b4d0f6a6427bd5a8554e5b71cd62c
89b099d4a1b596c2,Arla-Mild-Vanilla-Yoghurt,train,GroceryStoreDataset_Klasson2019,NON_INDIAN,INTERNATIONAL_PACKAGING_FOUNDATION,natural,348,348,3a6d932bfcab6b5bb4d5418e0542cffa7052faf94d99419f481c2892c92ca44b
5f2b98d2fd56fc14,Arla-Mild-Vanilla-Yoghurt,train,GroceryStoreDataset_Klasson2019,NON_INDIAN,INTERNATIONAL_PACKAGING_FOUNDATION,natural,348,348,eb8ec8f07255444f1a697c2a7fd90f0e2395b3007388cc7cc5fd9ab2a7ec3974
079939e012101ef5,Arla-Mild-Vanilla-Yoghurt,train,GroceryStoreDataset_Klasson2019,NON_INDIAN,INTERNATIONAL_PACKAGING_FOUNDATION,natural,348,348,27f6f4934c4101fcc5f5cc814e7c6f63c891cbed1ac15022d427539ddeec9dbe
4b431210ce933b51,Arla-Mild-Vanilla-Yoghurt,train,GroceryStoreDataset_Klasson2019,NON_INDIAN,INTERNATIONAL_PACKAGING_FOUNDATION,natural,348,348,04c13ee009a879ac243a631a35beac1bd1c34a87a71e0210c297f4ad8e8c66c6
b1e23646d05c5530,Arla-Mild-Vanilla-Yoghurt,train,GroceryStoreDataset_Klasson2019,NON_INDIAN,INTERNATIONAL_PACKAGING_FOUNDATION,natural,348,348,a42d7d88edf162d6f5d06794b09cbabc5ef08be081ace917deaf73a838446cf2
4d9835a4ebea610f,Arla-Mild-Vanilla-Yoghurt,train,GroceryStoreDataset_Klasson2019,NON_INDIAN,INTERNATIONAL_PACKAGING_FOUNDATION,natural,348,348,abf6239745045ba63beae177aa9456c15eeb983859147835549f6408008e0806
492fe628beb0ddf8,Arla-Natural-Yoghurt,train,GroceryStoreDataset_Klasson2019,NON_INDIAN,INTERNATIONAL_PACKAGING_FOUNDATION,natural,348,348,ff891f46bb6b8965b28a4821186c9d6241ac09341e960c2acdfa009c0c35e985
999a7c489f9e42f0,Arla-Natural-Yoghurt,train,GroceryStoreDataset_Klasson2019,NON_INDIAN,INTERNATIONAL_PACKAGING_FOUNDATION,natural,348,348,8813a0873b2dabdc22b18808aa0c6573c54b1cd27d3cc1fac425cb093661d678
2007b61f30f07471,Arla-Natural-Yoghurt,train,GroceryStoreDataset_Klasson2019,NON_INDIAN,INTERNATIONAL_PACKAGING_FOUNDATION,natural,348,348,4f90bb556d4526a0d691c9e2d85fdc762d1bd1481ed4ac12e3d37896a87c2d21
1e65641fec6a8781,Arla-Natural-Yoghurt,train,GroceryStoreDataset_Klasson2019,NON_INDIAN,INTERNATIONAL_PACKAGING_FOUNDATION,natural,348,348,e8a4cc467bee4ecb896bbfedfdb79d8051019066f7b8ad51706c7fab9db6eab7
3b8efd9d8ec85459,Arla-Natural-Yoghurt,train,GroceryStoreDataset_Klasson2019,NON_INDIAN,INTERNATIONAL_PACKAGING_FOUNDATION,natural,348,348,bc0f129feed1307222e383068d83204285b5e00f0762774b0d38c669dee85a05
69121859c75fd6f8,Arla-Natural-Yoghurt,train,GroceryStoreDataset_Klasson2019,NON_INDIAN,INTERNATIONAL_PACKAGING_FOUNDATION,natural,348,348,6ebbbf5b54a2311985f0b5a67bd1848a0d0a453d4b1257b6bfd578ec8b5d7d63
2a36cdef083ff90a,Arla-Natural-Yoghurt,train,GroceryStoreDataset_Klasson2019,NON_INDIAN,INTERNATIONAL_PACKAGING_FOUNDATION,natural,348,348,078e38a1b1acea84d6ebb8cf631648f8b3323cea74eddbeef6cbac2e213ecae8
a4e211d39f84f438,Arla-Natural-Yoghurt,train,GroceryStoreDataset_Klasson2019,NON_INDIAN,INTERNATIONAL_PACKAGING_FOUNDATION,natural,348,348,76cdfe80186e75022a1bf1b103d40a2ac80ec0cc54f0f45dba027906d621591e
0f37074854884757,Arla-Natural-Yoghurt,train,GroceryStoreDataset_Klasson2019,NON_INDIAN,INTERNATIONAL_PACKAGING_FOUNDATION,natural,348,348,e7e9c853c2fd9694246b463e2eb6d6564f0e3707bdaf155451dd43564549cc2c
e3a90bce9efe8a3c,Arla-Natural-Yoghurt,train,GroceryStoreDataset_Klasson2019,NON_INDIAN,INTERNATIONAL_PACKAGING_FOUNDATION,natural,348,348,94ec71a4fcbbff3ac6a7ce8f50c90c7b495b34e3bd36aae73b79e55b0f418fd6
70f596eeebad8125,Arla-Natural-Yoghurt,train,GroceryStoreDataset_Klasson2019,NON_INDIAN,INTERNATIONAL_PACKAGING_FOUNDATION,natural,348,348,cf9f66d252bcf752bfe763477c43ef97e0b6588bf72849f97ad35c246bd6d327
888d8d711a3e768f,Arla-Natural-Yoghurt,train,GroceryStoreDataset_Klasson2019,NON_INDIAN,INTERNATIONAL_PACKAGING_FOUNDATION,natural,348,464,119d517a0130f894762af9a2145a22bd50c205c78cf0ce88af4e1b736e609c1c
a7c17e3a97dcfc01,Arla-Natural-Yoghurt,train,GroceryStoreDataset_Klasson2019,NON_INDIAN,INTERNATIONAL_PACKAGING_FOUNDATION,natural,348,464,7bff46b4679f7fa20358115764ff52becba4a3b7b1a87bcedcb668b52842c9be
b4c45c7fbd1a0fd3,Arla-Natural-Yoghurt,train,GroceryStoreDataset_Klasson2019,NON_INDIAN,INTERNATIONAL_PACKAGING_FOUNDATION,natural,348,348,1c155d7ad02bbe5b7f272260500f376fc62d3f4ad1fdde834d27edea05b12af6
b3a7fea466137cfc,Arla-Natural-Yoghurt,train,GroceryStoreDataset_Klasson2019,NON_INDIAN,INTERNATIONAL_PACKAGING_FOUNDATION,natural,348,348,7ad57f0028935df5671d036f818e0d991b607b960b17fe63be32c8718d97e685
87e085c4fff617e4,Arla-Natural-Yoghurt,train,GroceryStoreDataset_Klasson2019,NON_INDIAN,INTERNATIONAL_PACKAGING_FOUNDATION,natural,348,348,c83a8df0af5637d277ed0105dc1063eefe1102fb18eda2ae367b30878db84657
0aff83f70fde509e,Arla-Natural-Yoghurt,train,GroceryStoreDataset_Klasson2019,NON_INDIAN,INTERNATIONAL_PACKAGING_FOUNDATION,natural,348,348,a4ebda6aa44ec7218f99bb788aae98e904f8c2d20cc260a0bd9d0e94ce899d30
2fea7010c79127e5,Arla-Natural-Yoghurt,train,GroceryStoreDataset_Klasson2019,NON_INDIAN,INTERNATIONAL_PACKAGING_FOUNDATION,natural,348,348,36d4e01139dd0d169572ad6166777eaf10f094505827d5578c91c8b6fd8dc5ce
5af3e6bf9d7bafd7,Arla-Natural-Yoghurt,train,GroceryStoreDataset_Klasson2019,NON_INDIAN,INTERNATIONAL_PACKAGING_FOUNDATION,natural,348,348,245d58d404416354392fa5a508536320b7b3f7ed50fded88286d2488711e8c5e
d8d3d6dad020c9e9,Arla-Natural-Yoghurt,train,GroceryStoreDataset_Klasson2019,NON_INDIAN,INTERNATIONAL_PACKAGING_FOUNDATION,natural,348,348,19e874021b649257d10ddcc880e3d41429ce78922a3ca0f6c264c5363b975996
4781764913eb09db,Arla-Natural-Yoghurt,train,GroceryStoreDataset_Klasson2019,NON_INDIAN,INTERNATIONAL_PACKAGING_FOUNDATION,natural,348,348,dccb5029bd7ba4d1b4e992a93af38a535097b76f0d9c843d9cadbe4b6df60cde
370b32d2d1564567,Arla-Natural-Yoghurt,train,GroceryStoreDataset_Klasson2019,NON_INDIAN,INTERNATIONAL_PACKAGING_FOUNDATION,natural,348,348,5ad3ee6c1dafd5bd78047e7baa6d0fcf372a56c453492a7adea657a3724ef714
e8bc9cdd3f66d2d6,Arla-Natural-Yoghurt,train,GroceryStoreDataset_Klasson2019,NON_INDIAN,INTERNATIONAL_PACKAGING_FOUNDATION,natural,348,348,48e55aa26b761cf67e4747c615911f815d118c64248589680422e1aad192ac71
0c8bea36ae71edeb,Arla-Natural-Yoghurt,train,GroceryStoreDataset_Klasson2019,NON_INDIAN,INTERNATIONAL_PACKAGING_FOUNDATION,natural,348,348,7d14c152058399b6547ccf3d02630075fe3489e407e2ffa24b0064b790a61cf6
509ce67c1a78c2e1,Arla-Natural-Yoghurt,train,GroceryStoreDataset_Klasson2019,NON_INDIAN,INTERNATIONAL_PACKAGING_FOUNDATION,natural,348,464,313732603b940664f17dec4bc2031ee7ec75dbf5b3a3bc345e0c3d71252a5ba8
aaa5fc39d8f77948,Arla-Natural-Yoghurt,train,GroceryStoreDataset_Klasson2019,NON_INDIAN,INTERNATIONAL_PACKAGING_FOUNDATION,natural,348,348,bbb83a4e589699442128bbc7be7ef9f9954796785a59aca1dcefbf07d59645b7
cf40fab66a6a3a81,Arla-Natural-Yoghurt,train,GroceryStoreDataset_Klasson2019,NON_INDIAN,INTERNATIONAL_PACKAGING_FOUNDATION,natural,348,348,05acc352f37f3e48365ac09c52c0d2d48ab3c5feabc67e82187ae62579756781
548268e17df3453d,Arla-Natural-Yoghurt,train,GroceryStoreDataset_Klasson2019,NON_INDIAN,INTERNATIONAL_PACKAGING_FOUNDATION,natural,348,348,67032b0b8d5fb86f4b05bc5b950c9979b763f1fe82469225df05314b56dcbfd2
20be1e2a55d5a31f,Arla-Natural-Yoghurt,train,GroceryStoreDataset_Klasson2019,NON_INDIAN,INTERNATIONAL_PACKAGING_FOUNDATION,natural,348,348,66483b36fb9aca4728f5116824416371ce12fa7be8affc9de80c120667cb839b
4bbea3e016058ec6,Arla-Natural-Yoghurt,train,GroceryStoreDataset_Klasson2019,NON_INDIAN,INTERNATIONAL_PACKAGING_FOUNDATION,natural,348,348,1f1f9afb0fb543f023a520a750ccbf83c19cff91171c85d836ffbab6ae519475
1086b7d2dc65fe08,Arla-Natural-Yoghurt,train,GroceryStoreDataset_Klasson2019,NON_INDIAN,INTERNATIONAL_PACKAGING_FOUNDATION,natural,348,464,8f967491bc976b6391cae4b53f57ccb4026e94fa06304dc7b0f2887712e93201
9aae408ad05ca28d,Arla-Natural-Yoghurt,train,GroceryStoreDataset_Klasson2019,NON_INDIAN,INTERNATIONAL_PACKAGING_FOUNDATION,natural,348,464,ee874f33931298e1cc04bd68b9e8165fad45dc1b336573520211f6c639d46c62
bda7e7452ac70df8,Arla-Natural-Yoghurt,train,GroceryStoreDataset_Klasson2019,NON_INDIAN,INTERNATIONAL_PACKAGING_FOUNDATION,natural,348,348,9d08d8fb28fd140f7083384dd6679423413511cdc613257263d699b3b4a08ffa
5bc3ec60eb2ae7bd,Arla-Natural-Yoghurt,train,GroceryStoreDataset_Klasson2019,NON_INDIAN,INTERNATIONAL_PACKAGING_FOUNDATION,natural,348,348,aac8df86477d5f5ab4d58ce976be21191f57dfc986a17cfa7147474a9d222311
9815758a99199c5a,Arla-Natural-Yoghurt,train,GroceryStoreDataset_Klasson2019,NON_INDIAN,INTERNATIONAL_PACKAGING_FOUNDATION,natural,348,348,04e129e0a583fb677c3d5ef49d4cff2c82e0b19bc537850af451cbdd1055db38
1cc5d4b03cb2d747,Arla-Natural-Yoghurt,train,GroceryStoreDataset_Klasson2019,NON_INDIAN,INTERNATIONAL_PACKAGING_FOUNDATION,natural,348,348,523ef7741ba79ebef8ea248493f6f4888f5d904965c0e4530d62af8c703da593
8dcade8168848751,Arla-Natural-Yoghurt,train,GroceryStoreDataset_Klasson2019,NON_INDIAN,INTERNATIONAL_PACKAGING_FOUNDATION,natural,348,348,ff674cf066b90dab04eb163db72ee3b7a2c74c7d25b5d5130f4a13592cd1a47c
9df83c201a78a7ef,Arla-Natural-Yoghurt,train,GroceryStoreDataset_Klasson2019,NON_INDIAN,INTERNATIONAL_PACKAGING_FOUNDATION,natural,348,348,7d7983fc9e78f0b8391dba02e0968418fc2440080e0c7234ebee6aea34172fa8
d5431c9c6fcfe499,Arla-Natural-Yoghurt,train,GroceryStoreDataset_Klasson2019,NON_INDIAN,INTERNATIONAL_PACKAGING_FOUNDATION,natural,348,348,776dbf1a6aab3c43f1baf4a6a32f8e8e685e4142ee15f9c919d417b1d381c8d3
a3fd922e9b6dfc31,Arla-Natural-Yoghurt,train,GroceryStoreDataset_Klasson2019,NON_INDIAN,INTERNATIONAL_PACKAGING_FOUNDATION,natural,348,348,25c795d41230b9998ec591388e3eeeaac051a28b5b4f57232b73b0b690169250
fca6b4d55d46c3dd,Arla-Natural-Yoghurt,train,GroceryStoreDataset_Klasson2019,NON_INDIAN,INTERNATIONAL_PACKAGING_FOUNDATION,natural,348,348,cab92096b50c08a4a9fc040137c100de4d0f18ea49985e975b1e8da79479ef31
3cfd468c8cb75b99,Oatly-Oat-Milk,val,GroceryStoreDataset_Klasson2019,NON_INDIAN,INTERNATIONAL_PACKAGING_FOUNDATION,natural,348,348,9f4ca61cf82b411c32d0bd0a07583c8d84ac3c6ccdafbd3c8748b590712831bb
1a27e06f03616ebd,Oatly-Oat-Milk,val,GroceryStoreDataset_Klasson2019,NON_INDIAN,INTERNATIONAL_PACKAGING_FOUNDATION,natural,348,348,1982f5d529430d77b03679182c42d9be82b3136a9f3da981bc1aaa1fc572251a
569f8b135e59ab73,Oatly-Oat-Milk,val,GroceryStoreDataset_Klasson2019,NON_INDIAN,INTERNATIONAL_PACKAGING_FOUNDATION,natural,348,348,f8bd73fce688253549d437cca8b940c4c7352d5c0d1fe5b683fea71dcaa45754
714f99315256e444,Oatly-Oat-Milk,val,GroceryStoreDataset_Klasson2019,NON_INDIAN,INTERNATIONAL_PACKAGING_FOUNDATION,natural,348,348,8ab90042558826a30a230c2dbb7013ccc83dad73c29ca6cb9cb5d0f8514407bc
1e4d2770d2c309d5,Oatly-Oat-Milk,val,GroceryStoreDataset_Klasson2019,NON_INDIAN,INTERNATIONAL_PACKAGING_FOUNDATION,natural,348,348,34fdefb8837b115e1f9619e8048400f445e4e029ceefdac6059102ecb5b65338
3c9e7c83f26e2a38,Oatly-Oat-Milk,val,GroceryStoreDataset_Klasson2019,NON_INDIAN,INTERNATIONAL_PACKAGING_FOUNDATION,natural,348,348,bb82db3a86ad35c6d54866bebf344e8cab5c1f708ccef7bb71e2044cea4abd86
c8a341051e1d201f,Oatly-Oat-Milk,val,GroceryStoreDataset_Klasson2019,NON_INDIAN,INTERNATIONAL_PACKAGING_FOUNDATION,natural,348,348,c01b93bcc5cbe677c7e9729bbe8db268f5f3b77b3c07679b54780067e848b807
7cb02dfba8874f21,Oatly-Oat-Milk,val,GroceryStoreDataset_Klasson2019,NON_INDIAN,INTERNATIONAL_PACKAGING_FOUNDATION,natural,348,348,c456db1f5c0e1724a1b244c08b3ecbfa70ed7c95270f05f53ad394ecfcf4a33c
406bf9ea5ef1bb1c,Oatly-Oat-Milk,val,GroceryStoreDataset_Klasson2019,NON_INDIAN,INTERNATIONAL_PACKAGING_FOUNDATION,natural,348,348,a9906937ee28dfe6a5419dda41a4092bb96684cc54c472c951a61ab0bb8b6ac5
cd5aa7481268138b,Oatly-Oat-Milk,val,GroceryStoreDataset_Klasson2019,NON_INDIAN,INTERNATIONAL_PACKAGING_FOUNDATION,natural,348,348,5077e4a50d76708ab1725350e6fb36125e62a5472cd6e51fec14c0263307af7d
66735e361c71a8a8,Oatly-Oat-Milk,val,GroceryStoreDataset_Klasson2019,NON_INDIAN,INTERNATIONAL_PACKAGING_FOUNDATION,natural,348,348,ca777fea2abbb46fa4a1f947c92a269537f73f3915d4cae7a9198f8bbe8c313a
fde7dfe8a3641149,Oatly-Oat-Milk,val,GroceryStoreDataset_Klasson2019,NON_INDIAN,INTERNATIONAL_PACKAGING_FOUNDATION,natural,348,348,82cbaafc93749c512fb8615ffd5d1ed68b5a2124537e70e1ba15b8ed4fe35abd
743a694ac2f67e28,Oatly-Oat-Milk,val,GroceryStoreDataset_Klasson2019,NON_INDIAN,INTERNATIONAL_PACKAGING_FOUNDATION,natural,348,348,526d8ffc07c731c13d4954225bb77aa768a83601c69fe97ab693521f524522f0
15e0ca5488f468b9,Oatly-Oat-Milk,val,GroceryStoreDataset_Klasson2019,NON_INDIAN,INTERNATIONAL_PACKAGING_FOUNDATION,natural,348,348,81c0f2ebebe4ab7be4f1939df4c5efe1811027c2b4446c911c8abea955e977b7
acbc8292381606e4,Oatly-Oat-Milk,val,GroceryStoreDataset_Klasson2019,NON_INDIAN,INTERNATIONAL_PACKAGING_FOUNDATION,natural,348,348,9242f2f63ef6a4f7310a8d79671bc0139a698782a7304c1729080d404ffbe84f
99debcd6e9d5f6e1,Oatly-Oat-Milk,val,GroceryStoreDataset_Klasson2019,NON_INDIAN,INTERNATIONAL_PACKAGING_FOUNDATION,natural,348,348,7c7f65fa730c8040f26a1ade582613691f93616726e2f56bf9fdaf7b814f714d
243615adb042909d,Oatly-Oat-Milk,val,GroceryStoreDataset_Klasson2019,NON_INDIAN,INTERNATIONAL_PACKAGING_FOUNDATION,natural,348,348,186ae443320a90a3964d4309dfb77a9791bd43c8881d222048ad85fb94584380
408b458de28136d4,Oatly-Oat-Milk,val,GroceryStoreDataset_Klasson2019,NON_INDIAN,INTERNATIONAL_PACKAGING_FOUNDATION,natural,348,348,b2cd0a790e13a2fea2f2504b017541c9203e613915e815712c5e4faa3a86a3da
55c1370a0025304f,Oatly-Oat-Milk,val,GroceryStoreDataset_Klasson2019,NON_INDIAN,INTERNATIONAL_PACKAGING_FOUNDATION,natural,348,348,056a54ed7934aaf711869009fd2138bec80512e37ccf31efa60a65abae0e7d8b
b90c6a7c9c1644ec,Oatly-Oat-Milk,val,GroceryStoreDataset_Klasson2019,NON_INDIAN,INTERNATIONAL_PACKAGING_FOUNDATION,natural,348,348,35f021dd0e31b75a435be7542d582bcb41c02945ca96244fd467a2e4ed7c2b86
6fb0d8dd107d3922,Oatly-Oat-Milk,val,GroceryStoreDataset_Klasson2019,NON_INDIAN,INTERNATIONAL_PACKAGING_FOUNDATION,natural,348,348,83f2823e6cdb87928e6bccae05b50152628f7678a215d91affd75c39d0fc839e
642f2511f1e30507,Oatly-Oat-Milk,val,GroceryStoreDataset_Klasson2019,NON_INDIAN,INTERNATIONAL_PACKAGING_FOUNDATION,natural,348,348,2720b11e560d7a323d75b651d9aa5924e9232ba5cb9b7e7daeac6558859e1bfb
8f263633bd8ef9c5,Oatly-Oat-Milk,val,GroceryStoreDataset_Klasson2019,NON_INDIAN,INTERNATIONAL_PACKAGING_FOUNDATION,natural,348,348,e3eac7da87d0faf5c706fb3aeefb0c0eba44d119d525316374b959edb27382b2
493e716cd6214905,Oatly-Oat-Milk,val,GroceryStoreDataset_Klasson2019,NON_INDIAN,INTERNATIONAL_PACKAGING_FOUNDATION,natural,348,348,aac8d6ecb5f84abd09aaa3772f7251b614e78e581d38312b24032ff1703b4765
f434de0a549cedc5,Oatly-Oat-Milk,val,GroceryStoreDataset_Klasson2019,NON_INDIAN,INTERNATIONAL_PACKAGING_FOUNDATION,natural,348,348,2b2c1a3bd8d0bee9820a622e4d93ec01dfcb69a4479a286512201f9fa1848573
e0b05bb6efb725d8,Oatly-Oat-Milk,val,GroceryStoreDataset_Klasson2019,NON_INDIAN,INTERNATIONAL_PACKAGING_FOUNDATION,natural,348,348,38637b6751fd131fb5208ba823b89b99892c289f8e1ccdebcaf06f8d4109c50b
028474409e921925,Oatly-Oat-Milk,val,GroceryStoreDataset_Klasson2019,NON_INDIAN,INTERNATIONAL_PACKAGING_FOUNDATION,natural,348,348,2f993fb17624ef25858d0fc50f3b7b357c7954f7ae997c6871fac921a68e43d5
3822c2f1d618be89,Oatly-Oat-Milk,val,GroceryStoreDataset_Klasson2019,NON_INDIAN,INTERNATIONAL_PACKAGING_FOUNDATION,natural,348,348,b0bff2cad07e7299974b0c819b1a257ee7dfd2f57e2d7890cd30786ffd9b28d1
d5d01b632b2ea695,Oatly-Oat-Milk,val,GroceryStoreDataset_Klasson2019,NON_INDIAN,INTERNATIONAL_PACKAGING_FOUNDATION,natural,348,348,dbdce2cee36a4bed3e8b0f9ac24bacd5459153825942d8f8e541ac5371931f8f
8fc799b46e7ff0ad,Oatly-Oat-Milk,val,GroceryStoreDataset_Klasson2019,NON_INDIAN,INTERNATIONAL_PACKAGING_FOUNDATION,natural,348,348,a32892d1591b6f8e33f91875ace8bcf9ad2db99bc194ccccfc853f46f6cbfa0e
c517936f775c1990,Oatly-Oat-Milk,val,GroceryStoreDataset_Klasson2019,NON_INDIAN,INTERNATIONAL_PACKAGING_FOUNDATION,natural,348,348,9d7a34c5bb5baceb06f49167b4ab8d748a401fc7f8d77239d0710d4db5b7af3f
03dbc3b937d60919,Oatly-Natural-Oatghurt,test,GroceryStoreDataset_Klasson2019,NON_INDIAN,INTERNATIONAL_PACKAGING_FOUNDATION,iconic,198,198,15dc4d76e7100f251e7f86e4b8c680b55fb2059f4c609bf1fee35889ea101b2f
4ddd4a80dca703ee,Arla-Sour-Milk,train,GroceryStoreDataset_Klasson2019,NON_INDIAN,INTERNATIONAL_PACKAGING_FOUNDATION,iconic,198,198,15c903e10dfcbe637476f8a7157c7854d0e4759817531bb6c5329b9d483ac7e9
7b799608c8c39ba8,Tropicana-Mandarin-Morning,train,GroceryStoreDataset_Klasson2019,NON_INDIAN,INTERNATIONAL_PACKAGING_FOUNDATION,iconic,198,198,432ff68b2c71f9801aabdd447cd501473d3d1e994cbee85f11b208ab4670dea8
599f65473eb8d457,Tropicana-Apple-Juice,train,GroceryStoreDataset_Klasson2019,NON_INDIAN,INTERNATIONAL_PACKAGING_FOUNDATION,iconic,198,198,389cb7ce82171e1069bf4e8302e23d98e3de250a8dbf93afd1615d4113e0e44b
71bff94cd04d9579,God-Morgon-Orange-Red-Grapefruit-Juice,train,GroceryStoreDataset_Klasson2019,NON_INDIAN,INTERNATIONAL_PACKAGING_FOUNDATION,iconic,198,198,f977c8e0bbdf906969f0cd1d63440a5660ebcf1b83244bb92ec0aa2433fb2d95
bfb7971c415ecebb,Bravo-Apple-Juice,train,GroceryStoreDataset_Klasson2019,NON_INDIAN,INTERNATIONAL_PACKAGING_FOUNDATION,iconic,198,198,ecceaf781df5d743404d95dd87e6310a6c0932eaa6b4d1d89e44a8cbb256f2b4
203b5247a549eb85,Bravo-Orange-Juice,train,GroceryStoreDataset_Klasson2019,NON_INDIAN,INTERNATIONAL_PACKAGING_FOUNDATION,iconic,198,198,5b121d2078cff6ae659d8b6d456ce5b7d49fb253b4ae9a3614034e1c3f967aee
08d9d85a1d0212eb,Tropicana-Golden-Grapefruit,val,GroceryStoreDataset_Klasson2019,NON_INDIAN,INTERNATIONAL_PACKAGING_FOUNDATION,iconic,198,198,2da6110e2ff623ba57ce14b3f6e17f13c073ccad07a780dafae9c3860fd2bea5
ffa99167f85cc9c7,God-Morgon-Orange-Juice,test,GroceryStoreDataset_Klasson2019,NON_INDIAN,INTERNATIONAL_PACKAGING_FOUNDATION,iconic,198,198,105fd3bdb3be8ae88dcf919f9c64ec4f370d5f1b712bfc2d2ef0c933432f6194
7311d5c43424a800,Tropicana-Juice-Smooth,train,GroceryStoreDataset_Klasson2019,NON_INDIAN,INTERNATIONAL_PACKAGING_FOUNDATION,iconic,198,198,165b6ba09e8dccb797f3855f9845040724dfa37527823d4ed267cd5ab1cd69f9
73ede1be3d914792,God-Morgon-Apple-Juice,val,GroceryStoreDataset_Klasson2019,NON_INDIAN,INTERNATIONAL_PACKAGING_FOUNDATION,iconic,198,198,71c71b7dfb8c7e1c9319ba2c2a9c71a5a49cb957e4acbdf1c65cd4a9e518c6bd
42833e3c30ee18a6,God-Morgon-Red-Grapefruit-Juice,train,GroceryStoreDataset_Klasson2019,NON_INDIAN,INTERNATIONAL_PACKAGING_FOUNDATION,iconic,198,198,51cef546e0f1573c659bc7f1441b9edaa8ea77ddec457e3f4ebc3938c515a950
f6932577bcee1cd7,Alpro-Shelf-Soy-Milk,train,GroceryStoreDataset_Klasson2019,NON_INDIAN,INTERNATIONAL_PACKAGING_FOUNDATION,iconic,198,198,eb7af27af219ff91de2d321c588c297775714c86a4ef92423161fc9b1a7a8638
1a71182850093c54,Alpro-Fresh-Soy-Milk,train,GroceryStoreDataset_Klasson2019,NON_INDIAN,INTERNATIONAL_PACKAGING_FOUNDATION,iconic,198,198,39fd57c42c209c11d10425cf88f5842a8238e459020a01385d4e7d3886bf56fd
8ee4c010959bdcbc,Alpro-Blueberry-Soyghurt,train,GroceryStoreDataset_Klasson2019,NON_INDIAN,INTERNATIONAL_PACKAGING_FOUNDATION,iconic,198,198,828ee459209858e7491dfd4b0e95616baf51d3048aa163cec9760fe242c928d8
2ef14bf8c4227093,Alpro-Vanilla-Soyghurt,train,GroceryStoreDataset_Klasson2019,NON_INDIAN,INTERNATIONAL_PACKAGING_FOUNDATION,iconic,198,198,9896b54f143ed9f975af0e839abd368a6f03cdad752db64acd97981f61dceb19
14be27c8b9d5154a,Arla-Ecological-Sour-Cream,val,GroceryStoreDataset_Klasson2019,NON_INDIAN,INTERNATIONAL_PACKAGING_FOUNDATION,iconic,198,198,b715b6c564ce5d95af5c5230f1aa85709999115a99e715a4548d815e4c88d66c
4b5ac0913653a4d0,Arla-Sour-Cream,val,GroceryStoreDataset_Klasson2019,NON_INDIAN,INTERNATIONAL_PACKAGING_FOUNDATION,iconic,198,198,43ab229d9c4227d93786e9ecb61865d74496205569a2cf9ff02090778e14da8e
2e609329c6050891,Garant-Ecological-Standard-Milk,test,GroceryStoreDataset_Klasson2019,NON_INDIAN,INTERNATIONAL_PACKAGING_FOUNDATION,iconic,198,198,1be6875e861519c079d5cfbd2fc4f73248f73d59da12ab3d0a570efed909c181
6c89dfbf2e88869f,Arla-Lactose-Medium-Fat-Milk,train,GroceryStoreDataset_Klasson2019,NON_INDIAN,INTERNATIONAL_PACKAGING_FOUNDATION,iconic,198,198,f61cff7fe62614c48e2718c9cfacc32127483deb08391f6eb2a5abe19a475fb3
9f06aa4fd36f6725,Garant-Ecological-Medium-Fat-Milk,train,GroceryStoreDataset_Klasson2019,NON_INDIAN,INTERNATIONAL_PACKAGING_FOUNDATION,iconic,198,198,c9d30aeb87da440c6665b8fb247f6ca442accf28ec67bbd32d55c7add8f3a70a
30bb302be7863474,Arla-Standard-Milk,train,GroceryStoreDataset_Klasson2019,NON_INDIAN,INTERNATIONAL_PACKAGING_FOUNDATION,iconic,198,198,e4d0b2361331ecef7be3d4c783d003900901d7fc2bb21aa18a805ddd0fed18b2
9ff8a82d62ed73b8,Arla-Ecological-Medium-Fat-Milk,train,GroceryStoreDataset_Klasson2019,NON_INDIAN,INTERNATIONAL_PACKAGING_FOUNDATION,iconic,198,198,b3dfdb2cd89ee6fe5523715e2dee856d397cbef0765299705646caf2f03d2bcf
bfd577d7fc686e3e,Arla-Medium-Fat-Milk,train,GroceryStoreDataset_Klasson2019,NON_INDIAN,INTERNATIONAL_PACKAGING_FOUNDATION,iconic,198,198,84bec4a328ee68bd63b5294122226e57b142c7d4ed4bc15ef2a8f2937cf07cea
f86ae3ba9bd08de7,Valio-Vanilla-Yoghurt,train,GroceryStoreDataset_Klasson2019,NON_INDIAN,INTERNATIONAL_PACKAGING_FOUNDATION,iconic,198,198,d0deb2e9f9e9ed2dcd9edd6a1a20a5c3672304cbf73a75b5017461f766576648
7d405004fe9915b7,Yoggi-Strawberry-Yoghurt,test,GroceryStoreDataset_Klasson2019,NON_INDIAN,INTERNATIONAL_PACKAGING_FOUNDATION,iconic,198,198,cc0f56ccf957bfc34f895437cc99a1c2ef2dc86200b8ded46d52e6d9637d0fa2
e89f456795552f4c,Arla-Natural-Mild-Low-Fat-Yoghurt,train,GroceryStoreDataset_Klasson2019,NON_INDIAN,INTERNATIONAL_PACKAGING_FOUNDATION,iconic,198,198,6e42d87b1ef65210582a80036908f4aa22e486633a1aaedc8d183d4d3134d5d0
ee13f6caab5f308b,Yoggi-Vanilla-Yoghurt,train,GroceryStoreDataset_Klasson2019,NON_INDIAN,INTERNATIONAL_PACKAGING_FOUNDATION,iconic,198,198,295e7700d5227044d5e4f6db35c0c356f7d8d482371842a0e971b6da53aa560e
b10736e39149bedc,Arla-Mild-Vanilla-Yoghurt,train,GroceryStoreDataset_Klasson2019,NON_INDIAN,INTERNATIONAL_PACKAGING_FOUNDATION,iconic,198,198,3b1d30aa349d40777dcb0a98cdc24b759bb054c697be637936d73ccfc77ce354
268b7919074d067d,Arla-Natural-Yoghurt,train,GroceryStoreDataset_Klasson2019,NON_INDIAN,INTERNATIONAL_PACKAGING_FOUNDATION,iconic,198,198,1a9b3fe9ddb94e86311059c0c69fbf43f335fbfa816957f937b8065bd022cab7
7520b45a3adbfcd6,Oatly-Oat-Milk,val,GroceryStoreDataset_Klasson2019,NON_INDIAN,INTERNATIONAL_PACKAGING_FOUNDATION,iconic,198,198,d44705462a68a477cc637ea687401d55c0ef476dd88828e22c258b25785ebd67
a75c59434f0005b3,460,train,ICDAR2019_SROIE,NON_INDIAN,OFFDOMAIN_OCR_PRACTICE_RECEIPTS,receipt_scan,4961,7016,cfe2e3fb11d9fb2091a4ed644c1d3e169d1ddaa105c7bfe55b25a339c8e8c4e8
6dbf2d82d9383ade,060,train,ICDAR2019_SROIE,NON_INDIAN,OFFDOMAIN_OCR_PRACTICE_RECEIPTS,receipt_scan,789,1772,c0e961e8a14c71f602b6dce79a287250f5ccc896eccd403eadb7bd6214f6578a
0418288446a7f0d8,044,train,ICDAR2019_SROIE,NON_INDIAN,OFFDOMAIN_OCR_PRACTICE_RECEIPTS,receipt_scan,1080,1527,9413db2433e85c150526004d5158c9dfee66be124f344296c7e8d29e6e184f73
fc51627629fbf729,134,train,ICDAR2019_SROIE,NON_INDIAN,OFFDOMAIN_OCR_PRACTICE_RECEIPTS,receipt_scan,892,2897,f2305a2a2058688e1a6761f2797f812333e958867f833a246526f66d150a88ab
331637e9f966da86,438,train,ICDAR2019_SROIE,NON_INDIAN,OFFDOMAIN_OCR_PRACTICE_RECEIPTS,receipt_scan,4961,7016,adbc560c4ab9c8d7a34ce2f4e949df618932b5dd76347ed2edbde5ec12375e05
a572c22637d4cd1e,577,val,ICDAR2019_SROIE,NON_INDIAN,OFFDOMAIN_OCR_PRACTICE_RECEIPTS,receipt_scan,884,1636,dec727ba9b05c2bf41ad086eb0ff62d0bd34299ac811fe1532f1ff35309911a5
0b7ba073d42d54f7,314,train,ICDAR2019_SROIE,NON_INDIAN,OFFDOMAIN_OCR_PRACTICE_RECEIPTS,receipt_scan,575,1975,289dd6ae90b9ae7eba0eb3b655104f340c375c5146c9aa47ce5b278cc282edf2
9c3c00eca9041edd,380,val,ICDAR2019_SROIE,NON_INDIAN,OFFDOMAIN_OCR_PRACTICE_RECEIPTS,receipt_scan,888,2160,f2e1ff5106add82c1d4d996daa3e78dbdc81bd6719b710b1cb90426b55fa1bfe
a827b928ab26507a,206,val,ICDAR2019_SROIE,NON_INDIAN,OFFDOMAIN_OCR_PRACTICE_RECEIPTS,receipt_scan,703,1373,bb6f065ba74c8146e8c9626d7610c6363bb679c083024b7faa356cbd09a106fb
d2fe0470209cf528,109,train,ICDAR2019_SROIE,NON_INDIAN,OFFDOMAIN_OCR_PRACTICE_RECEIPTS,receipt_scan,936,1698,60ec7b2610fd3b66ee2f148b510d07a96f3cd18e63d14c76c7dfe79463d39485
6098d61bedc1923c,592,train,ICDAR2019_SROIE,NON_INDIAN,OFFDOMAIN_OCR_PRACTICE_RECEIPTS,receipt_scan,932,1786,b8e28d24cd46de7981e6f4f8ec9e10bd96b091d69104714e0e82b37cfbc7a8d0
a159291c58fbd6fe,106,val,ICDAR2019_SROIE,NON_INDIAN,OFFDOMAIN_OCR_PRACTICE_RECEIPTS,receipt_scan,937,3556,ab2465d0f638c5435c7a5e6684db750deac44c332847c381ff10e0aa91a3a227
b0778553948eb22f,568,train,ICDAR2019_SROIE,NON_INDIAN,OFFDOMAIN_OCR_PRACTICE_RECEIPTS,receipt_scan,932,1740,4e77e242092543994f577ed00c3546f19d377359eaa063e60ddae307c32cacf7
4333e4426a027ed7,234,val,ICDAR2019_SROIE,NON_INDIAN,OFFDOMAIN_OCR_PRACTICE_RECEIPTS,receipt_scan,725,1388,8b31ff5f14fdb9973fdb509ad997439be2811a342327f0417b21a8754704c504
ddfd65551cc787ff,509,train,ICDAR2019_SROIE,NON_INDIAN,OFFDOMAIN_OCR_PRACTICE_RECEIPTS,receipt_scan,591,1803,67ab858c937b96c84a52e9b4f962f644300e97fa671703a624094edfd8715678
824ac174a7bbd870,307,train,ICDAR2019_SROIE,NON_INDIAN,OFFDOMAIN_OCR_PRACTICE_RECEIPTS,receipt_scan,4961,7016,43f9a87f125b57a0b6fd36854f61457b3bbd75548c4b7a394265b8a73e826b69
1341164badab0fca,330,train,ICDAR2019_SROIE,NON_INDIAN,OFFDOMAIN_OCR_PRACTICE_RECEIPTS,receipt_scan,620,1204,67da6a81bd6d88914dd2fd2861d4257fa4c59ec902da46f51cfabcb001e98f57
96ea1323ef07f620,214,train,ICDAR2019_SROIE,NON_INDIAN,OFFDOMAIN_OCR_PRACTICE_RECEIPTS,receipt_scan,841,1424,407dd924ca3772dedb335ee0a8c22b9d0e79ad1659a3bb65301b02115d43a064
30170e768aa48ac0,585,train,ICDAR2019_SROIE,NON_INDIAN,OFFDOMAIN_OCR_PRACTICE_RECEIPTS,receipt_scan,537,1247,a018b9efeb0a5d8c1f44d474bc77572d569c171a2ca13b19bfd44965574ffcf3
1096f8ed489b94fe,064,test,ICDAR2019_SROIE,NON_INDIAN,OFFDOMAIN_OCR_PRACTICE_RECEIPTS,receipt_scan,668,1598,793bc894772b85f77ba8c00a6a4612e90070361227cc122794c6b63008a09740
bb6e921b7ed18d00,323,train,ICDAR2019_SROIE,NON_INDIAN,OFFDOMAIN_OCR_PRACTICE_RECEIPTS,receipt_scan,623,1371,58e84f3fbd4b088778363a07f80f40ff694d6946958545315e0f00dac622cda5
2e9bea40670b28b2,398,train,ICDAR2019_SROIE,NON_INDIAN,OFFDOMAIN_OCR_PRACTICE_RECEIPTS,receipt_scan,888,1677,fc4fa164f9123e6b2b7e7a81d98574d1f971d57de2d685bb6d3d10029d1d4983
504a496731c1099b,141,val,ICDAR2019_SROIE,NON_INDIAN,OFFDOMAIN_OCR_PRACTICE_RECEIPTS,receipt_scan,932,1783,7f5daf76cec8960ce4bc41723c9310bb6d8473b971762fb599e227fdd6ebc22e
812ea217591165b9,304,train,ICDAR2019_SROIE,NON_INDIAN,OFFDOMAIN_OCR_PRACTICE_RECEIPTS,receipt_scan,4961,7016,24a59c6b21ec52b58ec3f5fc82e96df3ba03c919dda669e9973cad4fac23ad38
6a88774c2f68e3fe,371,train,ICDAR2019_SROIE,NON_INDIAN,OFFDOMAIN_OCR_PRACTICE_RECEIPTS,receipt_scan,620,1264,f32c3e740387e91e2853bc30335fd98b0b1deb5df62a25023dcd1a5ba9070238
f679ed14a254ef98,299,train,ICDAR2019_SROIE,NON_INDIAN,OFFDOMAIN_OCR_PRACTICE_RECEIPTS,receipt_scan,4961,7016,90bec14168a10d16ad7cb03626b9e6a6ae1048c12465d4514955c5537da00200
1fe438a5b4034169,222,train,ICDAR2019_SROIE,NON_INDIAN,OFFDOMAIN_OCR_PRACTICE_RECEIPTS,receipt_scan,744,2177,cdcb583a955f8c636c4210d897025ce49221d4942d1e8880d5c7d0f9ed0876fa
56cc0be9d48178c7,441,train,ICDAR2019_SROIE,NON_INDIAN,OFFDOMAIN_OCR_PRACTICE_RECEIPTS,receipt_scan,740,1698,8d3bbc3d3c3544229c0f1dd7c5dcf0952760c4571c0a473ef98d52db9b1aebb5
c247f7f00ceb827c,594,train,ICDAR2019_SROIE,NON_INDIAN,OFFDOMAIN_OCR_PRACTICE_RECEIPTS,receipt_scan,884,1613,0c139b637c8109064645c2b19f5d835b4b9470c87d2df95261af905ec3586d9f
0f12f2af9d72c17a,518,val,ICDAR2019_SROIE,NON_INDIAN,OFFDOMAIN_OCR_PRACTICE_RECEIPTS,receipt_scan,627,1411,8e663bd2c3f6fbc1ce33fdbadb6d391faf023b11373d95e008ad4334e678c8fa
f64640bb78b33ce9,190,val,ICDAR2019_SROIE,NON_INDIAN,OFFDOMAIN_OCR_PRACTICE_RECEIPTS,receipt_scan,934,2132,108e4a306fc56a40a6b7417862878865af808de82c80ef4d85dad9e67650a00a
31e2687ba95c77fd,067,test,ICDAR2019_SROIE,NON_INDIAN,OFFDOMAIN_OCR_PRACTICE_RECEIPTS,receipt_scan,932,1987,641053b399f7ef09b0dedf9f0458a64c360849d64a4875e0c07d5b18f80a52b5
06fefdd660f314bc,501,val,ICDAR2019_SROIE,NON_INDIAN,OFFDOMAIN_OCR_PRACTICE_RECEIPTS,receipt_scan,627,1559,152a3bc4bb922be8c9c657f552c2ddce9a805d4f6d2729ae75361a5600f9169e
4599a434d40287fd,288,train,ICDAR2019_SROIE,NON_INDIAN,OFFDOMAIN_OCR_PRACTICE_RECEIPTS,receipt_scan,4961,7016,bee3f83eafce17942239b0221f65ac8cdab3e4e3e72fe6090044ee362c3694c0
c7cba7dd5d6a76c0,320,val,ICDAR2019_SROIE,NON_INDIAN,OFFDOMAIN_OCR_PRACTICE_RECEIPTS,receipt_scan,615,935,b6f657f35fb461438e1885a09c10c66008c64cca95bd9e000bb478d12b2e5af3
f8f52fd876a7fc05,357,train,ICDAR2019_SROIE,NON_INDIAN,OFFDOMAIN_OCR_PRACTICE_RECEIPTS,receipt_scan,616,1216,a125919032cd2819f815edc0707bfa2ada3251f9b0cafaad5a643d210fbf46cd
02612ebd4821047b,597,train,ICDAR2019_SROIE,NON_INDIAN,OFFDOMAIN_OCR_PRACTICE_RECEIPTS,receipt_scan,932,2166,feabf37deec2861d665b1b207b1bba095a1307faa390405ae2580ce98979067a
59e50a1edb6f091d,426,test,ICDAR2019_SROIE,NON_INDIAN,OFFDOMAIN_OCR_PRACTICE_RECEIPTS,receipt_scan,4961,7016,1d0b32454628b1bfd4d01ec22a4b51a1624d8fbd7da1bb704b04a0c8e036217f
ff034f7eb48ce493,514,train,ICDAR2019_SROIE,NON_INDIAN,OFFDOMAIN_OCR_PRACTICE_RECEIPTS,receipt_scan,587,1815,ad36202ea08e37e7f435bb0a0ebd1e33794b5d3ad639afba80722bfcd0a9ba40
aca8dc6fac3fd64b,589,train,ICDAR2019_SROIE,NON_INDIAN,OFFDOMAIN_OCR_PRACTICE_RECEIPTS,receipt_scan,622,1144,6f3880e67c1b16a7505b46c85813f6a6a152a9cffb058f7ac9728848c2b3078b
ac7b8449e6cb9fa2,524,train,ICDAR2019_SROIE,NON_INDIAN,OFFDOMAIN_OCR_PRACTICE_RECEIPTS,receipt_scan,4961,7016,3c52022d7579cff85a75fc8fd53e9639c3a924c49b1a593cf10add7a70bc4b3e
84a46492aaabadc8,056,train,ICDAR2019_SROIE,NON_INDIAN,OFFDOMAIN_OCR_PRACTICE_RECEIPTS,receipt_scan,1080,1528,e79e090bcb8f3e627f46150fdf016e66582c39989c5cfb16252f15b1c26ebcf8
bec563700cbd111c,175,train,ICDAR2019_SROIE,NON_INDIAN,OFFDOMAIN_OCR_PRACTICE_RECEIPTS,receipt_scan,936,2132,dc3c1419c65e0bb1f9f9225ae5a0e622c4158713c1a9018bd140089ed147c8dd
ab6d92fe79202e15,454,test,ICDAR2019_SROIE,NON_INDIAN,OFFDOMAIN_OCR_PRACTICE_RECEIPTS,receipt_scan,624,1273,4206dd2f37be9bbef8b7ebcffe7be059eea3b3ca2ec83ed2b16d9b26c7fe5df6
e04339fa54cff327,275,train,ICDAR2019_SROIE,NON_INDIAN,OFFDOMAIN_OCR_PRACTICE_RECEIPTS,receipt_scan,594,1105,9b5e7e7364761ab8c481995ac1f07f58c19080f4113563255e91e4180749cef3
278819d625e92e4f,088,val,ICDAR2019_SROIE,NON_INDIAN,OFFDOMAIN_OCR_PRACTICE_RECEIPTS,receipt_scan,932,2246,e7523630041e39c1a182e14f495ee5b52f2461e095f46c4d97f7ca289b77065d
387aa908ce2d8e79,499,train,ICDAR2019_SROIE,NON_INDIAN,OFFDOMAIN_OCR_PRACTICE_RECEIPTS,receipt_scan,619,1479,0cf3dd37919b9868605e5dff2ceb90a14f4f0125666d70e5f692eea0b4067192
e7346ba6f3f53d19,100,train,ICDAR2019_SROIE,NON_INDIAN,OFFDOMAIN_OCR_PRACTICE_RECEIPTS,receipt_scan,937,1449,93fbf40d153d20b66b94e6864e8017944421aa93a1bf9d8920d3c29223a7e6c0
66d7327adbc5053a,142,train,ICDAR2019_SROIE,NON_INDIAN,OFFDOMAIN_OCR_PRACTICE_RECEIPTS,receipt_scan,932,1692,87bdc533cca5c9932198d70130f9a2f30a013cb198b23966c72aa39fc6fc1a93
127538bde2f8727e,446,train,ICDAR2019_SROIE,NON_INDIAN,OFFDOMAIN_OCR_PRACTICE_RECEIPTS,receipt_scan,741,1428,b07d390927d2518f8d02e62e6545c4ebc402095e14847ffc5db9b86483a17104
cd6aa6acf1aa8458,481,train,ICDAR2019_SROIE,NON_INDIAN,OFFDOMAIN_OCR_PRACTICE_RECEIPTS,receipt_scan,623,1471,59f99f129a7e115fbfbade14f0e50f7e615d6e595c85b9ef4727ab55879b077f
6aa00dd2b243235e,325,train,ICDAR2019_SROIE,NON_INDIAN,OFFDOMAIN_OCR_PRACTICE_RECEIPTS,receipt_scan,592,982,6ee77fde9294f43c7fb8060a3a513cdd2216a5589bac1ba9cbb1be4ad868742d
9b1bdc58bbd0e0c1,521,train,ICDAR2019_SROIE,NON_INDIAN,OFFDOMAIN_OCR_PRACTICE_RECEIPTS,receipt_scan,4961,7016,ec87f61f8aed416c37f2cab3dddd8d23f93ab6e360c5c0721e7f78287c2d90f5
8c610a1b84be23d7,039,train,ICDAR2019_SROIE,NON_INDIAN,OFFDOMAIN_OCR_PRACTICE_RECEIPTS,receipt_scan,591,1711,3fd90b4bccd4be82fca82137106a3d0c42604d939d5b5bd351776024b5194202
d9d08c9ed0bd1254,210,train,ICDAR2019_SROIE,NON_INDIAN,OFFDOMAIN_OCR_PRACTICE_RECEIPTS,receipt_scan,986,2559,e07ebf903f94fb2f98a00a56301259a121755238937feaf80c0d855ad81f5859
06ea405574a47ab6,267,test,ICDAR2019_SROIE,NON_INDIAN,OFFDOMAIN_OCR_PRACTICE_RECEIPTS,receipt_scan,888,2269,69d218ec2cd2f4ee1d9409b27cb5eb4947714034b5e4006c71bba1d4f6c43f99
dc51c3e6b76ae264,215,train,ICDAR2019_SROIE,NON_INDIAN,OFFDOMAIN_OCR_PRACTICE_RECEIPTS,receipt_scan,864,1617,9f950c1548502215a7c7107513befb880e0c96ed5a4b638f15ef5f250b2d3205
c769f1c911e25581,018,train,ICDAR2019_SROIE,NON_INDIAN,OFFDOMAIN_OCR_PRACTICE_RECEIPTS,receipt_scan,818,1924,cf81742e708b6dda55b00856ec17ad2130e04f5caea3779a9d3e75a4f3bf5e1e
f96b049f4f273725,085,train,ICDAR2019_SROIE,NON_INDIAN,OFFDOMAIN_OCR_PRACTICE_RECEIPTS,receipt_scan,936,1681,a34ed1d668aaa0632c806356dfa2cdbd1f19a7202c91fcae8a6a2a131a81df22
c2d9376ae2d7f0e8,242,test,ICDAR2019_SROIE,NON_INDIAN,OFFDOMAIN_OCR_PRACTICE_RECEIPTS,receipt_scan,696,2213,7c2c8f2fadb332c94de8a832eb11cc6f8307d61dd217763eada497d2c708534f
504226e3f24e1865,205,train,ICDAR2019_SROIE,NON_INDIAN,OFFDOMAIN_OCR_PRACTICE_RECEIPTS,receipt_scan,708,1302,6259a4b95590fa978e12df0a5e875852992a834dc156f79f52407e8d41756b85
3f1985e5dc5066e5,399,train,ICDAR2019_SROIE,NON_INDIAN,OFFDOMAIN_OCR_PRACTICE_RECEIPTS,receipt_scan,884,1833,d35284f8f7edd8761364a01e8771a11d0b028119c62ef6a7e54426927c48d7b9
abd37bb39eabae3d,240,train,ICDAR2019_SROIE,NON_INDIAN,OFFDOMAIN_OCR_PRACTICE_RECEIPTS,receipt_scan,703,1779,2c3f4328f088d2a8abb90fd04a283c7931f640058239042494973bb38548b929
32b887f8e1719d36,075,test,ICDAR2019_SROIE,NON_INDIAN,OFFDOMAIN_OCR_PRACTICE_RECEIPTS,receipt_scan,615,931,25da7080734abf41cb17d4cf97ac3966b9f7c5591e54e9e344726547a7545f54
0f494e628b158d51,059,train,ICDAR2019_SROIE,NON_INDIAN,OFFDOMAIN_OCR_PRACTICE_RECEIPTS,receipt_scan,1080,1527,7fdb0a4d941f4a761cb9832313fa728395433606d15381a8f89c6629a9e31bbf
b95b12b7ed868593,306,test,ICDAR2019_SROIE,NON_INDIAN,OFFDOMAIN_OCR_PRACTICE_RECEIPTS,receipt_scan,4961,7016,3b8a2aa1b7d3c60768b275d2c7d74cbe8c8e4d572eaf2b5a046d7cb56a474d1b
518d8ea1c8c65076,154,train,ICDAR2019_SROIE,NON_INDIAN,OFFDOMAIN_OCR_PRACTICE_RECEIPTS,receipt_scan,607,1295,93670cd0072b5cfab3253b154639b96f4a09fbfba52c8258809d95ed6c0af2c3
53386567d8880e69,340,val,ICDAR2019_SROIE,NON_INDIAN,OFFDOMAIN_OCR_PRACTICE_RECEIPTS,receipt_scan,620,1172,7c6cc05fb4daa275bdc170906b0b70503edc9d6d8938ea6e5f80314df232fca5
f791368a592b3269,425,train,ICDAR2019_SROIE,NON_INDIAN,OFFDOMAIN_OCR_PRACTICE_RECEIPTS,receipt_scan,4961,7016,41eb037d9666f23f72c564b289987aea2b616836c4350f79baed9cf401bf2126
4ff5749dc8bb72eb,228,train,ICDAR2019_SROIE,NON_INDIAN,OFFDOMAIN_OCR_PRACTICE_RECEIPTS,receipt_scan,932,2050,d26bf911e15ffd5660f071d001cd7f9fecdc0d86205257f24c9176e28e88f9b0
a06a8dc38a7e9b71,040,train,ICDAR2019_SROIE,NON_INDIAN,OFFDOMAIN_OCR_PRACTICE_RECEIPTS,receipt_scan,619,1131,dba91fc818954c3340c2ed83a22708854ed386d6ebd927be082ff3c730aee8f1
374fb0236314069a,593,train,ICDAR2019_SROIE,NON_INDIAN,OFFDOMAIN_OCR_PRACTICE_RECEIPTS,receipt_scan,928,1559,918d2f52e6599dde5be4dbb08e2d3a863e1f845c4eea5979392675431057f1f9
242e11ab0590cdca,101,train,ICDAR2019_SROIE,NON_INDIAN,OFFDOMAIN_OCR_PRACTICE_RECEIPTS,receipt_scan,937,1450,e34db27fda7f8b993f90016beb0936b2c476dba0ceca8b58b27ee1f816ea2e0b
cf0d82abc0e8ab6b,260,test,ICDAR2019_SROIE,NON_INDIAN,OFFDOMAIN_OCR_PRACTICE_RECEIPTS,receipt_scan,705,1474,f6b831e0fd499cdbc87a88a86dd0713ba698d9735debee3315d9eeeafe4e013c
fb4eb57a40afc363,290,val,ICDAR2019_SROIE,NON_INDIAN,OFFDOMAIN_OCR_PRACTICE_RECEIPTS,receipt_scan,4961,7016,4725fd71ad473a2e926018ebb982b1181a8422559c6bb8f94a34b2e278b56342
5a7a00336f0c5714,107,val,ICDAR2019_SROIE,NON_INDIAN,OFFDOMAIN_OCR_PRACTICE_RECEIPTS,receipt_scan,934,2732,f3b587535806c8f8a150e0b69eb7b184f6d7b49ac4734ab560fcf3260052776f
b44a2d4336201870,387,test,ICDAR2019_SROIE,NON_INDIAN,OFFDOMAIN_OCR_PRACTICE_RECEIPTS,receipt_scan,884,1677,cb53fd638bd68f1821e704109cdc974666760321efe9ef9f61ef5b4580e5451e
9eca485670374d5c,507,train,ICDAR2019_SROIE,NON_INDIAN,OFFDOMAIN_OCR_PRACTICE_RECEIPTS,receipt_scan,591,1659,f69e00c792d8596b69043ea3e3b3b4dc446fc2f9415d5885e347efc62830d02e
e52373c7f3db8a33,366,train,ICDAR2019_SROIE,NON_INDIAN,OFFDOMAIN_OCR_PRACTICE_RECEIPTS,receipt_scan,619,1220,968fdb11c86b1acaa1db8f4a907c157b53761fba8fbe34b09171aeb8198fad63
681e32df8e1cc0a5,496,train,ICDAR2019_SROIE,NON_INDIAN,OFFDOMAIN_OCR_PRACTICE_RECEIPTS,receipt_scan,623,1479,25d742f3a7bb0531137a5684c90810ce2d9b3087d341fe3cf246abf1cd21b473
164650f3e338ba43,390,train,ICDAR2019_SROIE,NON_INDIAN,OFFDOMAIN_OCR_PRACTICE_RECEIPTS,receipt_scan,884,2822,959da40a47e857a859d641882197ce200d2cb191b4b0d9bfdad735066a2f918e
2f4fea44e97931fa,416,train,ICDAR2019_SROIE,NON_INDIAN,OFFDOMAIN_OCR_PRACTICE_RECEIPTS,receipt_scan,816,2156,3dcc082311c2e8fded658b05e4f4845ab9e3dfede12050489386d1c4da4700bb
4b155ad1c9e9d0ef,165,train,ICDAR2019_SROIE,NON_INDIAN,OFFDOMAIN_OCR_PRACTICE_RECEIPTS,receipt_scan,936,2017,3b8ae36fe4cd0be8689de1798128be2bd0bcff1f716435e514e4f02fd0b4e93b
36384d3200e4e243,337,train,ICDAR2019_SROIE,NON_INDIAN,OFFDOMAIN_OCR_PRACTICE_RECEIPTS,receipt_scan,616,1312,fa88b64117f7ca4778156dc8bab683864e248831496bc3280dbca8b42e6886d2
d02a45548bdf11ac,429,val,ICDAR2019_SROIE,NON_INDIAN,OFFDOMAIN_OCR_PRACTICE_RECEIPTS,receipt_scan,4961,7016,7db68cd780f9c0baa690e62f833345c4f6b1631509019c09387f96e7cd23c7fa
e00cd57cb80a5845,377,val,ICDAR2019_SROIE,NON_INDIAN,OFFDOMAIN_OCR_PRACTICE_RECEIPTS,receipt_scan,888,1978,b5359dbc01ad076d861df5c27bbad544979dc76818f297e747cc7cf1bae622c5
162855017155f73c,249,train,ICDAR2019_SROIE,NON_INDIAN,OFFDOMAIN_OCR_PRACTICE_RECEIPTS,receipt_scan,700,1574,11568abb2da6b1dd9c7fe3de8be017cb91c6301fc1fba29f2577a8b2425b2581
5381a803b9bde486,530,val,ICDAR2019_SROIE,NON_INDIAN,OFFDOMAIN_OCR_PRACTICE_RECEIPTS,receipt_scan,4961,7016,4f23d3e6ca83a5c93723d034dc4e6d4e89d390e1410af81a7fc63ed38334588e
a52a447bdddf876c,378,train,ICDAR2019_SROIE,NON_INDIAN,OFFDOMAIN_OCR_PRACTICE_RECEIPTS,receipt_scan,888,1681,960411deee7beee861d93056b75dae00e97171cb14109cf4f7b4f734c8e68f56
6ba229fbf6fd65db,622,train,ICDAR2019_SROIE,NON_INDIAN,OFFDOMAIN_OCR_PRACTICE_RECEIPTS,receipt_scan,793,1636,0be8ae768b92529773e05ea6f9e8591d919f58b6e052d94f5437e6dd470f6e37
01953e542a25b5b6,474,train,ICDAR2019_SROIE,NON_INDIAN,OFFDOMAIN_OCR_PRACTICE_RECEIPTS,receipt_scan,619,1583,594a389b49679b547518d462c9dbe5913ebda54ccba82b943aac965790ee1f5f
4b41c49ed6afc72b,112,train,ICDAR2019_SROIE,NON_INDIAN,OFFDOMAIN_OCR_PRACTICE_RECEIPTS,receipt_scan,741,1220,f271fbc83fa759648ca3e8d481aa2133dce5627b58269c2b651a7510518e54fd
04e83657da88b29a,096,train,ICDAR2019_SROIE,NON_INDIAN,OFFDOMAIN_OCR_PRACTICE_RECEIPTS,receipt_scan,761,1713,1892c47fbc10af53071e2d14a2e32b8d86b6804b0f9590b18ee7b5b255213302
b3137ef88f98c0d3,226,val,ICDAR2019_SROIE,NON_INDIAN,OFFDOMAIN_OCR_PRACTICE_RECEIPTS,receipt_scan,949,2153,aa4500975fef2e512361eae9e45be40d2736dd96c754ab30a5b327ac90838221
2f1a23dc8644f226,052,train,ICDAR2019_SROIE,NON_INDIAN,OFFDOMAIN_OCR_PRACTICE_RECEIPTS,receipt_scan,1080,1528,e27348fdc86de0480e29c7cd7bc764ef64c6f1cea34375b9de9659a6e21186f1
100ef6a4cd6ca35e,523,val,ICDAR2019_SROIE,NON_INDIAN,OFFDOMAIN_OCR_PRACTICE_RECEIPTS,receipt_scan,4961,7016,6f2bc95a5f7b60da2ce975d31221420ff324bd902c2b9520030e15a163435bad
6168e91c520d4541,564,test,ICDAR2019_SROIE,NON_INDIAN,OFFDOMAIN_OCR_PRACTICE_RECEIPTS,receipt_scan,932,1795,820d1e41efde81599376a7b58d305d3d4671154601e959ac018c12e4c3d3733c
e990f84355324036,045,train,ICDAR2019_SROIE,NON_INDIAN,OFFDOMAIN_OCR_PRACTICE_RECEIPTS,receipt_scan,1080,1528,b252729e20f480186d6c0a1e1a7bc2ee69df523ffedb19efb444b341c52a3f31
4a3a10e6b7d36809,396,train,ICDAR2019_SROIE,NON_INDIAN,OFFDOMAIN_OCR_PRACTICE_RECEIPTS,receipt_scan,928,2068,43ecb98f63a6bfd0ccd5cc5ba8a21d0bbf670ada466fc3303c2171844c8b4bb3
26bc55540ee75194,424,train,ICDAR2019_SROIE,NON_INDIAN,OFFDOMAIN_OCR_PRACTICE_RECEIPTS,receipt_scan,4961,7016,b1c702d6cf2041c4ca00b9a0401deec9e69de31efaabfb85d882b62f5d532149
d13e56a1e39a40de,388,train,ICDAR2019_SROIE,NON_INDIAN,OFFDOMAIN_OCR_PRACTICE_RECEIPTS,receipt_scan,932,2225,e978332d016259b6ee88cda163e81dd3f89edeede30a0f3a1fc75e3f66eaade5
e16c2dd6f594cf90,159,train,ICDAR2019_SROIE,NON_INDIAN,OFFDOMAIN_OCR_PRACTICE_RECEIPTS,receipt_scan,884,1741,858131f7cce2b8fda9fda4cd33c5c12ce8f68b77ce64d0d8c22ad4f951a80487
9aad9e499666ae7c,185,train,ICDAR2019_SROIE,NON_INDIAN,OFFDOMAIN_OCR_PRACTICE_RECEIPTS,receipt_scan,744,1970,c15da7fe2ddb8c31c7ab92fdb51ad7cd6857ca8b7f2b3e185af67906d6d21f3d
f62c06e3eda4390b,397,train,ICDAR2019_SROIE,NON_INDIAN,OFFDOMAIN_OCR_PRACTICE_RECEIPTS,receipt_scan,880,2900,bde3eadbe00e70bc118b7984a4180b7a064701b5ccb4e8ca9d3d57ff953765d4
1815487889c19601,519,test,ICDAR2019_SROIE,NON_INDIAN,OFFDOMAIN_OCR_PRACTICE_RECEIPTS,receipt_scan,4961,7016,d510ba01a99ff89539d1dbbaee9c72f7ac68c3d539b5c267223cab5a6973bb76
2d6e55b3cbd9153a,488,train,ICDAR2019_SROIE,NON_INDIAN,OFFDOMAIN_OCR_PRACTICE_RECEIPTS,receipt_scan,635,1323,2015fd9d8fe61554df46573eb47e2067028abf52d1cec47f288b7f9f77748f0b
640b17e02e8a5941,294,train,ICDAR2019_SROIE,NON_INDIAN,OFFDOMAIN_OCR_PRACTICE_RECEIPTS,receipt_scan,4961,7016,28f78a10b6b4ddbf382d9391616c3b0f23b17fae29ecc0453fbc2ac1dfe689b7
ec9cd02e817109e3,065,val,ICDAR2019_SROIE,NON_INDIAN,OFFDOMAIN_OCR_PRACTICE_RECEIPTS,receipt_scan,936,1766,c93790591080f09dde0b59bb4d4973bcb10bf79c5d9db90ffae92015f694ce1b
3afa9a7ce27bd6a2,351,train,ICDAR2019_SROIE,NON_INDIAN,OFFDOMAIN_OCR_PRACTICE_RECEIPTS,receipt_scan,620,1256,c50c0abbd7ea893689b65b89d33f3ad43018871d77f30d14ca534c87ab6a42f4
da803d79b6869905,183,train,ICDAR2019_SROIE,NON_INDIAN,OFFDOMAIN_OCR_PRACTICE_RECEIPTS,receipt_scan,744,1335,969fe6eb07f5692d98ee4979d19c39af42187eaf0fe43e802c0f3423721c2ceb
b487e9f591348dce,009,train,ICDAR2019_SROIE,NON_INDIAN,OFFDOMAIN_OCR_PRACTICE_RECEIPTS,receipt_scan,604,1716,cf33124b17bc93ad5b5b5480a584a31928af05e38739c283c73a236c4b97b8b8
2eafeec2fac1ece1,027,test,ICDAR2019_SROIE,NON_INDIAN,OFFDOMAIN_OCR_PRACTICE_RECEIPTS,receipt_scan,1654,2339,c5d7271ea478624ed5b63b45b620799532637934dc72590d29b79ca78845f625
4e5085211562035e,081,train,ICDAR2019_SROIE,NON_INDIAN,OFFDOMAIN_OCR_PRACTICE_RECEIPTS,receipt_scan,936,1676,86d87b54d62426eaf14765ea4ab932b3ef90f98d27b3ad0235eae9786c3d2acf
f752e287d017aa9f,069,train,ICDAR2019_SROIE,NON_INDIAN,OFFDOMAIN_OCR_PRACTICE_RECEIPTS,receipt_scan,888,1571,14d45ccc39dc99f1024e5a27d484baa78677e1ca09d21cea471595cfd9eea163
a970392b8ab39d46,332,val,ICDAR2019_SROIE,NON_INDIAN,OFFDOMAIN_OCR_PRACTICE_RECEIPTS,receipt_scan,620,1200,2a79d537c187f74366adcab4fa2c390d7cae33809f7518fca5e5c2c542f6e27f
edf30d59cab07236,015,train,ICDAR2019_SROIE,NON_INDIAN,OFFDOMAIN_OCR_PRACTICE_RECEIPTS,receipt_scan,747,1412,c07bb1228ae7cc72d6510ae76dd1b6f542321d65ba38f99ad151ef64a68cafea
683881055402b6be,401,train,ICDAR2019_SROIE,NON_INDIAN,OFFDOMAIN_OCR_PRACTICE_RECEIPTS,receipt_scan,888,1813,80825073084c0aa8914f2f7c36043959f36a3e72022d5a7b48bb89d814047a06
4a671bce997b0d25,041,train,ICDAR2019_SROIE,NON_INDIAN,OFFDOMAIN_OCR_PRACTICE_RECEIPTS,receipt_scan,619,1203,7b2c7c65a8f8fd07f07d42123390c4e872d9b9807a527e0a2706e85b3cf7ecf5
a00bd6bfcf2b0e0b,004,train,ICDAR2019_SROIE,NON_INDIAN,OFFDOMAIN_OCR_PRACTICE_RECEIPTS,receipt_scan,463,1026,6214852fce616f6776900bf4a90b68ff267748ac61fa6f7290fac915684f7ac4
6827ce944744748e,082,train,ICDAR2019_SROIE,NON_INDIAN,OFFDOMAIN_OCR_PRACTICE_RECEIPTS,receipt_scan,884,2249,039e25ae40cf9ea069037dd48acef238e8cbe1f19f23cbb9ed3ccbb417e21bbc
41ee793ccadd2b7c,248,val,ICDAR2019_SROIE,NON_INDIAN,OFFDOMAIN_OCR_PRACTICE_RECEIPTS,receipt_scan,522,954,cc08a2d01364aeb2f6153603a9b11b5a4c9ffa1186f9469695c4bb3996fbebb5
3a489b100bf98f83,422,train,ICDAR2019_SROIE,NON_INDIAN,OFFDOMAIN_OCR_PRACTICE_RECEIPTS,receipt_scan,436,1488,d5a15e34289d620ace87a7849fe145cd3f7ed3fa342ce892364e264da9c9b9ef
3f263659c3ee257e,070,train,ICDAR2019_SROIE,NON_INDIAN,OFFDOMAIN_OCR_PRACTICE_RECEIPTS,receipt_scan,888,1718,0c9d2cdf3e7f500e418d84b4bbeaa04069d76766faa1e60c236a5aaa2410f237
92b19bd14f71c0c6,144,train,ICDAR2019_SROIE,NON_INDIAN,OFFDOMAIN_OCR_PRACTICE_RECEIPTS,receipt_scan,920,1929,b712b249f2087f5f1cef392b479f7aaf8fad15623022b29e643df74bc4c04a82
7675dba404bd3d3e,198,train,ICDAR2019_SROIE,NON_INDIAN,OFFDOMAIN_OCR_PRACTICE_RECEIPTS,receipt_scan,711,1313,d32659dce95f70f21e9f6d16f47fcebd57cb15a0a4f2e97bc49e69adc8151e36
d9d9f92ccb954719,253,train,ICDAR2019_SROIE,NON_INDIAN,OFFDOMAIN_OCR_PRACTICE_RECEIPTS,receipt_scan,740,2465,7ab9e147e59ba3db60a499750c57ded221131f9dd20378675740f750edd5d250
5d15618ed3702a43,384,train,ICDAR2019_SROIE,NON_INDIAN,OFFDOMAIN_OCR_PRACTICE_RECEIPTS,receipt_scan,888,1684,9d6b7e3a3c53a557eb46139f89c54638d17c74578cfe3fbc862501f16325787b
69b0219914326ff7,156,train,ICDAR2019_SROIE,NON_INDIAN,OFFDOMAIN_OCR_PRACTICE_RECEIPTS,receipt_scan,936,1617,7affb10d55d68769749411eceff84adf9b25d91569e4946baf3f82d75dbf4dda
b3fffc2717123d29,349,test,ICDAR2019_SROIE,NON_INDIAN,OFFDOMAIN_OCR_PRACTICE_RECEIPTS,receipt_scan,620,1282,db701558ac326b7090fb09334f0e0cad02aee190c243a07d74818bf116b5b4e3
a81808f7db810f7c,319,train,ICDAR2019_SROIE,NON_INDIAN,OFFDOMAIN_OCR_PRACTICE_RECEIPTS,receipt_scan,619,1803,3ae0136e8361f2489315a542612b964225a24bad02e267a0bba5e31078a67b20
7e5da18f79d2ffef,246,train,ICDAR2019_SROIE,NON_INDIAN,OFFDOMAIN_OCR_PRACTICE_RECEIPTS,receipt_scan,705,1394,a6178f6e0774e8ca29ffb29745d49be551055768884095873c3ef6c261fa354a
246fd1c6cb9d5280,394,train,ICDAR2019_SROIE,NON_INDIAN,OFFDOMAIN_OCR_PRACTICE_RECEIPTS,receipt_scan,884,1838,e8bf082eda8ef502ceec2b8a449b25ce96b999bbec910d399bd2f22470231e5e
186a33f8ac95b960,140,test,ICDAR2019_SROIE,NON_INDIAN,OFFDOMAIN_OCR_PRACTICE_RECEIPTS,receipt_scan,932,1869,041013da5dc4f0e4ac39daed5a845911fc9ce4d03bda5506a0e3f491f114174a
c77df00dffc22c8c,182,test,ICDAR2019_SROIE,NON_INDIAN,OFFDOMAIN_OCR_PRACTICE_RECEIPTS,receipt_scan,740,1173,51475a47b6e174712f082697fc4869d4fedb6e6a8dbe2401bc94dd0205e00e91
91c7672fb7b0d55d,258,train,ICDAR2019_SROIE,NON_INDIAN,OFFDOMAIN_OCR_PRACTICE_RECEIPTS,receipt_scan,524,1078,59998508759b1f9872a3df114553af328e3b20d0eb7630c7f1caebbf23ebb1a5
2f57848b3177b929,596,val,ICDAR2019_SROIE,NON_INDIAN,OFFDOMAIN_OCR_PRACTICE_RECEIPTS,receipt_scan,936,1992,e19e02d2f62baa56006a92713f7233086cdfb6048c4a8b426b916d094573d6a6
d90ffe3c8d9d6409,218,train,ICDAR2019_SROIE,NON_INDIAN,OFFDOMAIN_OCR_PRACTICE_RECEIPTS,receipt_scan,724,2007,8f58678c4a9bff7b1f0c409c7d4ae7490345829a3d9b816ab0f22b0357774f8d
237ef127b0fbe718,486,train,ICDAR2019_SROIE,NON_INDIAN,OFFDOMAIN_OCR_PRACTICE_RECEIPTS,receipt_scan,619,1475,8f2ae8ba45cac87b79458f3adc833960f0970c12bd220fe608a0acf0039c47b7
9d9b1cc7040106e4,188,train,ICDAR2019_SROIE,NON_INDIAN,OFFDOMAIN_OCR_PRACTICE_RECEIPTS,receipt_scan,786,2184,2c63689282c43abdfc4b36f375b20c6a5faff7e1ccf2340dc36106ec56be7450
53026093a050dcde,567,train,ICDAR2019_SROIE,NON_INDIAN,OFFDOMAIN_OCR_PRACTICE_RECEIPTS,receipt_scan,932,1741,d98be50864583bf65f16788e38e43d76f28acbb6d0de43c43afaf020fca96c6c
c7241c82f7edbf60,566,test,ICDAR2019_SROIE,NON_INDIAN,OFFDOMAIN_OCR_PRACTICE_RECEIPTS,receipt_scan,936,1829,49dd3eb5e7b0037bd8698ad1c412d76cc5aaa8d4be5392b7b7034477c2e68ef1
3bd5517200896bb2,257,train,ICDAR2019_SROIE,NON_INDIAN,OFFDOMAIN_OCR_PRACTICE_RECEIPTS,receipt_scan,523,1087,9377d4f186178e06c85037bfd34da2ce2a209a847e32e178a437a4bc64cf8fc5
d97c1d04e01135ad,392,train,ICDAR2019_SROIE,NON_INDIAN,OFFDOMAIN_OCR_PRACTICE_RECEIPTS,receipt_scan,888,2899,030225750de9e69e94b336c86fb244f58b10c14aad7bbccdc214f5748115f913
1853c51876389446,386,test,ICDAR2019_SROIE,NON_INDIAN,OFFDOMAIN_OCR_PRACTICE_RECEIPTS,receipt_scan,812,2214,efc5af2623dc45062c2022370556e2750847e1d428f644aaceed2f3a1245302a
c8c63d6d4f3abcc8,375,val,ICDAR2019_SROIE,NON_INDIAN,OFFDOMAIN_OCR_PRACTICE_RECEIPTS,receipt_scan,620,1184,d34893764a39eade012d43bd24ee7f335fd80bbb71eb751ae1664ea90a1ef979
819f7abdff5d6b36,448,train,ICDAR2019_SROIE,NON_INDIAN,OFFDOMAIN_OCR_PRACTICE_RECEIPTS,receipt_scan,842,1280,6508501db3aa5393605ce936e31e1b206fa2ea8d16539465596a8deaa076ce85
55d22f366dacbe31,497,train,ICDAR2019_SROIE,NON_INDIAN,OFFDOMAIN_OCR_PRACTICE_RECEIPTS,receipt_scan,619,1475,6c71669b09a44c67089e177c04aaa6f7f608e74b9ba039ea513ae696978edf8e
5168242c7eddbf09,110,train,ICDAR2019_SROIE,NON_INDIAN,OFFDOMAIN_OCR_PRACTICE_RECEIPTS,receipt_scan,935,1695,79f8fe9a2cefc63d807c0539a7e2ffa5d41e8e38bb901d75cf70f45590a6f8d9
8d1482cbd17b22a8,433,val,ICDAR2019_SROIE,NON_INDIAN,OFFDOMAIN_OCR_PRACTICE_RECEIPTS,receipt_scan,4961,7016,3702901c7aaf4471ff8155f5704e248d054d2c6001882d98ff807db03ce5363e
c9161537e1e4b338,128,test,ICDAR2019_SROIE,NON_INDIAN,OFFDOMAIN_OCR_PRACTICE_RECEIPTS,receipt_scan,932,1975,d6b8f9981f5b77dff691ed9706b7bc864deec68dc186d8fba324a84654fabf59
2e2093d4575cc132,599,val,ICDAR2019_SROIE,NON_INDIAN,OFFDOMAIN_OCR_PRACTICE_RECEIPTS,receipt_scan,936,1949,4176fc77f4b3d32fa9703fda9a50a20025897b8be0a4506320b3d4ead0b3d03b
7bca5c8ca6fdb2e5,517,train,ICDAR2019_SROIE,NON_INDIAN,OFFDOMAIN_OCR_PRACTICE_RECEIPTS,receipt_scan,612,984,9f6796cd28d398b1207a3c47e1ffdf8650d057b7e0dc2f0bb5a2234e9664b895
8d5e7433bba6e67a,427,train,ICDAR2019_SROIE,NON_INDIAN,OFFDOMAIN_OCR_PRACTICE_RECEIPTS,receipt_scan,4961,7016,8ef961b14e1bb73c917945d39b4b787f7279d43884983f7351633422e2fa98ab
666615891a5d7a14,452,val,ICDAR2019_SROIE,NON_INDIAN,OFFDOMAIN_OCR_PRACTICE_RECEIPTS,receipt_scan,735,1689,b00688ece8bf1786f35d28f6d3ad17e09f4931fb7b2e5ba609fe370283eee636
8b959085ab08961f,139,train,ICDAR2019_SROIE,NON_INDIAN,OFFDOMAIN_OCR_PRACTICE_RECEIPTS,receipt_scan,932,1784,c9508b189c6a8508165b0fa16683ab5c5a18068deca2ada76dc4deb6790e243f
cd4a80375b7c149b,412,val,ICDAR2019_SROIE,NON_INDIAN,OFFDOMAIN_OCR_PRACTICE_RECEIPTS,receipt_scan,731,1324,6a03c2c90cdfd09ebbffa59039dea274a48efae1545e026b1ec72b03b8bb2a6c
c1f5174eb63692b1,211,train,ICDAR2019_SROIE,NON_INDIAN,OFFDOMAIN_OCR_PRACTICE_RECEIPTS,receipt_scan,986,2559,704bc63afa01180a6ccee5c53eac16cf4d5ba3385593caaa3febd49350cd9021
32397d861f562631,093,train,ICDAR2019_SROIE,NON_INDIAN,OFFDOMAIN_OCR_PRACTICE_RECEIPTS,receipt_scan,697,1481,0da4db4f9b6675bf3a3374f2524a49705acee8a7f894ab4879e64c4dd0e2df84
a813cbf916ff989c,114,test,ICDAR2019_SROIE,NON_INDIAN,OFFDOMAIN_OCR_PRACTICE_RECEIPTS,receipt_scan,932,2172,c66ef6a59a8a1f5a6ca503ebb90418e730ec9bdf251ea5d95e5e61ccff090637
e3cd697a0194ec70,311,train,ICDAR2019_SROIE,NON_INDIAN,OFFDOMAIN_OCR_PRACTICE_RECEIPTS,receipt_scan,4945,6981,110bf9b2b37418a2d79e8cd7447bf81ee55a307062c32c6c8d5e04433ff9b833
31c36dedc814e42d,561,train,ICDAR2019_SROIE,NON_INDIAN,OFFDOMAIN_OCR_PRACTICE_RECEIPTS,receipt_scan,932,2143,7bcdf4b339b2609e72389113c8c52bc063b583df82500d96e57e2f65a45f386a
d8aab2466a8719e1,411,train,ICDAR2019_SROIE,NON_INDIAN,OFFDOMAIN_OCR_PRACTICE_RECEIPTS,receipt_scan,615,1347,53f58a2fcdcfef799cbbe7a9e7d4d87084d685501fe4e77758deca68c750b94b
7563ed83111c2ae5,259,val,ICDAR2019_SROIE,NON_INDIAN,OFFDOMAIN_OCR_PRACTICE_RECEIPTS,receipt_scan,704,1513,795249613bafebb1d80c7dec29d5b5d280acea2998df407c017c9f1e841fba74
2066d492173b0e4c,353,test,ICDAR2019_SROIE,NON_INDIAN,OFFDOMAIN_OCR_PRACTICE_RECEIPTS,receipt_scan,616,1200,1df0dc7384924e1b51a2673a673cad13bf61c0e2b3c7311334f564efc6e53613
ac1e918a09839d8f,207,val,ICDAR2019_SROIE,NON_INDIAN,OFFDOMAIN_OCR_PRACTICE_RECEIPTS,receipt_scan,703,1328,7a490e372eee0ce67d9c66543b75e4a40e99d39d5741992c6542e5bf67ed1027
79c99117c917c61e,316,train,ICDAR2019_SROIE,NON_INDIAN,OFFDOMAIN_OCR_PRACTICE_RECEIPTS,receipt_scan,443,911,c4ac31acf1e37701b9b75712bd8e69e9a070a20be31ef45e02d45f898d912dab
c4658859da3a7253,148,val,ICDAR2019_SROIE,NON_INDIAN,OFFDOMAIN_OCR_PRACTICE_RECEIPTS,receipt_scan,608,1214,655296cd77073aaa1161dbbf27b38e1df9cefd24a0aea539c893a88ea48ee9f2
eb2d8acd9e893e17,227,train,ICDAR2019_SROIE,NON_INDIAN,OFFDOMAIN_OCR_PRACTICE_RECEIPTS,receipt_scan,873,1733,d33467ac1fa12ee9b3beeef725457290462e4e89e419b26f68bca6ef89157ee5
c271b7c5b0a76da7,402,train,ICDAR2019_SROIE,NON_INDIAN,OFFDOMAIN_OCR_PRACTICE_RECEIPTS,receipt_scan,936,1321,9e338b0f040e7a2c2eb69a60e0856ba0303fcb3accf0ffe3942c7385b93edf65
3f7c1dfa2c7dba7b,355,train,ICDAR2019_SROIE,NON_INDIAN,OFFDOMAIN_OCR_PRACTICE_RECEIPTS,receipt_scan,616,1190,296aad9d72d172cce62493010f0614ee8a8a70942c5b55f569580f50ce71bfc1
e54c01c44614c39f,516,train,ICDAR2019_SROIE,NON_INDIAN,OFFDOMAIN_OCR_PRACTICE_RECEIPTS,receipt_scan,587,1779,a06a314288d1d80e42974a89003374ea24bbcaae67f8673699c30781d186d882
8c9cfb37e34277d4,239,train,ICDAR2019_SROIE,NON_INDIAN,OFFDOMAIN_OCR_PRACTICE_RECEIPTS,receipt_scan,702,1433,c7a7d75a2809d4fb2b954185c207b5162a8d6b23d145742a3122b3ecda38520b
d3cf41f8d5041036,417,train,ICDAR2019_SROIE,NON_INDIAN,OFFDOMAIN_OCR_PRACTICE_RECEIPTS,receipt_scan,888,2016,84bd60da3911f4867af01b5b09166f1d34eb5409ec54fc659a717296986bb43a
a0604077e8e1afb7,494,val,ICDAR2019_SROIE,NON_INDIAN,OFFDOMAIN_OCR_PRACTICE_RECEIPTS,receipt_scan,623,1475,24224820940de461ffa630246bcb4b141f500cd7b63c162857963ee171c4a524
e70762a101a28518,026,train,ICDAR2019_SROIE,NON_INDIAN,OFFDOMAIN_OCR_PRACTICE_RECEIPTS,receipt_scan,1654,2339,e3d20334284469788e24697591626605b50fa11c2722ca92e0e849c843fa23e0
29ffcde8b5261f7c,152,train,ICDAR2019_SROIE,NON_INDIAN,OFFDOMAIN_OCR_PRACTICE_RECEIPTS,receipt_scan,615,1727,d4e24d819fc581a3f42296ba880413531b754bfa71cd9adaae168333cd5cebbc
e1335460476759b0,573,val,ICDAR2019_SROIE,NON_INDIAN,OFFDOMAIN_OCR_PRACTICE_RECEIPTS,receipt_scan,936,2004,6d6793e94d18066283cebdd530f9ec62f8c9f9da33e323138e3794e88ed5d35d
4f0e62dceae11545,043,train,ICDAR2019_SROIE,NON_INDIAN,OFFDOMAIN_OCR_PRACTICE_RECEIPTS,receipt_scan,627,1535,ea06219833f12fbf104aa2e570ca7cc267146806e97ab3f0045be98158ed12b7
1196ea9d9571e8bd,153,train,ICDAR2019_SROIE,NON_INDIAN,OFFDOMAIN_OCR_PRACTICE_RECEIPTS,receipt_scan,615,1491,1a3b3fd031daefa0fd5b7638bc73e2ee0aa6c43ffb7b33d58ab5d4f04efc33d8
fcf63db595cbc1ad,339,train,ICDAR2019_SROIE,NON_INDIAN,OFFDOMAIN_OCR_PRACTICE_RECEIPTS,receipt_scan,620,1224,42a7e219dd1ad5bfa1060054d4b0afcba0235be1c0ee01120be0016ac9176489
4634b592b9226eec,608,val,ICDAR2019_SROIE,NON_INDIAN,OFFDOMAIN_OCR_PRACTICE_RECEIPTS,receipt_scan,932,2354,93c715a0d4b7d375b787b7e8beeb5e72209cbf4f63223a506905789d6e4f536f
6623b65fc977153b,590,test,ICDAR2019_SROIE,NON_INDIAN,OFFDOMAIN_OCR_PRACTICE_RECEIPTS,receipt_scan,622,1310,0996e7fbc5e074210149f23bbefbcae402a52bf3572194c90bc1394aedd638d1
8e0bc50d34f7e550,407,train,ICDAR2019_SROIE,NON_INDIAN,OFFDOMAIN_OCR_PRACTICE_RECEIPTS,receipt_scan,884,1979,493cc2850f9967fe6fedac56d0976f4a9aa91c97fa036a3527e877d38672e7be
ba6a2fea3f0f3181,458,train,ICDAR2019_SROIE,NON_INDIAN,OFFDOMAIN_OCR_PRACTICE_RECEIPTS,receipt_scan,616,1032,1dbb3b2bdf2f4c06f6e02d296c178e7ea529cc9c85a7240ce90dc0fdf3d5242d
23b0c70c17642d26,313,train,ICDAR2019_SROIE,NON_INDIAN,OFFDOMAIN_OCR_PRACTICE_RECEIPTS,receipt_scan,621,975,7c8e3bd007bebbf37ac99191a997fb49d5da55161f4902b9f2df0856b9d7d877
4852536212aea79e,241,train,ICDAR2019_SROIE,NON_INDIAN,OFFDOMAIN_OCR_PRACTICE_RECEIPTS,receipt_scan,707,1722,fd373057735cc2ddbf871ad05ce5b6e946624fab45e98a6b7b561d0371f8e8f1
ca587e33f7745fbd,329,train,ICDAR2019_SROIE,NON_INDIAN,OFFDOMAIN_OCR_PRACTICE_RECEIPTS,receipt_scan,616,1166,230b359446e12fc1fe307b90f1fe27590d0fa8ab8ea28c212a3a5f1c46a423be
14220e4329f58314,461,train,ICDAR2019_SROIE,NON_INDIAN,OFFDOMAIN_OCR_PRACTICE_RECEIPTS,receipt_scan,4961,7016,225b8cd741a8dcea2e72d1b283629b43ac458c995a803401ef4ab92f54f1afd7
1cc7c11ca4140a3d,358,train,ICDAR2019_SROIE,NON_INDIAN,OFFDOMAIN_OCR_PRACTICE_RECEIPTS,receipt_scan,620,1245,75756759e3e8aa4d48873a0529e17c0630e173bad33eea0bbd9103cd10513bad
288a0bc57f79ed10,291,train,ICDAR2019_SROIE,NON_INDIAN,OFFDOMAIN_OCR_PRACTICE_RECEIPTS,receipt_scan,4912,6888,0604405b15abeae9cd9624e8ea9d23a08fda8d0f79c151628c81474e23b05436
21b846df88786170,036,train,ICDAR2019_SROIE,NON_INDIAN,OFFDOMAIN_OCR_PRACTICE_RECEIPTS,receipt_scan,1080,1527,ef07a026ffda2e4a25886e1d2deac70def9bd605a6f31d3839c79e6d232d3c28
5bfa4e6fc1865a78,415,train,ICDAR2019_SROIE,NON_INDIAN,OFFDOMAIN_OCR_PRACTICE_RECEIPTS,receipt_scan,884,1840,0e49a71c8dabc13a4f49725cd511cc9a3bb4fe3f56ba991e73b8c83ab2f368bc
d2ef9552288b41dd,406,train,ICDAR2019_SROIE,NON_INDIAN,OFFDOMAIN_OCR_PRACTICE_RECEIPTS,receipt_scan,888,2038,e93cb1f63d23ccd0cc9e90dc0b2a25fcbe5eea82689aa1f87ddee31059827e2d
12939afbf6566936,113,test,ICDAR2019_SROIE,NON_INDIAN,OFFDOMAIN_OCR_PRACTICE_RECEIPTS,receipt_scan,933,2079,3ed916d7be22287e6539dafa48dfc910a081d1e8851bdd952d5a2d7027e6ac4b
56664836f6e6d4d4,074,train,ICDAR2019_SROIE,NON_INDIAN,OFFDOMAIN_OCR_PRACTICE_RECEIPTS,receipt_scan,583,1303,1613ee46467b109043805e79d821d9a7ecdbc6a3d53ffa954d308018ed43faec
f475e23ff5b83902,132,train,ICDAR2019_SROIE,NON_INDIAN,OFFDOMAIN_OCR_PRACTICE_RECEIPTS,receipt_scan,623,1535,66a18312e3f1d03c6744a5744bbaa3fd584603e7e42e54c9a2091f09e26e7c6d
3e5a48c81f12f2c5,620,train,ICDAR2019_SROIE,NON_INDIAN,OFFDOMAIN_OCR_PRACTICE_RECEIPTS,receipt_scan,795,1784,801f3bee5d12fb8dd8d04c4073d05a46baab552d47aa74113ebddb160c45e545
5d9e89dc33e3bbbd,024,train,ICDAR2019_SROIE,NON_INDIAN,OFFDOMAIN_OCR_PRACTICE_RECEIPTS,receipt_scan,2481,3508,69cc44f0278b6917ffe1c3ca23e3595e74d33d179e8ec3485d91eb4c52077790
eac287ec5536b25d,447,train,ICDAR2019_SROIE,NON_INDIAN,OFFDOMAIN_OCR_PRACTICE_RECEIPTS,receipt_scan,864,1213,eda4da758572150a0320aa00759cd83db4c5fdccdcc8963a71dc3685a9801c22
7338c26b603b97b1,150,train,ICDAR2019_SROIE,NON_INDIAN,OFFDOMAIN_OCR_PRACTICE_RECEIPTS,receipt_scan,616,1192,e256fe5db45939a2b81d25f01f98ae9be06c698a7365dcdff22ed7ebce3169ac
ccd8530b4774047e,095,train,ICDAR2019_SROIE,NON_INDIAN,OFFDOMAIN_OCR_PRACTICE_RECEIPTS,receipt_scan,681,1737,a8ab9e0b080df5cb4b6c29b5ad61e22ace8f7b2da13ce2aefb7e2265f939d3c2
f481a7c36cd428c0,031,train,ICDAR2019_SROIE,NON_INDIAN,OFFDOMAIN_OCR_PRACTICE_RECEIPTS,receipt_scan,1080,1527,e921f4bca358d8085f5177b5e32ea3bd12b01b1f38a2cbd640f7850ed2abb879
3a701e0e1c44bec3,445,val,ICDAR2019_SROIE,NON_INDIAN,OFFDOMAIN_OCR_PRACTICE_RECEIPTS,receipt_scan,825,1568,7daa25d9fa527a6a57ed6477f900cedaa20d5ac7abc0e0710da4f58a6a675970
9a088408c7edba72,548,train,ICDAR2019_SROIE,NON_INDIAN,OFFDOMAIN_OCR_PRACTICE_RECEIPTS,receipt_scan,791,1512,9ad7272ec9003396979a6c94136f896685cc7f859f2f6081a0829047952aabcd
b4eba2be11217c3f,127,train,ICDAR2019_SROIE,NON_INDIAN,OFFDOMAIN_OCR_PRACTICE_RECEIPTS,receipt_scan,935,1859,9dd123002f99dd7d59245fe07c905b761d2d46ddd4f32496827d49d08f2f907c
1d1068ff420e9014,510,val,ICDAR2019_SROIE,NON_INDIAN,OFFDOMAIN_OCR_PRACTICE_RECEIPTS,receipt_scan,591,1759,3efa8bdcd42e8bb85d25dc4190e04c3baa69871cc1ecddff74bc5698049f56c2
c54c0fcf30d985d3,189,train,ICDAR2019_SROIE,NON_INDIAN,OFFDOMAIN_OCR_PRACTICE_RECEIPTS,receipt_scan,744,1244,c438e6e989aa5c92561f815bd1244e62d0eeb1334945bc3fe382607e6d23a34f
d2cab9fd6bfcb1bd,549,train,ICDAR2019_SROIE,NON_INDIAN,OFFDOMAIN_OCR_PRACTICE_RECEIPTS,receipt_scan,794,1515,4318a645587b4edbc7950f752f6db3ea25d934650e4bdaf97d314aac78fa0d38
78c0598640e7bcf2,490,test,ICDAR2019_SROIE,NON_INDIAN,OFFDOMAIN_OCR_PRACTICE_RECEIPTS,receipt_scan,623,1471,88f0f1fd9077604e80289503a7d69d78c8ec241177f2c9f9303278cb40629218
66d1e8e932558020,391,train,ICDAR2019_SROIE,NON_INDIAN,OFFDOMAIN_OCR_PRACTICE_RECEIPTS,receipt_scan,884,1688,8c11fbec2e07d16e928aa31c323e33640651377ffe24ab9a583b387ab2c9b759
965678d02ef02dff,362,train,ICDAR2019_SROIE,NON_INDIAN,OFFDOMAIN_OCR_PRACTICE_RECEIPTS,receipt_scan,620,1208,0d1dd058b387adefaa57be5c6a11847f13cb41150f3639f047ca92e94a5f3697
146faf0098ee40fc,177,val,ICDAR2019_SROIE,NON_INDIAN,OFFDOMAIN_OCR_PRACTICE_RECEIPTS,receipt_scan,932,2107,eaf4dd1027ffa810c2d5626a80ecfeed07c4987ad1d1847e0398d673a523800e
b56e319461282246,145,train,ICDAR2019_SROIE,NON_INDIAN,OFFDOMAIN_OCR_PRACTICE_RECEIPTS,receipt_scan,920,1757,9f1c2dd4c545f22a316cc8108324aef63b7537f282c8e4ed7907c122bee52376
8deff47e45ad1ba8,324,train,ICDAR2019_SROIE,NON_INDIAN,OFFDOMAIN_OCR_PRACTICE_RECEIPTS,receipt_scan,588,1464,495915416d52629ea463d7b2b890c15106faccf5e8f5a480427b2cb740e566ff
3e4b062bfef335dd,562,train,ICDAR2019_SROIE,NON_INDIAN,OFFDOMAIN_OCR_PRACTICE_RECEIPTS,receipt_scan,932,2113,3ddba528ae6702dc1d972b95a1cade5a3180170016058496eeaba965344a0916
412d9962fe0069b1,068,train,ICDAR2019_SROIE,NON_INDIAN,OFFDOMAIN_OCR_PRACTICE_RECEIPTS,receipt_scan,932,1771,402c29c5a71c853f4f337bc39c06f6fce10a7e08af5a7d668e7f3dbc50118aca
e395b3bf9a50d3cc,174,train,ICDAR2019_SROIE,NON_INDIAN,OFFDOMAIN_OCR_PRACTICE_RECEIPTS,receipt_scan,936,1858,6c8e76da948ea2d867379d85e38e5525005c409556507dedcedf7b65c0d29c5d
729c325db4bc8f8c,172,train,ICDAR2019_SROIE,NON_INDIAN,OFFDOMAIN_OCR_PRACTICE_RECEIPTS,receipt_scan,940,2594,102ec3739c3a9920b6f7b159f10b0d2936879816de5556c96def7f1bac73801a
9f95af88bebb24ab,503,train,ICDAR2019_SROIE,NON_INDIAN,OFFDOMAIN_OCR_PRACTICE_RECEIPTS,receipt_scan,623,1511,bd7b3dd98fdc767cd08cc26c4b36b84359136dff66a3792a0101a8f2b1e86679
c7338c9038914857,293,train,ICDAR2019_SROIE,NON_INDIAN,OFFDOMAIN_OCR_PRACTICE_RECEIPTS,receipt_scan,4961,7016,60a8d5029b38629f525ecc4c0f52005990139cc5dde6f9842678226bfbe52af3
78047031b1be3ecc,586,test,ICDAR2019_SROIE,NON_INDIAN,OFFDOMAIN_OCR_PRACTICE_RECEIPTS,receipt_scan,748,1271,790e9f0fe0c17fc4daf8556316b91e56c50c7837798b49ce2e87685549b88a5a
c3b3044149cb7d30,508,train,ICDAR2019_SROIE,NON_INDIAN,OFFDOMAIN_OCR_PRACTICE_RECEIPTS,receipt_scan,591,1783,65cc9ae0277665ab9eac8959393a28cffec224821d8d7a9ba673142072389a51
10cba5e8bc0654d6,138,train,ICDAR2019_SROIE,NON_INDIAN,OFFDOMAIN_OCR_PRACTICE_RECEIPTS,receipt_scan,932,1780,f9d4db0652932b1ece4ce10107eaa26bf42717f47301a63f68d1cb6ccc599894
c542476e78063cd1,335,val,ICDAR2019_SROIE,NON_INDIAN,OFFDOMAIN_OCR_PRACTICE_RECEIPTS,receipt_scan,621,1264,134e121c5c4ebbeff6a75885930422b8edb57dc308c4c5b10c3b9cd297d35656
99c33daf71ab12f0,376,train,ICDAR2019_SROIE,NON_INDIAN,OFFDOMAIN_OCR_PRACTICE_RECEIPTS,receipt_scan,616,1224,9af0dd2996e7f154d1991fbbb7b80701572ad3d37a987cf2b9a0741b3f0092c5
375a823c60355a2d,115,train,ICDAR2019_SROIE,NON_INDIAN,OFFDOMAIN_OCR_PRACTICE_RECEIPTS,receipt_scan,933,1861,098c52e6376624bb40762e10b6da643cac97849c27ded974a33eaf8a88ba90b8
f7bed120a6b3493e,527,test,ICDAR2019_SROIE,NON_INDIAN,OFFDOMAIN_OCR_PRACTICE_RECEIPTS,receipt_scan,4961,7016,aae1c74002006b6edb8e22a6810275c659892df7cba007cc10ba48af940c28e1
59d0ec91df5c3517,554,train,ICDAR2019_SROIE,NON_INDIAN,OFFDOMAIN_OCR_PRACTICE_RECEIPTS,receipt_scan,757,1204,bbd16d43a56489c93322d63350c27bef9e7ce5590595010ba9468d476af463a0
437a090f1cb480d7,219,train,ICDAR2019_SROIE,NON_INDIAN,OFFDOMAIN_OCR_PRACTICE_RECEIPTS,receipt_scan,813,1337,bcd1d2861b332f2fb2e9a03d856d78a362d204ca1ba7d577fa7dab076ec1dc87
0d1af2f39dcb157b,197,train,ICDAR2019_SROIE,NON_INDIAN,OFFDOMAIN_OCR_PRACTICE_RECEIPTS,receipt_scan,705,1844,d6580b05d1f58e2b595ed9c93ed177032a5e8ebd7add8f7f4d56467ed575406e
2d4e856dfdff4e4c,192,test,ICDAR2019_SROIE,NON_INDIAN,OFFDOMAIN_OCR_PRACTICE_RECEIPTS,receipt_scan,932,1838,9f0fd7b540daeaae005971d4dae2ff56075ba1a3e7430ebe8b46120b1309d977
3f94bd82c0fcf66e,103,train,ICDAR2019_SROIE,NON_INDIAN,OFFDOMAIN_OCR_PRACTICE_RECEIPTS,receipt_scan,943,1871,0ab422bd3cd767b823c44ea612e7ccc97ead8a66a1c72d7a16773bb4bf9c6af8
554e6d659b3977e3,032,train,ICDAR2019_SROIE,NON_INDIAN,OFFDOMAIN_OCR_PRACTICE_RECEIPTS,receipt_scan,1080,1527,913b015e5926d9b1dbce40c7650b26fcc35ed94687e083f6ee7f4460c83e56b3
573c176785742e94,137,train,ICDAR2019_SROIE,NON_INDIAN,OFFDOMAIN_OCR_PRACTICE_RECEIPTS,receipt_scan,932,1865,0b717476873c591bd9a1e77fd7d6aa5d5174443c777f4bfff9fd43226d1206e4
5b95b40e5e2b94ad,526,train,ICDAR2019_SROIE,NON_INDIAN,OFFDOMAIN_OCR_PRACTICE_RECEIPTS,receipt_scan,4961,7016,13818cb1cfd5c19bb76c9d7d8cf0745c1391062cd004e8417a3a76a4bcbedf79
93f2353309821105,533,train,ICDAR2019_SROIE,NON_INDIAN,OFFDOMAIN_OCR_PRACTICE_RECEIPTS,receipt_scan,4961,7016,5b2feea99088bb4160cab5ae5256611ff54c8056c6253d98ccf00c32e9f1fcf5
7e26e5ccaca4eec7,161,train,ICDAR2019_SROIE,NON_INDIAN,OFFDOMAIN_OCR_PRACTICE_RECEIPTS,receipt_scan,932,1368,56f231c5ce79ee5b3ccbc7b59b13d302f94534c9178961b468e0c9ba7463c182
8ae22b24556088a4,580,test,ICDAR2019_SROIE,NON_INDIAN,OFFDOMAIN_OCR_PRACTICE_RECEIPTS,receipt_scan,936,1665,4bd640ffb23083ba0f4ba8e6011e99f11f8eda5df7d044738d2341b1d4801ef0
5699ac89659bd0d9,200,val,ICDAR2019_SROIE,NON_INDIAN,OFFDOMAIN_OCR_PRACTICE_RECEIPTS,receipt_scan,714,1463,a6052083dfd5d0a6932e0e61eff004aa6b10cac66489b3e0bf4961d4f858a3cf
765cd2a0035f0a0e,570,train,ICDAR2019_SROIE,NON_INDIAN,OFFDOMAIN_OCR_PRACTICE_RECEIPTS,receipt_scan,932,1826,fa22b269636ee785751c8b80256955b20c2af71cd0e7de67c028a00830719127
d4a8d7ae396e39f9,475,train,ICDAR2019_SROIE,NON_INDIAN,OFFDOMAIN_OCR_PRACTICE_RECEIPTS,receipt_scan,619,1555,a33d4b08248d00798d321ce2b7a1633fe8e258cb694dc6fa78cc64a5b83a0c9b
de14ce70f3096e52,262,train,ICDAR2019_SROIE,NON_INDIAN,OFFDOMAIN_OCR_PRACTICE_RECEIPTS,receipt_scan,705,1276,7379405ceaf949151d6c4d0602e0bcd32e3dd5f5b9f64d3490511ab849809029
d1bb1ccb303f70b6,359,val,ICDAR2019_SROIE,NON_INDIAN,OFFDOMAIN_OCR_PRACTICE_RECEIPTS,receipt_scan,616,1150,3bd27b6089fa8d70b47c96c1a7fc95c78e7e3d7b9291815e284a287debaef72f
57e3a6b961cef1b1,440,train,ICDAR2019_SROIE,NON_INDIAN,OFFDOMAIN_OCR_PRACTICE_RECEIPTS,receipt_scan,4961,7016,3e407e6686b67e6243e9352ac8db40d06a73541757865af14e7b31e39363a19a
8db1194d25569043,166,test,ICDAR2019_SROIE,NON_INDIAN,OFFDOMAIN_OCR_PRACTICE_RECEIPTS,receipt_scan,812,2864,25b987cd8c5536c2e3154fbdc0e66917c26437b1f01a992462d6f452f70099ce
2547df04678023ae,370,test,ICDAR2019_SROIE,NON_INDIAN,OFFDOMAIN_OCR_PRACTICE_RECEIPTS,receipt_scan,620,1276,ebe7f5296b739d9a0a049ae40c1e61b55c53ef344c6728de852effd2815d422a
6ab23fe84c350b27,181,test,ICDAR2019_SROIE,NON_INDIAN,OFFDOMAIN_OCR_PRACTICE_RECEIPTS,receipt_scan,831,1331,e5932b5932013efa8b9aac59d037c73fa6aeae4124a18c4203dcd79a1d8fc49c
4344709b97700693,062,test,ICDAR2019_SROIE,NON_INDIAN,OFFDOMAIN_OCR_PRACTICE_RECEIPTS,receipt_scan,753,1305,d38e2ec5bc8c2a1bc0df0ab5b7e6e1698aa10f28835a97610945b33e276c8d82
fdea68c0e2281bb9,099,train,ICDAR2019_SROIE,NON_INDIAN,OFFDOMAIN_OCR_PRACTICE_RECEIPTS,receipt_scan,814,1477,4397571860680afff33a9b45f41d504a476800f41b7c3b1a381239415411e890
d7f4a804a2cb393a,464,train,ICDAR2019_SROIE,NON_INDIAN,OFFDOMAIN_OCR_PRACTICE_RECEIPTS,receipt_scan,4961,7016,7e87b65add95a916ccb59ef05853fa2dd8595314dd3bd8684729391768b34857
88dc234ec4281d74,097,train,ICDAR2019_SROIE,NON_INDIAN,OFFDOMAIN_OCR_PRACTICE_RECEIPTS,receipt_scan,741,1733,8fb2435c87558cd032de090a812b375d1413ae1cd9b6e67239e5f1e08882cf0f
380605b807364e35,047,test,ICDAR2019_SROIE,NON_INDIAN,OFFDOMAIN_OCR_PRACTICE_RECEIPTS,receipt_scan,1080,1527,8e25be1f2eb5d25debf4edfe8e6c6de43b2dfe1cd4e0fcf317d2bb5429621d3c
95a28f65f5b15ad1,569,train,ICDAR2019_SROIE,NON_INDIAN,OFFDOMAIN_OCR_PRACTICE_RECEIPTS,receipt_scan,932,1964,96da62cbf4a3c6b97c4842da4b7c914526336f68d776f0b82dbf2a91a6b034de
fa14d36208e9a09f,434,val,ICDAR2019_SROIE,NON_INDIAN,OFFDOMAIN_OCR_PRACTICE_RECEIPTS,receipt_scan,4846,6689,c76a9c0770811fe76cf7c29b1dc71da9c4e2e478483c23969d277fd2c5c52c8f
c952d844b600b88f,186,train,ICDAR2019_SROIE,NON_INDIAN,OFFDOMAIN_OCR_PRACTICE_RECEIPTS,receipt_scan,702,1466,4c1ec655452533a51b7460724e8b3b974cf3da7131338d064208838869ee9f2e
9f09d259c8524a88,264,train,ICDAR2019_SROIE,NON_INDIAN,OFFDOMAIN_OCR_PRACTICE_RECEIPTS,receipt_scan,712,1957,f20cd4e3f29fce218701bd12d85809c374cd19464413f2b23f6f9ceb7e57aff7
563545975b08e8b9,491,test,ICDAR2019_SROIE,NON_INDIAN,OFFDOMAIN_OCR_PRACTICE_RECEIPTS,receipt_scan,623,1719,e99f6f07e5f601ae5ff8fa3b878ffb6cc6ff1d223a7d9ef565a7df9f98cb9559
c61f1657626f3622,105,val,ICDAR2019_SROIE,NON_INDIAN,OFFDOMAIN_OCR_PRACTICE_RECEIPTS,receipt_scan,713,2066,f501529a447f003e2f542b827933c2e72b7e6edca53be15c02d01161a1429221
48980035baa635ac,583,train,ICDAR2019_SROIE,NON_INDIAN,OFFDOMAIN_OCR_PRACTICE_RECEIPTS,receipt_scan,532,1271,40fa74e9dc9391d5d2505756842b4a0883fd327692c258ec0cf6c3dd92288339
d036c082042c8b2e,318,train,ICDAR2019_SROIE,NON_INDIAN,OFFDOMAIN_OCR_PRACTICE_RECEIPTS,receipt_scan,623,1207,1cc15c54ef1edca697faa5bd786b4c58d89d1a81b2edd0d59cd19df45c99a877
ca9cc0db69f437e8,204,val,ICDAR2019_SROIE,NON_INDIAN,OFFDOMAIN_OCR_PRACTICE_RECEIPTS,receipt_scan,708,1330,13c6097a2b6c1c90825e591916479a67298a79b240ebc63a403b8c8ba26aa6a1
642cb3098cdd2035,361,train,ICDAR2019_SROIE,NON_INDIAN,OFFDOMAIN_OCR_PRACTICE_RECEIPTS,receipt_scan,612,1208,4bbfdfca210a311a12981f0c06d9ff31e9b5958fe5766d62cc2463606f66112b
5741ca33f22183b9,462,val,ICDAR2019_SROIE,NON_INDIAN,OFFDOMAIN_OCR_PRACTICE_RECEIPTS,receipt_scan,4945,6981,e2db5494259b267bfd60b9df3d360a81cdda1030b3703b46ad9c609e4fd301ea
050424f813207f6b,048,test,ICDAR2019_SROIE,NON_INDIAN,OFFDOMAIN_OCR_PRACTICE_RECEIPTS,receipt_scan,1080,1527,6dccc6acd2697a85f14d9ef06c24b7b30faee2ccf5250bff313dc833bbb467e5
992f6747c6d8f35e,295,val,ICDAR2019_SROIE,NON_INDIAN,OFFDOMAIN_OCR_PRACTICE_RECEIPTS,receipt_scan,4961,7016,29867c430cecae63172fd9cd9be12fd1572b161825fd9d64f934052f795caf52
c4d6956a676eb8dc,354,test,ICDAR2019_SROIE,NON_INDIAN,OFFDOMAIN_OCR_PRACTICE_RECEIPTS,receipt_scan,621,1296,f0aba54033b2038be52580f5b9cd495d9186d92171581de1887a7a97866c1c01
6aa81183e700f975,281,train,ICDAR2019_SROIE,NON_INDIAN,OFFDOMAIN_OCR_PRACTICE_RECEIPTS,receipt_scan,4945,6981,54662caa54c39676a7e159b8392b66acd65be734b7c9e5aada67c105349df8f7
9c0004bfa27a674c,493,train,ICDAR2019_SROIE,NON_INDIAN,OFFDOMAIN_OCR_PRACTICE_RECEIPTS,receipt_scan,619,1547,a3cf304572ffbff1dac112a0da2f2e9a8f157301e471a46e990ed9bdd7510774
5e65071e8c983a58,502,train,ICDAR2019_SROIE,NON_INDIAN,OFFDOMAIN_OCR_PRACTICE_RECEIPTS,receipt_scan,619,1607,888efc660bb5dbad191a3eb86bb9cfa974ad6be0bf17146fe2aa3ad303211ab7
ca67b4179d2a331c,623,train,ICDAR2019_SROIE,NON_INDIAN,OFFDOMAIN_OCR_PRACTICE_RECEIPTS,receipt_scan,791,1932,809ee8e3b507541fa288712daf2b0a3703af7e25ef6a0f4bfe8fcddc3df39435
d3b3605dd23713f3,014,train,ICDAR2019_SROIE,NON_INDIAN,OFFDOMAIN_OCR_PRACTICE_RECEIPTS,receipt_scan,780,2044,096a23d4824ba6f370defe01768be25a28a39d6fd273391b9e045191443e2956
377f7f31b4dae72b,230,val,ICDAR2019_SROIE,NON_INDIAN,OFFDOMAIN_OCR_PRACTICE_RECEIPTS,receipt_scan,807,2033,9bc92dc8289bcdd868dbe6dee1358bdf68218ee4292da1e81dec555373d34b8a
2e720534ec6e7300,090,train,ICDAR2019_SROIE,NON_INDIAN,OFFDOMAIN_OCR_PRACTICE_RECEIPTS,receipt_scan,963,2260,9c1ec2a22a99cacf60a2a997f8b11fd2a118a8749fb2d447de59a9074d3441bd
38d4701a55b3b6c8,578,train,ICDAR2019_SROIE,NON_INDIAN,OFFDOMAIN_OCR_PRACTICE_RECEIPTS,receipt_scan,888,1741,736fe4da7a5bab34a44c19d0f140aad3c2eb4bab33eb34d9aff2434146f9f3f4
9e7dcfc1169b681f,365,train,ICDAR2019_SROIE,NON_INDIAN,OFFDOMAIN_OCR_PRACTICE_RECEIPTS,receipt_scan,620,1176,3b63dc6f6ed4dffbb327e5b0186e1e5ba04be6d78c84eb7c04ee2025231e2788
8fc5572435d9e800,005,train,ICDAR2019_SROIE,NON_INDIAN,OFFDOMAIN_OCR_PRACTICE_RECEIPTS,receipt_scan,463,605,44a286c3d1a2962115dd06bf7987924ddfdd7e7254f54c7e849f1140f14f7d63
9f2657d7cc150aa8,489,train,ICDAR2019_SROIE,NON_INDIAN,OFFDOMAIN_OCR_PRACTICE_RECEIPTS,receipt_scan,623,1475,6c09da188593f8bace342f193724cf4bc9a0c63383716b065159f1126da4deaa
dc506b99e3a105a4,444,val,ICDAR2019_SROIE,NON_INDIAN,OFFDOMAIN_OCR_PRACTICE_RECEIPTS,receipt_scan,787,1490,e8a1f9790fe5db8b9512a308999c918381ab80728d21a56ef674bfa4c1adbb09
85dbd6bb6b4c39d9,598,train,ICDAR2019_SROIE,NON_INDIAN,OFFDOMAIN_OCR_PRACTICE_RECEIPTS,receipt_scan,932,2167,9da1e9e19daa9c3fdac10a73c3778a3e6b9aaf5d2b85475d0bc240d9abce0fdf
a57222a3aaaea6a6,201,test,ICDAR2019_SROIE,NON_INDIAN,OFFDOMAIN_OCR_PRACTICE_RECEIPTS,receipt_scan,710,1227,7e0b3be4e305e8fa9675b7baf24fa47cd1f5541e204abe3f27d1ecb7cbc7341d
198c177bf2a9eb37,310,val,ICDAR2019_SROIE,NON_INDIAN,OFFDOMAIN_OCR_PRACTICE_RECEIPTS,receipt_scan,4961,7016,56369d0ca49bb0448f115c79792f1a22ed39a95160c92328df0dbe1dd4bd869d
8926dbbab2e3382d,555,train,ICDAR2019_SROIE,NON_INDIAN,OFFDOMAIN_OCR_PRACTICE_RECEIPTS,receipt_scan,825,2135,aee24b0dbfee0391211827219d5b6c250f313c23a089cebe88f9c55cefad0a18
d3b5b73ed6d335fe,450,train,ICDAR2019_SROIE,NON_INDIAN,OFFDOMAIN_OCR_PRACTICE_RECEIPTS,receipt_scan,775,1500,42be2e039e022bb1efa31c5807f5a7db204c59efdf2211782dc02aced9630e7a
0d2601dfbeca3d5e,300,train,ICDAR2019_SROIE,NON_INDIAN,OFFDOMAIN_OCR_PRACTICE_RECEIPTS,receipt_scan,4961,7016,45b0fb84aead11b68c337965f0fe99b4b2dd5dd4adf8810e93476a33d447d8a8
d64d2608eec32ae5,511,train,ICDAR2019_SROIE,NON_INDIAN,OFFDOMAIN_OCR_PRACTICE_RECEIPTS,receipt_scan,587,1783,e1d7733e618ae2ca661d70d4d9f5567ee469af84f589aa712d2eb2fd0b08b23a
bacade7a362a850e,453,train,ICDAR2019_SROIE,NON_INDIAN,OFFDOMAIN_OCR_PRACTICE_RECEIPTS,receipt_scan,704,1404,58e3d0ab5333a2f8c05a3d60d1c66fe05f7f433d6ca676b7402c4723da5f3f30
fd7c26b85469a1ca,092,train,ICDAR2019_SROIE,NON_INDIAN,OFFDOMAIN_OCR_PRACTICE_RECEIPTS,receipt_scan,793,1373,98aef8c42ada418a5c8aa1976e2e5c9df07805541081f7ac31bf9368cf65c523
5dd0c65833b1e8e0,612,train,ICDAR2019_SROIE,NON_INDIAN,OFFDOMAIN_OCR_PRACTICE_RECEIPTS,receipt_scan,646,1267,3573c6178740af4c29090c9208bcb2269d91a11607bb9f1b0a86dcb1132721cb
d75e1121c0f8cba5,574,train,ICDAR2019_SROIE,NON_INDIAN,OFFDOMAIN_OCR_PRACTICE_RECEIPTS,receipt_scan,751,1324,afaea33da5f2551b0e7c8cc908e7f28cf3162edad783b78e6e5c3c069a43c0b1
26e1ee583bc656f2,352,train,ICDAR2019_SROIE,NON_INDIAN,OFFDOMAIN_OCR_PRACTICE_RECEIPTS,receipt_scan,588,1216,ec9185fcebc02a44e1e360707bca3fa5e55e6ed891da462465c36843500d4877
8ca4540b6884871c,118,test,ICDAR2019_SROIE,NON_INDIAN,OFFDOMAIN_OCR_PRACTICE_RECEIPTS,receipt_scan,935,1970,4b3b37487160133d34172ae28e77c7967d9fc9bdf001c9b3565c66438c4d317b
0e55bfe6774d4659,395,val,ICDAR2019_SROIE,NON_INDIAN,OFFDOMAIN_OCR_PRACTICE_RECEIPTS,receipt_scan,932,1659,c9aecdd560d9af9a1f34bcdeb88be17c71c655bb671d2428b0b17fb84299ab3f
2104136e1023537a,413,test,ICDAR2019_SROIE,NON_INDIAN,OFFDOMAIN_OCR_PRACTICE_RECEIPTS,receipt_scan,754,1279,472e1c0711b84fddeb10f3261a64d97e4d8113202657c24544ce8900a5254bc8
4cb8d0a60dbab80d,049,train,ICDAR2019_SROIE,NON_INDIAN,OFFDOMAIN_OCR_PRACTICE_RECEIPTS,receipt_scan,1080,1527,85389cfd2e453271245b9902216f94a0cc9b076890822ab6808645684b283186
f4d52bef91d7ee11,301,train,ICDAR2019_SROIE,NON_INDIAN,OFFDOMAIN_OCR_PRACTICE_RECEIPTS,receipt_scan,4961,7016,74e81c7680861c3fea859fd544718af75498ff60335d80c58aad038cdeae1bfd
e03c24ecf88a00ad,187,test,ICDAR2019_SROIE,NON_INDIAN,OFFDOMAIN_OCR_PRACTICE_RECEIPTS,receipt_scan,740,1863,e90cec23cf07dda16d9b7b5a90d45dc32115701a437480d67e49d12b974790d6
42e5cd5c88935aa3,208,test,ICDAR2019_SROIE,NON_INDIAN,OFFDOMAIN_OCR_PRACTICE_RECEIPTS,receipt_scan,698,1448,e3f51f141846c7783ba4e7528a9aad321cd018d9581da78ef45a808d51f23e85
14c068e3a813ab37,373,train,ICDAR2019_SROIE,NON_INDIAN,OFFDOMAIN_OCR_PRACTICE_RECEIPTS,receipt_scan,604,1172,d1db57509e1e5356ae2fe873377792fe2f98b6fdd14ba4df46b67b62ec32b5c4
9275c2df35ad7833,408,train,ICDAR2019_SROIE,NON_INDIAN,OFFDOMAIN_OCR_PRACTICE_RECEIPTS,receipt_scan,932,2044,01b36f55e33e37d07a8d049f82d753d70930bd850ec3fb395573d64bfcb8211b
2e13b591601cbe35,235,train,ICDAR2019_SROIE,NON_INDIAN,OFFDOMAIN_OCR_PRACTICE_RECEIPTS,receipt_scan,744,1458,31f17bb53f9fb627b15f28d0b9ae206e43827c61fdfb4ffdcd60f92c2ab97f85
b3f350a68dfb92f5,203,test,ICDAR2019_SROIE,NON_INDIAN,OFFDOMAIN_OCR_PRACTICE_RECEIPTS,receipt_scan,710,1451,cb2950365a2f868257b78b1bf1d0e1d7d88214819308338a6885052fac1eaab3
828dd459f73dfb90,006,train,ICDAR2019_SROIE,NON_INDIAN,OFFDOMAIN_OCR_PRACTICE_RECEIPTS,receipt_scan,457,1170,37d946848416af4747cecc6563d0b91b2ed39a8d46222b1647d546c59ae43dad
f63778e531eab73a,342,val,ICDAR2019_SROIE,NON_INDIAN,OFFDOMAIN_OCR_PRACTICE_RECEIPTS,receipt_scan,616,1182,4849c8a43d248c7eeec02dc1c304c1d59f4c8186b0db3ca3bac9a583f67faf17
9a328bdc3f312e05,315,train,ICDAR2019_SROIE,NON_INDIAN,OFFDOMAIN_OCR_PRACTICE_RECEIPTS,receipt_scan,587,1471,eb7a0ce8778e60e1ddd9133fbe14a72356c8ac7c1a285cfe2cd90b7f4c955597
e967dc83408cb308,418,train,ICDAR2019_SROIE,NON_INDIAN,OFFDOMAIN_OCR_PRACTICE_RECEIPTS,receipt_scan,884,2104,b8d4193f9f2d132da39f2c8e1356bcb11dd3ce9240840921999ebe0c396f8b47
e11aa49bd41b3f77,484,train,ICDAR2019_SROIE,NON_INDIAN,OFFDOMAIN_OCR_PRACTICE_RECEIPTS,receipt_scan,623,1555,63899cb7aa2023894afa53d1359364721d2cd963beab4777368a26acb0df6a4e
8de339461c587577,600,test,ICDAR2019_SROIE,NON_INDIAN,OFFDOMAIN_OCR_PRACTICE_RECEIPTS,receipt_scan,884,1854,322e22f85f95089d11f745dd59609198c17bbae1f3896850c693bf1d70344426
974f91a799c09c21,420,train,ICDAR2019_SROIE,NON_INDIAN,OFFDOMAIN_OCR_PRACTICE_RECEIPTS,receipt_scan,532,1336,6926d2d21d158b15c1225c4cc52fd192f517de78fc647c7545e002fad737b334
a809a9f2f8cd68c7,505,train,ICDAR2019_SROIE,NON_INDIAN,OFFDOMAIN_OCR_PRACTICE_RECEIPTS,receipt_scan,591,1779,15ed32e21a18a30658eb92bc603647d7858b6004ac5bd65c7ae49b1323f62668
e74497a56dba1e4b,280,test,ICDAR2019_SROIE,NON_INDIAN,OFFDOMAIN_OCR_PRACTICE_RECEIPTS,receipt_scan,743,1454,7803bc50b134e5b2fa90e71a6398c866a56f82f8dfe6cadfea9fdde665a42304
55f8a093ea5bb087,254,train,ICDAR2019_SROIE,NON_INDIAN,OFFDOMAIN_OCR_PRACTICE_RECEIPTS,receipt_scan,707,1688,f1aa10deb8cf1ce5d851c35aa3194291c03fdf4238ac04c580ae11dd94d988d7
af2547f372cf5de6,576,train,ICDAR2019_SROIE,NON_INDIAN,OFFDOMAIN_OCR_PRACTICE_RECEIPTS,receipt_scan,750,1471,3adfcdf65d2b0188dc8577f52ba6ea734b3fb146c005bf413a718f69119debd9
9aa60bd02723cc1f,117,train,ICDAR2019_SROIE,NON_INDIAN,OFFDOMAIN_OCR_PRACTICE_RECEIPTS,receipt_scan,932,2169,4619b1168dcda03a6281ac27e7fc92c4e7aa065cb9d9cc344de55727dfa87712
e42f912d3a2cade8,273,train,ICDAR2019_SROIE,NON_INDIAN,OFFDOMAIN_OCR_PRACTICE_RECEIPTS,receipt_scan,751,1370,28b8c010723482096668742c9506e5fd1f37bbbd11f55144955860f5e26cb376
cd729abb5efe1dda,476,train,ICDAR2019_SROIE,NON_INDIAN,OFFDOMAIN_OCR_PRACTICE_RECEIPTS,receipt_scan,615,1407,4fdc64f9e7698f52b9e6bf5fb2faf5b30bef2612b11f5d447c30449f44b13dbe
bc5ab5be05851a74,169,train,ICDAR2019_SROIE,NON_INDIAN,OFFDOMAIN_OCR_PRACTICE_RECEIPTS,receipt_scan,932,1920,171ef58e84561848a2e0c71bf8bfdb04c79e642bb01a1bdeff3aff2e1a9bd7b5
9e1f3b37faa766ca,338,val,ICDAR2019_SROIE,NON_INDIAN,OFFDOMAIN_OCR_PRACTICE_RECEIPTS,receipt_scan,620,1200,a39a9e58e7827b4e9387ad5140afa115af6a426993135db904971e0b2582e955
69eda81e01713a7a,528,train,ICDAR2019_SROIE,NON_INDIAN,OFFDOMAIN_OCR_PRACTICE_RECEIPTS,receipt_scan,4961,7016,eb0793fbb13560a72189b68995e52cdef7538364d096cf20e94a36bb824f369f
be540bcb2e00c9ce,171,val,ICDAR2019_SROIE,NON_INDIAN,OFFDOMAIN_OCR_PRACTICE_RECEIPTS,receipt_scan,816,2229,85b33377777055571f852327cbe61d304356abb10f03f0452ee11627adf39537
ddb7985553e52b81,616,train,ICDAR2019_SROIE,NON_INDIAN,OFFDOMAIN_OCR_PRACTICE_RECEIPTS,receipt_scan,928,1662,d94d1670b9f24d69e2d7a517f6893d21f937af1cf627acdc8d614c4e4e2d202b
1440aed7beddf8bd,168,val,ICDAR2019_SROIE,NON_INDIAN,OFFDOMAIN_OCR_PRACTICE_RECEIPTS,receipt_scan,884,1963,8365b017e5f68e074263b97908e489cd7cd4ebed2da75b83a7754cd53024fcbf
fb02fa9d9a809450,283,train,ICDAR2019_SROIE,NON_INDIAN,OFFDOMAIN_OCR_PRACTICE_RECEIPTS,receipt_scan,4961,7016,d536ae1ecfc982d16611f79b4d2259d2217997d169bc88d22e633465ec30ae75
6f09f4fcbb4a1d46,537,train,ICDAR2019_SROIE,NON_INDIAN,OFFDOMAIN_OCR_PRACTICE_RECEIPTS,receipt_scan,4961,7016,f24e35a3a72ce5714b1dc3ad500181b822b9cc0a2a6b73e9c4e61ad49555f8be
3a0afd217005ae1c,615,train,ICDAR2019_SROIE,NON_INDIAN,OFFDOMAIN_OCR_PRACTICE_RECEIPTS,receipt_scan,924,1771,cc615b653a98298cf1cd42be32e6e8bcd06b1c5af8da7819461dd631b66691b2
876ea19def7ea8e9,492,train,ICDAR2019_SROIE,NON_INDIAN,OFFDOMAIN_OCR_PRACTICE_RECEIPTS,receipt_scan,619,1407,4a6b5c43f4aecc0d2f32eccd5e598ef442829d8d91b6b7736e48a422ce87ccc6
b27c31f5520493bd,538,val,ICDAR2019_SROIE,NON_INDIAN,OFFDOMAIN_OCR_PRACTICE_RECEIPTS,receipt_scan,4961,7016,b39588e202552231054ecca3ff4304c31e3af247296372fb22bbd507f4a68f08
31c68df2a37d3a5f,057,test,ICDAR2019_SROIE,NON_INDIAN,OFFDOMAIN_OCR_PRACTICE_RECEIPTS,receipt_scan,1080,1527,9151a50b0b899941b4eda1c204cce615edd0f231c97b23734d03827d8034ff66
d960f3343c2274e7,552,train,ICDAR2019_SROIE,NON_INDIAN,OFFDOMAIN_OCR_PRACTICE_RECEIPTS,receipt_scan,791,1453,4325578f6d568887fbdad4fb439241281a757d91f53d34d7e6b9af55875f905a
7c1e7fe6f894a855,303,test,ICDAR2019_SROIE,NON_INDIAN,OFFDOMAIN_OCR_PRACTICE_RECEIPTS,receipt_scan,4961,7016,d1619a265a605aaa937cb79cd33157cce9449b37127b453998a6c3bd5f27cd7f
88de2edf73193432,010,train,ICDAR2019_SROIE,NON_INDIAN,OFFDOMAIN_OCR_PRACTICE_RECEIPTS,receipt_scan,873,1656,ae9ee3b5dc0860c10753b9fa37adc88f424e72cc546cf68ad3bc0e7d4287af7d
707c8a41b2bd0029,164,val,ICDAR2019_SROIE,NON_INDIAN,OFFDOMAIN_OCR_PRACTICE_RECEIPTS,receipt_scan,932,1708,ab0a2b4ce3102c1aee4fdecbc17427c1b6389f1cbb08fff3226507942eb45666
dfd6c451fdf2cc17,421,test,ICDAR2019_SROIE,NON_INDIAN,OFFDOMAIN_OCR_PRACTICE_RECEIPTS,receipt_scan,532,1502,b43fa6e1efb3635ca8ebf7a5de0bde5bab75ee24009ecffa3f4169b9e4e29387
991603b5fddd2880,220,val,ICDAR2019_SROIE,NON_INDIAN,OFFDOMAIN_OCR_PRACTICE_RECEIPTS,receipt_scan,748,1457,43c11c3a3882938d3365f621672089a85ae2a878ddfa6062b08a4ef286230b5e
d388b8b08da6bfad,000,train,ICDAR2019_SROIE,NON_INDIAN,OFFDOMAIN_OCR_PRACTICE_RECEIPTS,receipt_scan,463,1013,8b85d2c325c68579b53446177602709a8f8faeeec710912f62b6ad369234887c
04f494bd0fd8b354,525,train,ICDAR2019_SROIE,NON_INDIAN,OFFDOMAIN_OCR_PRACTICE_RECEIPTS,receipt_scan,4961,7016,c8ec390866ff730437e0a5327653cf5dd321e9481de77cbbc0a192ddb39cdf8e
0b263aeac76d1d36,485,test,ICDAR2019_SROIE,NON_INDIAN,OFFDOMAIN_OCR_PRACTICE_RECEIPTS,receipt_scan,623,1519,5354ca3a3c2ea121dc9b307c0ec8f1c465c39550f55d8952d8e74561ecf0839b
21b2e58f84019422,312,train,ICDAR2019_SROIE,NON_INDIAN,OFFDOMAIN_OCR_PRACTICE_RECEIPTS,receipt_scan,544,1646,8fc15c3088659800e2035ad9794f58ccef1423d464f2df01928db9e84a6344eb
52f72c23bfce7015,385,train,ICDAR2019_SROIE,NON_INDIAN,OFFDOMAIN_OCR_PRACTICE_RECEIPTS,receipt_scan,884,1679,af7b2ebb240d9dd48049e7bf2d4c7a9fe051b57911910781ed6f9ba9adb705d0
d6a43a4cd533ac4f,379,train,ICDAR2019_SROIE,NON_INDIAN,OFFDOMAIN_OCR_PRACTICE_RECEIPTS,receipt_scan,888,2185,a1e07c4587b6557b264edd68487a0e376140cf69dd3d0176b06d380822d8cec3
316b38bd1fa2898c,270,train,ICDAR2019_SROIE,NON_INDIAN,OFFDOMAIN_OCR_PRACTICE_RECEIPTS,receipt_scan,935,3296,b7c661831ae6a94ef6fb68f197537db84fb59728821c5b001c03d99e6dfbcba2
9cd6600562cab7dc,111,train,ICDAR2019_SROIE,NON_INDIAN,OFFDOMAIN_OCR_PRACTICE_RECEIPTS,receipt_scan,934,2789,747df90f6946eae4f7767c3282cbcce227d27f60a50e9fadba0e1ea587301d8d
2a494d4b5ec2a618,023,train,ICDAR2019_SROIE,NON_INDIAN,OFFDOMAIN_OCR_PRACTICE_RECEIPTS,receipt_scan,2481,3508,54c35f4e3b3fe7ef579d1bbc7854351106980986e5537ea267ff4cf640d044e3
48567d40fe71e719,383,train,ICDAR2019_SROIE,NON_INDIAN,OFFDOMAIN_OCR_PRACTICE_RECEIPTS,receipt_scan,888,2904,11a21b3c14fd32dfe34bd489c9499621cdda23769c26f5d854aa8cac2eb81781
f54e9245e1cbe23e,123,train,ICDAR2019_SROIE,NON_INDIAN,OFFDOMAIN_OCR_PRACTICE_RECEIPTS,receipt_scan,932,1973,b2fa267cf5b9402c520dded22e9ee7e9919df012e1360a2923288224fab36ecd
d88d389e7844bba6,160,test,ICDAR2019_SROIE,NON_INDIAN,OFFDOMAIN_OCR_PRACTICE_RECEIPTS,receipt_scan,932,2852,d8be872d9dd35819e2e75c290af65badc1aec90fb9b973e2ff69a666fde1e76c
3f4c6d2965fcfee9,194,train,ICDAR2019_SROIE,NON_INDIAN,OFFDOMAIN_OCR_PRACTICE_RECEIPTS,receipt_scan,704,2587,820ea503a3fe84b8c391298b9658ae5815bc94ea49a602080dc905cc5a28455c
e8627f1c9ed4b8ae,084,train,ICDAR2019_SROIE,NON_INDIAN,OFFDOMAIN_OCR_PRACTICE_RECEIPTS,receipt_scan,932,1644,5a0f086e32d3011bde19da8f34810f840fe438982261263c43c41630966fc3af
29c1235ea98fb3ca,404,train,ICDAR2019_SROIE,NON_INDIAN,OFFDOMAIN_OCR_PRACTICE_RECEIPTS,receipt_scan,932,1432,41d270e523e772ed8ea4aec3ac1c4c0ae91c3b5a50e45feb16ef670e8310e922
86ad0a249b118c8d,124,train,ICDAR2019_SROIE,NON_INDIAN,OFFDOMAIN_OCR_PRACTICE_RECEIPTS,receipt_scan,935,1865,dd012eee9dee7b3c0fbda11ea08650c0263f1060c92a9cb61aea73a4ac4a07e4
b6f04a3da742fcd8,604,train,ICDAR2019_SROIE,NON_INDIAN,OFFDOMAIN_OCR_PRACTICE_RECEIPTS,receipt_scan,928,2143,7e956913850d577401cf97da004e05860c9e3d3131ba77a71bb2dceb43a8ebba
3b7e2c9931453f53,271,test,ICDAR2019_SROIE,NON_INDIAN,OFFDOMAIN_OCR_PRACTICE_RECEIPTS,receipt_scan,708,1463,c3590304886b2dbb7cade3c5eec0f79fe48de9b81e15f7e184af83c104e5142f
ec6c511c415489c2,551,train,ICDAR2019_SROIE,NON_INDIAN,OFFDOMAIN_OCR_PRACTICE_RECEIPTS,receipt_scan,792,1447,8d35e247f0f32c737e4e173f0ccd9d4dbee0c840d2f04942fa30d24739881521
54c7d70f79e48200,086,train,ICDAR2019_SROIE,NON_INDIAN,OFFDOMAIN_OCR_PRACTICE_RECEIPTS,receipt_scan,932,2067,0c95f3d463eceb7e1711cc0a845b22c0270b6f884088ea945e79b362ed616d91
72269f59f1264471,255,val,ICDAR2019_SROIE,NON_INDIAN,OFFDOMAIN_OCR_PRACTICE_RECEIPTS,receipt_scan,709,1283,927c1c6fef9d09e404643766d8e344e179e6078b2fcc82b5473591ffb08b1d98
d96d80b870f09869,360,train,ICDAR2019_SROIE,NON_INDIAN,OFFDOMAIN_OCR_PRACTICE_RECEIPTS,receipt_scan,616,1182,40f2f5dede7c48ec5528139dc7130edca593e9d1ac60a809860c3ed55f17b12b
7feaa8c06fe3a188,131,train,ICDAR2019_SROIE,NON_INDIAN,OFFDOMAIN_OCR_PRACTICE_RECEIPTS,receipt_scan,615,1403,8eb12e0b6fdae8d3e0af9f72d9af59edbfcbee4a2ebfe8844b354501a618a8f3
c654cbd940ae60a1,021,val,ICDAR2019_SROIE,NON_INDIAN,OFFDOMAIN_OCR_PRACTICE_RECEIPTS,receipt_scan,993,2481,92b12e2d5cd73a4e7024a53422f5c86ab01bcf0ad826fe15f302626fcc0396b4
ee951aeda9d1fe56,025,train,ICDAR2019_SROIE,NON_INDIAN,OFFDOMAIN_OCR_PRACTICE_RECEIPTS,receipt_scan,2481,3508,b83b374733bc1a68a3af659d61c31642145101dab0ca9cd965176d4c48bf8939
a2fbd21ed2d5d8e0,252,train,ICDAR2019_SROIE,NON_INDIAN,OFFDOMAIN_OCR_PRACTICE_RECEIPTS,receipt_scan,705,1877,caa992963e1c470488c479c15f84a568ab0be7ac755f0a7936c98abb18cc78db
a5c06bbb2cae8f94,229,train,ICDAR2019_SROIE,NON_INDIAN,OFFDOMAIN_OCR_PRACTICE_RECEIPTS,receipt_scan,828,2022,911fb960c59b897369e9a719786c47bf8be737811b069504815e69cd28021210
17447f1130952378,243,val,ICDAR2019_SROIE,NON_INDIAN,OFFDOMAIN_OCR_PRACTICE_RECEIPTS,receipt_scan,684,1674,246d06a0935c645d6cde3c7311a905c8e14716886ceb3aa90e98bde838eee29a
451df2405ee12200,072,train,ICDAR2019_SROIE,NON_INDIAN,OFFDOMAIN_OCR_PRACTICE_RECEIPTS,receipt_scan,932,2683,f9b9d54f0983bbc45b12a2cf494b8b93580c83c6b702731783f828305847379a
4ffd113516d8c78e,170,train,ICDAR2019_SROIE,NON_INDIAN,OFFDOMAIN_OCR_PRACTICE_RECEIPTS,receipt_scan,932,2253,2a66151fc38b4a7d78435856e1600fe11845c54418932eb152dd1e6d5159939a
1c547c980496d154,381,test,ICDAR2019_SROIE,NON_INDIAN,OFFDOMAIN_OCR_PRACTICE_RECEIPTS,receipt_scan,880,3123,0a348b5b558063ab1358b5039d7cf2bed4160dd263cd7ed8685378afcde0ba10
3d753d61592ad493,515,train,ICDAR2019_SROIE,NON_INDIAN,OFFDOMAIN_OCR_PRACTICE_RECEIPTS,receipt_scan,587,1771,afb0afc93a8e7392c239b5810ac9442a15f0ff01ed2e590eeb7cb7eafdcf636f
c3ad0c5e57718579,334,test,ICDAR2019_SROIE,NON_INDIAN,OFFDOMAIN_OCR_PRACTICE_RECEIPTS,receipt_scan,622,1245,dabdc7f0afdf072dabfd0b6e658dd77387fc59c5455a92181516fc869b17d8a8
e64c49de9aba824b,468,train,ICDAR2019_SROIE,NON_INDIAN,OFFDOMAIN_OCR_PRACTICE_RECEIPTS,receipt_scan,608,1040,503bb74a8e3e42bf0523ece03149977e68ce7dbbbf1b1a7001bd0d8dcc0daaed
fcbc025237cebaec,143,train,ICDAR2019_SROIE,NON_INDIAN,OFFDOMAIN_OCR_PRACTICE_RECEIPTS,receipt_scan,932,1695,90715a5ed0206896811fe171dcfe55c32479e69d0a00b67e58d5971e21ad6b12
b71040b8725e036d,605,test,ICDAR2019_SROIE,NON_INDIAN,OFFDOMAIN_OCR_PRACTICE_RECEIPTS,receipt_scan,932,2214,3b4051f45cadece1c6731ca0c98c06f5ed3e40830ffe6d9718822c47386dcb18
dbcef686c33f38ec,442,train,ICDAR2019_SROIE,NON_INDIAN,OFFDOMAIN_OCR_PRACTICE_RECEIPTS,receipt_scan,792,1301,2be6106b84d350f9f745708f2b516ee6684c862b4c5f0aecbdcc428b0de8637f
28d4d29204fcde0c,364,train,ICDAR2019_SROIE,NON_INDIAN,OFFDOMAIN_OCR_PRACTICE_RECEIPTS,receipt_scan,620,1176,dedc362a14f4dd64d59b93352ca9f7a51319af9457672f478d60a529a0854354
f222970ff1de375e,167,train,ICDAR2019_SROIE,NON_INDIAN,OFFDOMAIN_OCR_PRACTICE_RECEIPTS,receipt_scan,932,1617,c16794e1e3458599bf61adf83b0d3c154483e3e8a51e123c8ef12860cb7795a6
0f38f2d825c664e1,078,val,ICDAR2019_SROIE,NON_INDIAN,OFFDOMAIN_OCR_PRACTICE_RECEIPTS,receipt_scan,936,1841,03c904161066d993ff79505df0df1e1b3a2a678d6922c28bd8423a5d7459b040
48551a3ccce3d34a,369,test,ICDAR2019_SROIE,NON_INDIAN,OFFDOMAIN_OCR_PRACTICE_RECEIPTS,receipt_scan,618,1234,aa5cb2dbd50820c2572489b73dd83a310e59476beac9b58be4d7ce3b37bfd3a6
df855a8ebea4c642,472,train,ICDAR2019_SROIE,NON_INDIAN,OFFDOMAIN_OCR_PRACTICE_RECEIPTS,receipt_scan,619,1475,5cddcfb8ff67dd18ecdda13b12f0bf988a37e7c62ff818faf69007ce21460b1a
fbcc41dd03426bb6,212,test,ICDAR2019_SROIE,NON_INDIAN,OFFDOMAIN_OCR_PRACTICE_RECEIPTS,receipt_scan,747,1180,dab060ae8139a6fd841bba0aea092a5caade7dd5093abc285e5809bf4510117f
fcdb9038de46d919,343,train,ICDAR2019_SROIE,NON_INDIAN,OFFDOMAIN_OCR_PRACTICE_RECEIPTS,receipt_scan,612,1254,5c035dbb8d76ac61658755c121f27dcfa781e969b8678713a9bfdbc0b3e6a0cc
87d3629de2974b04,063,train,ICDAR2019_SROIE,NON_INDIAN,OFFDOMAIN_OCR_PRACTICE_RECEIPTS,receipt_scan,664,1664,feec3cd6dd08f5e7c377a622593988a61e671e6e09064dae9e3f7e079c217a07
ec8ac9aedb99f7d6,473,train,ICDAR2019_SROIE,NON_INDIAN,OFFDOMAIN_OCR_PRACTICE_RECEIPTS,receipt_scan,619,1483,43f57db8d7a34f80b9ea0b06c5393c6d3330c80785514924d97674f44f9c5ff8
7f6ac95c66396efa,050,test,ICDAR2019_SROIE,NON_INDIAN,OFFDOMAIN_OCR_PRACTICE_RECEIPTS,receipt_scan,1080,1528,7f29fb7b6198058a304c9e1699775de42ce6cee2ac3e63cf4a25d972cd240e28
8a5bd4877c3f775b,028,train,ICDAR2019_SROIE,NON_INDIAN,OFFDOMAIN_OCR_PRACTICE_RECEIPTS,receipt_scan,949,1349,a6e05e63aa6ac39241c1c30078ee2fda338a9317de87dce17ade94364c3c2aa7
fc35e69323a48ce3,478,test,ICDAR2019_SROIE,NON_INDIAN,OFFDOMAIN_OCR_PRACTICE_RECEIPTS,receipt_scan,623,1467,9b05f7266570c48f38cd9a18ff8ad8243f3c2c2021382af388a591b3a169f4c9
9a393a8694adc1d4,618,train,ICDAR2019_SROIE,NON_INDIAN,OFFDOMAIN_OCR_PRACTICE_RECEIPTS,receipt_scan,790,1634,088cc361fe5d06bbbb7757ac806aa4b61cc877c1ca99ff5f32e0d194cafe8891
2034ecf6d8092f0a,073,test,ICDAR2019_SROIE,NON_INDIAN,OFFDOMAIN_OCR_PRACTICE_RECEIPTS,receipt_scan,615,931,472f3f2e8be49ce33edee8a09d44932426fc2cfcd2fa4b50d2dd078b40a0454f
95eb42e321086d63,245,train,ICDAR2019_SROIE,NON_INDIAN,OFFDOMAIN_OCR_PRACTICE_RECEIPTS,receipt_scan,748,1574,d68382b2742a43d84ba4ab859bc2a7376a6ea8138549c1ddcc9405e173241b89
f872ebb1d8b8db40,191,train,ICDAR2019_SROIE,NON_INDIAN,OFFDOMAIN_OCR_PRACTICE_RECEIPTS,receipt_scan,942,2020,9f9b775276850ae83fa55435b9af261aa15a6224ec5f91ee8f69a183c4f618fa
555990bb07229573,529,train,ICDAR2019_SROIE,NON_INDIAN,OFFDOMAIN_OCR_PRACTICE_RECEIPTS,receipt_scan,4961,7016,f3d6e513167b55866a0fdbb3e6b84927a82af4dd67447179b125bbf0ef4a9e65
9f46904de8fbb8c0,579,train,ICDAR2019_SROIE,NON_INDIAN,OFFDOMAIN_OCR_PRACTICE_RECEIPTS,receipt_scan,936,1741,5d1ae64a6efbba3763d7c115bd30aefc9f0612f0843a5f854e1d478798cd9610
6880c4479e2b0203,180,train,ICDAR2019_SROIE,NON_INDIAN,OFFDOMAIN_OCR_PRACTICE_RECEIPTS,receipt_scan,735,1889,8b2b5a411bfe1c4c8ae830447363736a17ed29d7e28832f1b928eab616be0b77
6179989767b3e303,466,val,ICDAR2019_SROIE,NON_INDIAN,OFFDOMAIN_OCR_PRACTICE_RECEIPTS,receipt_scan,616,1614,42f8611cde7a14a273a6b10a67794e295e128f62d15dd39a72dc1f5e88c5aab8
95986a6778dce5f7,595,test,ICDAR2019_SROIE,NON_INDIAN,OFFDOMAIN_OCR_PRACTICE_RECEIPTS,receipt_scan,791,1794,ee33f6b6b8f5c35ec2ce6788a0487804a4115c6ad5a2b99265328395a81028d4
37446869b2f249f9,457,train,ICDAR2019_SROIE,NON_INDIAN,OFFDOMAIN_OCR_PRACTICE_RECEIPTS,receipt_scan,621,1280,b497c0189a04467de8b61f9beea734bdc63807b2102a4303b72eec9613c6dcc0
3669478c37b21ec0,089,train,ICDAR2019_SROIE,NON_INDIAN,OFFDOMAIN_OCR_PRACTICE_RECEIPTS,receipt_scan,710,2020,2b281bdbeb00ce5e5dac4c7a306eb201d4d57b47791db71e18ddab86ceebfa27
45bc1ae9eba052cb,122,val,ICDAR2019_SROIE,NON_INDIAN,OFFDOMAIN_OCR_PRACTICE_RECEIPTS,receipt_scan,932,1864,69f0ac05640746713f1c346a4a6cdd2d01927ae328bcf34819a67833f99a71ad
7198e92b88d52902,231,train,ICDAR2019_SROIE,NON_INDIAN,OFFDOMAIN_OCR_PRACTICE_RECEIPTS,receipt_scan,850,2023,6a15b02611606ac78be7f32c2f62a022a84a41b4788215412c90df7a77982337
1672b9734e501114,146,train,ICDAR2019_SROIE,NON_INDIAN,OFFDOMAIN_OCR_PRACTICE_RECEIPTS,receipt_scan,936,2283,f474cab8f1f8db739dbbd0a9f4bfdf5a6904ccb9358510bfefbb479f5989dbda
69fd58aeb85e9301,125,train,ICDAR2019_SROIE,NON_INDIAN,OFFDOMAIN_OCR_PRACTICE_RECEIPTS,receipt_scan,938,1864,6e5d3b94e7c5682d4df46fd1799ef7efc886696a9e4fb87db00a0753378ad8da
ae55b04981dfcb16,556,train,ICDAR2019_SROIE,NON_INDIAN,OFFDOMAIN_OCR_PRACTICE_RECEIPTS,receipt_scan,932,1654,e120123d6ea02169e177dbcae64233faf35e0c0b9d7919eb4ee9218c990354bb
bfed730355574c17,296,train,ICDAR2019_SROIE,NON_INDIAN,OFFDOMAIN_OCR_PRACTICE_RECEIPTS,receipt_scan,4961,7016,e65e0a9e7f175789f8d131d802a1a66dc1e83e967eb9a2d71b417984b25aeb4b
5fedbdca9d40b1f2,451,test,ICDAR2019_SROIE,NON_INDIAN,OFFDOMAIN_OCR_PRACTICE_RECEIPTS,receipt_scan,814,1374,08d38db0af4463c98cefa82ddf22245c9244d49f32c925f249ebd8f207f66f26
664998ee81e9c8b3,601,train,ICDAR2019_SROIE,NON_INDIAN,OFFDOMAIN_OCR_PRACTICE_RECEIPTS,receipt_scan,892,1686,e008cba939fd03693d27ec45fa3d79786201d19c59a7c00131c8e1001904ea7a
53255130ed254566,400,train,ICDAR2019_SROIE,NON_INDIAN,OFFDOMAIN_OCR_PRACTICE_RECEIPTS,receipt_scan,884,2376,f214ce1fff100c3049f847f6aba8b964781187c37c137eca430b6575fb3f4f2f
34745a6a7bf8c8d9,265,train,ICDAR2019_SROIE,NON_INDIAN,OFFDOMAIN_OCR_PRACTICE_RECEIPTS,receipt_scan,701,1399,1cf5d9f324e6b22668a2ad78fbfa28b7515bb7f115ac797d2af29d6552ca6929
a669362d058f534e,238,train,ICDAR2019_SROIE,NON_INDIAN,OFFDOMAIN_OCR_PRACTICE_RECEIPTS,receipt_scan,703,1819,f52296d80601441345507949d634354d34eebaf04a86b9caae705ea72c9481ba
3dc9d8e4538ef866,037,train,ICDAR2019_SROIE,NON_INDIAN,OFFDOMAIN_OCR_PRACTICE_RECEIPTS,receipt_scan,1080,1527,1c740bd37d2a9463ad8de91803c9499e09ea2008898135ca4333e5b09bddf5e5
a995530f0e068c1e,261,train,ICDAR2019_SROIE,NON_INDIAN,OFFDOMAIN_OCR_PRACTICE_RECEIPTS,receipt_scan,708,1699,f6944aa390c0944112e05fa1672418608cf96a375ddd42e25d48f14284ff1afe
6871865e7add21b9,328,test,ICDAR2019_SROIE,NON_INDIAN,OFFDOMAIN_OCR_PRACTICE_RECEIPTS,receipt_scan,616,1192,ee6d86b0fe6ce213fb54d60ee9a1854ec68ae697f0f5f01f56770b7b008f9716
a4273c184bdb070d,274,train,ICDAR2019_SROIE,NON_INDIAN,OFFDOMAIN_OCR_PRACTICE_RECEIPTS,receipt_scan,744,1787,162e17c64b381803acea082d3f33972566249d04c2f5fdc553d4e89e0559f5a7
c2efc3121912f231,149,train,ICDAR2019_SROIE,NON_INDIAN,OFFDOMAIN_OCR_PRACTICE_RECEIPTS,receipt_scan,584,1072,d9ca1bf91702c10135691bda4787837648496d5236fc16a25f803bb769c581a2
03fb140305c6812b,487,test,ICDAR2019_SROIE,NON_INDIAN,OFFDOMAIN_OCR_PRACTICE_RECEIPTS,receipt_scan,623,1539,a5ebc14f7d95e2f1af81eade5b7ea0b474394c6d37e608c4b7a6f803e5f6f4aa
f2188e689fb9a379,302,train,ICDAR2019_SROIE,NON_INDIAN,OFFDOMAIN_OCR_PRACTICE_RECEIPTS,receipt_scan,4953,6993,60732bdd4d759e62ad7cf89d390665d5551bbb839058c53bfc2857cd624b519d
f3def76f6257f9fc,346,train,ICDAR2019_SROIE,NON_INDIAN,OFFDOMAIN_OCR_PRACTICE_RECEIPTS,receipt_scan,616,1176,9aadf7fc0af682666833f3d4f549f698c91d622e52d9b8184750848579b25bfa
6491098d3c5716f8,102,train,ICDAR2019_SROIE,NON_INDIAN,OFFDOMAIN_OCR_PRACTICE_RECEIPTS,receipt_scan,804,2157,101ab1922006452531ec1fcf3fcf9c5c6abaab37c3177d0d9f9d0dcf28f6b0c9
d3e82170fe2692a1,512,train,ICDAR2019_SROIE,NON_INDIAN,OFFDOMAIN_OCR_PRACTICE_RECEIPTS,receipt_scan,591,1395,f89dc1c9721da667662583d00c6c9e092d82a8ce7bdbe43c65636b2a4555df01
eeee8155a129faef,575,train,ICDAR2019_SROIE,NON_INDIAN,OFFDOMAIN_OCR_PRACTICE_RECEIPTS,receipt_scan,748,1397,355a3a129c8d154ef022466966b439003310dc54e9eee99816400e0ea0f2a87a
07fc8813e66b2ed6,553,train,ICDAR2019_SROIE,NON_INDIAN,OFFDOMAIN_OCR_PRACTICE_RECEIPTS,receipt_scan,791,1334,0107487c5e6c6c5f992da24754928daebab7b4026393c32701a3ac1bcf7519b9
daf09be9e1e9266c,374,test,ICDAR2019_SROIE,NON_INDIAN,OFFDOMAIN_OCR_PRACTICE_RECEIPTS,receipt_scan,616,1208,cff5d4042b5a98af5de12c03363938278bdad8bee05c0cacf465f0340159fc3e
5d20ad5d169e3d2f,076,val,ICDAR2019_SROIE,NON_INDIAN,OFFDOMAIN_OCR_PRACTICE_RECEIPTS,receipt_scan,619,875,9758674ab336ba9a8d18c098c1d209fd857004883943f75381a4af12cec7a7a7
263180c86668479f,080,test,ICDAR2019_SROIE,NON_INDIAN,OFFDOMAIN_OCR_PRACTICE_RECEIPTS,receipt_scan,884,1678,d7bfcb8d418724f9680b528186d249c98860fa60a1d452e2b7956b6c4685768d
08cbbeb8ca7516be,202,train,ICDAR2019_SROIE,NON_INDIAN,OFFDOMAIN_OCR_PRACTICE_RECEIPTS,receipt_scan,703,1784,9c83c71e7ca9e0bb71cff32233f0993e02380e3ef1bd7f4874280a7be22bcd5f
4adfbc056276ffbc,305,train,ICDAR2019_SROIE,NON_INDIAN,OFFDOMAIN_OCR_PRACTICE_RECEIPTS,receipt_scan,4961,7016,ebf7d6f7571cd416eb236507cf9acbfe6ce70c6eb939eb32a2990ad11fcc8595
34d161d3296cdb93,613,test,ICDAR2019_SROIE,NON_INDIAN,OFFDOMAIN_OCR_PRACTICE_RECEIPTS,receipt_scan,936,2248,3c4c60d98d2618c6a1e1af6ee3c0ee8db865433cda808776d08d95b5ac179281
af1f228c98e19858,455,train,ICDAR2019_SROIE,NON_INDIAN,OFFDOMAIN_OCR_PRACTICE_RECEIPTS,receipt_scan,621,1526,dbad4cfae96b2eafb606861779b2f77181c64ac5cfd37f6d103176705af27130
d6b280b9396a699a,356,train,ICDAR2019_SROIE,NON_INDIAN,OFFDOMAIN_OCR_PRACTICE_RECEIPTS,receipt_scan,616,1358,1be334d34afb13085c25385a7a7b5835c5e19c504428050d882271a3da5d33cc
e5a35ebc434a3e80,588,train,ICDAR2019_SROIE,NON_INDIAN,OFFDOMAIN_OCR_PRACTICE_RECEIPTS,receipt_scan,621,1331,eb4ae96ad23942f4aa391e38e5aa5a7a81de9b02a8125bce80a89a10fbc2ebd0
9dc2e6cd81023ae3,130,train,ICDAR2019_SROIE,NON_INDIAN,OFFDOMAIN_OCR_PRACTICE_RECEIPTS,receipt_scan,934,1927,2dc21dc138938fdc857e31cabbb22ad398aac57bf013caf9410d8ac9e88d3a12
7af8e9bd5a7c131a,326,val,ICDAR2019_SROIE,NON_INDIAN,OFFDOMAIN_OCR_PRACTICE_RECEIPTS,receipt_scan,588,1248,aa027401963fdf360e3e8c9341b345672ef3867cc51edcd9168582fbed8f5c82
a6ad6c21df87cec6,545,train,ICDAR2019_SROIE,NON_INDIAN,OFFDOMAIN_OCR_PRACTICE_RECEIPTS,receipt_scan,791,1623,e5596648005cad5b38972921c99398c168f096fac7235498eef157e79e3f355b
28b522036c2b15e6,173,train,ICDAR2019_SROIE,NON_INDIAN,OFFDOMAIN_OCR_PRACTICE_RECEIPTS,receipt_scan,932,2679,d3f25bdbbcb29c3bc5573c1dabb84f1470d18281fd9d66424c96534723d8ea57
9df1290c990a4cd1,309,train,ICDAR2019_SROIE,NON_INDIAN,OFFDOMAIN_OCR_PRACTICE_RECEIPTS,receipt_scan,4854,6724,0033c3c4048ab91638d9a6a609f7008c601090931698e7195a0c9ebd2da55904
1b65e91de2e5e123,250,train,ICDAR2019_SROIE,NON_INDIAN,OFFDOMAIN_OCR_PRACTICE_RECEIPTS,receipt_scan,705,1564,56e7b76d9395456977ce15807f53092779989d4154df3535473d900a0fb83bbc
a0988270df145f83,066,train,ICDAR2019_SROIE,NON_INDIAN,OFFDOMAIN_OCR_PRACTICE_RECEIPTS,receipt_scan,932,2160,a6911192e8055231f5140ecd92741a47c71088c002ddcc1f1389996a2e37124c
5a63d98316135b1b,582,train,ICDAR2019_SROIE,NON_INDIAN,OFFDOMAIN_OCR_PRACTICE_RECEIPTS,receipt_scan,748,1444,ae14882567ae644da283424dce2608c16b537e15966ecd6e29bf99138e10ff34
f6dec5f50b249e36,500,val,ICDAR2019_SROIE,NON_INDIAN,OFFDOMAIN_OCR_PRACTICE_RECEIPTS,receipt_scan,623,1511,4dafe00762d98e148d3ebfac9451228f1099261605a7ad8d553ed3f5ddeec753
a255029058b8c36c,121,train,ICDAR2019_SROIE,NON_INDIAN,OFFDOMAIN_OCR_PRACTICE_RECEIPTS,receipt_scan,935,1864,acf9aef0fd00aaaa2b800a3d8520e5495b5978470f315989fed0383abc692737
ad89c01204578ac3,151,train,ICDAR2019_SROIE,NON_INDIAN,OFFDOMAIN_OCR_PRACTICE_RECEIPTS,receipt_scan,616,1182,688801015159991a14db5be2f261078fe20dfd881452d5d7d8f7b999c1308c30
04ee3ffca1aabb8e,221,train,ICDAR2019_SROIE,NON_INDIAN,OFFDOMAIN_OCR_PRACTICE_RECEIPTS,receipt_scan,754,1863,0a925069f3bb45213f9e13fb022fcfdecf69060ada3fe1e18d0e74bda91aa01e
d6f36e8dcb7124ec,572,train,ICDAR2019_SROIE,NON_INDIAN,OFFDOMAIN_OCR_PRACTICE_RECEIPTS,receipt_scan,936,1663,25fefbb26b935153737c83f7106f84c027dc8390ca553c882f77c4aa65d1e625
5c2f8832e370c55b,011,train,ICDAR2019_SROIE,NON_INDIAN,OFFDOMAIN_OCR_PRACTICE_RECEIPTS,receipt_scan,752,2214,2552af055d7749bc33fba7e2c8187d234bfafc9d1a345063839c4e6b805596bb
924258a919e70c26,236,train,ICDAR2019_SROIE,NON_INDIAN,OFFDOMAIN_OCR_PRACTICE_RECEIPTS,receipt_scan,742,1449,e8b9c99dda46bae00aaa12b6aedee28fcf046883404a138db656e5255f38b83d
8de58bef5060d1a3,119,train,ICDAR2019_SROIE,NON_INDIAN,OFFDOMAIN_OCR_PRACTICE_RECEIPTS,receipt_scan,935,1861,4ac8c9d357576650abde5a069397476421f15c340cdc963d7295e9e98c2a8ae3
9a57d3cdfd7dd825,034,train,ICDAR2019_SROIE,NON_INDIAN,OFFDOMAIN_OCR_PRACTICE_RECEIPTS,receipt_scan,1080,1527,81a3090b7910f2ea43ed884f733675f83a82e8b2e6cb9b83b13f1edcaf960ad0
57a11dab099ef7ca,289,train,ICDAR2019_SROIE,NON_INDIAN,OFFDOMAIN_OCR_PRACTICE_RECEIPTS,receipt_scan,4961,7016,cc9aa761817e102fa633b901d31d629fdf76fd2ae1a2d2ba30b36cdc76499e5d
8d6a40f7301b5c6a,621,train,ICDAR2019_SROIE,NON_INDIAN,OFFDOMAIN_OCR_PRACTICE_RECEIPTS,receipt_scan,795,1705,11716488de8241c479101a306c7ebb45dd078a7753a7d04bcf8457dd59e0ee15
48acfb89010c5583,321,train,ICDAR2019_SROIE,NON_INDIAN,OFFDOMAIN_OCR_PRACTICE_RECEIPTS,receipt_scan,439,851,c9bdb7bd25f21e70e34348d119ed62efea4c578486e5401c5ce817f1340c2058
f7533453fbe77e06,347,train,ICDAR2019_SROIE,NON_INDIAN,OFFDOMAIN_OCR_PRACTICE_RECEIPTS,receipt_scan,616,1248,e0dee2557ea9ebb23b7f9892c68ee9c1efd9b492cd9e442a7c2155336dba88db
889b13872e85890f,539,test,ICDAR2019_SROIE,NON_INDIAN,OFFDOMAIN_OCR_PRACTICE_RECEIPTS,receipt_scan,4961,7016,0d7f760945a29043294adf887bb594752e0de520898e12f531b8a4674f61dfd8
5a8201dc4639fabd,233,train,ICDAR2019_SROIE,NON_INDIAN,OFFDOMAIN_OCR_PRACTICE_RECEIPTS,receipt_scan,702,2053,584a39304a80bb07563a3430078367b24a872a0ece95eed48015b38080e7d904
bf8a247de6cb57fa,322,train,ICDAR2019_SROIE,NON_INDIAN,OFFDOMAIN_OCR_PRACTICE_RECEIPTS,receipt_scan,443,1319,5c210acfbb70da7ea9993cbd9c7de6ac0ea113f9761f9d78bbcdab8905c1faab
ce2b6269ee86bab5,013,test,ICDAR2019_SROIE,NON_INDIAN,OFFDOMAIN_OCR_PRACTICE_RECEIPTS,receipt_scan,807,1390,eb7a5def675b80ce9161af879f94b9bb161ec1d5d8dafc1c1c236bb6afe3c9f9
cf27bd358da8d858,542,train,ICDAR2019_SROIE,NON_INDIAN,OFFDOMAIN_OCR_PRACTICE_RECEIPTS,receipt_scan,4961,7016,8458b2d7d8039cefc25bebfd65d8d42ef167d391c824f9550a34a6e1bf2e7d3b
c04e310341f8d75c,617,train,ICDAR2019_SROIE,NON_INDIAN,OFFDOMAIN_OCR_PRACTICE_RECEIPTS,receipt_scan,795,1799,2d7621293dcdd451fdb254480ffd107c5455bc84302ada1c1f5b3b4372d47761
2feec251126480ea,565,train,ICDAR2019_SROIE,NON_INDIAN,OFFDOMAIN_OCR_PRACTICE_RECEIPTS,receipt_scan,932,1659,37906f032380de8f977aa677c63bc49888e0e1621ab70b354c84927d1967251b
9cdc6ecb9f2bf9f4,232,val,ICDAR2019_SROIE,NON_INDIAN,OFFDOMAIN_OCR_PRACTICE_RECEIPTS,receipt_scan,741,1892,8689fb6bafe595e0027219e5c3ee81713a63086d08ea250459efc06bd31183ff
1c5ef6085fcada70,465,test,ICDAR2019_SROIE,NON_INDIAN,OFFDOMAIN_OCR_PRACTICE_RECEIPTS,receipt_scan,4961,7016,3336f9f629c6685f7906e9968cd9c031aea0d8507729244b0a3ccbd93e53ac8e
656bb55ff2f3a57b,456,test,ICDAR2019_SROIE,NON_INDIAN,OFFDOMAIN_OCR_PRACTICE_RECEIPTS,receipt_scan,622,1428,4bd1c5ca000b37dbda972053b6449b7ad9d0f82fe67b0b2af544773e2c5636ee
d7f3c1e67a120d47,372,train,ICDAR2019_SROIE,NON_INDIAN,OFFDOMAIN_OCR_PRACTICE_RECEIPTS,receipt_scan,616,1238,99474cac38251eb059a91f3402f5b045f497cb32824be645a29235abc9991851
50934481d9b1546b,467,val,ICDAR2019_SROIE,NON_INDIAN,OFFDOMAIN_OCR_PRACTICE_RECEIPTS,receipt_scan,620,1212,9b33c7f4caf09e9ceec0e0a2f5b88a850ca4e86303e490893880990afc81fcf4
1972a115d3a2d0ef,108,train,ICDAR2019_SROIE,NON_INDIAN,OFFDOMAIN_OCR_PRACTICE_RECEIPTS,receipt_scan,933,1697,8cc1e8002d02fe2e10d17fed917a6a4d39b0c9a2c0dc06dedd390d8803ba52b6
5d8a6dd57ff77ae9,611,train,ICDAR2019_SROIE,NON_INDIAN,OFFDOMAIN_OCR_PRACTICE_RECEIPTS,receipt_scan,616,1020,31833b50a633ff9e9371b83a2321b8c2963527e2a5e7037bd40d452544408fb7
e1bdabf5122299c1,428,train,ICDAR2019_SROIE,NON_INDIAN,OFFDOMAIN_OCR_PRACTICE_RECEIPTS,receipt_scan,4961,7016,76da19649e1f703997d6d53815e94346337465d8600cd4f4e4cb5fe53f23f1b7
6b32e460ee9dd361,051,train,ICDAR2019_SROIE,NON_INDIAN,OFFDOMAIN_OCR_PRACTICE_RECEIPTS,receipt_scan,1080,1528,258ba886bf99cf3ec871f94cec05c64c8c831b9de4ad9531d48fa5f87663fc1c
a3d68f2bf0e5bfa2,333,train,ICDAR2019_SROIE,NON_INDIAN,OFFDOMAIN_OCR_PRACTICE_RECEIPTS,receipt_scan,620,1298,f1651ef90e0cc59c37babe004532a3aff100731b081311629de510183df2e711
7c6fc0a9354cffe7,513,train,ICDAR2019_SROIE,NON_INDIAN,OFFDOMAIN_OCR_PRACTICE_RECEIPTS,receipt_scan,591,1771,7c83c2051082b5bb601c375cee34e056541a0ea25eef3bf32312d0603afb869b
d5bac69cbbd0519b,298,train,ICDAR2019_SROIE,NON_INDIAN,OFFDOMAIN_OCR_PRACTICE_RECEIPTS,receipt_scan,4961,7016,bd1357717be3fea33689f876574dfaa421b1d0205554afda61e70847c0e17b16
9d9114caceedb094,272,train,ICDAR2019_SROIE,NON_INDIAN,OFFDOMAIN_OCR_PRACTICE_RECEIPTS,receipt_scan,698,1372,4189ad51a2a31a2aede058769c3722599d0e886d23048d393f9ed52e8b35529d
d4edaaf15933bed2,029,train,ICDAR2019_SROIE,NON_INDIAN,OFFDOMAIN_OCR_PRACTICE_RECEIPTS,receipt_scan,748,1338,e6d34b6fc53e0f7e92a4dcea32ca7ebe071ab92b80c3c47bc847aff133e9b307
bce38903741a0531,403,val,ICDAR2019_SROIE,NON_INDIAN,OFFDOMAIN_OCR_PRACTICE_RECEIPTS,receipt_scan,888,2603,62ca15f915bb78b225bcc231c4ea0bfde676247057b72ab1447d33b589181168
53c3955f52ad5549,345,train,ICDAR2019_SROIE,NON_INDIAN,OFFDOMAIN_OCR_PRACTICE_RECEIPTS,receipt_scan,616,1200,a3f7507d2157c4716b09666e068565d3754776033803cf6fc416eb1286a5d51b
275fd3bb22f79d53,419,train,ICDAR2019_SROIE,NON_INDIAN,OFFDOMAIN_OCR_PRACTICE_RECEIPTS,receipt_scan,932,2143,6ef681aff449e77f0ef8a4b641b29d6d2f989626209b33761ddb7d08083e0cac
9029f23503748e88,284,train,ICDAR2019_SROIE,NON_INDIAN,OFFDOMAIN_OCR_PRACTICE_RECEIPTS,receipt_scan,4961,7016,22b473914f8739accf0a89f5a42321012f92a86755fd64efe62f0d310d1204b1
e830c8fd77c39312,020,test,ICDAR2019_SROIE,NON_INDIAN,OFFDOMAIN_OCR_PRACTICE_RECEIPTS,receipt_scan,623,1255,e0a0000905435b298437f1e46a7ca40ce895ad9209c5489b771c42b9785f9804
257306278300fb57,193,train,ICDAR2019_SROIE,NON_INDIAN,OFFDOMAIN_OCR_PRACTICE_RECEIPTS,receipt_scan,711,1662,f18927119bb13595b0578b1cec804f4948dd692395a5b60baad8d54f51c9d98c
cbac6a4c2402bc00,348,train,ICDAR2019_SROIE,NON_INDIAN,OFFDOMAIN_OCR_PRACTICE_RECEIPTS,receipt_scan,616,1184,4edbf24a0a824713fd867feb279b15f32a4ebdca4e2c12268d73751ef37e887e
bc4f1b888688b5cd,019,test,ICDAR2019_SROIE,NON_INDIAN,OFFDOMAIN_OCR_PRACTICE_RECEIPTS,receipt_scan,447,915,f7a0f48fad6c01d504c22a061418b50e4b7a177b7b7e0ddf97fdc757d9f86a31
845ffc1cdd5b3be9,116,val,ICDAR2019_SROIE,NON_INDIAN,OFFDOMAIN_OCR_PRACTICE_RECEIPTS,receipt_scan,940,2077,568b81cc6d83b0e462ffbe3bb63635fffbb3d9b1d3de512e6cda6e2f80fcc7b7
0796b6d708591831,469,train,ICDAR2019_SROIE,NON_INDIAN,OFFDOMAIN_OCR_PRACTICE_RECEIPTS,receipt_scan,623,1471,1cd4cbf7615fa82eeceaf5a554efe7c5798970ed52218084baae8503665d88cb
021d80ae038406bf,368,val,ICDAR2019_SROIE,NON_INDIAN,OFFDOMAIN_OCR_PRACTICE_RECEIPTS,receipt_scan,616,1200,6115413430ec8b2285ece476d691f1352bc16e5a4847f095ed2e68a5e8229c40
f79eb36d82c6e58c,609,train,ICDAR2019_SROIE,NON_INDIAN,OFFDOMAIN_OCR_PRACTICE_RECEIPTS,receipt_scan,928,2104,d2ef017f87305806ee78d8a8bfd316e5e9a2d0f74a1b976e15df4634b05a32d8
920786c5b6c097e9,157,train,ICDAR2019_SROIE,NON_INDIAN,OFFDOMAIN_OCR_PRACTICE_RECEIPTS,receipt_scan,932,2222,61f16c80f93a2777c8b3e519fc23b2a6813ec606541bbdc52aa2162e8afdcd7b
8bdb0addc572735e,133,train,ICDAR2019_SROIE,NON_INDIAN,OFFDOMAIN_OCR_PRACTICE_RECEIPTS,receipt_scan,958,1816,68078f7cecd8b0adf9e9e81372b854b231b0edcb8f8c920533458a6a0c2f7691
0da0447f411489e7,071,train,ICDAR2019_SROIE,NON_INDIAN,OFFDOMAIN_OCR_PRACTICE_RECEIPTS,receipt_scan,928,2130,21dfd16bfc3c7dd1da5c1432fe23dfd6bb07d56db092c913d8963b38b3295b76
41ef56ce18bd6441,038,test,ICDAR2019_SROIE,NON_INDIAN,OFFDOMAIN_OCR_PRACTICE_RECEIPTS,receipt_scan,1080,1527,31f595a82d3f824f5b145068332c6fb525e9793195f99b9e663a9ab681be9157
583b182080f8c987,520,val,ICDAR2019_SROIE,NON_INDIAN,OFFDOMAIN_OCR_PRACTICE_RECEIPTS,receipt_scan,4961,7016,7aa3affb8fde9d7ae389a76f65edd23a886014a846e8c3fcbb280ff8583b074c
fac26a7400a6e185,083,train,ICDAR2019_SROIE,NON_INDIAN,OFFDOMAIN_OCR_PRACTICE_RECEIPTS,receipt_scan,936,2785,8ffcb308f9473134977aadb079238c91365b42ae5a6bf39686f2284a6775f62a
69e1ab6a6d76d756,079,train,ICDAR2019_SROIE,NON_INDIAN,OFFDOMAIN_OCR_PRACTICE_RECEIPTS,receipt_scan,932,2220,08f9358fd75ead9877c4f704024ed1eb162e6ece578803b784074eca8c03dbfb
879e9d647cbfaf87,155,train,ICDAR2019_SROIE,NON_INDIAN,OFFDOMAIN_OCR_PRACTICE_RECEIPTS,receipt_scan,600,1312,0b17d8f8ac411e1ad55d6442e7f139110d648e4e6061ede9c6f1dd1ac58d777b
61f0a5716aebfd6b,471,train,ICDAR2019_SROIE,NON_INDIAN,OFFDOMAIN_OCR_PRACTICE_RECEIPTS,receipt_scan,619,1475,1e2c9f1c19eed96d8cf620f575749ca0887768cbb96f0633b5617e1f8b3f0239
f435f904c2574ab6,297,train,ICDAR2019_SROIE,NON_INDIAN,OFFDOMAIN_OCR_PRACTICE_RECEIPTS,receipt_scan,4961,7016,ac2135fe1285581cd1a2764f5abe153512edecc79b09428586eabb4e68793a5c
6b32111122a190fa,506,train,ICDAR2019_SROIE,NON_INDIAN,OFFDOMAIN_OCR_PRACTICE_RECEIPTS,receipt_scan,595,1771,47c61667700a55c21b525d6be66351d10372b0a599717f5e1a495aaa8c80329c
943e808eb3e8f717,022,val,ICDAR2019_SROIE,NON_INDIAN,OFFDOMAIN_OCR_PRACTICE_RECEIPTS,receipt_scan,953,1629,deec5eb31030870b22f5428520ce3b5a3165e733471b0bbe8919f87996e9c602
37a959ecb3bc0fa8,158,train,ICDAR2019_SROIE,NON_INDIAN,OFFDOMAIN_OCR_PRACTICE_RECEIPTS,receipt_scan,884,1424,cd121a8eb7f4a041302c3612b5d6d2ea1ba50dd7d5f64d71026441a2b54b7e3f
b97903cbbf34f0f8,196,test,ICDAR2019_SROIE,NON_INDIAN,OFFDOMAIN_OCR_PRACTICE_RECEIPTS,receipt_scan,708,1652,9973e6578ae166359f18c2f8dc94a294952348b05b71553c62d454b98ed04b94
88b8f70403d969a1,560,train,ICDAR2019_SROIE,NON_INDIAN,OFFDOMAIN_OCR_PRACTICE_RECEIPTS,receipt_scan,932,1974,90b7b59ed5c8e697407b5a3ab7fe04a2eb86056c516ce578f71ee2e92d7412fa
87667147af827b54,209,train,ICDAR2019_SROIE,NON_INDIAN,OFFDOMAIN_OCR_PRACTICE_RECEIPTS,receipt_scan,740,1946,dde4d6e59030e35ac6234ab27fa3125165e8d97cf8096b738e9bd5b4b45c2384
010ad0d4a601bf71,094,train,ICDAR2019_SROIE,NON_INDIAN,OFFDOMAIN_OCR_PRACTICE_RECEIPTS,receipt_scan,741,1509,8d5637cf21c56104f33effd6efa1e464321a38e576b91016d78322561ea79914
9a9aa94ef8d987af,531,train,ICDAR2019_SROIE,NON_INDIAN,OFFDOMAIN_OCR_PRACTICE_RECEIPTS,receipt_scan,4961,7016,d80f36433b8339eb7483508e48ce69133141b9dfe3b94ac644fc45ba40c62815
147da1b0097cee33,363,train,ICDAR2019_SROIE,NON_INDIAN,OFFDOMAIN_OCR_PRACTICE_RECEIPTS,receipt_scan,612,1160,51dfd09a0e5b7073ce880236025618f9cf1787bba97191066c9a02d2eb516952
e7c03b4cb934a99e,162,train,ICDAR2019_SROIE,NON_INDIAN,OFFDOMAIN_OCR_PRACTICE_RECEIPTS,receipt_scan,884,1610,c0d89a3592ef98daba117604cbd24b71cc8ca8b847002962ffacda8af35f97f2
7e6aa321e66f4dff,409,train,ICDAR2019_SROIE,NON_INDIAN,OFFDOMAIN_OCR_PRACTICE_RECEIPTS,receipt_scan,623,1079,605774d56ce17627718c21c5453098cd351a1c36d129302a0a7aa0de872bc224
b46d97fe1555fdac,098,train,ICDAR2019_SROIE,NON_INDIAN,OFFDOMAIN_OCR_PRACTICE_RECEIPTS,receipt_scan,704,1883,d79e6c2ea450d89c70974e24ed0fdd74f12ae3101f5911f3041c5f47ba5e1f0a
d71e71e1517c9eb3,350,train,ICDAR2019_SROIE,NON_INDIAN,OFFDOMAIN_OCR_PRACTICE_RECEIPTS,receipt_scan,612,1256,75a1dd767faf41142c197ceb0d2e65217818fb1688f0ffa73f6221cd3535b963
30c093313d27399e,449,test,ICDAR2019_SROIE,NON_INDIAN,OFFDOMAIN_OCR_PRACTICE_RECEIPTS,receipt_scan,831,1695,ac7b86acbbaa68039e9c29a1e2b421580bd98a51c907703e3dd62ffa2c67727c
ccde6d8c91ccad9a,199,train,ICDAR2019_SROIE,NON_INDIAN,OFFDOMAIN_OCR_PRACTICE_RECEIPTS,receipt_scan,710,1208,d77d80ecf9c365772af0d84c3ac2b208f0415c99c8ae49e2aa270e75d0c57374
21bf65865425071d,017,val,ICDAR2019_SROIE,NON_INDIAN,OFFDOMAIN_OCR_PRACTICE_RECEIPTS,receipt_scan,835,2333,192d3f280e4995faec969496a79defb556de9d399023e0f096972f929136467e
5f8c8359dc0769dd,547,train,ICDAR2019_SROIE,NON_INDIAN,OFFDOMAIN_OCR_PRACTICE_RECEIPTS,receipt_scan,789,1442,24eafa241c0e42d17d939cc2fda382aaa4782823d13fb985e8fe2860fe45d714
66d7ca4a9fc5b016,033,train,ICDAR2019_SROIE,NON_INDIAN,OFFDOMAIN_OCR_PRACTICE_RECEIPTS,receipt_scan,1080,1527,ec76b30742546f62b1596b42f9959c99d343c43e41415de94081e56f13ab9374
3356516dd6a7b6a4,571,test,ICDAR2019_SROIE,NON_INDIAN,OFFDOMAIN_OCR_PRACTICE_RECEIPTS,receipt_scan,932,2722,c463702d3606af85ddd382b4ef5e0b06993f257ca084e51fddcf0c897920397c
7a9ded3449e87b2b,558,test,ICDAR2019_SROIE,NON_INDIAN,OFFDOMAIN_OCR_PRACTICE_RECEIPTS,receipt_scan,928,1828,bcd9b84abee079b4a4d69465df44b6eda8b9bb575f2f7619ca1807dc79083bcb
89cd877ab0d39137,591,val,ICDAR2019_SROIE,NON_INDIAN,OFFDOMAIN_OCR_PRACTICE_RECEIPTS,receipt_scan,622,1423,c2cb61f2f430fcb9748decbed7c6857d380f236c196d548cdc58d2ed02e692be
28867d42ef065741,504,val,ICDAR2019_SROIE,NON_INDIAN,OFFDOMAIN_OCR_PRACTICE_RECEIPTS,receipt_scan,619,1511,e699bafb9e57001d546f294d2c9401a0873f2d50663321b27168c9b2b15bea8d
c9f97b8ca9566cb8,563,test,ICDAR2019_SROIE,NON_INDIAN,OFFDOMAIN_OCR_PRACTICE_RECEIPTS,receipt_scan,932,1718,dfd45d5933cbcbcec8ee24ecc1e304b737d5b58b5c22653e2f81f07e70b00f52
9eb7110d13317bad,436,train,ICDAR2019_SROIE,NON_INDIAN,OFFDOMAIN_OCR_PRACTICE_RECEIPTS,receipt_scan,4961,7016,0d133f9af704e44bf8f916dc386dc9e83dbaea0722b8605c8966b8b600ede888
f48d54bab4acdbda,263,train,ICDAR2019_SROIE,NON_INDIAN,OFFDOMAIN_OCR_PRACTICE_RECEIPTS,receipt_scan,738,1238,08066cf6e9e5ec14614f96dab0c1f131ebd88b6e69c8ed3654b06eb8d7bbb90a
26ab1b49d8713485,287,val,ICDAR2019_SROIE,NON_INDIAN,OFFDOMAIN_OCR_PRACTICE_RECEIPTS,receipt_scan,4961,7016,34fcc2024c13fb8a39de9ee92986f31480677de10826f7e0261f0f8e7c6e5c3f
4f1d434ab71e780b,607,train,ICDAR2019_SROIE,NON_INDIAN,OFFDOMAIN_OCR_PRACTICE_RECEIPTS,receipt_scan,928,2350,05c06bf21710110b560d515a5751a8f265efee667e20e9ce088b11a62d16ecc2
662d77ed555552aa,534,train,ICDAR2019_SROIE,NON_INDIAN,OFFDOMAIN_OCR_PRACTICE_RECEIPTS,receipt_scan,4961,7016,9765af5e1f253ab21069e45c840bdb8f42f1aa3953c7ad259497f8053813c786
0e518b57394b172f,405,test,ICDAR2019_SROIE,NON_INDIAN,OFFDOMAIN_OCR_PRACTICE_RECEIPTS,receipt_scan,884,2620,682f81de7d2ff0f17029385c95cbf3afc1fab35ad86c14f6079a33117682cc02
890891203c3e2a43,054,train,ICDAR2019_SROIE,NON_INDIAN,OFFDOMAIN_OCR_PRACTICE_RECEIPTS,receipt_scan,1080,1528,45b449b649173843dc35ab3dfc6edfb87f8c1d28c45a31c80a10628ec5794cf0
1a5276c2550a5185,147,val,ICDAR2019_SROIE,NON_INDIAN,OFFDOMAIN_OCR_PRACTICE_RECEIPTS,receipt_scan,936,2779,3d079b5becb6318c3506c52ef6f32b5e5614b1961bd869b716677badab6ff46b
02b0296998ac19b1,247,train,ICDAR2019_SROIE,NON_INDIAN,OFFDOMAIN_OCR_PRACTICE_RECEIPTS,receipt_scan,704,2452,4b23f603c988823332b174e9709eda44c11789cedf74862b9a936f419100643f
8cfc7ec392e07f46,003,train,ICDAR2019_SROIE,NON_INDIAN,OFFDOMAIN_OCR_PRACTICE_RECEIPTS,receipt_scan,461,933,8d8707fd37e0bd756ac858cd6c71a93b26cc407110ca87655b66584108b79bf6
11fcfbfebd3762b4,001,val,ICDAR2019_SROIE,NON_INDIAN,OFFDOMAIN_OCR_PRACTICE_RECEIPTS,receipt_scan,439,1004,4e7bb7f427732e769eafc6f6eed5a92eedccf96bc0c711f46466462b98916c73
87406b63e756d4c5,602,val,ICDAR2019_SROIE,NON_INDIAN,OFFDOMAIN_OCR_PRACTICE_RECEIPTS,receipt_scan,928,2110,3c6976dc371677c9c6bbc1cc0c544a1a2e6fb88234f48b2696f3e41049c049e1
4a1c02e6d8efa951,470,train,ICDAR2019_SROIE,NON_INDIAN,OFFDOMAIN_OCR_PRACTICE_RECEIPTS,receipt_scan,623,1515,1618ce18cbb3e408edf9f79230ca22947a39a8dfef5939a96b277057b848bfe2
6449faf1ae160429,225,test,ICDAR2019_SROIE,NON_INDIAN,OFFDOMAIN_OCR_PRACTICE_RECEIPTS,receipt_scan,746,768,bf7381430aa36bde6fae21fa8b22b2185667b5ca5358f7368ad1b90a686b3eca
bffc372810c66cd8,331,test,ICDAR2019_SROIE,NON_INDIAN,OFFDOMAIN_OCR_PRACTICE_RECEIPTS,receipt_scan,616,1240,89892b41b63773b56d9c726ae55a153125982235763459f6aa02af6ac3b5d964
535d907d705cbec6,282,train,ICDAR2019_SROIE,NON_INDIAN,OFFDOMAIN_OCR_PRACTICE_RECEIPTS,receipt_scan,4961,7016,9a140ebfdadf5d2cfa457ca2e00225d473722f1e673853a8c2e892469ee5a8d7
d898e9c0877a5863,498,train,ICDAR2019_SROIE,NON_INDIAN,OFFDOMAIN_OCR_PRACTICE_RECEIPTS,receipt_scan,615,1475,2d661a628b264299b1e9ec16774876b387a069439be7831bb188b8a1b774e674
5bfc93d152a776cb,544,train,ICDAR2019_SROIE,NON_INDIAN,OFFDOMAIN_OCR_PRACTICE_RECEIPTS,receipt_scan,794,1354,80fad038114c411e410bcbaa2c4134bc01dec5a82f20f5d638abe14fe76a9664
088073d9f8c60587,213,val,ICDAR2019_SROIE,NON_INDIAN,OFFDOMAIN_OCR_PRACTICE_RECEIPTS,receipt_scan,687,1246,21342521de98d60dbe165266bf60510264940980b0fe39b7504e954044d8c944
a7a1e997424b6cd0,435,train,ICDAR2019_SROIE,NON_INDIAN,OFFDOMAIN_OCR_PRACTICE_RECEIPTS,receipt_scan,4961,7016,bfe68f93b78c5ecbd7afd09b7b1168d7a6e8a969e00d5259da68d011fc411287
c3261b660d821703,389,train,ICDAR2019_SROIE,NON_INDIAN,OFFDOMAIN_OCR_PRACTICE_RECEIPTS,receipt_scan,888,1939,f32e474c799fb78b96bba890f9bf1a74c447d9fca548b9f8a39722650737c867
3c1375d0d0b4001d,431,test,ICDAR2019_SROIE,NON_INDIAN,OFFDOMAIN_OCR_PRACTICE_RECEIPTS,receipt_scan,4961,7016,de169195244aa02ba73d61697df4f8e860847c0826ecc024cacd528171070038
c6b81a8e9b374f66,614,train,ICDAR2019_SROIE,NON_INDIAN,OFFDOMAIN_OCR_PRACTICE_RECEIPTS,receipt_scan,660,1243,eb589fa2dbcf983456a1ea079c50d47d9d43a376a3e7bfc9745ffb2ca5926587
dd2d961b73ddbcaa,163,val,ICDAR2019_SROIE,NON_INDIAN,OFFDOMAIN_OCR_PRACTICE_RECEIPTS,receipt_scan,884,1597,bfd9106416ab76a7d053982fd1e46f40b646895f977c56a47370aa8bc370a229
c6a2abeb884c4cf6,176,test,ICDAR2019_SROIE,NON_INDIAN,OFFDOMAIN_OCR_PRACTICE_RECEIPTS,receipt_scan,932,2132,22de2865d023b76839f89e96179cb33b2bbaa8b00828c2c286897ca2aa9670b9
bb87c9e50fb39172,581,test,ICDAR2019_SROIE,NON_INDIAN,OFFDOMAIN_OCR_PRACTICE_RECEIPTS,receipt_scan,936,1749,2d5d2ed2a44e70a47588f45876939310359d16daf3c8ba7098cdf4597fdb524a
af247368df6742a6,077,train,ICDAR2019_SROIE,NON_INDIAN,OFFDOMAIN_OCR_PRACTICE_RECEIPTS,receipt_scan,944,2439,bc0f5b49ae3fbfbbd2c5530d66eb5ee55ee0c16814271633e409a48d1d5e9c40
3fab1cdb8af65dd7,179,train,ICDAR2019_SROIE,NON_INDIAN,OFFDOMAIN_OCR_PRACTICE_RECEIPTS,receipt_scan,928,2115,bde6a7664fa3f95a5e3dd6d78571fdebf6e60b20b9a97da5d5eeeb9faabf3a79
91af1670c5e57e6a,423,val,ICDAR2019_SROIE,NON_INDIAN,OFFDOMAIN_OCR_PRACTICE_RECEIPTS,receipt_scan,4854,6712,067fd8cebf3bb9df281eeede96015717385434221e207a4d9acf818bb4d02907
ae4d22cdd01ffea3,256,train,ICDAR2019_SROIE,NON_INDIAN,OFFDOMAIN_OCR_PRACTICE_RECEIPTS,receipt_scan,742,1196,870441e951ffaae90fd83dc3b37ac1083e60b7726838d62a981109f3843150eb
a5e07026d123566f,414,train,ICDAR2019_SROIE,NON_INDIAN,OFFDOMAIN_OCR_PRACTICE_RECEIPTS,receipt_scan,932,1812,b92a788eda623f4fa02e7cf8afc1fb9437204ffca454312c3b32fa62600df504
1874948bf55f24f0,341,val,ICDAR2019_SROIE,NON_INDIAN,OFFDOMAIN_OCR_PRACTICE_RECEIPTS,receipt_scan,608,918,0ab9e669a7e2da7840cf94cfd633a63e49a172fd59cea37f5a4d83bf57e60d42
7aac5f9916b06b92,279,train,ICDAR2019_SROIE,NON_INDIAN,OFFDOMAIN_OCR_PRACTICE_RECEIPTS,receipt_scan,708,1394,1d2d4c017b2b9cdf5e69b066dca2ba0ad790ed1bba19b4efbef73a7c459042e5
5d983dc9206e1d00,244,train,ICDAR2019_SROIE,NON_INDIAN,OFFDOMAIN_OCR_PRACTICE_RECEIPTS,receipt_scan,729,1936,278e0c21e64ccf25f099830dc7829c1157b4bc4c65e575c38895f925bf5bf5c8
1b041343ace44921,432,train,ICDAR2019_SROIE,NON_INDIAN,OFFDOMAIN_OCR_PRACTICE_RECEIPTS,receipt_scan,4961,7016,79ef231438334f9a251b2131059f5ae71f6d001bea897a136b6dd8b724e7cb85
8b34fd0d82330543,477,val,ICDAR2019_SROIE,NON_INDIAN,OFFDOMAIN_OCR_PRACTICE_RECEIPTS,receipt_scan,623,1407,8fc5b6490d31e0521d9367aa5b024d7bd0a2a8948b85165144552e9d6455ab51
f5301f6910623d4f,532,train,ICDAR2019_SROIE,NON_INDIAN,OFFDOMAIN_OCR_PRACTICE_RECEIPTS,receipt_scan,4961,7016,01c3634d02d802b725e182ecff628562b1f54abd3035268191a4c7b7bd09f552
58cd3f33066c7823,535,train,ICDAR2019_SROIE,NON_INDIAN,OFFDOMAIN_OCR_PRACTICE_RECEIPTS,receipt_scan,4961,7016,7fb12272d367b50eccc5325a0f87de92d000db57c62e9b04beeef01a4ef4771c
937efe3a655712a1,002,train,ICDAR2019_SROIE,NON_INDIAN,OFFDOMAIN_OCR_PRACTICE_RECEIPTS,receipt_scan,459,949,c5995745cc13c8570fe0914567124d65e29df3ea4dd91713badb9e7217bc2db1
d90670f1fd50bdb5,007,train,ICDAR2019_SROIE,NON_INDIAN,OFFDOMAIN_OCR_PRACTICE_RECEIPTS,receipt_scan,463,797,092d0cdb4f16596f919bd2b8391fa3ad8f582822cd4b58a251498373f0b9dfb1
e8d48a1c7bd2dddc,410,train,ICDAR2019_SROIE,NON_INDIAN,OFFDOMAIN_OCR_PRACTICE_RECEIPTS,receipt_scan,623,1607,899e6996e9ebc57d7db8ca97e78d8f94129826725969e87fff4ef7b2c471b7c6
0dc2aeb659e63b3b,224,train,ICDAR2019_SROIE,NON_INDIAN,OFFDOMAIN_OCR_PRACTICE_RECEIPTS,receipt_scan,744,1286,0c9f94faa20bfe343279a81b5456fd076d599c6e02f6392654ed5a5e1b323d54
fd313eed91bc310a,104,train,ICDAR2019_SROIE,NON_INDIAN,OFFDOMAIN_OCR_PRACTICE_RECEIPTS,receipt_scan,782,2213,9475fe70bb99b37a02e59b45ce16c0daf3db0b6c6b71de1d576e1594592c4d22
d33265560ff80fd1,557,train,ICDAR2019_SROIE,NON_INDIAN,OFFDOMAIN_OCR_PRACTICE_RECEIPTS,receipt_scan,928,1738,0f98566780e72642d76cd247cc607e7f35b563df60358ab7d42f7011249994f1
e08b573aabb62286,619,train,ICDAR2019_SROIE,NON_INDIAN,OFFDOMAIN_OCR_PRACTICE_RECEIPTS,receipt_scan,791,1848,6f0fac37fa1c0481f88d84f466f01c206684ed5f6529deec28704b53d96721dd
1084503e06f1ae9a,195,train,ICDAR2019_SROIE,NON_INDIAN,OFFDOMAIN_OCR_PRACTICE_RECEIPTS,receipt_scan,706,1640,cceb6e2bb641a7150c01f867dfb99de12866e36804d270a92c6d764a79aaf1ae
9758bf1ddb264d06,276,test,ICDAR2019_SROIE,NON_INDIAN,OFFDOMAIN_OCR_PRACTICE_RECEIPTS,receipt_scan,592,1563,1ff2920a4de8a61bf9f71661d397b00c0218a8ec23a4aa8937d2594dfee2a212
5b9cdee8acd97663,463,train,ICDAR2019_SROIE,NON_INDIAN,OFFDOMAIN_OCR_PRACTICE_RECEIPTS,receipt_scan,4961,7016,609a8c4de7106a9cabb77afdef03bbda8ca41782a14c19bc0d9bb1b1b9000c42
7e9221f74f992a0b,136,val,ICDAR2019_SROIE,NON_INDIAN,OFFDOMAIN_OCR_PRACTICE_RECEIPTS,receipt_scan,932,1907,5f45d7c2a24a85db21069404538aa0b87023eeb9a6c565f8d6821449380bf777
f5275e0abfb4aa3e,550,train,ICDAR2019_SROIE,NON_INDIAN,OFFDOMAIN_OCR_PRACTICE_RECEIPTS,receipt_scan,783,1583,17462e8b5979d37c0786228d97a8241c0fbdb7327e3435be58e09d8c48fa7fbe
431c85b446c8a8cc,327,test,ICDAR2019_SROIE,NON_INDIAN,OFFDOMAIN_OCR_PRACTICE_RECEIPTS,receipt_scan,588,1728,4762c6eaaf13fd5a7f6430754ee136d31c9cfa176257c1b74d9f255775c3f561
dcefbde6aba0766d,251,train,ICDAR2019_SROIE,NON_INDIAN,OFFDOMAIN_OCR_PRACTICE_RECEIPTS,receipt_scan,740,1483,72b67792c4c703ad1413d4a07048228bf780057cc0a3d4734622b9e32548bc3a
0ba487ff7f4592cf,610,train,ICDAR2019_SROIE,NON_INDIAN,OFFDOMAIN_OCR_PRACTICE_RECEIPTS,receipt_scan,616,1304,1f65581ac31cce5e59a8d32ffb3dd8bd26cf62461eaabbb3091a528d859e6169
ba5ebe29d55d9a63,344,train,ICDAR2019_SROIE,NON_INDIAN,OFFDOMAIN_OCR_PRACTICE_RECEIPTS,receipt_scan,622,1268,331f232842148ff49f529e3a9a0d611e1f68717b490db6dbc64ca636e210d1cf
4d35cf4e5f7616c8,543,train,ICDAR2019_SROIE,NON_INDIAN,OFFDOMAIN_OCR_PRACTICE_RECEIPTS,receipt_scan,4961,7016,728d10eb9fe3dd675b207d3708388768171b15e5e3298f7130b16ba9964edbb7
bc8de27daac2d372,223,train,ICDAR2019_SROIE,NON_INDIAN,OFFDOMAIN_OCR_PRACTICE_RECEIPTS,receipt_scan,746,1824,5b8deef39bc2b8b8e1c23ed3687324278eee1cb436eaa8416c8e976cb5d793d5
6c5ada1cb5933c34,091,train,ICDAR2019_SROIE,NON_INDIAN,OFFDOMAIN_OCR_PRACTICE_RECEIPTS,receipt_scan,853,2537,7940289838d7480ec532ca0ab3b594995a476588008703d6609e9c3950bb5920
45d1d44238bea434,184,test,ICDAR2019_SROIE,NON_INDIAN,OFFDOMAIN_OCR_PRACTICE_RECEIPTS,receipt_scan,706,1659,65a15167af37c00348e59dc5364912b91fd6a26846369fd90c7faffb9748f467
4e6a345c86500233,439,train,ICDAR2019_SROIE,NON_INDIAN,OFFDOMAIN_OCR_PRACTICE_RECEIPTS,receipt_scan,4961,7016,19cb3e04e8d699ba7649f324059d5211348d4547a0726f6806d729e1f3c82eca
fe24f3d2b353ceef,269,train,ICDAR2019_SROIE,NON_INDIAN,OFFDOMAIN_OCR_PRACTICE_RECEIPTS,receipt_scan,890,2264,d9b08b173d875750e57ae4b5fda13a6250df2a8ec81118f0a32c4cf28544d955
d7a440d64892f886,367,train,ICDAR2019_SROIE,NON_INDIAN,OFFDOMAIN_OCR_PRACTICE_RECEIPTS,receipt_scan,616,1224,07301173eed42affff645bff0c1cf603242246e77225b7494d380371cf2afe25
f4f3beb8f7877c06,126,train,ICDAR2019_SROIE,NON_INDIAN,OFFDOMAIN_OCR_PRACTICE_RECEIPTS,receipt_scan,934,2081,eed7673d19f6ebb7cb8eb998241cfdae13899f620b19e207c527735a921089d6
e4b860c1adbd1b6c,546,train,ICDAR2019_SROIE,NON_INDIAN,OFFDOMAIN_OCR_PRACTICE_RECEIPTS,receipt_scan,788,1609,ad82aac7a45a91f4fe0061196826b4c5988f4f4e6bcf9a5d0e580b860ca80dfa
16a0abc8bba314d8,278,val,ICDAR2019_SROIE,NON_INDIAN,OFFDOMAIN_OCR_PRACTICE_RECEIPTS,receipt_scan,707,1230,96c8d865802a8e29738e421edc559b878520dde1ee38fdb5fb833b350e92a524
71d015f32883e264,382,train,ICDAR2019_SROIE,NON_INDIAN,OFFDOMAIN_OCR_PRACTICE_RECEIPTS,receipt_scan,888,2595,e028a413b13854d30d55d67bd22ea8a28633bb570d29d079cdc64640b3de6d82
7245bd327d81f703,178,train,ICDAR2019_SROIE,NON_INDIAN,OFFDOMAIN_OCR_PRACTICE_RECEIPTS,receipt_scan,944,2105,100976e431172e112fb1ffd3d28935e4bc283f50aaebe0c9ec2d5298e398571c
20e10912b6d94a1e,135,train,ICDAR2019_SROIE,NON_INDIAN,OFFDOMAIN_OCR_PRACTICE_RECEIPTS,receipt_scan,1263,2143,1c3d08bc0d98f0dbfd2cfb4c5b7a44c941f38bda87025064e639a2f02322fa60
ecac38c9999da567,216,test,ICDAR2019_SROIE,NON_INDIAN,OFFDOMAIN_OCR_PRACTICE_RECEIPTS,receipt_scan,770,1290,17b53fc87fa135b9d8187f61eabdf830e94fca2cc75df22e5e36e0bb7b2f3622
98885ab918a29e18,393,train,ICDAR2019_SROIE,NON_INDIAN,OFFDOMAIN_OCR_PRACTICE_RECEIPTS,receipt_scan,920,1864,6239e18fc313dc7ea2e5d59046ec21247c5e374851aa3e228ee15468e8247b2b
2837a7b5335f1f3c,336,test,ICDAR2019_SROIE,NON_INDIAN,OFFDOMAIN_OCR_PRACTICE_RECEIPTS,receipt_scan,616,1196,1ff23ff4aa47a9cba0cb6204918ae9eb5dcf406fd1118ae0f98a45c70745a551
0c223c216c4ee3fd,087,test,ICDAR2019_SROIE,NON_INDIAN,OFFDOMAIN_OCR_PRACTICE_RECEIPTS,receipt_scan,932,2168,8459db26c02627043fcfea06a879e91b58445ee065984c687bfd256d68a12c18
07963322ef214f1b,266,val,ICDAR2019_SROIE,NON_INDIAN,OFFDOMAIN_OCR_PRACTICE_RECEIPTS,receipt_scan,938,1961,5b32087ca9f3b71160e320cf05b25e1b4c41de7f07ed826806ea30a8c0a3b5f1
ac3c3db553f9cbb8,268,train,ICDAR2019_SROIE,NON_INDIAN,OFFDOMAIN_OCR_PRACTICE_RECEIPTS,receipt_scan,888,2276,2cfdbdb3cd1e650b58d34a3da578eb88266c2e7ede4607cc643320cd77771259
1b0328440c6b702a,035,train,ICDAR2019_SROIE,NON_INDIAN,OFFDOMAIN_OCR_PRACTICE_RECEIPTS,receipt_scan,1080,1519,ba8af002bcc35b4250531ba50454e104eb7cb3b285d041a51486438a30d64fbe
d24ddff73c00ddcf,129,train,ICDAR2019_SROIE,NON_INDIAN,OFFDOMAIN_OCR_PRACTICE_RECEIPTS,receipt_scan,938,1972,dc0e6155084b89f559785a4f74bc30c553f57addc67c6b351fc63d4818fb21b6
8b269fd1a14da7ce,008,train,ICDAR2019_SROIE,NON_INDIAN,OFFDOMAIN_OCR_PRACTICE_RECEIPTS,receipt_scan,992,1403,11be171f1a43305f9e0ae9e1548133a08900d250318ae7c4dcd357d831043445
66119dfe0c51e2de,061,test,ICDAR2019_SROIE,NON_INDIAN,OFFDOMAIN_OCR_PRACTICE_RECEIPTS,receipt_scan,792,2748,e46ba0b7256a25a25d25f857e7a6ef6e38a831edf0ec8534aee26e5ae32fe5bd
27121f16008b2d93,217,train,ICDAR2019_SROIE,NON_INDIAN,OFFDOMAIN_OCR_PRACTICE_RECEIPTS,receipt_scan,619,1331,ea5fc6f2b15c599e02732e7e26b8dbf991e5de93aba3e925e0e9389570aee9ec
f91e4f5873089883,443,train,ICDAR2019_SROIE,NON_INDIAN,OFFDOMAIN_OCR_PRACTICE_RECEIPTS,receipt_scan,753,1445,2741f41459da43890a3813bff9f41d54f7f2741b51ef4e36f3de64e56752da3a
8254b22c6d9d4f9f,042,train,ICDAR2019_SROIE,NON_INDIAN,OFFDOMAIN_OCR_PRACTICE_RECEIPTS,receipt_scan,627,1235,39edcda02069bde170f8b72072a91accc41749e5793b10ef422ffa64d49981f4
8a5bed004432ddad,317,val,ICDAR2019_SROIE,NON_INDIAN,OFFDOMAIN_OCR_PRACTICE_RECEIPTS,receipt_scan,443,875,50f1f7532c496aa952fd676531f254c7fb62034459d85330f26c50d7f713c5b9
702595a8b218217e,120,val,ICDAR2019_SROIE,NON_INDIAN,OFFDOMAIN_OCR_PRACTICE_RECEIPTS,receipt_scan,934,1860,2de84e0afcfe3c9a536716bb70ffde5dabb54cc2458ad23148e1384615f69cc8
2ebc92fc4d07fc6f,437,train,ICDAR2019_SROIE,NON_INDIAN,OFFDOMAIN_OCR_PRACTICE_RECEIPTS,receipt_scan,4961,7016,90430f3f44de1985df02908455514d17e802447ef9411caf1810e3fb4dce2d5c
465b146f08f038e4,6111242100992,train,OpenFoodFacts,INDIA,INDIAN_PACKAGING_REAL,front,275,400,b8b66aab7e60245c0688000162e174f6156aeb96a27d5b63ac4d1a446baaddfb
7c3518b1ea69f155,3017620425035,val,OpenFoodFacts,INDIA,INDIAN_PACKAGING_REAL,front,323,400,a1b9a908f90c4e5abad34853157068d55792e0b2e4767f7882418d44828cd108
46435574169b210a,5449000000996,test,OpenFoodFacts,INDIA,INDIAN_PACKAGING_REAL,front,151,400,ac29a4e84a2373f638e5dc623d4d24fe2dc717a68aae4b53e8cba5c6a0d029b0
a8afe5c82ab0a8f9,8901719134845,train,OpenFoodFacts,INDIA,INDIAN_PACKAGING_REAL,front,371,400,79895dbe06fa1c4575d670edf72e856d270eab7dc6fd76dfa213b3cc792367e9
cbeea7ee053cbde4,7613035833272,test,OpenFoodFacts,INDIA,INDIAN_PACKAGING_REAL,front,114,400,d6582f5d201d550f98700456aeeda4c70fa0c054912d4b05cc42ba2082c2bf7a
9bff3c36afeef33c,8901719134852,train,OpenFoodFacts,INDIA,INDIAN_PACKAGING_REAL,front,400,204,7b91cb50c6f4df7e6843162be10b4a0ae8aa937f1af9b9a26171d0cafefac056
88e7af29b33655ac,8902080000227,train,OpenFoodFacts,INDIA,INDIAN_PACKAGING_REAL,front,204,400,cec1953f07e831077c40f076d4ca20811864b93beae34ca2be2d72ef989beca2
2474025e54da4e7b,8901063139329,train,OpenFoodFacts,INDIA,INDIAN_PACKAGING_REAL,front,400,317,4585a9a3d20a1301c00080016ab48b03d2f7911bbe2b9696e0741a54fe8a72c7
1db7680480df43ed,90162602,train,OpenFoodFacts,INDIA,INDIAN_PACKAGING_REAL,front,400,400,9ef0e8e32cf1ed9175b4d5bdac92f88b782c89e43679cc9c6b8720c45fdec031
aabe8314f2a2ffe6,8901063093522,train,OpenFoodFacts,INDIA,INDIAN_PACKAGING_REAL,front,199,400,9b14fe224345c1abc0a80c3de4d65b7af000473926743567e05ace94fe6a438f
e36bc2f43897e730,8901058017687,train,OpenFoodFacts,INDIA,INDIAN_PACKAGING_REAL,front,300,400,d58acefd093a295238ae4a46761d2ea9ad3cc9bb7e7054d57057d574143d1375
91b7ebf7481a86b7,8901063162914,val,OpenFoodFacts,INDIA,INDIAN_PACKAGING_REAL,front,400,261,8cbe387fd1b08f450eb8537a69407a8a5f3eeafef105d3cd0a169b50bd4ea2b2
642fa9b442986ea2,8906010500559,test,OpenFoodFacts,INDIA,INDIAN_PACKAGING_REAL,front,196,240,a04011211253fef59eea1ebe5defe0e55438c286890fce8c4a32db9dd1051a0c
8796596c68486423,8901764042911,train,OpenFoodFacts,INDIA,INDIAN_PACKAGING_REAL,front,400,395,7b96b90bb8c170e2e8ff516d24c18a6240f7a59bc6ec1cf14e8eae6c23779f93
cfb81c9b839d970e,8906010500245,val,OpenFoodFacts,INDIA,INDIAN_PACKAGING_REAL,front,302,400,a7f2a7ca5473d040a26974267426e8405b28e5ca763154093126b11a323decd9
24fc0806c7b41a21,8906010502232,train,OpenFoodFacts,INDIA,INDIAN_PACKAGING_REAL,front,300,400,4cce68ab6fd60a3626d26e6de9a6db2a2116c592004144e121a6493bf858c3d6
f929537ae1fddb86,8906010500900,val,OpenFoodFacts,INDIA,INDIAN_PACKAGING_REAL,front,301,400,f3948009650d7f2958ff964b57b64b378f1fa71b41029210d51d5cdb8da9eaa5
a25fee9e7291205a,8901764032912,val,OpenFoodFacts,INDIA,INDIAN_PACKAGING_REAL,front,233,400,6dfb85d4da9dcaae26d8f84e68b00b25c849cb344fcbdbc5bd0f6b5d48f6578c
6432db1810288127,8906010500023,val,OpenFoodFacts,INDIA,INDIAN_PACKAGING_REAL,front,300,400,f89008b82aeafbcfbdfcadb54fa4d5386dc9d91311bc798084b4b033f14f5d59
2e315d883454d76b,5999884034469,train,OpenFoodFacts,INDIA,INDIAN_PACKAGING_REAL,front,154,400,b542a852ed24f46b1645b17f72cc031bd2edadb5119519df4e63527fa4ebf255
6bc37f56e969b649,7622202225512,train,OpenFoodFacts,INDIA,INDIAN_PACKAGING_REAL,front,400,216,4683c81dbba7c86e6cb77eca783b6f34044a5ba113686e7e21cb3318abfe38b3
80f43b118065ac75,8901058000290,train,OpenFoodFacts,INDIA,INDIAN_PACKAGING_REAL,front,302,400,b4ae631b5b6d9bd3ad9cfcb811cb9ce610f219327aecca99289a39bc71606e1e
5945ee2a38c92c92,8904043901015,train,OpenFoodFacts,INDIA,INDIAN_PACKAGING_REAL,front,330,400,18350c52bc2c3bc2523e036dfff62d0ea230b92ac0dfad6386d5c53b63eab9a5
a58ebe3bce144f9a,5000108478119,train,OpenFoodFacts,INDIA,INDIAN_PACKAGING_REAL,front,292,400,2b9aa05b266e57361b5fdb496f448d0d83a556b0a990527514322a9dec97dc21
82446f1813922ec5,3948764032912,test,OpenFoodFacts,INDIA,INDIAN_PACKAGING_REAL,front,300,400,825b45395fe59906657ebd5da6ec21f0875b693b875e8a42940547a5aaf18fb7
d72dd76f7089c100,8901063092853,train,OpenFoodFacts,INDIA,INDIAN_PACKAGING_REAL,front,400,176,d8d463ce405b7322dc17279b686186febaae37e3dba30d55e805ffe34d879718
a5cba340e626e25b,8906017290040,train,OpenFoodFacts,INDIA,INDIAN_PACKAGING_REAL,front,132,400,6962e384cb97c16ded30066ebfdfa9c955389c9afef30ac89afaa33b82fd2570
b7242f3c9b646e72,3948764042911,train,OpenFoodFacts,INDIA,INDIAN_PACKAGING_REAL,front,204,400,d20511f5ef2d5846cbee0003c1e8046ae94a92a010216e81e1afd7a267d2ff0a
698e3ac973f6fb99,8901719129988,train,OpenFoodFacts,INDIA,INDIAN_PACKAGING_REAL,front,300,400,6c591c7ce53afaf416009b28c80bf468398f757d637b81b45b778e03a76992c5
f4e1a7e66d517187,7622202334009,train,OpenFoodFacts,INDIA,INDIAN_PACKAGING_REAL,front,195,400,152b4fce2a9b170a8eca9cc83fe09f2ae428a7b16de56374ca9c6aae41552329
439709ed78d9440b,8906010500627,train,OpenFoodFacts,INDIA,INDIAN_PACKAGING_REAL,front,300,400,335fa03984b8fc978b129e1c98019f716e5029ebb46ffda9c8ed04bb780e8e56
a942d4c76e540c6c,8901491100519,train,OpenFoodFacts,INDIA,INDIAN_PACKAGING_REAL,front,300,400,184e2ed6c4d77057baabb56b25ccd6dcba09bc4f700f3f37ada57c6f9c527d64
c50f6fd825c5a52e,8901030921667,train,OpenFoodFacts,INDIA,INDIAN_PACKAGING_REAL,front,210,400,8a00d0bf6615a153fee61b26d38cad2cc58f893e85d08b14706637421943f80e
f65383162b66358f,8901764092206,test,OpenFoodFacts,INDIA,INDIAN_PACKAGING_REAL,front,148,398,d3a5402810643d600159d5dbac8bdc59978a568956b3012a83572b8922cd73ba
fd262f90dd7c38c2,8901030535895,train,OpenFoodFacts,INDIA,INDIAN_PACKAGING_REAL,front,400,391,7320725331adc62e2e7adc760592e480627681fb464d7ac919eb1fbc444d9ca0
368da1ccf44d0a6e,8901764082405,train,OpenFoodFacts,INDIA,INDIAN_PACKAGING_REAL,front,122,400,5331a263e38a427e388b1d1d6a4eed6d6899f74a095d0be8261165bec0d8b7bd
379c2e2461b6e8d6,8901030897542,train,OpenFoodFacts,INDIA,INDIAN_PACKAGING_REAL,front,218,400,946bfcd78d410c08e17af8dc67bb1c8565e1584c1575d9bb9c9ef1a24d1a93c2
80823f6f52c47686,8906010500337,val,OpenFoodFacts,INDIA,INDIAN_PACKAGING_REAL,front,305,400,ef3d459cc88e0c39c93b848a37a01c611949aea26a0968283aed67a9672ec840
37da4b52248746d9,8901063029255,train,OpenFoodFacts,INDIA,INDIAN_PACKAGING_REAL,front,400,209,a4188ed418ed6949fae7d5ffa11b637d5456349200e7168fd96d505ff21e225c
5ef745e5a5906fa3,8901262010016,test,OpenFoodFacts,INDIA,INDIAN_PACKAGING_REAL,front,400,293,8c4de0fbf0271f19bde46f04df75350e79f9fa2b463eaae671259ef5cde42302
70796864cb77da8d,8901764042904,train,OpenFoodFacts,INDIA,INDIAN_PACKAGING_REAL,front,301,400,a409b3a2161104d70e1e58dc9811d1b26be8a3d921084f6cc71deba5ac79a40c
6bb200d7d7981527,8901262200196,test,OpenFoodFacts,INDIA,INDIAN_PACKAGING_REAL,front,400,359,f249b61890cac8a0222a001f1a111cf71c9fe17fe5dc5a594989bb2f37d246ba
7144b1e7007ac24d,8906010502119,train,OpenFoodFacts,INDIA,INDIAN_PACKAGING_REAL,front,327,400,40848fff3b72834d969616412acc6b4a880bc49b2b1ae8e84d1dce1114e9e91f
5942214060153b63,5000354908248,train,OpenFoodFacts,INDIA,INDIAN_PACKAGING_REAL,front,308,400,b7f0016089aee998ee84ee01bffda854d317eb1f1acf4b551fe10c268e226a3c
9ca574a9cd24d309,8901764032707,train,OpenFoodFacts,INDIA,INDIAN_PACKAGING_REAL,front,133,400,1ff938b6b694ceb9b536bb35eebc3e738d5a07ad75330b920a02610e7523ff4f
c1c690e2d4ca47aa,8906010502294,test,OpenFoodFacts,INDIA,INDIAN_PACKAGING_REAL,front,344,400,75b43b74c7074cedb725a230057170d0da5615da26c7186042e65ae6d460eada
4eec3125a97df880,8906010500078,test,OpenFoodFacts,INDIA,INDIAN_PACKAGING_REAL,front,225,400,c2947655f250888c3c90e2ca0fc97d0412298ec7d6480caaec6115e5084d5b6d
26dae43c4909a7ee,8901719135248,val,OpenFoodFacts,INDIA,INDIAN_PACKAGING_REAL,front,400,361,6648859cb83a1d31da615797999fc1755c52de613c370738e0fb8c5021680074
4631340481f915c9,8906010501570,train,OpenFoodFacts,INDIA,INDIAN_PACKAGING_REAL,front,400,400,e278b2a02696a1bd30115b4a500997b51469ebac2c9883ece6bc656d8eadb733
6ec66dfe523fcacc,8996001312506,train,OpenFoodFacts,INDIA,INDIAN_PACKAGING_REAL,front,400,171,9f72a44e2b512fe1017159637894439f5b50dac497975e0f69fd78e86cdfab58
8c65486363436f03,8901595862962,train,OpenFoodFacts,INDIA,INDIAN_PACKAGING_REAL,front,205,400,d649da0a3478831bf282c03d7f94c107cdff7db66838d744f9c90e1ab4d523f7
ba96ca6533165ab6,8901058005233,val,OpenFoodFacts,INDIA,INDIAN_PACKAGING_REAL,front,213,400,e647732e2638d0cedfc756193cf897e47809755dd5945cc51ed1189b2a2f80ac
06132a5474766e39,8901063023901,train,OpenFoodFacts,INDIA,INDIAN_PACKAGING_REAL,front,400,237,d3f652ed174a769dba9168f250b71705be8d238b399440e8dff253dab7e3696a
199e0daefbdc885a,8901030921797,train,OpenFoodFacts,INDIA,INDIAN_PACKAGING_REAL,front,217,400,f0d758555d9968947da1d687688b20522169f7e77cb4e8127f9b7848ed79d6bb
db14fabafed902a9,8902080104581,train,OpenFoodFacts,INDIA,INDIAN_PACKAGING_REAL,front,311,400,8d4c0c9a31924e0e06f36a57cdd005c522d3a24b63d71130bc8e97a7c6cc5842
632b2032bc21e919,3948764061257,train,OpenFoodFacts,INDIA,INDIAN_PACKAGING_REAL,front,211,400,fc968be164f2fddad75d402124aee0f57069828f0284ed3f5d26815aae9a483b
9cc82a6490088d5c,8901719135118,train,OpenFoodFacts,INDIA,INDIAN_PACKAGING_REAL,front,215,400,ecd6687a492f49c827629d1bcdad31845d7ff8e402db87f67eff93e9146f52f4
6909414b18004fff,8901063162532,test,OpenFoodFacts,INDIA,INDIAN_PACKAGING_REAL,front,300,400,8e918ff64941292618416de29e20aa167f237c797ebb15561bb876254c4cab57
c8cdff511f6ed029,8901764032905,train,OpenFoodFacts,INDIA,INDIAN_PACKAGING_REAL,front,306,400,c5f89e41b56b190cb6687be8c7ff935185852598099f05d5e20d21f74fe74629
1323aed36e4e7bc9,89080153,val,OpenFoodFacts,INDIA,INDIAN_PACKAGING_REAL,front,400,342,fd8c78cf270498aafb09cc6267c6c0f03a5dc6b5321d160bcce19fc4336071ca
5baa42cd43edd0c6,8901491361026,val,OpenFoodFacts,INDIA,INDIAN_PACKAGING_REAL,front,302,400,39b12037033211a108fa3e5e34c760e1f2a2b2de2abdc4ecb68546e21135941a
fca09f5b626c1fe3,8904272600291,test,OpenFoodFacts,INDIA,INDIAN_PACKAGING_REAL,front,204,400,824c8b3d3a5acddcd41798694bdf2365e4fade82a3a85966bdfc3d0d42b750a1
e99237bec181ee2e,8901262260121,test,OpenFoodFacts,INDIA,INDIAN_PACKAGING_REAL,front,400,397,eacf393aa287864f96f6e0a85e3d4942e498c22cf755f6279dd87ec0d300bc8f
b965e1e60fdd6750,8901764092305,test,OpenFoodFacts,INDIA,INDIAN_PACKAGING_REAL,front,300,400,91ace695f583d67db1619027e3af74729833c8ad9391bf2d9e809945af2fdba5
e478d4a65555b5c4,8901725016258,val,OpenFoodFacts,INDIA,INDIAN_PACKAGING_REAL,front,301,400,eb41875088facf38fa44a8c919582a1ee898eb966cc2425f5c80609d0df29c65
7921e36c27865091,8906010500863,train,OpenFoodFacts,INDIA,INDIAN_PACKAGING_REAL,front,300,400,b86d83cf7f7517aa5b7be084ac8c902b01b2eb74308487e880fd1c3d28980504
ee6dd1b9e0692fa8,8901764061257,train,OpenFoodFacts,INDIA,INDIAN_PACKAGING_REAL,front,165,396,530bc9fc0fa53eaf77802cb5da3100e65ba7dbfd7342c3fdccdbe71c47c03fb3
2c2932d74a4448fa,8906010500481,train,OpenFoodFacts,INDIA,INDIAN_PACKAGING_REAL,front,300,400,a76ceffcf2c1dee0a6de63413954c126443e1d843991389f4cadd3e7586d1a68
d3680e42bf1c987b,1234567890128,train,OpenFoodFacts,INDIA,INDIAN_PACKAGING_REAL,front,306,400,90f6ec2fd59d2b7e573b3e46b227589cb3d68c8cdc5bccdb56ddb931ecb4c4e5
57b8410ddce06cbe,8901764042706,train,OpenFoodFacts,INDIA,INDIAN_PACKAGING_REAL,front,118,400,2cab896250dc35c4011da8eded285fb69b188df12b4a04a9244708d6e6de1dda
6194e6e4e5aa86f7,8901764362804,val,OpenFoodFacts,INDIA,INDIAN_PACKAGING_REAL,front,130,400,b265980c885a38973831975a928dcc61f71f0aef7c9d0e1ee8823a680191075b
bbe70178a635072f,8850389100684,train,OpenFoodFacts,INDIA,INDIAN_PACKAGING_REAL,front,209,400,658885ac5e61679dbb4c335f97b6beb989ed5148f94ba76fe52e574448895ee3
693aa5e86d2eda42,8904004402636,train,OpenFoodFacts,INDIA,INDIAN_PACKAGING_REAL,front,300,400,6ae33e01a7660622f739852e2b7d35dcc60dd568321de9f025982d6760bc621e
21497b361ff00a3b,8901719123870,train,OpenFoodFacts,INDIA,INDIAN_PACKAGING_REAL,front,400,255,3ccfdc90209694182689f7db44677a97f6999b6ca7ddb84e2275ad51c3a51e8c
d62aab4eb794f802,3948764032707,train,OpenFoodFacts,INDIA,INDIAN_PACKAGING_REAL,front,341,400,8c94e0a0024b2c979da903cd323cfaa7897b26b03636d8d6f535e0f4855ab4c5
3923575f5941847c,8906010500214,train,OpenFoodFacts,INDIA,INDIAN_PACKAGING_REAL,front,331,400,617dce872cbf20b70cb20f29ec492198f7a95bd0a46005f302c08f3c0bcd931c
e01be50cf2bcd482,8906032018513,train,OpenFoodFacts,INDIA,INDIAN_PACKAGING_REAL,front,400,364,4c2e94d54145fa41cf73665e61a4b4f48d1fb67b6f6d7c4c1c98cf18c5cbe8a4
cea0b0e036a9fa7f,8906010500016,train,OpenFoodFacts,INDIA,INDIAN_PACKAGING_REAL,front,369,400,1bb7c266546858a113e2a98a4370a5f33d1c8e73361f14c6321a0c4b9a6b2319
7994d1f1bfc8bd17,8901491001168,train,OpenFoodFacts,INDIA,INDIAN_PACKAGING_REAL,front,244,400,94e671e4c417453e5ae99ff4e21d14f25673cbf81807d2a5de24c5ce0777b22b
697ff6df5ff7394a,8901725118938,train,OpenFoodFacts,INDIA,INDIAN_PACKAGING_REAL,front,300,400,bf762d41e303f93ea03d869af1bb52559df29bda517259a772d6b452c20c8d05
2622ec1b9d6e3881,8901764042300,train,OpenFoodFacts,INDIA,INDIAN_PACKAGING_REAL,front,300,400,f9ab4f345af86622487332c5842a6bc34e7635e099426c6c988831e697e65f30
6dba89480fd3b7d7,8901764032301,test,OpenFoodFacts,INDIA,INDIAN_PACKAGING_REAL,front,300,400,51f62b6437edfb30ce0e96f19c22be27463e5c20d917596cce1edacf3c552de2
15fec00e2ba18799,0716270001660,train,OpenFoodFacts,INDIA,INDIAN_PACKAGING_REAL,front,209,400,b76338be3e9f443757c0f9794ca557211e84bd80ec1c81fb8354e15f0c75d5d4
70f0ad5f8493ca9c,8901719105913,train,OpenFoodFacts,INDIA,INDIAN_PACKAGING_REAL,front,400,104,f775bafefd31990994e4cf3183d20fe2175a2783fe6fdfec50ff7fb9b13ef4b2
b7bcf5a206b9664a,8901719121630,train,OpenFoodFacts,INDIA,INDIAN_PACKAGING_REAL,front,400,320,f0331db97b382d8cf01113c1c30c1c0df5e1bada554e72aedbe7dc2486b8933d
717843ecd9bef059,8901030831690,train,OpenFoodFacts,INDIA,INDIAN_PACKAGING_REAL,front,210,400,9178c379484ade3a95923dc09e4c3156e6f9d5e7af165f97ca6b9663300ed338
ce446604c841e6c0,8901719130014,train,OpenFoodFacts,INDIA,INDIAN_PACKAGING_REAL,front,218,400,8b41d90cbe18cab218178ca4362be8af3d67782b45692e117c6db8238026f1fd
f6ae771e5cf07835,8901491101844,train,OpenFoodFacts,INDIA,INDIAN_PACKAGING_REAL,front,312,400,da2a0d158731047174a3e6a00f49d7e1ab238d026872c9be10e78495c10537ea
4df716eb23b9ad28,8904004400731,test,OpenFoodFacts,INDIA,INDIAN_PACKAGING_REAL,front,300,400,fa2e69a07186d2939fc93b679d6fb53a29dee004845ce672932776a0189be4dd
a766786f52ec27d8,3948764042904,test,OpenFoodFacts,INDIA,INDIAN_PACKAGING_REAL,front,300,400,43499e5bac2f659dfb29d8784a01e9d34f795b941bc5884a1f0bf2e0d66cdede
4af2b1ba76358509,8904004400236,train,OpenFoodFacts,INDIA,INDIAN_PACKAGING_REAL,front,300,400,0229828ede888643ce8ffaf5226f1a255fe7984867db49ea3fa9ce500095882a
9b42d0807a994cff,8906032018520,test,OpenFoodFacts,INDIA,INDIAN_PACKAGING_REAL,front,400,266,4a763e724a87c5b69890c0503e8de155cc068219e5f1d07da06c90fbcaa136ae
30a23ed62fbe2fab,8904004403718,train,OpenFoodFacts,INDIA,INDIAN_PACKAGING_REAL,front,284,400,025b015e51f3c0a7b24d3a51a99dd0fef5f39ce2b6d51bbb89248ce3702459c2
b817f6403043e0ba,8901499008169,train,OpenFoodFacts,INDIA,INDIAN_PACKAGING_REAL,front,300,400,9441dd86dd26e9f43ce8bb398e678473791a504a14a6470605b9f42d5248f789
947d918d3f3d6686,7622202225550,train,OpenFoodFacts,INDIA,INDIAN_PACKAGING_REAL,front,400,187,bccc55b3affdf9105112ebe1b9a4c5093cc18b2c57a85d09147d1c3657b13f66
89d2279a61386c60,8906010500818,train,OpenFoodFacts,INDIA,INDIAN_PACKAGING_REAL,front,301,400,66bbc1e1a1c0ce54dfcb1f27446721289e36b8458c3fd6fc9689b005204614f9
b4fa598543b00448,0074305001161,train,OpenFoodFacts,INDIA,INDIAN_PACKAGING_REAL,front,281,400,f7fd7ce894a35888138655e80792c19b8413a8c87c63420fedf827155c58ded5
4eb2a69bbd3f32d7,3948764032301,train,OpenFoodFacts,INDIA,INDIAN_PACKAGING_REAL,front,369,400,e3271f5291defb632e042ac57a90205f9c4c8a8916863f8ca9da21a3c773df0b
0446a742f0ed1a50,6291100213146,train,OpenFoodFacts,INDIA,INDIAN_PACKAGING_REAL,front,400,369,c99209932dfe844ddaba5abca071cdad15c0ed9f14139130d562d7998a7ccc81
7cfd7dd94a8ee2a8,8904004403732,val,OpenFoodFacts,INDIA,INDIAN_PACKAGING_REAL,front,298,400,7806bdb99b61ec9f34b4ab405772e1ebc199a9303af0502e9bb48d67e609582c
1c511ffc1ca18b9f,09141209,train,OpenFoodFacts,INDIA,INDIAN_PACKAGING_REAL,front,180,400,a47cdcf575930f5d2f9e683c12472cd64c6ca9cfd96a69482255c3132789ccb2
01bc83a3a5540acb,8901262010320,train,OpenFoodFacts,INDIA,INDIAN_PACKAGING_REAL,front,400,323,74a44418f2ab4755046937b5e65f3ad5cf31448e59641acecce2e2eed22a26b2
359b5a0a1851e451,8901491101837,train,OpenFoodFacts,INDIA,INDIAN_PACKAGING_REAL,front,278,400,3f97c8b8209d725219c521ffe6c3a1db649601660e048c20ef85cd22eb284fa3
8a742e6085d56bb7,8901058000306,train,OpenFoodFacts,INDIA,INDIAN_PACKAGING_REAL,front,400,215,0d056680befaf3d36559f21dea93d8ed103c4365ae8f09bddae0f33eb71a9ab8
eb17c78b612ddf2c,8906010501228,val,OpenFoodFacts,INDIA,INDIAN_PACKAGING_REAL,front,307,400,5dc2b8d1a9e822c6dd95fad816ecbc2f34cb97c848307ccd8955a007630f2046
68811b05d0f58f2e,8901030902932,test,OpenFoodFacts,INDIA,INDIAN_PACKAGING_REAL,front,236,400,cf5bdfa066afed53e538c8b2ace173f9ccad43da7b8f039441a25de0c74fa3a0
27c88a2fb958b164,8901719135217,train,OpenFoodFacts,INDIA,INDIAN_PACKAGING_REAL,front,400,280,4c95848a428f42e34ecc00a6aed8659f796146968094d206a944fb9baf2aaae9
acf41e1b3e3a89d3,8901063093287,train,OpenFoodFacts,INDIA,INDIAN_PACKAGING_REAL,front,400,233,5746fb738caa2d09a1b1c485d6e22487138b7777bf5c8942e901af328a71a1b6
d662c9a996dc4b88,8901491103794,train,OpenFoodFacts,INDIA,INDIAN_PACKAGING_REAL,front,275,400,3ccda5c7f0b433d2aafcc93f97da648f59efb1f72da73fa0ee5846c79df8f34e
1c453b63c2aa3201,8901499010513,train,OpenFoodFacts,INDIA,INDIAN_PACKAGING_REAL,front,297,400,a58471be0a4677bab4dad35eda69c85bc1288430a30cf3c1876647b8bb553055
f31c1b132117a23f,8904004402261,train,OpenFoodFacts,INDIA,INDIAN_PACKAGING_REAL,front,375,400,eb9b49b18ef3db4f2de7005ef2f8f2595a994d4157d103345a26e1633e516a06
bd9418a570c10e30,8901030922787,train,OpenFoodFacts,INDIA,INDIAN_PACKAGING_REAL,front,355,400,9dee18f540fa44e287672c5c931b132da44fb0127dc3febe72c105a31435ad16
c25baff9712194f8,8904327600924,train,OpenFoodFacts,INDIA,INDIAN_PACKAGING_REAL,front,248,400,8ccd56afdc5b13178a2d665655c785f4d3e83ab63ffe1e2c9597f1405c3e0bc8
66321cb90aa830f8,3948764032905,test,OpenFoodFacts,INDIA,INDIAN_PACKAGING_REAL,front,139,400,606ebfb0ac592a53c71476c1a3d985a2f39f70ecb93c10fc7001172d4e899b66
cba727095c183933,8903754000062,val,OpenFoodFacts,INDIA,INDIAN_PACKAGING_REAL,front,122,400,f4b11f54ab79edd1fa8a11c1f05d4872ec30c5540ba97aab7f77ca474cebed59
e42dd34ad13f384c,8901491366229,train,OpenFoodFacts,INDIA,INDIAN_PACKAGING_REAL,front,274,400,71956f1dec440f1da3fe7a8cb7d67cf62ddb383a682a865285badd196ba35a6c
20698a262c382506,8909106018327,val,OpenFoodFacts,INDIA,INDIAN_PACKAGING_REAL,front,308,400,c8674fd3ce2b63876a1356aa6b1e39a7905c4ba25e34e05afcaaf470f9ef9537
5cf83bf7cc96067e,0846203004878,train,OpenFoodFacts,INDIA,INDIAN_PACKAGING_REAL,front,180,400,86f4b39bd76ad4369786b9672765ea6c8152deab068e028aec78eef5103c4a7d
bb7472a770c16139,8901063092839,train,OpenFoodFacts,INDIA,INDIAN_PACKAGING_REAL,front,185,400,4ea32ea4aac6e4213e3d4c1c1a2d36edeab688d431b072ce64cc87b8674a3508
693e2d926728a131,8901063014411,train,OpenFoodFacts,INDIA,INDIAN_PACKAGING_REAL,front,300,400,2a427271dd9c98d729341d7af090485036393dee1f609f05b075edb1128f8c9d
902cefa3cf995f43,8901491503051,train,OpenFoodFacts,INDIA,INDIAN_PACKAGING_REAL,front,310,400,11c8bd4045084a88100a9ab0605113acb7a025c0f8f78e97b6f2c196a6523293
abc0d00b51936026,89002940,train,OpenFoodFacts,INDIA,INDIAN_PACKAGING_REAL,front,300,400,9300e7a4f0fa98bf1e56607f6274e4cc51c68d279e053c2147d17d90b5c64157
0b6b2d47194a5fbe,8901207025365,train,OpenFoodFacts,INDIA,INDIAN_PACKAGING_REAL,front,207,400,68f18d60f7f743c1051ff16aa694e00e68e4527b5ff47f08ac792e1ce9d76cfd
8985827cdecce7ca,8902080504060,train,OpenFoodFacts,INDIA,INDIAN_PACKAGING_REAL,front,136,400,8207f8e4cf2ca86f01c0cef8e591f32c9deaeec53308876afdf036cb92f93d88
af3843cb75cda6bf,8902579001360,test,OpenFoodFacts,INDIA,INDIAN_PACKAGING_REAL,front,218,400,fa131f3d5c7e3b26559d15348f19b936c75a450cd36ffdde88b6e1385adf129f
9705f9a34b929fd9,8902579002039,test,OpenFoodFacts,INDIA,INDIAN_PACKAGING_REAL,front,150,400,f380a82012e82ed9f2198c7b5de71eb8c418561f5f7cb910d736d408c04dd2a9
b49514284be519b9,4897036693469,train,OpenFoodFacts,INDIA,INDIAN_PACKAGING_REAL,front,300,400,85ce8d957f97f3cf08d34abd5c21fea825713b1457a8df7558447912bb441869
7567c02a378bb906,8901491101813,train,OpenFoodFacts,INDIA,INDIAN_PACKAGING_REAL,front,311,400,3e77b4ee8b9189f31ad215c3a905586559d8299d5530b25e83573bb4aaf81a3d
e560556cc1a61723,9300633929169,test,OpenFoodFacts,INDIA,INDIAN_PACKAGING_REAL,front,214,400,e5ba22a9faffb8570ceedeeeb6cb061f947317070d8f366c8d45319f072d38f1
0ca45d296781930e,8901764012914,test,OpenFoodFacts,INDIA,INDIAN_PACKAGING_REAL,front,288,400,22c77e6d4d0a851dccc33391f735196856b3ff5ebfe8650a01fa1570d612202b
ab72b5a2842cc47b,8901058903164,val,OpenFoodFacts,INDIA,INDIAN_PACKAGING_REAL,front,212,400,789944e15e0dd5f7982992b1141326e4f0e90622a6c67b0492835378bbcf3a40
b3fb01ff9428150b,8901725005856,train,OpenFoodFacts,INDIA,INDIAN_PACKAGING_REAL,front,300,400,70262416c63bf9a4e8c8ae9fd6633e2439760de05c04f2d0fb89ce7ae979ede0
43f8d95f91cfb869,8901725015275,test,OpenFoodFacts,INDIA,INDIAN_PACKAGING_REAL,front,400,173,fb249f78c2abebd7d8f7fb44b926258910b15e80d504887cc51f67f885240486
e4d6942671ec94d9,8901725118921,val,OpenFoodFacts,INDIA,INDIAN_PACKAGING_REAL,front,300,400,ea6d4795daf34230f741ebe91944806dd1e1bf08db6de887642f9ec5e6fa33d8
0f6b3cda5dbe8484,8904004402612,train,OpenFoodFacts,INDIA,INDIAN_PACKAGING_REAL,front,300,400,13857f456f4c14a0c5aee57cbb34804fd3ffe58ab2c9526832c9d6b773dc2ed0
1adb0ad9dcbc0b2e,8902579203016,train,OpenFoodFacts,INDIA,INDIAN_PACKAGING_REAL,front,232,400,91daaa5a885aeba94c17b4428bff1c8fe3c0729ab2635d29cbff4312065ad126
48a9b62251362133,8906010500870,train,OpenFoodFacts,INDIA,INDIAN_PACKAGING_REAL,front,370,400,31fb3eecfa746c29c2646fabc22f5ccae2a96e0c7e9edbb9745a4178312b644c
84ad0910ca0b09d8,3948764082405,train,OpenFoodFacts,INDIA,INDIAN_PACKAGING_REAL,front,300,400,0b6a8a80ec11bad5f761015625b0577575b10399f264f9b20791b5ad08e75570
77f2744e4a691d81,3948764092206,train,OpenFoodFacts,INDIA,INDIAN_PACKAGING_REAL,front,179,400,f90e26ccf78d6afffe81df83c090c102c8f50d4ee8d7c9f6c0727ae6b089eb73
14dcb871295aa997,7622202324321,train,OpenFoodFacts,INDIA,INDIAN_PACKAGING_REAL,front,300,400,69716f0e098c7760bee9f5f32d440b1d251bdaa46afb68cf9a6f3f54021333db
b349a8fe2cfefbbc,8901491503037,val,OpenFoodFacts,INDIA,INDIAN_PACKAGING_REAL,front,244,337,535c37dba3a9242d8d89b7b9d8996ea48e5ab8e42c4b34a196edb95c67b8d372
9322ecaa04f9ce9e,8901764012273,train,OpenFoodFacts,INDIA,INDIAN_PACKAGING_REAL,front,240,400,ecc362826cb0ec0446ce96ef7284c5aa298882f1712e428dcece38f8f07ba971
08864d45e2b4d6db,8901719135088,train,OpenFoodFacts,INDIA,INDIAN_PACKAGING_REAL,front,400,225,0d825afae6afb741a49b290efe89f5af340fd2050320c6fa1b5340a7ac7ea776
62389268bc6e1eaf,8410076601445,train,OpenFoodFacts,INDIA,INDIAN_PACKAGING_REAL,front,400,375,86a3afa0022d5c3874d65cb33ff6757139c4f961787dc989fc6ee3ff3751acc6
0da13ac57464d01b,8901088068734,train,OpenFoodFacts,INDIA,INDIAN_PACKAGING_REAL,front,300,400,315adcd7ecef31152b8ee4026aa9e755313844240c1cc2e46dad66f8c6eb6c7a
066899c72fea3d6e,8906010502973,val,OpenFoodFacts,INDIA,INDIAN_PACKAGING_REAL,front,260,400,454c8ac04622d91ad1288a2c36452e3af87611a63238e22e5538c7e0ee0ef358
1c2948ea327f0399,8901123001214,train,OpenFoodFacts,INDIA,INDIAN_PACKAGING_REAL,front,400,293,4e1ee70dae5db250f81dd54216aa91664bf1e5db2818bc0f14ad2a667f4a0958
bbadf2bc310034ee,8901063019188,train,OpenFoodFacts,INDIA,INDIAN_PACKAGING_REAL,front,400,307,3fe5f17ae671d0d45587a11036d50ebee8f5156b0b9452e3caf1b06b018ba061
02e9ea559f69fe84,8906010500047,train,OpenFoodFacts,INDIA,INDIAN_PACKAGING_REAL,front,225,400,2dba020f5179f049010856359d9c47a8efb828507910d8acbdb860b0c5034d95
083e184d3374a789,8906017290033,train,OpenFoodFacts,INDIA,INDIAN_PACKAGING_REAL,front,123,400,f55fe8fad43685ba0d42cc3a0b801a5ba6ecf506933e8a917b4140197de8cc43
f8289031e8c9b202,3948764012914,train,OpenFoodFacts,INDIA,INDIAN_PACKAGING_REAL,front,400,204,fb6a077d5dddf4607b7f6fde1e49d1ca1161e9ed5d0445a2b51ca37ba00637b7
3cfc56bcd640a745,8901764175091,train,OpenFoodFacts,INDIA,INDIAN_PACKAGING_REAL,front,300,400,27a8ba9b801519bc8753ba7ffbab4825e3d912249ad5e2745b02fa67cfe3ba17
491fa40d59b2885c,8906017290064,train,OpenFoodFacts,INDIA,INDIAN_PACKAGING_REAL,front,204,400,b5e021f8cd5340b896a3052c70e7eee8a857e768d62893b1206559c8f4d313ce
6e47fb76864f38b9,4897036691427,train,OpenFoodFacts,INDIA,INDIAN_PACKAGING_REAL,front,204,400,2cd0b7a2d5c0ff730c308c3f2bb0aa07a89e0c5837a6ee5683bfb45064ee36b6
5eaceb898f0590e3,8901764042270,test,OpenFoodFacts,INDIA,INDIAN_PACKAGING_REAL,front,400,400,18c67be9909d2348a5e119b121319c809986644967e9190bdf9366924efb31a1
86fa48116f799a50,8901063014299,val,OpenFoodFacts,INDIA,INDIAN_PACKAGING_REAL,front,400,269,c40b2f4bb5237e69e3d49d24935a93cecddae413ccfbee93e50d8491cc0fc7f8
f5aa5864332f8589,89009758,test,OpenFoodFacts,INDIA,INDIAN_PACKAGING_REAL,front,214,400,592d4fd3dbb71cb0d022524809d3b41eca223c934615df560b8f150e28908a9f
897567529d65de5d,8901063139213,train,OpenFoodFacts,INDIA,INDIAN_PACKAGING_REAL,front,400,129,271e2fe1548206f93bfdfc533b97fe630aba2dec62cc754d72cd2cfbb2537ece
1d7a22f23f5b24b8,8901063019201,train,OpenFoodFacts,INDIA,INDIAN_PACKAGING_REAL,front,286,400,6f3c63cebd4b87f6c3a438dc977b84dc9bccc2f7ec6dc8d55da1423c47984386
ddf5ae0ab4416e9b,8908003872315,train,OpenFoodFacts,INDIA,INDIAN_PACKAGING_REAL,front,300,400,8822b631db88dd0d175fd07ab8ff17b5ef2a83ed4adb0f2df9e1fca02afe5809
1c4b6e3065ae18b7,8901719135255,train,OpenFoodFacts,INDIA,INDIAN_PACKAGING_REAL,front,400,225,9a1d1ae2599400e1db7c327315e1f0675459cde889778e64a09e3658fa5dbb67
1024c5350cd18cb8,8901088000451,train,OpenFoodFacts,INDIA,INDIAN_PACKAGING_REAL,front,164,400,58865b87365ef6a20284d8a602e606b8cc890123382d544c33bc9a0cd57366cd
8cb76e816099a1b8,8901491503020,train,OpenFoodFacts,INDIA,INDIAN_PACKAGING_REAL,front,335,400,fe86c41d117354beff099aaba81e657bfc7a209e954790b88ffe6de40aef0963
b990c3dd6b1aab49,8904004403725,train,OpenFoodFacts,INDIA,INDIAN_PACKAGING_REAL,front,292,400,4fb869e96a35bd8c9fc3f8dac8ceca64dc84f18f60808631e5b01a246d0bbd38
e7d78f5c882ed000,8901262070546,train,OpenFoodFacts,INDIA,INDIAN_PACKAGING_REAL,front,393,400,d94ab4349c1cf6ce928dc017f70e5d98ca384094f8aa3fec61b44e98db806b57
7c48c6bcaa105c5c,8904043551548,test,OpenFoodFacts,INDIA,INDIAN_PACKAGING_REAL,front,202,400,912977a7fc5a7d4d6cec68823f7b8c938c1bc4ee684eb389c5cce11e96c5109b
d1761134b500086f,8901764032271,train,OpenFoodFacts,INDIA,INDIAN_PACKAGING_REAL,front,234,400,e20fa3e56aa3399ad4248d40e831fda9467e5596adc1e4583d3c720afcbe6fb9
9407097781bfe240,8906001023043,train,OpenFoodFacts,INDIA,INDIAN_PACKAGING_REAL,front,201,400,f51e48312b5a2b1c4bbb93f13704de6c8f2d57b849ac4553523719cd992b5a84
9d3926eed9ccdacb,8901058023787,train,OpenFoodFacts,INDIA,INDIAN_PACKAGING_REAL,front,300,400,d54500635c9ebe12905a5584b9e30320b99b15df6f3b749eb81b71670882a99a
a26525178966531b,8904004400779,train,OpenFoodFacts,INDIA,INDIAN_PACKAGING_REAL,front,208,400,47e91fa2d55115f8f2926c9a4c3bb897421d369dbae5683b21e5abd81c31cc8f
c755d1dd8786a049,8903553601613,train,OpenFoodFacts,INDIA,INDIAN_PACKAGING_REAL,front,300,400,d73e792b8d67256e20e162dd3e4833a8543681d44c1db4cee7897c64b7a3a205
464be2c512fd7f82,8904004402216,val,OpenFoodFacts,INDIA,INDIAN_PACKAGING_REAL,front,300,400,f9b995c77afe6e458cdbb0919258035f1500eb29e80dd25c9ead1db580bfbb8c
e8b810525190d41f,8902579103057,test,OpenFoodFacts,INDIA,INDIAN_PACKAGING_REAL,front,191,400,25d8a1160882ce069462bd9122a79f0f6d3ec746e358bbfc0d3ec5c3f75f5336
67edcd10076082b1,8901063016873,train,OpenFoodFacts,INDIA,INDIAN_PACKAGING_REAL,front,400,140,1ea663d674ef8ac27f7cba7635a5633cf871b83ec9489355fa78a5bc948438fe
992c57c3e11fe7fe,8901063029279,train,OpenFoodFacts,INDIA,INDIAN_PACKAGING_REAL,front,384,400,c0101225e0f0b3461c740f63a591e3fcdca8e783d1ddf271d7e901cb1fadff2a
0c0f6468ac4f4ea5,8901764092800,val,OpenFoodFacts,INDIA,INDIAN_PACKAGING_REAL,front,211,400,0f56b581508a926cfd415277a65ee6862562e724e64ec99bd6558c324595f105
8e02ddb767c536c9,7622202237393,val,OpenFoodFacts,INDIA,INDIAN_PACKAGING_REAL,front,201,400,f52c5b8ad38107bafc80f1a0cc41d59b5bc4f1f7060a6e167e84f9c3cccd64e2
25485ca32b4dbb61,8906010504625,val,OpenFoodFacts,INDIA,INDIAN_PACKAGING_REAL,front,400,400,c68d29c8431805e8360050a8fd4e5b34ae82e5a3c056edb9a927bb8406993c52
ea04eaeb219aecd3,5000171010025,train,OpenFoodFacts,INDIA,INDIAN_PACKAGING_REAL,front,205,400,bdca3717f07583b8d0356f890b6381a5a0d0da96f0c3db1f55bfc32518bd4b10
a72e60b72cc14406,80768258,train,OpenFoodFacts,INDIA,INDIAN_PACKAGING_REAL,front,284,400,db341623f09ce1abf459fd836a08f314465db5998207fcf623604b2dff178212
aa7b9a400c87a600,8901719131219,train,OpenFoodFacts,INDIA,INDIAN_PACKAGING_REAL,front,400,304,4ddded356d36895971c6f9c3c8b601d1491fde1177101d5d642306a6db87ecac
038e1183037577f2,8902080003075,train,OpenFoodFacts,INDIA,INDIAN_PACKAGING_REAL,front,120,400,0811062d23764e591e6754fa40a30c097addf8c8f9915a2db6d9bd06c5d13a50
36501439d7986cdb,8904083303077,train,OpenFoodFacts,INDIA,INDIAN_PACKAGING_REAL,front,300,400,a6d53f13c24a368a82e3223eab423c49e86f221ec755e3ee74c21126c8832c06
63628eb72096778a,8904004401554,val,OpenFoodFacts,INDIA,INDIAN_PACKAGING_REAL,front,210,400,8681697bdeb9d558d482e742ebb04e81a3712bf2b96df7caa01403fbf2a2d824
ee54ef993fd5d252,8901063142664,train,OpenFoodFacts,INDIA,INDIAN_PACKAGING_REAL,front,300,400,89e96c560710014c8ca10c8f8ed600c1d0618af73a1d8b3abd1c633d2cdbbe76
b5c0f443eb3ee6a7,8906010502041,val,OpenFoodFacts,INDIA,INDIAN_PACKAGING_REAL,front,338,400,28c40daacfea8f554cedb9d9b0579a65fb449fec6bb8513ac728bd35db0781ce
11e0e2e1da365e11,8904004400694,test,OpenFoodFacts,INDIA,INDIAN_PACKAGING_REAL,front,347,400,7cc15e6b2637658181001d0fbf70656899491dd2e1a8a9f2cb2b6e6346e0f45a
3569446262e11a93,8904071704527,val,OpenFoodFacts,INDIA,INDIAN_PACKAGING_REAL,front,358,400,3200c8ba2baeec2765ff5d10fc2a77ca922bae36feaca24278eba14e749f4c63
bc2ffe26a9aabe48,8901491504782,val,OpenFoodFacts,INDIA,INDIAN_PACKAGING_REAL,front,209,400,f5a0735f385c0383d41cc66a7ce3cf9cf60926218fec94ec2d528c9c4419344f
7a4d38983634637a,8906010500276,test,OpenFoodFacts,INDIA,INDIAN_PACKAGING_REAL,front,300,400,e4febd9f150ef2647fb0435920acbfb5dbd5dc077ac057163ef5f5a9a1ff657c
1e05928be530e53c,3948764092305,train,OpenFoodFacts,INDIA,INDIAN_PACKAGING_REAL,front,217,400,a6ce265c345fcd774f3dc232f2244ae61372be17f7e2aefb74e1f0187df83edf
e503af691510158b,8908000794023,train,OpenFoodFacts,INDIA,INDIAN_PACKAGING_REAL,front,300,400,f886f6f71a0afd649d28d7a7537238de974761748e155257a9283bf16353e8c5
0823fc4a13d7dc10,8901719135224,test,OpenFoodFacts,INDIA,INDIAN_PACKAGING_REAL,front,180,400,5b19a11a2ae8cff23fedd5a24a504d97f700755f2c5ba9420b046051bf7c073b
51c3b34f23cd434d,8901491103084,val,OpenFoodFacts,INDIA,INDIAN_PACKAGING_REAL,front,262,400,fa99e4cd6f20960f2a99557b52c9e9825196d97773fed050f3343ebd3e22b1ae
9f83e443a410e0ec,8901491100533,train,OpenFoodFacts,INDIA,INDIAN_PACKAGING_REAL,front,240,400,4a4075ff477763acb81ed9314edaf038a79007f4bb4eff1ca0a597f5c34bfdea
a684198339b2991b,89009949,train,OpenFoodFacts,INDIA,INDIAN_PACKAGING_REAL,front,209,400,83cc94d34b7590c64d5e72c330d0dafb5cf57d811b0e5f98be3b08d12da68e39
5b94acc843f86aad,8901262180115,train,OpenFoodFacts,INDIA,INDIAN_PACKAGING_REAL,front,400,282,010ebb0e3767fe0ff212876a401b7262df2b2f9e60ccf410185a2337bc9384a6
abd1eb41dfd5fa67,8902080002283,train,OpenFoodFacts,INDIA,INDIAN_PACKAGING_REAL,front,229,400,a71301fbcbf728963e1d39fd54dc079d9f8111f4f2819094ba94f4bc053ac580
959e98cc3c1b8e1d,8901058023800,train,OpenFoodFacts,INDIA,INDIAN_PACKAGING_REAL,front,400,120,5c8778727b65736e84566ccd6ea9f31b446f1818f65bdc91725d1024e0b5185c
c9d29cc342b674a9,8901491503013,train,OpenFoodFacts,INDIA,INDIAN_PACKAGING_REAL,front,257,400,1fe081b931922aa85b38f2bbd653465c41c7891243e18610280385764fd3339c
e4b40501d7fe8f59,8904004400571,train,OpenFoodFacts,INDIA,INDIAN_PACKAGING_REAL,front,211,400,82ef63f75e15bff6c072d696825f4ebaeb1e174e0dbf0250b3faeccf9621c12f
f4855ca8820a66e7,3948764072277,val,OpenFoodFacts,INDIA,INDIAN_PACKAGING_REAL,front,204,400,ba1535ce7d957e5d67f98753f98eab6a83e4d7af249e20d6c6941909573eb9da
7a9b30a5aa253f4a,8906010500894,test,OpenFoodFacts,INDIA,INDIAN_PACKAGING_REAL,front,300,400,7e5d9bc78f7624906ac4f11776a6c217d34231c78b02782e3cb2d15e55b4dac0
43d59049afeeb71a,8906010500368,train,OpenFoodFacts,INDIA,INDIAN_PACKAGING_REAL,front,300,400,afdfba51b0bbe1de5a494f2bab2ee03e1ee57995bb8e878aea9aa95b9fc3d405
1f40ff0b2c4df276,8901595863280,train,OpenFoodFacts,INDIA,INDIAN_PACKAGING_REAL,front,294,400,54c61304ec863214877ec95b5013d50c290bbb190b4c4be8c13302d64ff7b3c2
cb5dd4d7349b85ed,8906010500030,val,OpenFoodFacts,INDIA,INDIAN_PACKAGING_REAL,front,319,400,fd9975438bb07c5f2d7a3b33870990df40bc77f8cc60da6222c6b8987a195024
4c27dd15835f6335,8901595862818,train,OpenFoodFacts,INDIA,INDIAN_PACKAGING_REAL,front,400,400,7258d6bf9c71abd57a0ba0e016560ec4808e948ddd0ed73308c572c1f794f08e
cabce4076e9a8275,8902579002442,train,OpenFoodFacts,INDIA,INDIAN_PACKAGING_REAL,front,208,400,58dac6695b3d84b1bce2fa760d0003f5b6fb06d2773d743dde0fab52afa5f012
8c0b7acce8cc9838,8901725016296,train,OpenFoodFacts,INDIA,INDIAN_PACKAGING_REAL,front,400,153,d6f60a4dc082d3719a721bb38158fa5329c10bbdd69f70a0c4ccf1a941ca3ad5
321103ce13540ff7,8906010503444,val,OpenFoodFacts,INDIA,INDIAN_PACKAGING_REAL,front,215,400,a9043f1e4cf2d74b5b96f41cae9d769b5e12833f2d5dd1e7dab81bffa5907302
092db918a45a9b17,8906010500474,val,OpenFoodFacts,INDIA,INDIAN_PACKAGING_REAL,front,225,400,9b43194a0128a61c6c27e8070451404cc9bf51e3d141f80b3e272129d6ba838a
c91520ab73acd37c,0070970474088,train,OpenFoodFacts,INDIA,INDIAN_PACKAGING_REAL,front,400,225,10536c0aa4fcfd212fa6d4c26da2ef0659560c9e0fe6d3236682aebaa48cd201
651213231b20e5de,0811594100102,test,OpenFoodFacts,INDIA,INDIAN_PACKAGING_REAL,front,400,267,285d80a0715dded820891da71b714a575c19c72a572c23b9200d13aba60a8927
b8f65c0298c0604a,4000417224002,train,OpenFoodFacts,INDIA,INDIAN_PACKAGING_REAL,front,400,353,b931b2b7c4960bdf2fdd29c8a1eb1aa462b17ad907abdbf0294c5b25750cd940
c0ee68b186a30cf7,8992760221028,train,OpenFoodFacts,INDIA,INDIAN_PACKAGING_REAL,front,162,400,d502aa2252d01a3604232765129dc18e086916f3c521fd9261f39728ad2a4461
04856365544dd678,8902080204342,test,OpenFoodFacts,INDIA,INDIAN_PACKAGING_REAL,front,218,400,9d2e4bdf59ba9bee4628b65e07db03ba77feeb27c3a6acce52824c4d34705f06
5148a0a556bcb9cd,8901764022913,train,OpenFoodFacts,INDIA,INDIAN_PACKAGING_REAL,front,400,178,f9c2431c89393e21c632da6ec4b8e208df07f6eeaf4165af4ed7422cc14aa442
5399149f1e8d4bf7,3948764012273,train,OpenFoodFacts,INDIA,INDIAN_PACKAGING_REAL,front,129,400,7d3831798fc46078d7871d257406b4a59f1ca1f9161ebc86acc6678dac1f6be9
d421cc51d8a40acb,8901725013691,train,OpenFoodFacts,INDIA,INDIAN_PACKAGING_REAL,front,244,400,e47b9a50bc7cf0b1be4a3c3104c474be79b809a614271cbc1c7d9f3821e9449a
db8f05a047017948,8904004403671,train,OpenFoodFacts,INDIA,INDIAN_PACKAGING_REAL,front,300,400,b64e91231b9dba9187a87b8fed0f15915c038612bd5386a02bc4413e25ee5d06
7dff15e6551a1299,7622202216695,train,OpenFoodFacts,INDIA,INDIAN_PACKAGING_REAL,front,400,300,421664e1db2359216db55cb62c08be50cded778d6e0d97946e682461d4f11c31
6567a0799e3c083b,8901719130144,train,OpenFoodFacts,INDIA,INDIAN_PACKAGING_REAL,front,400,239,3d41bb8ead81033626be19210dc8cb4d4e915bcdcff5dc11f7abe707020745d1
5cfd2039d239b0d3,8901063012868,train,OpenFoodFacts,INDIA,INDIAN_PACKAGING_REAL,front,300,400,956239be81c5409d4ad548f0b355dfb1a5347ba94c94f2ddb8f9923571841866
7f52868861592be5,8909081005251,train,OpenFoodFacts,INDIA,INDIAN_PACKAGING_REAL,front,364,400,3495661657b9ace85ed66fcafb9398af52c12c95e482e76233dc07ac24db5ace
8e3e6dc3873a91ec,8906010500498,val,OpenFoodFacts,INDIA,INDIAN_PACKAGING_REAL,front,301,400,950750cf53ccec30e198b142759f2778899bf768128cdcd78e49ae0747837c4c
a336851c671ec047,8901207900839,train,OpenFoodFacts,INDIA,INDIAN_PACKAGING_REAL,front,300,400,fd7e6cf62510c77b507624aa1b01d2249a6597fc4c4da0c18c6b671d1d57441b
bc85b832fa0db896,8904004400250,train,OpenFoodFacts,INDIA,INDIAN_PACKAGING_REAL,front,251,400,11257da602c85ce7f9b4f608ba48b6037df4028c49e48581c5853d956781b364
7fa940799a9b4d71,8901071211307,train,OpenFoodFacts,INDIA,INDIAN_PACKAGING_REAL,front,133,400,4becee1d4c50cb58a8d3c97bcacdc78271eab371dcd2a974f059c3a0a39be43d
2530e53e93271a1b,8906007280242,test,OpenFoodFacts,INDIA,INDIAN_PACKAGING_REAL,front,232,400,147a4e6d0e5984cffacaa9bdcd06cedc8ce56e14e75e2ca1703010477c4f9934
fce1419a0b356674,8901725007508,val,OpenFoodFacts,INDIA,INDIAN_PACKAGING_REAL,front,229,400,1d2225d87d9becf5a9ba827942e81548f2fd16a30fc24d716e092b5ad76d69b0
de066d3bea7973a7,8901764052910,test,OpenFoodFacts,INDIA,INDIAN_PACKAGING_REAL,front,204,400,7987c03cc0d274435c3ba4abe2bfe636850cc6a1b3d86f215d59d901e82e4c2b
51ca2e1002c15177,8902080364060,train,OpenFoodFacts,INDIA,INDIAN_PACKAGING_REAL,front,209,400,c287da6dcf287b0801d99ff7fb7acf16772df79f0e79f879454499e678c7e1a0
4a9c866aa2ef7af8,3948764042270,train,OpenFoodFacts,INDIA,INDIAN_PACKAGING_REAL,front,204,400,9e2f5f17be867375521cb870843f76c2a8895f806b801a1f1c8665703d16a9be
7dffb471be83441a,8901030831706,train,OpenFoodFacts,INDIA,INDIAN_PACKAGING_REAL,front,217,400,ab40aa6ed15319116067cb26d21bdca3207f149a8584ed6ad1deaa17f0815978
7829352905da1d2d,8904004400243,train,OpenFoodFacts,INDIA,INDIAN_PACKAGING_REAL,front,340,400,85e9d02c0ecf2749ae44fc4bb2d946dd9ab7b7129f1f0a5ebd8a301963289970
b300e91669285257,8901063162464,train,OpenFoodFacts,INDIA,INDIAN_PACKAGING_REAL,front,400,189,d6d4cab57805ef9eee7e56333c79916ea71bb839d848e35f1d58d5f6d17f3f14
8cb0fc89496d1a4c,8906006330276,train,OpenFoodFacts,INDIA,INDIAN_PACKAGING_REAL,front,300,400,a9ee338854645816c6ea46c194842d6faaf3b5a9bb3d38af6de1de6b938357b5
f9e8dc00cff7cf2f,8901764012600,train,OpenFoodFacts,INDIA,INDIAN_PACKAGING_REAL,front,300,400,5bd20674a6850119c5238db58a7a52632e1ca3898b23d5e88f0df5e11eca6f7d
da621b5d314b6acf,8901491365703,train,OpenFoodFacts,INDIA,INDIAN_PACKAGING_REAL,front,247,400,eff57049c2a22dd39edea6d5842c9f63e5f4377a6c08d28be56417130940ad70
c7c665a2c1678a7d,19017198,test,OpenFoodFacts,INDIA,INDIAN_PACKAGING_REAL,front,400,351,c789ae4b9e41dab00ec0e16dc87c5d99357e807be1160bf2be2cfd1b6f79defe
6dc680b2c5865959,8901719100369,train,OpenFoodFacts,INDIA,INDIAN_PACKAGING_REAL,front,134,400,aeecd52920b968d7bdca3f6c19fe4c3ae2cd165a8d568bc33339f342bbc3aa5c
9e0417249f806a77,8906010503550,val,OpenFoodFacts,INDIA,INDIAN_PACKAGING_REAL,front,291,400,e2c598c5da80937c22aa94aa2a9e2c7fe85936cc70fb15e7de588b71791f7ea1
dc7b7b1f923cad09,12111202,train,OpenFoodFacts,INDIA,INDIAN_PACKAGING_REAL,front,331,400,c142d9ae99e6430d796766de6b9e45811801239a1ee8a71f0d307273e50214ba
1cd500190fb20b68,8902579002299,train,OpenFoodFacts,INDIA,INDIAN_PACKAGING_REAL,front,215,400,2fcd086cba9be8744557405e622d55edaf76fede82b29a02673625404648bfc5
448375063c927a18,8901058005080,train,OpenFoodFacts,INDIA,INDIAN_PACKAGING_REAL,front,400,208,6361a0828f34fb474ce02ef861c29ace561b98a04adafd74dd6d5aae2ebd8363
bc70e77bacb0cfab,8901058009729,train,OpenFoodFacts,INDIA,INDIAN_PACKAGING_REAL,front,300,400,1e41a148c3047e429aa33ffbc5418c5eac8fc25398c7d0ec530eb1b7b04308ad
ec86baf7a1e5a540,8902080001828,train,OpenFoodFacts,INDIA,INDIAN_PACKAGING_REAL,front,225,400,d283d6ca79cee62e4fb25e03aa1c04019394192badc8b017e08663c9f9749518
d36c33e77be30bb7,8904335604150,train,OpenFoodFacts,INDIA,INDIAN_PACKAGING_REAL,front,299,400,3a052b7893b2bbe665bcdeb292d415dc161e42daf0ff168439096ea734856211
9106ffe8da9e7a43,8904004400687,train,OpenFoodFacts,INDIA,INDIAN_PACKAGING_REAL,front,300,400,01b9f22a6556f020504186836d6a0299f87605a31abbfa27a9b6df011952a29c
e1eae13a9949ba91,8906009501031,train,OpenFoodFacts,INDIA,INDIAN_PACKAGING_REAL,front,300,400,5b4b1d3236064e5928cde9980856ab2c6f399ac7262033a6ad6fa22ef322fd76
3c6a4b74a758ae22,54491496,train,OpenFoodFacts,INDIA,INDIAN_PACKAGING_REAL,front,193,400,be6ceb734a4f76f619a4c6e7ecfd823482ed8f292e0d86845cbcf531d9d81d73
7855ef38c4796c9e,8901262020039,train,OpenFoodFacts,INDIA,INDIAN_PACKAGING_REAL,front,219,400,dac9ab3d631174a77b212d91b523e30dc7928a37a39524bae1ed88fe90732dea
5d4069ab28e61508,0015000047757,train,OpenFoodFacts,INDIA,INDIAN_PACKAGING_REAL,front,400,358,a89c6f48496cab501414bea0dd9020ad4ea474e19932b3368240307c62687b65
88d1a5d065638369,8901262200189,train,OpenFoodFacts,INDIA,INDIAN_PACKAGING_REAL,front,204,400,61da7fa8c1c02c05dc885ead5321dcf51ada5e2347bf3832727d961a59ee2cfe
015b5b44577727be,8904004409253,train,OpenFoodFacts,INDIA,INDIAN_PACKAGING_REAL,front,281,400,af5a476519391aeb96da3f348e053383fd916262d949dbfcba99e11f42201f62
cd0acd3f74f8668a,8901764362309,test,OpenFoodFacts,INDIA,INDIAN_PACKAGING_REAL,front,148,400,0b93a48558284a945be9bf4eccd91a6d90328fa4d1e762f5482545f487f459df
0ce499bcebaa0c20,8901058000269,train,OpenFoodFacts,INDIA,INDIAN_PACKAGING_REAL,front,400,299,d94145c76129b8b0b1419c071a34a572c741605c9e9efc79a04d830fa993e339
abc2857eeacba59d,8901088050586,test,OpenFoodFacts,INDIA,INDIAN_PACKAGING_REAL,front,400,400,e0e932b0d3c56f6acf049933e6fead811b50a92670e0f8dc2669b209a0e0379e
853313641467fb5d,8909081005046,train,OpenFoodFacts,INDIA,INDIAN_PACKAGING_REAL,front,300,400,fdec6c46da0267f1ed898a0ca955c3c46e22b7e4bfa5309246fb8f7f61077c28
e24fd96de50a90cb,8906010500429,train,OpenFoodFacts,INDIA,INDIAN_PACKAGING_REAL,front,300,400,1f6a27557df92f8387b2b28442501ba8c5241f5be29cd3c74385ccaa3e11cf16
a0087ece8395ab35,8901063093591,train,OpenFoodFacts,INDIA,INDIAN_PACKAGING_REAL,front,400,126,896e6d07926af4e2aa8ee77d9186176aae967261f0df74c03bcacaaf3a90ef73
2dea388eafd84f98,8901088047142,train,OpenFoodFacts,INDIA,INDIAN_PACKAGING_REAL,front,101,400,9cbdf898d5916a2c7aa3f0d3c48db00640f24fe3d5652711168e5bd18baec482
a9255a7ad200a581,8901207005527,test,OpenFoodFacts,INDIA,INDIAN_PACKAGING_REAL,front,199,400,8a41763323ca805f72888a0a0c87c025fe7c7767ca70a938327b2a798d41eda6
be1ac8dd67ec7ce6,0856069005209,train,OpenFoodFacts,INDIA,INDIAN_PACKAGING_REAL,front,273,400,6d9264e55e194905859fd2e08577d29c8cfdd9c03b5eae31e6f1ad8ab234a397
a31d0b72a7f63cd3,8901088000345,train,OpenFoodFacts,INDIA,INDIAN_PACKAGING_REAL,front,212,400,479a221a1dc5017d547fa953eeab18a0d8d9975b076a109659323012fc33f525
34504a63283ff24a,8904004403800,train,OpenFoodFacts,INDIA,INDIAN_PACKAGING_REAL,front,280,400,2dfe1b5975f987be1c7177ec3c3f0c27e1a5922ce03c2486411eda7ee4f7a92f
c5e73c4e51c5e0c6,8902080364022,train,OpenFoodFacts,INDIA,INDIAN_PACKAGING_REAL,front,300,400,a32deae1eada981d9c94355d344f50506496d3691571138a7b97721334bb2741
bd535f84d68311ea,8901595863013,train,OpenFoodFacts,INDIA,INDIAN_PACKAGING_REAL,front,232,400,aa93ab2d534a1dd9706b8bd03fb165daa4a6d0781e4dfb1a322e169ccc2fff99
2cb25da8d3a3eaab,8906010503529,test,OpenFoodFacts,INDIA,INDIAN_PACKAGING_REAL,front,313,400,1a09869e0b94e431717a270bf62a8d589ed36a77605198520302f4e78b90159c
cd6abe102a76f9fa,8901030902369,test,OpenFoodFacts,INDIA,INDIAN_PACKAGING_REAL,front,379,400,6fe4927ffb08dcd5ec80fe394d33c8cf986bab1165d403563596bfd73817ba26
43cf8bdcceb4fb0c,7622202309830,train,OpenFoodFacts,INDIA,INDIAN_PACKAGING_REAL,front,204,400,e6d0111613b16151e794d31352149dfb59597b16a0b70fd853b822da134a666b
0c7a4eaa5a62dfbc,8904422711365,train,OpenFoodFacts,INDIA,INDIAN_PACKAGING_REAL,front,300,400,329b423ab48acc34f995a1fa11ebd8aa04ac3752fcfa8ec29922fe2754a87dd8
c1d1c7cb980f5d11,3948063139329,train,OpenFoodFacts,INDIA,INDIAN_PACKAGING_REAL,front,300,400,55cf745fbb621c5a4e0bf05de3b64c4923bb3809885a9fe507003aa09f71dcd2
78d81b9b419ececc,8904004404630,val,OpenFoodFacts,INDIA,INDIAN_PACKAGING_REAL,front,300,400,c5b2bb315e2c021811dac14fe072143d92a224e3e568a2741cab522108d5eb99
621a812e16269d0b,8901491000789,test,OpenFoodFacts,INDIA,INDIAN_PACKAGING_REAL,front,248,400,848e5aac0f7e3746309784624d2b2dc78f956e8d4b6439700c3e83ac9a39ae99
14910950c7122cd2,3948764032271,val,OpenFoodFacts,INDIA,INDIAN_PACKAGING_REAL,front,255,400,bf986f39e2a67c1f221aba09333ec62464539bc75fbf5d193005967bff064d86
7e29646c67c7912f,8902346012353,train,OpenFoodFacts,INDIA,INDIAN_PACKAGING_REAL,front,319,400,9f9ad2d191e48de57e84b26bc36f66e87cccc379b3f4427e5038fb25e8859f06
986e6e39ef0583f5,8901725000622,test,OpenFoodFacts,INDIA,INDIAN_PACKAGING_REAL,front,215,400,96d022211ffeaf6b207345e4690ebd441e2729bfd0abda3abc3ec1b7a56e5b0a
1829759976efb1f2,8901030877131,val,OpenFoodFacts,INDIA,INDIAN_PACKAGING_REAL,front,219,400,600c4bbf1a3e7e0eee2078dd40b85a175ec856d3a6f92ae4bcdf8c8c68d7788d
fefb24bd4b815517,8902080404575,train,OpenFoodFacts,INDIA,INDIAN_PACKAGING_REAL,front,191,400,afe19ed1514b979d6397d970e2597be8ae0bb253d638cab59d2da5cd0f1612bc
bf97932392cb9055,8902080204588,train,OpenFoodFacts,INDIA,INDIAN_PACKAGING_REAL,front,300,400,0127488a2d60f08ac5f5598640272a4a28d5b8861ca58f5d4c885cbc2ac5c702
9272828856a5fbf9,8904327600948,train,OpenFoodFacts,INDIA,INDIAN_PACKAGING_REAL,front,300,400,5b4c3edaa8a309431cdd833966d9c9e64d2e66aa517a9753d1572c3b89a4cc41
ef0dbfeb3a7767f9,8901063092822,val,OpenFoodFacts,INDIA,INDIAN_PACKAGING_REAL,front,400,204,c5a2c0dd4d80f4ecbe60aa39bb2a46e61a0880ff0105953b0d1fb7836a8f2a18
74d858c8ba2bdd08,8901063014404,test,OpenFoodFacts,INDIA,INDIAN_PACKAGING_REAL,front,300,400,71b68e11b5902a53efd0aaf54e070b9299899709b227ced61ea2b9575d6cf444
c27fc371c544fcd3,8906004560149,train,OpenFoodFacts,INDIA,INDIAN_PACKAGING_REAL,front,300,400,30131b61b74db823edd0fe307ee87bae1c0ebdd78d9cee9b6a9775917d0a62eb
7ee4e123b6cee496,7622202252419,train,OpenFoodFacts,INDIA,INDIAN_PACKAGING_REAL,front,300,400,c0e61cfd0f720ca727f675190b8dd0c465f672fd5e698c6d9b0fd59f8eb9eeb1
f81960b3705d7cde,8901063142015,train,OpenFoodFacts,INDIA,INDIAN_PACKAGING_REAL,front,400,222,444e1ab73463acddc67bee69523a1035a92dc0b4a406eb8d61fd2334a5c76834
790e27a8eb420a42,8901491502030,train,OpenFoodFacts,INDIA,INDIAN_PACKAGING_REAL,front,300,400,fbb1fe3bd11819a3d8fd98fff672d36ca8275426c65de0fae8b50c62de68a21b
d1b988f3923945ce,0073935942400,train,OpenFoodFacts,INDIA,INDIAN_PACKAGING_REAL,front,400,278,134732ab3c3fadfb3a48b84e881399191ec89ef997ba1f44a7c0fdfbc8d869ac
26ec2ea6ca4a1979,8906010501242,val,OpenFoodFacts,INDIA,INDIAN_PACKAGING_REAL,front,300,400,18b70d24a0d8256621344f33a5067bffb7153be1247c3c2ef11350e1abfc7625
9cd2e0b3f8fc411c,8908005144632,train,OpenFoodFacts,INDIA,INDIAN_PACKAGING_REAL,front,342,400,cd5f9c9fcb32cfafa8cb235cd45195cc48fffc3a196c5da62711b64f07ec7138
798bc46a09358cfc,8904327600405,val,OpenFoodFacts,INDIA,INDIAN_PACKAGING_REAL,front,254,400,78cceccdb052a900b4c6cd42ffbc42b7d5e7bf9377682e77721c3a382389a421
ba206006a6630b52,8901030735097,val,OpenFoodFacts,INDIA,INDIAN_PACKAGING_REAL,front,400,300,a8fa2a41f3360e7cebd59300356b4cb97cbc8e4ca98dbf6a783e206459bc3a9b
b9652e7a9c146fa4,8901491103046,test,OpenFoodFacts,INDIA,INDIAN_PACKAGING_REAL,front,300,400,ebe1847a17bd2140ceda810d2e78a7b6191b0e5bfa44622c1bb694d4aea95dc9
e33965bb0bb3ebb6,8906010503512,train,OpenFoodFacts,INDIA,INDIAN_PACKAGING_REAL,front,202,400,b16c7af66e924d9664460ecc9edfe8eaab9a3f52376c3698c8f5eb6c5488056f
b2cf776facc077ec,8906010500092,test,OpenFoodFacts,INDIA,INDIAN_PACKAGING_REAL,front,387,400,132cf8067b68335076bbcdaa64a642fff319d414b759487572ac2ad7f9c39891
be8e8c27dd731b96,8906001023050,train,OpenFoodFacts,INDIA,INDIAN_PACKAGING_REAL,front,201,400,de777b200012bd8b73e40b0cb3bcab00c94d4e2d8d0f8844c2780e5c522b1b83
2de5617db61526d8,8909081001147,train,OpenFoodFacts,INDIA,INDIAN_PACKAGING_REAL,front,400,269,fbdb4718f364dc3eb9360bf3b0a844db734c3004bcaf12a88a805c155538f70c
80d09150db23519c,8901725012953,val,OpenFoodFacts,INDIA,INDIAN_PACKAGING_REAL,front,400,234,5b14434ead99e61d4af7b85b42ed53f578c36986745cf46160f24e7e04a7da06
8efc9bab70b70e44,8901595972111,val,OpenFoodFacts,INDIA,INDIAN_PACKAGING_REAL,front,338,400,2aee4b009c6f830a9546ee9394760d8d30c341e1091c2c7da2c0ec78d1aece4f
6d5a4c0dd2ff80ec,8901030702556,train,OpenFoodFacts,INDIA,INDIAN_PACKAGING_REAL,front,255,400,ffb11fb046b1a642418a1dfe1e96883d17247b700279ba46787882fd323a17f6
dc249c69a93433b9,7622202325960,val,OpenFoodFacts,INDIA,INDIAN_PACKAGING_REAL,front,153,400,caef136c29d41edf02abe16923fbaf63fa15845025fcd4964651014ecf00e3c9
4757fd369c589bfc,8906010502492,train,OpenFoodFacts,INDIA,INDIAN_PACKAGING_REAL,front,300,400,75b8ce09d3422d2db5d64a6aad08a393d26f162b6cb47405e55804edcce841df
ffba6459e74ca92c,7622202318078,train,OpenFoodFacts,INDIA,INDIAN_PACKAGING_REAL,front,400,149,7932f38547dd385cbcf02059019ecf9f9f45e3768531cded2a8841a02e7cd2fa
40648cd29ff823d8,8901491380010,train,OpenFoodFacts,INDIA,INDIAN_PACKAGING_REAL,front,209,400,0401ad865ea2d9eab50fbdf21253ec6995d5d17062ad21bad105d3dfb34e023b
1dd62d7bb261506a,8901088068741,train,OpenFoodFacts,INDIA,INDIAN_PACKAGING_REAL,front,330,400,764bd3aafded7330b71eb0b6f0d0a0f446210f3c5c57aac0ae3d02b219021c0b
51c438a07467101c,5000232192202,val,OpenFoodFacts,INDIA,INDIAN_PACKAGING_REAL,front,300,400,6532d9fd6084e82573893cd05593836c7ec530f5ccbcb40fafa4a298d9234e6c
7d07acb5099648d2,8901262150088,test,OpenFoodFacts,INDIA,INDIAN_PACKAGING_REAL,front,203,400,1eaedc731d4098d38c1922850d06ccd3c9efb770db976742d9d575926fc27951
65c9cb3810fabe6a,8901262200004,train,OpenFoodFacts,INDIA,INDIAN_PACKAGING_REAL,front,213,400,391900af115e97c98b3ef4bea17e8cf6833299806c32147e515431a5efbe493c
020ef0209b38bf34,3948764092800,train,OpenFoodFacts,INDIA,INDIAN_PACKAGING_REAL,front,213,400,6c7e5dd98dfa959874bba5b9fb895a9a9616663dffa978a8b341b1a19f1ab989
6faa60fa5fd6c330,8901030872693,train,OpenFoodFacts,INDIA,INDIAN_PACKAGING_REAL,front,300,400,2c0c347b2e70688cd1234899d0c06220213c58a6e48df0f79fa947485b71edb0
7436ab2bec554f71,0846203081923,val,OpenFoodFacts,INDIA,INDIAN_PACKAGING_REAL,front,300,400,264c1103c8b4f3e5966637ebaab8d680425c6f1c10a2cba95884c70f6a65a6a4
08cb9fe1477f6133,8901063028241,train,OpenFoodFacts,INDIA,INDIAN_PACKAGING_REAL,front,159,400,2432ea5e1e209ce0e712bd5ee0f859b7877fbcc19d0d3b99623aa37f817da29e
c587c1823e10355c,8901262070676,train,OpenFoodFacts,INDIA,INDIAN_PACKAGING_REAL,front,163,400,811dd81da3f6c6a289fa83bb6ac9ae43ca201f8122c2107052bbe57377198358
a2b68d0605b45fab,8901207062865,test,OpenFoodFacts,INDIA,INDIAN_PACKAGING_REAL,front,186,400,c444f2f7298c110f100d9b9875741737c09c5e6f612527adbd75d90485901f8d
ded17468c0dbe560,8901262020015,train,OpenFoodFacts,INDIA,INDIAN_PACKAGING_REAL,front,400,386,b066fc2ef5b9a0a6965bf44ef47eaf12a680e64f924d0df897a81f59843c7f72
e1293ab39b1d7a1a,8901207025372,train,OpenFoodFacts,INDIA,INDIAN_PACKAGING_REAL,front,244,400,a41086a4955843622d4ef6b1248d3668df446178dbd42f93c4d1df4f747b08e7
cac19fab6df99754,8901262151863,train,OpenFoodFacts,INDIA,INDIAN_PACKAGING_REAL,front,163,400,c4027faeb7643bb51edbc17557dbb2e98977bcacfde7791538721cb432da546e
a57338fa34b90fd9,0712345678904,val,OpenFoodFacts,INDIA,INDIAN_PACKAGING_REAL,front,246,400,87629dac7ed32512e93c8b3fafbf1b772f8c29229f65973eb3551e82bddfceb4
eb752e8a50258ef9,8906017290774,train,OpenFoodFacts,INDIA,INDIAN_PACKAGING_REAL,front,113,400,81b6565a6a6f038dada63243da592730df8538fb4bf1c974504fbe9b0ecc9c0d
c886673f0cf06836,8901262172448,train,OpenFoodFacts,INDIA,INDIAN_PACKAGING_REAL,front,391,400,7b5193bcc9e1b0e7a03ed84a4b1b7df7a48f050548dcc42d15f08041e397c4fe
f0e0cd980ef3aa4c,8904004400045,test,OpenFoodFacts,INDIA,INDIAN_PACKAGING_REAL,front,281,400,63535fa53476c05a145b03632d5097af8fa293db0cd23eecc5d122c4f0721bfd
ccd3ff609f142eca,8901012350010,train,OpenFoodFacts,INDIA,INDIAN_PACKAGING_REAL,front,219,400,83208f7e9aa94f26ceb7bf0e5ca79527b20c11d2aaeaa7125d8cd206d51dc853
09911c902f1421ce,8901491000772,train,OpenFoodFacts,INDIA,INDIAN_PACKAGING_REAL,front,273,400,372220e374fdb509a9bb1018fec84543a276b4f87b9703f163c3ef5980a2b575
9320d4e2a8106f8b,8901058003000,train,OpenFoodFacts,INDIA,INDIAN_PACKAGING_REAL,front,307,400,36b764ef8d94ce2ed4e904a9a799c2da73aacfeaf74810558eb144aec4e0f64b
6c8f4ccba1ab49c2,8901058015171,train,OpenFoodFacts,INDIA,INDIAN_PACKAGING_REAL,front,400,274,f68703587a3d3f14bf88c542a7def40a2252dde743bf67a19e0bc0819640e191
11fca2cc3c5b10cc,8901764112270,val,OpenFoodFacts,INDIA,INDIAN_PACKAGING_REAL,front,131,400,bd2f5fdc87a90264ddcefb85459e23344f5021f0cbbb2dc0f99776237f75bfb5
3e5f040a3e4ce278,8901058016222,train,OpenFoodFacts,INDIA,INDIAN_PACKAGING_REAL,front,400,286,de216e9f5721cc68d5ecf33faad0bdec0a39b0daef36afb8a3cc6c5f7f582e99
ce3ea142f756e223,7622202315152,train,OpenFoodFacts,INDIA,INDIAN_PACKAGING_REAL,front,400,123,09c0ee67971056b3624f2111cc607c9e2b23d03edd8d0f470908b96e2f6f2e4d
c5dab76876afebb9,8901058018677,train,OpenFoodFacts,INDIA,INDIAN_PACKAGING_REAL,front,400,300,8af6aea288c620e50c92d4db7c7a23d0d79ec3359a463dc3b0a8d0325b7c1d3c
ff52fb11eccd325f,8901058017601,train,OpenFoodFacts,INDIA,INDIAN_PACKAGING_REAL,front,300,400,deb938846c8806d0349b7bb8ccd86a4a8d74225682f1cd245d6d3a7f0b7495b9
d18782bb2b648ee8,8906009803777,train,OpenFoodFacts,INDIA,INDIAN_PACKAGING_REAL,front,290,400,a310c9c3cf22b8d3d79ee8a1dd3f83290015ad31c574ad9b1d167b689d1b97e0
a0791d2c33304644,8901262151696,train,OpenFoodFacts,INDIA,INDIAN_PACKAGING_REAL,front,204,400,cc40ed538e9806132ac9870115a85a1c6f57eacb8e39020fa1a888edac12bcae
660fb57d035b2c39,8906010500085,train,OpenFoodFacts,INDIA,INDIAN_PACKAGING_REAL,front,263,400,3261ee55407ae96169bd0d3bbd6a8b919bcc021d5adfe8792738b8af18893bd1
85db7bbbc13d9423,8906010500269,train,OpenFoodFacts,INDIA,INDIAN_PACKAGING_REAL,front,310,400,e680097392c6376ed861af5474fa3973a249e2b707b3acd99aa5fe66a51bfd04
21c98d04ef5b0837,0073893212256,train,OpenFoodFacts,INDIA,INDIAN_PACKAGING_REAL,front,300,400,53fd3b41481bcc31ff56b1731620dcbe4af4dad56a43ee7b46c261e944e84d42
bed3b534aafe9e61,3948764175091,train,OpenFoodFacts,INDIA,INDIAN_PACKAGING_REAL,front,217,400,9ef8f9bdd4236f7f03ab52d20151e3fd108d1c95aa946ba0f7ba4d64fd44e85c
d423bd268d1791df,8901063017627,train,OpenFoodFacts,INDIA,INDIAN_PACKAGING_REAL,front,214,400,c671dbe9510404d5dd67b3b59161c74bec31cc374042dcbb841e205df3bc875e
20f1e6434e4ca782,8906010500702,train,OpenFoodFacts,INDIA,INDIAN_PACKAGING_REAL,front,217,400,2f40e98c66e8fafb268109634c6e4360a1bb1db3facd81cc39735c241a6a396e
c0be394e875661fc,8901491103800,val,OpenFoodFacts,INDIA,INDIAN_PACKAGING_REAL,front,300,400,1455aec88bdfd46c52f3a36a0f31666ca656a815faece67bf2ae3b4c593fae19
4a84be8f751c2206,8901030898105,val,OpenFoodFacts,INDIA,INDIAN_PACKAGING_REAL,front,300,400,553240907e4d3f5cf5fc64d7bc99d2b6e05db30ea9d861600e1555e8732f8928
18a9014344a0817f,8906009532356,train,OpenFoodFacts,INDIA,INDIAN_PACKAGING_REAL,front,149,400,3befad8bb790068cd13697511a4b074785f928cba2f109dd2f3a00bd0abc5c56
bdbaba3c50a856fd,8906004560767,test,OpenFoodFacts,INDIA,INDIAN_PACKAGING_REAL,front,300,400,35ff24e4c19689668d62f2b52d791bc4975b56e130c90b9241871fb648c976d5
f14417be052aab8f,4897036692455,train,OpenFoodFacts,INDIA,INDIAN_PACKAGING_REAL,front,300,400,4834fa74aed6e2a7d4c11b11fff9a26b79588eb74b96d64175dc098de4754978
589c8d1614169996,7622202272639,train,OpenFoodFacts,INDIA,INDIAN_PACKAGING_REAL,front,400,152,dab30ad21c0e62ae24d82668e89ee4bdedd223b0aebdd38f84e897a3f5134431
a19b8b29466d1e5c,8906136651968,train,OpenFoodFacts,INDIA,INDIAN_PACKAGING_REAL,front,300,400,dd66953705b4fac610b51efdb84123aae5f90ba7fddc47340a3873b91b386cfb
1ad3ecfd23bbb81d,8904482000003,test,OpenFoodFacts,INDIA,INDIAN_PACKAGING_REAL,front,301,400,6793c698e860915e6b73578145c384ebb253955503995c17479219d8360b953b
61b097ebce67fded,8901719125348,train,OpenFoodFacts,INDIA,INDIAN_PACKAGING_REAL,front,400,307,e28cce7af816eae806ee20ef3eb01a3644819198a487e9e9c2bfe96ce0250251
7e870d8a4dedb958,18111286,train,OpenFoodFacts,INDIA,INDIAN_PACKAGING_REAL,front,301,400,2ea0c2b123d50a111fc8f188239765a18da5306983c874b509691e17364cfcf0
6accd6e8d14d4946,3948764111259,train,OpenFoodFacts,INDIA,INDIAN_PACKAGING_REAL,front,180,400,333d1510bd3d1c1b221157be26386fee06fe359f5bef498258a35cd412b9c7fd
fd93dbfeb6730180,89000724,train,OpenFoodFacts,INDIA,INDIAN_PACKAGING_REAL,front,150,400,d75a08d770fed6ad1cee34ad20af31b8b37c23657ce770bf882a1af610733e0e
40da2be0bc5a0fd0,8904258701707,train,OpenFoodFacts,INDIA,INDIAN_PACKAGING_REAL,front,169,400,8940888e305161aef67916e1f0a5be8aa5f139de854193f1f8fe212a35a3db38
fc3c3ace279ff7e0,8901719121685,val,OpenFoodFacts,INDIA,INDIAN_PACKAGING_REAL,front,216,400,dab1d7ea850249fb12780fa96bc50b0a301d1d99b7ae91c5d1f539b76d87641f
fe9a640178bfa791,8906035030055,test,OpenFoodFacts,INDIA,INDIAN_PACKAGING_REAL,front,283,400,699040f2d18b3d86509c0fee2aa48b0008b81624e8f4fdaeaa0fb980417e37da
3270389b1b5c92b5,8904004402247,test,OpenFoodFacts,INDIA,INDIAN_PACKAGING_REAL,front,209,400,e7123c7713be918bf339ee4bc8876b87fd688b4317b9d12afe2ff418a1efe73a
f4134638bbdc116f,8904043926612,train,OpenFoodFacts,INDIA,INDIAN_PACKAGING_REAL,front,261,400,6f450ae6678571c60a8511c9b7b96e26c4d179ce00e69b8cc1a2e41f3ccbcf91
deebb1020ae78194,8908013982646,val,OpenFoodFacts,INDIA,INDIAN_PACKAGING_REAL,front,193,400,8588ef286b1315e709c609fd5042b3b228d43e4516a280cc1a617ef0004652e1
dbd03b3aaa3bb845,8901499023339,train,OpenFoodFacts,INDIA,INDIAN_PACKAGING_REAL,front,349,400,241a0471549fec8118adedd72e46f675b7ff2da6b244cdc2ba0f0b8088ba4fc5
8808f631bed10c59,8901207040337,train,OpenFoodFacts,INDIA,INDIAN_PACKAGING_REAL,front,204,400,f72d528707fcbeb2c3c9556e23aadc9bd777bef046adc2440c70da24c8d936f6
6dcb81c226ec0746,8901491001809,train,OpenFoodFacts,INDIA,INDIAN_PACKAGING_REAL,front,300,400,ed90d6f65a385110284565cdaf908dadc6d30cee3f1c0a76e99cc2c399eb3be0
ace1bc97b8c77d63,0850006000012,train,OpenFoodFacts,INDIA,INDIAN_PACKAGING_REAL,front,300,400,ff65a57a73600150c8ed1624f9a03fc2d30d662a54f4c44665caa3038b712b72
e2a50834f394355a,8904043552644,train,OpenFoodFacts,INDIA,INDIAN_PACKAGING_REAL,front,197,400,3e698e9f150ccce87255b669be9e28102f483df66d0beb8c4927f10c8a033aa1
b98a276657795ac3,8901595863594,train,OpenFoodFacts,INDIA,INDIAN_PACKAGING_REAL,front,218,400,2b516379154a22b4228678d4568a278ad3171f1c6e331f2e5f493a6617847de4
d0941cfd6fa74a6e,8903553851377,train,OpenFoodFacts,INDIA,INDIAN_PACKAGING_REAL,front,212,400,a4c5dfe843b30c76e6d127aedd1d5244624bc018eb1e206bd479a26078d32d90
201507e758fdea58,8901058017670,train,OpenFoodFacts,INDIA,INDIAN_PACKAGING_REAL,front,400,168,49db97ccee5146e1824bee59d8451206e80c5de79260de8c87c5d01fbcbb6aba
ed8b52f73966d25c,8901071706834,train,OpenFoodFacts,INDIA,INDIAN_PACKAGING_REAL,front,225,400,52f55ae330ee13c3b5781088dce4ae9cdb35e3378e400431ef1b09b04d5f42c5
5eb76f607fe525b4,8901491981552,train,OpenFoodFacts,INDIA,INDIAN_PACKAGING_REAL,front,228,400,f1356427a8755ae8c5d4fd27e9c44fd55abbc0d798f7e1d48f056f0ecc7002e3
e430e50c5769a96f,8904109450112,train,OpenFoodFacts,INDIA,INDIAN_PACKAGING_REAL,front,400,225,a468d9b549305dfad534fd3a5927999689f53aa74ea3c9a72593d4037f35761f
ec22202c9a2130f6,8906017290026,train,OpenFoodFacts,INDIA,INDIAN_PACKAGING_REAL,front,201,400,94e34e73d7a53a0bd2d1daa3595fec93cf8edeefd962d76813d59dc9f4784d37
ea2f916feddfac83,12345678,train,OpenFoodFacts,INDIA,INDIAN_PACKAGING_REAL,front,400,354,055422a5fe6503948eb4713e90fb9483ad4826a063a1a7b949295af133d87b8d
df72d308bff0abf2,8901088068758,train,OpenFoodFacts,INDIA,INDIAN_PACKAGING_REAL,front,225,400,042e381181265095d16729c6b071d278d33ef9d06277fce49086420354984d9e
483a3fc450426623,8901262260107,train,OpenFoodFacts,INDIA,INDIAN_PACKAGING_REAL,front,400,357,9d7fffd6ee9eab176bfe61fa998e7ab91fc6468b5211dc7e9ec9d0004f54cb8e
ab0d952a012bd9b4,8904004400601,train,OpenFoodFacts,INDIA,INDIAN_PACKAGING_REAL,front,272,400,430cd0ab0d9f4a170b1b507201805bc1aa21c6c070f7a2ba78b0c384d591ddd3
e3b81215b431f024,8906010501952,train,OpenFoodFacts,INDIA,INDIAN_PACKAGING_REAL,front,258,400,5e7793601ff2626b06fc5d040064d2f5d86df25d39c4baca1b855bd3a5fb9f67
e827e663c8db322e,8906009070834,test,OpenFoodFacts,INDIA,INDIAN_PACKAGING_REAL,front,400,226,0d5a8947aa3a7e86911d7252a9b38b345b07e1df0df27c94ac97b017fbb1aa05
328ea7f78df3885f,8886467122408,train,OpenFoodFacts,INDIA,INDIAN_PACKAGING_REAL,front,116,400,89712867d18723ac10576e160f22b3135eee9ce24e0a79989c46e621694c27f3
13ad0dff63a4501c,8901207006241,train,OpenFoodFacts,INDIA,INDIAN_PACKAGING_REAL,front,191,400,fcf9a2e70bee2874f91a908537c1053026616425f0990412ea222a6a573ca19a
bfd73df492f79ddd,8901764111259,train,OpenFoodFacts,INDIA,INDIAN_PACKAGING_REAL,front,212,400,b330fbac1cb3339876e2c4c129bfd741d78f213a82deb5afbe3d4639a3b7e742
0e3939ec420aab79,8901063163331,train,OpenFoodFacts,INDIA,INDIAN_PACKAGING_REAL,front,215,400,0e41cabbc9fb258b67bf73c464a9c28b3afb1740f78fa0856e7a05ac19e8aa96
cf64b708cc758709,8903241110434,test,OpenFoodFacts,INDIA,INDIAN_PACKAGING_REAL,front,300,400,d8f86a4c5a35f2a92db2e309be89c25927569d5e5eddaffab61396e77eacf3eb
e5e231a0fba6ebe5,8901512540102,train,OpenFoodFacts,INDIA,INDIAN_PACKAGING_REAL,front,300,400,bf2d872db3be68e09cc1d5130c9a7427aa7dadd995de1cf8590704a4296379ad
32970b432ed949eb,8902080364589,val,OpenFoodFacts,INDIA,INDIAN_PACKAGING_REAL,front,117,400,09e3471121d509ac32795174b20492b2508798b95945e32ec911aa7249928e6b
cc30c60098979eaa,8901063093089,train,OpenFoodFacts,INDIA,INDIAN_PACKAGING_REAL,front,400,205,5eab86747895de6a6b1e9773a2ecd87e7f10904ac8ca2f72907e17f790452bd1
a275129ef346fe84,8901030902352,train,OpenFoodFacts,INDIA,INDIAN_PACKAGING_REAL,front,400,371,f2a2217609d0abbdff367be3637baf4cf789b97500736bff2c1a73f4641ef59b
cdb613f3a7d530de,8901030987007,train,OpenFoodFacts,INDIA,INDIAN_PACKAGING_REAL,front,217,400,570d7270a9d2bf7e4a8704267299d60cdacdf18dbd153bc488b428c817cccc5f
f768349f92296bde,0846203004885,train,OpenFoodFacts,INDIA,INDIAN_PACKAGING_REAL,front,225,400,eec9df5a16fda71e177b5463c43af758efe9347606c2e01b71bb2bc98714f717
984392eb1283c254,7622202237416,train,OpenFoodFacts,INDIA,INDIAN_PACKAGING_REAL,front,201,400,3491f4e80f049ddfb0a2d830a8d69d62a90025245897e11b244431865ef56c35
ce2cbbbb2156f97b,8908006989355,test,OpenFoodFacts,INDIA,INDIAN_PACKAGING_REAL,front,180,400,b2f61ef8f2aa92a02cd65f1999e1f67ea35e225f5f5f8feafee403963cb8907c
8518f0f7337c6fec,8901063155534,test,OpenFoodFacts,INDIA,INDIAN_PACKAGING_REAL,front,300,400,9cb050c7d98ea2c0d2a4c47c4695e92a4d02f087890d09865aeda6a9c70ffb24
733b52a4984e6d0a,8901764312601,train,OpenFoodFacts,INDIA,INDIAN_PACKAGING_REAL,front,225,400,351611b3ef9060b39972333453346bdf91d3641ecb723672385f1d07d451d930
b0d9b5f4740f7e0b,8904004401561,train,OpenFoodFacts,INDIA,INDIAN_PACKAGING_REAL,front,300,400,71df5b325287b5e7773f1956cb762990cdb5e00977bed54679158377760cb0c9
d0954ab8b0d38cae,8901719135477,train,OpenFoodFacts,INDIA,INDIAN_PACKAGING_REAL,front,400,231,df6076cceb83a14c04cebf668bd7c9b02f9791a446eeec201d7611ba8ce9d23c
efb405b05f45a883,8901764972041,train,OpenFoodFacts,INDIA,INDIAN_PACKAGING_REAL,front,225,400,61b563f02a9fae4e44552dfea04ad07e77821cb7c3403db82e5eee2ff2ebe078
0d8c077bbeb41792,7622202344213,train,OpenFoodFacts,INDIA,INDIAN_PACKAGING_REAL,front,180,400,bf918de0a76a70d7663972edb58976a6563c72e2759005095ba9c7ccedf019ad
13604f091a16547b,8904004401134,train,OpenFoodFacts,INDIA,INDIAN_PACKAGING_REAL,front,305,400,8cb18720125ebf0c114001f04f8ddcc8e09d3569f7ec45efff80070117915da8
9a4f960ccce11065,8906001023036,val,OpenFoodFacts,INDIA,INDIAN_PACKAGING_REAL,front,204,400,632eb166591da0f052a7865aeb46070841e7a3404b6b9a1f591925b084570cbf
2040820af8c14ca6,8901491367219,val,OpenFoodFacts,INDIA,INDIAN_PACKAGING_REAL,front,300,400,35ad0e4378bbff7296f6be8c4221eef2272639eacdb96cbd5640c32b5ff339e8
32d29f51bf66c512,8901764011252,train,OpenFoodFacts,INDIA,INDIAN_PACKAGING_REAL,front,300,400,dd948c48f9bffd3b61840a9339f75d3794ad5b169c86cb878b3cb7ff01577a92
36e0fbd8bd7cb6ea,19010588,val,OpenFoodFacts,INDIA,INDIAN_PACKAGING_REAL,front,297,400,f2c8b69f3a309a2096a10aff796856bdc9598987b0e0da95edbcef4a5235ac27
79f63369e6deeed8,8901491365666,train,OpenFoodFacts,INDIA,INDIAN_PACKAGING_REAL,front,400,299,683562b871314f8a09cb53434667216eb65fc056aff897b351d21d2f8e8355aa
e478c64d7627b09b,8901491981538,test,OpenFoodFacts,INDIA,INDIAN_PACKAGING_REAL,front,301,400,0d8e3a12a94062918549c392fb768e9cd98d4f13ab7906ac5a2f3454858d00dd
86189a217beba9f4,8902080204021,train,OpenFoodFacts,INDIA,INDIAN_PACKAGING_REAL,front,159,400,ba55bbc8c737e5ac0dbe6b1e6721529b694bd8eee27ad74e458d864f79bf173f
82b43daf18e2e206,8906069403412,train,OpenFoodFacts,INDIA,INDIAN_PACKAGING_REAL,front,376,400,2093edeed23dc23262dd0ff8305ccfabf1b22aff0b9b9b2f13d6b529a0c5a507
436b100343155c90,8908005144014,train,OpenFoodFacts,INDIA,INDIAN_PACKAGING_REAL,front,176,400,892111e73060ddf52e569bf99d71c82b235af3dcb1953f341b1deb891cc4b445
e4c598691b32403a,3948764022913,train,OpenFoodFacts,INDIA,INDIAN_PACKAGING_REAL,front,204,400,a79d32ea98fc4d3899fa092e9a16d17791755e3cea598212cfa808717a0b676c
825b749525e33196,8901063338593,train,OpenFoodFacts,INDIA,INDIAN_PACKAGING_REAL,front,299,400,2223f93a28f83e0341af1d51f1d26ed6e324808039fc4d559b038bff1b3ee1dc
585e75008d00794a,8908000861107,val,OpenFoodFacts,INDIA,INDIAN_PACKAGING_REAL,front,197,400,bb7966e6e482e3e2171559a9d5fbd8c28743a6327176aabfc897426f71a33eb2
2e5ae4a58d642451,8901764092152,train,OpenFoodFacts,INDIA,INDIAN_PACKAGING_REAL,front,189,400,e39c4e1ef62cf56b16038adb0c00d584340a11e957308c750bd102fe3a012d1d
87294dfd21cc1f80,8901030953217,val,OpenFoodFacts,INDIA,INDIAN_PACKAGING_REAL,front,225,400,f0ea78751683250daaf5e5720c0303095517428099b16032c3d8819afc40d333
b9e9b98e045b5049,8909081001123,test,OpenFoodFacts,INDIA,INDIAN_PACKAGING_REAL,front,400,301,146e6baf18bdb8587af4a73d2463fa53236f4cf3c0469a3e84c3eb977df5856b
021a8b95f05c2f6b,8904004400021,train,OpenFoodFacts,INDIA,INDIAN_PACKAGING_REAL,front,247,400,e43ff3946c428d90b8e255c9611905abbd8f8287bc2a01f681fd1f67299dd53f
c3bd983f605ba75b,8901030980053,train,OpenFoodFacts,INDIA,INDIAN_PACKAGING_REAL,front,365,400,c156854107a6742258590c1c4047112b606c89b78c5ca984f98c0532dd1551b6
461fb36929273792,8901719129179,test,OpenFoodFacts,INDIA,INDIAN_PACKAGING_REAL,front,400,147,1fbe7782cde81f531211046ee56de037ac7c3a7ec7c73c9feb56edd2a432832d
3768537d0438f530,8901725018016,val,OpenFoodFacts,INDIA,INDIAN_PACKAGING_REAL,front,356,400,dc560ccf886fcc839a1ecd2621a9544d619924f6e7da57f08f47af36659ee756
df68a794658d255d,8901719126468,train,OpenFoodFacts,INDIA,INDIAN_PACKAGING_REAL,front,400,201,a8eaafaaf2ef6bd9feaebde9570a1ff19d3e6d8762ecdbd663c38a5027cffb01
bd71af54de8e31d0,8906002006601,train,OpenFoodFacts,INDIA,INDIAN_PACKAGING_REAL,front,300,400,281291b4efe81b0f4938e541e014c8856b270642b144942e938719fc220f12b3
572d9223420494a2,8906004560262,train,OpenFoodFacts,INDIA,INDIAN_PACKAGING_REAL,front,300,400,17c7ee86e6bb892220170bc69d75f47302678f937a231766733b1c94e823fc48
70e7e8683f051927,8904071700031,train,OpenFoodFacts,INDIA,INDIAN_PACKAGING_REAL,front,300,400,f9683a00763bdddd46b3449d7426b5bb10e768099da454efdacaa171f5539436
1667e334fc79b163,8906010502300,train,OpenFoodFacts,INDIA,INDIAN_PACKAGING_REAL,front,216,400,1ff996921064aee8ff7b069382c1fedb54e088cf60c8467b4ba7d8c05d934679
7965472cad7260f5,8901725123123,train,OpenFoodFacts,INDIA,INDIAN_PACKAGING_REAL,front,325,400,c7075d561314f08f923e7eac777360d107f76bf3a77a3f6d40b6532ab50a2efd
420540e08ea0246d,8904004400083,train,OpenFoodFacts,INDIA,INDIAN_PACKAGING_REAL,front,254,400,605ab035a81c8469515307890d5ecb877361495d481ff4cad8d938ed7983f53d
b3b13866cd9f3932,8901030779282,val,OpenFoodFacts,INDIA,INDIAN_PACKAGING_REAL,front,231,400,4f18c1c529470ce46b22f7dcd7803160aade7f8c25e914bb4a39f1c169a008fb
d0420c1d76d8a2ae,8886467122439,test,OpenFoodFacts,INDIA,INDIAN_PACKAGING_REAL,front,118,400,221e56f450f04d9df79aa6c1f4d210faa7531cbdc53fcc31f49da89413e78a27
7784025928adab71,8904071700192,val,OpenFoodFacts,INDIA,INDIAN_PACKAGING_REAL,front,325,400,a740bf417cc08144de1103614d648fe3debc22a6f56fbe3a3a6b8c9802422358
03c8c7eec3a8cdd4,8904090906520,train,OpenFoodFacts,INDIA,INDIAN_PACKAGING_REAL,front,240,400,50c813de1bfcd1bf176a7d64a97e3a2b30c0df530ea8d7aaff647c4a4944b695
771d1bf9fd6b7507,8901595851218,train,OpenFoodFacts,INDIA,INDIAN_PACKAGING_REAL,front,191,400,8e74ee50ac009f56fdfd8bff5e7b8a5586054fdfe2a8ae000aa9566cb2c61cfd
0bbcc349a0c9f163,8901262174114,test,OpenFoodFacts,INDIA,INDIAN_PACKAGING_REAL,front,385,400,96edb4ecc97b213746bd974f933355919e94b851a271f758f97e1809c92d022a
fb7e70acceb1557f,8901725104641,val,OpenFoodFacts,INDIA,INDIAN_PACKAGING_REAL,front,400,207,dd59b58d28b3453381a2e7a32ae99ce974397d1c74cf1450908cf38bada64965
810c780c7ae57bcd,8902579001438,train,OpenFoodFacts,INDIA,INDIAN_PACKAGING_REAL,front,301,400,635034922f7b5d1888fb632adb57ad673ac321e0059c666bd271d07ef8077abc
93669c662b0ee71f,8901117250000,train,OpenFoodFacts,INDIA,INDIAN_PACKAGING_REAL,front,222,400,cadf7f8482ae84603c53319b65656852c304f8a120d6ab5ed809c0e23b55f2cf
738d9af44fed550c,8901088136945,train,OpenFoodFacts,INDIA,INDIAN_PACKAGING_REAL,front,200,400,26ae5012a805324575aa765f4d2fda2e5b83d563e04706d8980db17bd01be848
29541aefeb201a12,8908010900070,train,OpenFoodFacts,INDIA,INDIAN_PACKAGING_REAL,front,227,400,b581510314f9f94859533dc80b7dc3b7c104babde9d659ef454e6028fdaf7263
1ae98568b2f75544,8906010501822,train,OpenFoodFacts,INDIA,INDIAN_PACKAGING_REAL,front,214,400,4cdf990a8284ce603fd4f692b7be56563c45d2e5d0525a368b548fee2e25ae02
403b6bf13fad80a4,3948764052910,train,OpenFoodFacts,INDIA,INDIAN_PACKAGING_REAL,front,204,400,84994468eb17ec6b8fd40f7931cbdf520a0a5aa2c32539c81faa9039ca3d0f9d
8e9c9ca7b6ed6fea,8906032018919,test,OpenFoodFacts,INDIA,INDIAN_PACKAGING_REAL,front,341,400,b8d75a6b4566c0f152a1518fd379ed80a8caf6560703a098d29ff0025032399e
33725c2acf8d74f4,8996001312476,train,OpenFoodFacts,INDIA,INDIAN_PACKAGING_REAL,front,300,400,b3db553edcd52f356f1b44b3cf36ddb0f1cd46f57229f53efdefc2b68ece0435
8ffd3e9c1d734e97,8901030919305,train,OpenFoodFacts,INDIA,INDIAN_PACKAGING_REAL,front,217,400,91d736bfc6912dd1fe64cb739d1f8ffc11297cb31c7217922d624dab0a1cac14
9d592654c5324048,8901725005986,train,OpenFoodFacts,INDIA,INDIAN_PACKAGING_REAL,front,400,146,ef56912fc4a4af0e540f0d12398accf6812c0c28589d835fa7eb1589bab871e6
67e82b792a2ece31,8906032018810,train,OpenFoodFacts,INDIA,INDIAN_PACKAGING_REAL,front,400,199,11c5b62697038518526d630707e765e39a4a407920eecc6afafd87691abdcbf3
d53a9889a6f0d236,8904004404661,test,OpenFoodFacts,INDIA,INDIAN_PACKAGING_REAL,front,201,400,f0cffc5798f6d2b55e1da5e69e6bb1f4640f3ee86e0c1dc4d2aa887fc1963e3d
d4216b0515226f9d,8906010500511,train,OpenFoodFacts,INDIA,INDIAN_PACKAGING_REAL,front,312,400,59290ff3313c9c5b7348537408136a69db6443c6a624c0355fb8d634743adbbd
bb8b4d6cd2bd6f70,8901764012907,val,OpenFoodFacts,INDIA,INDIAN_PACKAGING_REAL,front,301,400,1be2bf29dd8eb7d17eb381db877b55134ff33cd30f6eb90a7709bfaf39d6e7bb
e497036f1ab0c502,3948262200196,val,OpenFoodFacts,INDIA,INDIAN_PACKAGING_REAL,front,205,400,893040fe1f3a591e8aaca4bcaf6b0993a29f36c9ff5a2a91ffb0d39b6dd62ce3
462e3332aa271c89,8901719135156,val,OpenFoodFacts,INDIA,INDIAN_PACKAGING_REAL,front,400,315,880ae74631a9bb01d0f86e3016221d426cae36effb63e4959d2203f1320aa705
c551dbe20aa3176f,7622202324260,train,OpenFoodFacts,INDIA,INDIAN_PACKAGING_REAL,front,225,400,ccb61d58ca31cc661292e842fdbff8a562f131c44c62d1c81dae85d4f73d1f0f
45062e5007f55dfe,8906080604690,train,OpenFoodFacts,INDIA,INDIAN_PACKAGING_REAL,front,220,400,d186316a159cdf27f9ee18fe361f7c159e0b8453d1c369178c1971b69e57a7d7
24f2d1545c483615,8901030735110,train,OpenFoodFacts,INDIA,INDIAN_PACKAGING_REAL,front,400,300,45984b5564f3b2fce0ed03e7ceaef91050928b7b1f0df36174c2f9582657b49f
27a4d62c0bf5d9ed,8901058851298,val,OpenFoodFacts,INDIA,INDIAN_PACKAGING_REAL,front,276,400,dfda64b7c9d338e25a1dc2cb49c7bb0bba90b10aa393cf1d2229c112c0e95df4
731eac8fd82ee4a8,8906010501419,train,OpenFoodFacts,INDIA,INDIAN_PACKAGING_REAL,front,284,400,25e45a7e0f81d3afbf2b2f21c9045c94be80fab97425004a6bc0082f9fba25cf
95a10ca6b775dd76,8906006721821,test,OpenFoodFacts,INDIA,INDIAN_PACKAGING_REAL,front,400,276,0009a7eb044f2a1c1eb8eca17d1ba75e7fd56d948d7681194acdca1dc20143ed
9a218e8c44f9598c,0786162002969,val,OpenFoodFacts,INDIA,INDIAN_PACKAGING_REAL,front,281,400,dcaa6a7fb60e681b2deaf791b073da844a3eff89952d78991236382891469fc6
a4bbc948aa1671b1,8904004400588,test,OpenFoodFacts,INDIA,INDIAN_PACKAGING_REAL,front,234,400,e431f130728a23bf9c979c3d98c12160c7eba1b98dffa6ea334482863e708e6b
83d6f8bbd5b9451e,8906010500535,train,OpenFoodFacts,INDIA,INDIAN_PACKAGING_REAL,front,311,400,38b1d9f2d12bc59e2d2763ce099d934c90d0926d8fc8b4d3614280ace03df9b2
fae35fc482f2f847,8901491702188,test,OpenFoodFacts,INDIA,INDIAN_PACKAGING_REAL,front,300,400,8ba48c044e5c0bfc6ef43e12ac52e2788e26c309ca191e29bbc000bdd2043c3f
56eae68a902ba2fd,8906002000494,train,OpenFoodFacts,INDIA,INDIAN_PACKAGING_REAL,front,300,400,03588bfb5bdd932f2671f42ba64cf5295bb54d36674fb3db443ec50f780753c3
af40ca113096a023,8901491435109,train,OpenFoodFacts,INDIA,INDIAN_PACKAGING_REAL,front,285,400,514a38befe46d04fe54495b11e2a57a7e3768b9fc8fb051791144687d7765b5b
eeb56105f6e586f5,8901512540201,train,OpenFoodFacts,INDIA,INDIAN_PACKAGING_REAL,front,260,400,171726c1e4a7431afdc509c1e0a9d7b53be7c112ae60e88b6f02d253caffd113
c2391fce59a2266f,8901491001854,train,OpenFoodFacts,INDIA,INDIAN_PACKAGING_REAL,front,237,400,57bd2bc11387a5ceeab79f838a6b8a2193adc89071aa5b3a2ce3e1dacf3ebb2a
3574e9e53e5ed4cc,8901063142244,train,OpenFoodFacts,INDIA,INDIAN_PACKAGING_REAL,front,400,211,2ab5584cdd5ab7fe1733d08f6db9a838d777ada2e2bfca432100b1467e8dc38b
12ec086afcb9627e,8901058904741,train,OpenFoodFacts,INDIA,INDIAN_PACKAGING_REAL,front,400,210,a3fbafe845defe47a875aeead4232b1c9cb3973dce4116e3b09fc7e7dddcc08a
83bebe17c79c1846,8906007611602,test,OpenFoodFacts,INDIA,INDIAN_PACKAGING_REAL,front,300,400,a9174c25974e6bee4e136b650a9867e33de91c08aad59d6e3f0fa78342304ad4
95682973e1d42f31,8901725013684,train,OpenFoodFacts,INDIA,INDIAN_PACKAGING_REAL,front,300,400,1cd7238769132a4d20869dd429189b435a0476bc0721e8beb2c82bf530e05349
94f9487818850c95,8901058875577,train,OpenFoodFacts,INDIA,INDIAN_PACKAGING_REAL,front,161,400,e6301548414707e8db25dd91b5df50507ac16c864ac0b1c0240f258338756d68
5c9bba6e7c9277e3,8904004403626,train,OpenFoodFacts,INDIA,INDIAN_PACKAGING_REAL,front,180,400,c18344712a549ce47ba045a82f0ee3d1f1eb735af159d05682cad34979925bcc
8a992355ec0c9145,8906005508904,train,OpenFoodFacts,INDIA,INDIAN_PACKAGING_REAL,front,300,400,6264a561a3f2b0df42bcbbe30d6d2b61b8714ff3133617ca36fd7377c593ad56
0db57df57ac08b1a,0992880034469,train,OpenFoodFacts,INDIA,INDIAN_PACKAGING_REAL,front,300,400,bc3431af2fa0db153e9b3c3203c5a464f0f21e2dbd6eef4e096e3f06b8b9c069
929509235b283971,8901764175015,val,OpenFoodFacts,INDIA,INDIAN_PACKAGING_REAL,front,217,400,863db6c2d5cb2922c962316d70844a12b14f61dd15ca402d99592d9b3984b099
63002ac622882841,7622202216916,train,OpenFoodFacts,INDIA,INDIAN_PACKAGING_REAL,front,400,173,91e996fe5538319354db3c45a518f443ce5d77c9512125dde2b7b7db842cf9f2
b541474199055992,8901088213608,train,OpenFoodFacts,INDIA,INDIAN_PACKAGING_REAL,front,122,400,db669e1936974966bdec2cb814314e7e1f3e7423e7524eb25fc2bd3501dab250
800cd84bfe35efc5,8901058016116,train,OpenFoodFacts,INDIA,INDIAN_PACKAGING_REAL,front,135,400,8886350a5c1e50769abed683bcf3efb14b9cdb13651171360ad1c12a2645e654
68dfcd0d2c981afe,8901063365964,train,OpenFoodFacts,INDIA,INDIAN_PACKAGING_REAL,front,400,217,01c518830dc03a525d8f1c137e3532791195f9915f5a9a837bb28d5d04375e96
9c5ae6d5cc204bab,8906151420389,train,OpenFoodFacts,INDIA,INDIAN_PACKAGING_REAL,front,299,400,a2fac345ef69a9d94af3b83ca2d7fee9859115c81a81c2ccc073ecab07a70fda
9017abb998b576a7,3948764012600,val,OpenFoodFacts,INDIA,INDIAN_PACKAGING_REAL,front,301,400,733d011cc4d7d39a28d6dcab2e70e6aa54c5df2fe03191daadf672f86c6c61f6
1a5ef1b1dd1ae396,8901719127106,train,OpenFoodFacts,INDIA,INDIAN_PACKAGING_REAL,front,300,400,b728107d411c6651322851e3c4de6e6a51172ac76ca5b1ea1487e59713fc493a
5d0c138e3e494372,8906010500320,train,OpenFoodFacts,INDIA,INDIAN_PACKAGING_REAL,front,190,400,4123fbcfeeef5195dac34db8e00cc4a510d6a603ce2e08ec64e3dea74424e1f1
b24161a3d4b873b5,7622202324697,train,OpenFoodFacts,INDIA,INDIAN_PACKAGING_REAL,front,300,400,b92afe2fa1ba20a22578941da1f4e7e8768a4fd899832a5105f88887c3e387b1
0b7cdec4fbf6b74b,8906031252314,val,OpenFoodFacts,INDIA,INDIAN_PACKAGING_REAL,front,301,400,84aaa6ec15007cbf7e2698613d05f00f37bd8ce1b956f7dc58c38c08eca81d01
fe35a4053ca301d5,8901058022193,test,OpenFoodFacts,INDIA,INDIAN_PACKAGING_REAL,front,180,400,594bd16b1a195fbdb93a47e1b62d43f5c55fd082ad8c0a8efa2f6a66630a66e7
59592760711b8f34,8901262010023,train,OpenFoodFacts,INDIA,INDIAN_PACKAGING_REAL,front,172,400,d0e56041e51893603d53be969de56c10a6b7e87244e9b3ad15494843be30614f
3bc59d33eea1a3cb,8901262020046,train,OpenFoodFacts,INDIA,INDIAN_PACKAGING_REAL,front,400,300,c9b37665a01f16970ec9ef11df72861649bf4414cb28888ab2e4d3b1b93df7c9
ad7eaa778a55acd6,8906017290125,test,OpenFoodFacts,INDIA,INDIAN_PACKAGING_REAL,front,190,400,c59a6a37685955f88722f800ce4d780316b90bc1220a22aa8ed2071f8f4322fd
9b9fdfe984621448,8902579103170,train,OpenFoodFacts,INDIA,INDIAN_PACKAGING_REAL,front,301,400,dfd1df34fc9c9b986e81e0024c309b18749fd10854c9a47bdd0a258e65d7324d
9ce1bd3bfb6a0504,8000500347508,train,OpenFoodFacts,INDIA,INDIAN_PACKAGING_REAL,front,209,400,cf78b064f2ea20e2ecc2d26b9093539716d4d506f6b52df9b74aae9e77bcb17e
26950ebbdb9d3243,8901499010483,train,OpenFoodFacts,INDIA,INDIAN_PACKAGING_REAL,front,314,400,78b642fce22941bfcd008683a4323b1f5f87eaf85516a45f5633d01082047677
5a129c73abbfa01e,8904004407617,train,OpenFoodFacts,INDIA,INDIAN_PACKAGING_REAL,front,400,379,b42e610eb9a507fd68fb186d5565f38392bc1dfaa3d6a2cf569fdef2c7386258
8a706334acf51ef2,8901262071864,train,OpenFoodFacts,INDIA,INDIAN_PACKAGING_REAL,front,171,400,f1343591138aeae674b4e2d7f81dbf96facef9297a7816b94bfa0b388c482b55
b2dcacfc61b7706e,8901246005373,test,OpenFoodFacts,INDIA,INDIAN_PACKAGING_REAL,front,271,400,2c277ebe3b16a2e79b2f8921f74ea5a04ae1478e511577b7697a2b98f321344a
e8f6cee3713a9d43,8906010261078,train,OpenFoodFacts,INDIA,INDIAN_PACKAGING_REAL,front,301,400,a5ec453fa44fd9a73c9666d375e49f5cf828d0cbb3dd722781ddc1628059eefe
9f5e7fa47f20f58e,8901030902383,train,OpenFoodFacts,INDIA,INDIAN_PACKAGING_REAL,front,367,400,6d09008e24553933d9867de681ea300962cf7c9ca5df7498506fa9087239d868
ccd02dad79509e4e,8906006783058,val,OpenFoodFacts,INDIA,INDIAN_PACKAGING_REAL,front,300,400,5dc27f45f5d1c6d4da0dd3b95bdbae309b2cbf723f361fef85de55bdec2c7600
2d2d6b2cb03baef0,8904272600154,train,OpenFoodFacts,INDIA,INDIAN_PACKAGING_REAL,front,204,400,a0cf0ea8ffa5c081838a42559e1aa34514b101b45dff03d4aa9b2666971395f8
d3c23f6a20381af2,8901063162648,test,OpenFoodFacts,INDIA,INDIAN_PACKAGING_REAL,front,400,226,53940e6e09c9023e57d8e1800279e2a67bde7acb7bc266f48681a39a43157580
3afb964a272dc7d1,8901207019234,test,OpenFoodFacts,INDIA,INDIAN_PACKAGING_REAL,front,196,400,87aeaea38849a53a31a4429a7f038fb2060045fc12f141d353cde82792c518f9
83670e26516e566b,7622201763329,train,OpenFoodFacts,INDIA,INDIAN_PACKAGING_REAL,front,400,381,443311106ff272b8458031514a27dd2b9f69aa05364ca8a5ba28bb33099223e4
842d4d34c9fc2741,8902080204052,test,OpenFoodFacts,INDIA,INDIAN_PACKAGING_REAL,front,205,400,70ee9094049b063266569e3561b293cdf821f66c16550d292ccdfa6bde045193
98f26dadb20ebe44,8904320015404,train,OpenFoodFacts,INDIA,INDIAN_PACKAGING_REAL,front,300,400,5a078b3d64a30465ae1d9d3a03e3628f1eb4d9014abd90728e8d0ad2fd065c5a
d61ff765c0dcd425,8906010501198,train,OpenFoodFacts,INDIA,INDIAN_PACKAGING_REAL,front,300,400,52bb4c3f07a0273e15cde1f513ae8a9d01961911d08980290cc177d43a87e097
36a9118c8edcf3f6,00001295,train,OpenFoodFacts,INDIA,INDIAN_PACKAGING_REAL,front,225,400,c68e7dbb6c222b3b46a286ed2dc39f25648de8ebf4f760ff5cdcdf36e2d2011a
5fb4742bb2323e45,8906090573047,train,OpenFoodFacts,INDIA,INDIAN_PACKAGING_REAL,front,301,400,45f38670e6e1b075d2cccbc81a9d9956ec86045f83f282c36097de7989b72289
