relative_path,product_id,official_split,fine_class_id,coarse_class_id
train/Fruit/Apple/Golden-Delicious/Golden-Delicious_001.jpg,Golden-Delicious,train,0,0
train/Fruit/Apple/Golden-Delicious/Golden-Delicious_002.jpg,Golden-Delicious,train,0,0
train/Fruit/Apple/Golden-Delicious/Golden-Delicious_003.jpg,Golden-Delicious,train,0,0
train/Fruit/Apple/Golden-Delicious/Golden-Delicious_004.jpg,Golden-Delicious,train,0,0
train/Fruit/Apple/Golden-Delicious/Golden-Delicious_005.jpg,Golden-Delicious,train,0,0
train/Fruit/Apple/Golden-Delicious/Golden-Delicious_006.jpg,Golden-Delicious,train,0,0
train/Fruit/Apple/Golden-Delicious/Golden-Delicious_007.jpg,Golden-Delicious,train,0,0
train/Fruit/Apple/Golden-Delicious/Golden-Delicious_008.jpg,Golden-Delicious,train,0,0
train/Fruit/Apple/Golden-Delicious/Golden-Delicious_009.jpg,Golden-Delicious,train,0,0
train/Fruit/Apple/Golden-Delicious/Golden-Delicious_010.jpg,Golden-Delicious,train,0,0
train/Fruit/Apple/Golden-Delicious/Golden-Delicious_011.jpg,Golden-Delicious,train,0,0
train/Fruit/Apple/Golden-Delicious/Golden-Delicious_012.jpg,Golden-Delicious,train,0,0
train/Fruit/Apple/Golden-Delicious/Golden-Delicious_013.jpg,Golden-Delicious,train,0,0
train/Fruit/Apple/Golden-Delicious/Golden-Delicious_014.jpg,Golden-Delicious,train,0,0
train/Fruit/Apple/Golden-Delicious/Golden-Delicious_015.jpg,Golden-Delicious,train,0,0
train/Fruit/Apple/Golden-Delicious/Golden-Delicious_016.jpg,Golden-Delicious,train,0,0
train/Fruit/Apple/Golden-Delicious/Golden-Delicious_017.jpg,Golden-Delicious,train,0,0
train/Fruit/Apple/Golden-Delicious/Golden-Delicious_018.jpg,Golden-Delicious,train,0,0
train/Fruit/Apple/Golden-Delicious/Golden-Delicious_019.jpg,Golden-Delicious,train,0,0
train/Fruit/Apple/Golden-Delicious/Golden-Delicious_020.jpg,Golden-Delicious,train,0,0
train/Fruit/Apple/Golden-Delicious/Golden-Delicious_021.jpg,Golden-Delicious,train,0,0
train/Fruit/Apple/Golden-Delicious/Golden-Delicious_022.jpg,Golden-Delicious,train,0,0
train/Fruit/Apple/Golden-Delicious/Golden-Delicious_023.jpg,Golden-Delicious,train,0,0
train/Fruit/Apple/Golden-Delicious/Golden-Delicious_024.jpg,Golden-Delicious,train,0,0
train/Fruit/Apple/Golden-Delicious/Golden-Delicious_025.jpg,Golden-Delicious,train,0,0
train/Fruit/Apple/Golden-Delicious/Golden-Delicious_026.jpg,Golden-Delicious,train,0,0
train/Fruit/Apple/Golden-Delicious/Golden-Delicious_027.jpg,Golden-Delicious,train,0,0
train/Fruit/Apple/Golden-Delicious/Golden-Delicious_028.jpg,Golden-Delicious,train,0,0
train/Fruit/Apple/Golden-Delicious/Golden-Delicious_029.jpg,Golden-Delicious,train,0,0
train/Fruit/Apple/Golden-Delicious/Golden-Delicious_030.jpg,Golden-Delicious,train,0,0
train/Fruit/Apple/Golden-Delicious/Golden-Delicious_031.jpg,Golden-Delicious,train,0,0
train/Fruit/Apple/Golden-Delicious/Golden-Delicious_032.jpg,Golden-Delicious,train,0,0
train/Fruit/Apple/Golden-Delicious/Golden-Delicious_033.jpg,Golden-Delicious,train,0,0
train/Fruit/Apple/Golden-Delicious/Golden-Delicious_034.jpg,Golden-Delicious,train,0,0
train/Fruit/Apple/Golden-Delicious/Golden-Delicious_035.jpg,Golden-Delicious,train,0,0
train/Fruit/Apple/Golden-Delicious/Golden-Delicious_036.jpg,Golden-Delicious,train,0,0
train/Fruit/Apple/Golden-Delicious/Golden-Delicious_037.jpg,Golden-Delicious,train,0,0
train/Fruit/Apple/Golden-Delicious/Golden-Delicious_038.jpg,Golden-Delicious,train,0,0
train/Fruit/Apple/Golden-Delicious/Golden-Delicious_039.jpg,Golden-Delicious,train,0,0
train/Fruit/Apple/Golden-Delicious/Golden-Delicious_040.jpg,Golden-Delicious,train,0,0
train/Fruit/Apple/Golden-Delicious/Golden-Delicious_041.jpg,Golden-Delicious,train,0,0
train/Fruit/Apple/Golden-Delicious/Golden-Delicious_042.jpg,Golden-Delicious,train,0,0
train/Fruit/Apple/Golden-Delicious/Golden-Delicious_043.jpg,Golden-Delicious,train,0,0
train/Fruit/Apple/Golden-Delicious/Golden-Delicious_044.jpg,Golden-Delicious,train,0,0
train/Fruit/Apple/Golden-Delicious/Golden-Delicious_045.jpg,Golden-Delicious,train,0,0
train/Fruit/Apple/Granny-Smith/Granny-Smith_001.jpg,Granny-Smith,train,1,0
train/Fruit/Apple/Granny-Smith/Granny-Smith_002.jpg,Granny-Smith,train,1,0
train/Fruit/Apple/Granny-Smith/Granny-Smith_003.jpg,Granny-Smith,train,1,0
train/Fruit/Apple/Granny-Smith/Granny-Smith_004.jpg,Granny-Smith,train,1,0
train/Fruit/Apple/Granny-Smith/Granny-Smith_005.jpg,Granny-Smith,train,1,0
train/Fruit/Apple/Granny-Smith/Granny-Smith_006.jpg,Granny-Smith,train,1,0
train/Fruit/Apple/Granny-Smith/Granny-Smith_007.jpg,Granny-Smith,train,1,0
train/Fruit/Apple/Granny-Smith/Granny-Smith_008.jpg,Granny-Smith,train,1,0
train/Fruit/Apple/Granny-Smith/Granny-Smith_009.jpg,Granny-Smith,train,1,0
train/Fruit/Apple/Granny-Smith/Granny-Smith_010.jpg,Granny-Smith,train,1,0
train/Fruit/Apple/Granny-Smith/Granny-Smith_011.jpg,Granny-Smith,train,1,0
train/Fruit/Apple/Granny-Smith/Granny-Smith_012.jpg,Granny-Smith,train,1,0
train/Fruit/Apple/Granny-Smith/Granny-Smith_013.jpg,Granny-Smith,train,1,0
train/Fruit/Apple/Granny-Smith/Granny-Smith_014.jpg,Granny-Smith,train,1,0
train/Fruit/Apple/Granny-Smith/Granny-Smith_015.jpg,Granny-Smith,train,1,0
train/Fruit/Apple/Granny-Smith/Granny-Smith_016.jpg,Granny-Smith,train,1,0
train/Fruit/Apple/Granny-Smith/Granny-Smith_017.jpg,Granny-Smith,train,1,0
train/Fruit/Apple/Granny-Smith/Granny-Smith_018.jpg,Granny-Smith,train,1,0
train/Fruit/Apple/Granny-Smith/Granny-Smith_019.jpg,Granny-Smith,train,1,0
train/Fruit/Apple/Granny-Smith/Granny-Smith_020.jpg,Granny-Smith,train,1,0
train/Fruit/Apple/Granny-Smith/Granny-Smith_021.jpg,Granny-Smith,train,1,0
train/Fruit/Apple/Granny-Smith/Granny-Smith_022.jpg,Granny-Smith,train,1,0
train/Fruit/Apple/Granny-Smith/Granny-Smith_023.jpg,Granny-Smith,train,1,0
train/Fruit/Apple/Granny-Smith/Granny-Smith_024.jpg,Granny-Smith,train,1,0
train/Fruit/Apple/Granny-Smith/Granny-Smith_025.jpg,Granny-Smith,train,1,0
train/Fruit/Apple/Granny-Smith/Granny-Smith_026.jpg,Granny-Smith,train,1,0
train/Fruit/Apple/Granny-Smith/Granny-Smith_027.jpg,Granny-Smith,train,1,0
train/Fruit/Apple/Granny-Smith/Granny-Smith_028.jpg,Granny-Smith,train,1,0
train/Fruit/Apple/Granny-Smith/Granny-Smith_029.jpg,Granny-Smith,train,1,0
train/Fruit/Apple/Granny-Smith/Granny-Smith_030.jpg,Granny-Smith,train,1,0
train/Fruit/Apple/Granny-Smith/Granny-Smith_031.jpg,Granny-Smith,train,1,0
train/Fruit/Apple/Granny-Smith/Granny-Smith_032.jpg,Granny-Smith,train,1,0
train/Fruit/Apple/Granny-Smith/Granny-Smith_033.jpg,Granny-Smith,train,1,0
train/Fruit/Apple/Granny-Smith/Granny-Smith_034.jpg,Granny-Smith,train,1,0
train/Fruit/Apple/Granny-Smith/Granny-Smith_035.jpg,Granny-Smith,train,1,0
train/Fruit/Apple/Granny-Smith/Granny-Smith_036.jpg,Granny-Smith,train,1,0
train/Fruit/Apple/Granny-Smith/Granny-Smith_037.jpg,Granny-Smith,train,1,0
train/Fruit/Apple/Granny-Smith/Granny-Smith_038.jpg,Granny-Smith,train,1,0
train/Fruit/Apple/Granny-Smith/Granny-Smith_039.jpg,Granny-Smith,train,1,0
train/Fruit/Apple/Granny-Smith/Granny-Smith_040.jpg,Granny-Smith,train,1,0
train/Fruit/Apple/Granny-Smith/Granny-Smith_041.jpg,Granny-Smith,train,1,0
train/Fruit/Apple/Granny-Smith/Granny-Smith_042.jpg,Granny-Smith,train,1,0
train/Fruit/Apple/Granny-Smith/Granny-Smith_043.jpg,Granny-Smith,train,1,0
train/Fruit/Apple/Granny-Smith/Granny-Smith_044.jpg,Granny-Smith,train,1,0
train/Fruit/Apple/Granny-Smith/Granny-Smith_045.jpg,Granny-Smith,train,1,0
train/Fruit/Apple/Granny-Smith/Granny-Smith_046.jpg,Granny-Smith,train,1,0
train/Fruit/Apple/Granny-Smith/Granny-Smith_047.jpg,Granny-Smith,train,1,0
train/Fruit/Apple/Granny-Smith/Granny-Smith_048.jpg,Granny-Smith,train,1,0
train/Fruit/Apple/Granny-Smith/Granny-Smith_049.jpg,Granny-Smith,train,1,0
train/Fruit/Apple/Granny-Smith/Granny-Smith_050.jpg,Granny-Smith,train,1,0
train/Fruit/Apple/Granny-Smith/Granny-Smith_051.jpg,Granny-Smith,train,1,0
train/Fruit/Apple/Granny-Smith/Granny-Smith_052.jpg,Granny-Smith,train,1,0
train/Fruit/Apple/Granny-Smith/Granny-Smith_053.jpg,Granny-Smith,train,1,0
train/Fruit/Apple/Granny-Smith/Granny-Smith_054.jpg,Granny-Smith,train,1,0
train/Fruit/Apple/Granny-Smith/Granny-Smith_055.jpg,Granny-Smith,train,1,0
train/Fruit/Apple/Granny-Smith/Granny-Smith_056.jpg,Granny-Smith,train,1,0
train/Fruit/Apple/Granny-Smith/Granny-Smith_057.jpg,Granny-Smith,train,1,0
train/Fruit/Apple/Granny-Smith/Granny-Smith_058.jpg,Granny-Smith,train,1,0
train/Fruit/Apple/Granny-Smith/Granny-Smith_059.jpg,Granny-Smith,train,1,0
train/Fruit/Apple/Pink-Lady/Pink-Lady_001.jpg,Pink-Lady,train,2,0
train/Fruit/Apple/Pink-Lady/Pink-Lady_002.jpg,Pink-Lady,train,2,0
train/Fruit/Apple/Pink-Lady/Pink-Lady_003.jpg,Pink-Lady,train,2,0
train/Fruit/Apple/Pink-Lady/Pink-Lady_004.jpg,Pink-Lady,train,2,0
train/Fruit/Apple/Pink-Lady/Pink-Lady_005.jpg,Pink-Lady,train,2,0
train/Fruit/Apple/Pink-Lady/Pink-Lady_006.jpg,Pink-Lady,train,2,0
train/Fruit/Apple/Pink-Lady/Pink-Lady_007.jpg,Pink-Lady,train,2,0
train/Fruit/Apple/Pink-Lady/Pink-Lady_008.jpg,Pink-Lady,train,2,0
train/Fruit/Apple/Pink-Lady/Pink-Lady_009.jpg,Pink-Lady,train,2,0
train/Fruit/Apple/Pink-Lady/Pink-Lady_010.jpg,Pink-Lady,train,2,0
train/Fruit/Apple/Pink-Lady/Pink-Lady_011.jpg,Pink-Lady,train,2,0
train/Fruit/Apple/Pink-Lady/Pink-Lady_012.jpg,Pink-Lady,train,2,0
train/Fruit/Apple/Pink-Lady/Pink-Lady_013.jpg,Pink-Lady,train,2,0
train/Fruit/Apple/Pink-Lady/Pink-Lady_014.jpg,Pink-Lady,train,2,0
train/Fruit/Apple/Pink-Lady/Pink-Lady_015.jpg,Pink-Lady,train,2,0
train/Fruit/Apple/Pink-Lady/Pink-Lady_016.jpg,Pink-Lady,train,2,0
train/Fruit/Apple/Pink-Lady/Pink-Lady_017.jpg,Pink-Lady,train,2,0
train/Fruit/Apple/Pink-Lady/Pink-Lady_018.jpg,Pink-Lady,train,2,0
train/Fruit/Apple/Pink-Lady/Pink-Lady_019.jpg,Pink-Lady,train,2,0
train/Fruit/Apple/Pink-Lady/Pink-Lady_020.jpg,Pink-Lady,train,2,0
train/Fruit/Apple/Pink-Lady/Pink-Lady_021.jpg,Pink-Lady,train,2,0
train/Fruit/Apple/Pink-Lady/Pink-Lady_022.jpg,Pink-Lady,train,2,0
train/Fruit/Apple/Pink-Lady/Pink-Lady_023.jpg,Pink-Lady,train,2,0
train/Fruit/Apple/Pink-Lady/Pink-Lady_024.jpg,Pink-Lady,train,2,0
train/Fruit/Apple/Pink-Lady/Pink-Lady_025.jpg,Pink-Lady,train,2,0
train/Fruit/Apple/Pink-Lady/Pink-Lady_026.jpg,Pink-Lady,train,2,0
train/Fruit/Apple/Pink-Lady/Pink-Lady_027.jpg,Pink-Lady,train,2,0
train/Fruit/Apple/Pink-Lady/Pink-Lady_028.jpg,Pink-Lady,train,2,0
train/Fruit/Apple/Pink-Lady/Pink-Lady_029.jpg,Pink-Lady,train,2,0
train/Fruit/Apple/Pink-Lady/Pink-Lady_030.jpg,Pink-Lady,train,2,0
train/Fruit/Apple/Pink-Lady/Pink-Lady_031.jpg,Pink-Lady,train,2,0
train/Fruit/Apple/Pink-Lady/Pink-Lady_032.jpg,Pink-Lady,train,2,0
train/Fruit/Apple/Pink-Lady/Pink-Lady_033.jpg,Pink-Lady,train,2,0
train/Fruit/Apple/Pink-Lady/Pink-Lady_034.jpg,Pink-Lady,train,2,0
train/Fruit/Apple/Pink-Lady/Pink-Lady_035.jpg,Pink-Lady,train,2,0
train/Fruit/Apple/Pink-Lady/Pink-Lady_036.jpg,Pink-Lady,train,2,0
train/Fruit/Apple/Pink-Lady/Pink-Lady_037.jpg,Pink-Lady,train,2,0
train/Fruit/Apple/Pink-Lady/Pink-Lady_038.jpg,Pink-Lady,train,2,0
train/Fruit/Apple/Pink-Lady/Pink-Lady_039.jpg,Pink-Lady,train,2,0
train/Fruit/Apple/Pink-Lady/Pink-Lady_040.jpg,Pink-Lady,train,2,0
train/Fruit/Apple/Pink-Lady/Pink-Lady_041.jpg,Pink-Lady,train,2,0
train/Fruit/Apple/Pink-Lady/Pink-Lady_042.jpg,Pink-Lady,train,2,0
train/Fruit/Apple/Pink-Lady/Pink-Lady_043.jpg,Pink-Lady,train,2,0
train/Fruit/Apple/Pink-Lady/Pink-Lady_044.jpg,Pink-Lady,train,2,0
train/Fruit/Apple/Pink-Lady/Pink-Lady_045.jpg,Pink-Lady,train,2,0
train/Fruit/Apple/Pink-Lady/Pink-Lady_046.jpg,Pink-Lady,train,2,0
train/Fruit/Apple/Pink-Lady/Pink-Lady_047.jpg,Pink-Lady,train,2,0
train/Fruit/Apple/Pink-Lady/Pink-Lady_048.jpg,Pink-Lady,train,2,0
train/Fruit/Apple/Pink-Lady/Pink-Lady_049.jpg,Pink-Lady,train,2,0
train/Fruit/Apple/Pink-Lady/Pink-Lady_050.jpg,Pink-Lady,train,2,0
train/Fruit/Apple/Pink-Lady/Pink-Lady_051.jpg,Pink-Lady,train,2,0
train/Fruit/Apple/Pink-Lady/Pink-Lady_052.jpg,Pink-Lady,train,2,0
train/Fruit/Apple/Pink-Lady/Pink-Lady_053.jpg,Pink-Lady,train,2,0
train/Fruit/Apple/Pink-Lady/Pink-Lady_054.jpg,Pink-Lady,train,2,0
train/Fruit/Apple/Pink-Lady/Pink-Lady_055.jpg,Pink-Lady,train,2,0
train/Fruit/Apple/Pink-Lady/Pink-Lady_056.jpg,Pink-Lady,train,2,0
train/Fruit/Apple/Pink-Lady/Pink-Lady_057.jpg,Pink-Lady,train,2,0
train/Fruit/Apple/Pink-Lady/Pink-Lady_058.jpg,Pink-Lady,train,2,0
train/Fruit/Apple/Pink-Lady/Pink-Lady_059.jpg,Pink-Lady,train,2,0
train/Fruit/Apple/Red-Delicious/Red-Delicious_001.jpg,Red-Delicious,train,3,0
train/Fruit/Apple/Red-Delicious/Red-Delicious_002.jpg,Red-Delicious,train,3,0
train/Fruit/Apple/Red-Delicious/Red-Delicious_003.jpg,Red-Delicious,train,3,0
train/Fruit/Apple/Red-Delicious/Red-Delicious_004.jpg,Red-Delicious,train,3,0
train/Fruit/Apple/Red-Delicious/Red-Delicious_005.jpg,Red-Delicious,train,3,0
train/Fruit/Apple/Red-Delicious/Red-Delicious_006.jpg,Red-Delicious,train,3,0
train/Fruit/Apple/Red-Delicious/Red-Delicious_007.jpg,Red-Delicious,train,3,0
train/Fruit/Apple/Red-Delicious/Red-Delicious_008.jpg,Red-Delicious,train,3,0
train/Fruit/Apple/Red-Delicious/Red-Delicious_009.jpg,Red-Delicious,train,3,0
train/Fruit/Apple/Red-Delicious/Red-Delicious_010.jpg,Red-Delicious,train,3,0
train/Fruit/Apple/Red-Delicious/Red-Delicious_011.jpg,Red-Delicious,train,3,0
train/Fruit/Apple/Red-Delicious/Red-Delicious_012.jpg,Red-Delicious,train,3,0
train/Fruit/Apple/Red-Delicious/Red-Delicious_013.jpg,Red-Delicious,train,3,0
train/Fruit/Apple/Red-Delicious/Red-Delicious_014.jpg,Red-Delicious,train,3,0
train/Fruit/Apple/Red-Delicious/Red-Delicious_015.jpg,Red-Delicious,train,3,0
train/Fruit/Apple/Red-Delicious/Red-Delicious_016.jpg,Red-Delicious,train,3,0
train/Fruit/Apple/Red-Delicious/Red-Delicious_017.jpg,Red-Delicious,train,3,0
train/Fruit/Apple/Red-Delicious/Red-Delicious_018.jpg,Red-Delicious,train,3,0
train/Fruit/Apple/Red-Delicious/Red-Delicious_019.jpg,Red-Delicious,train,3,0
train/Fruit/Apple/Red-Delicious/Red-Delicious_020.jpg,Red-Delicious,train,3,0
train/Fruit/Apple/Red-Delicious/Red-Delicious_021.jpg,Red-Delicious,train,3,0
train/Fruit/Apple/Red-Delicious/Red-Delicious_022.jpg,Red-Delicious,train,3,0
train/Fruit/Apple/Red-Delicious/Red-Delicious_023.jpg,Red-Delicious,train,3,0
train/Fruit/Apple/Red-Delicious/Red-Delicious_024.jpg,Red-Delicious,train,3,0
train/Fruit/Apple/Red-Delicious/Red-Delicious_025.jpg,Red-Delicious,train,3,0
train/Fruit/Apple/Red-Delicious/Red-Delicious_026.jpg,Red-Delicious,train,3,0
train/Fruit/Apple/Red-Delicious/Red-Delicious_027.jpg,Red-Delicious,train,3,0
train/Fruit/Apple/Red-Delicious/Red-Delicious_028.jpg,Red-Delicious,train,3,0
train/Fruit/Apple/Red-Delicious/Red-Delicious_029.jpg,Red-Delicious,train,3,0
train/Fruit/Apple/Red-Delicious/Red-Delicious_030.jpg,Red-Delicious,train,3,0
train/Fruit/Apple/Red-Delicious/Red-Delicious_031.jpg,Red-Delicious,train,3,0
train/Fruit/Apple/Red-Delicious/Red-Delicious_032.jpg,Red-Delicious,train,3,0
train/Fruit/Apple/Red-Delicious/Red-Delicious_033.jpg,Red-Delicious,train,3,0
train/Fruit/Apple/Red-Delicious/Red-Delicious_034.jpg,Red-Delicious,train,3,0
train/Fruit/Apple/Red-Delicious/Red-Delicious_035.jpg,Red-Delicious,train,3,0
train/Fruit/Apple/Red-Delicious/Red-Delicious_036.jpg,Red-Delicious,train,3,0
train/Fruit/Apple/Red-Delicious/Red-Delicious_037.jpg,Red-Delicious,train,3,0
train/Fruit/Apple/Red-Delicious/Red-Delicious_038.jpg,Red-Delicious,train,3,0
train/Fruit/Apple/Red-Delicious/Red-Delicious_039.jpg,Red-Delicious,train,3,0
train/Fruit/Apple/Red-Delicious/Red-Delicious_040.jpg,Red-Delicious,train,3,0
train/Fruit/Apple/Red-Delicious/Red-Delicious_041.jpg,Red-Delicious,train,3,0
train/Fruit/Apple/Red-Delicious/Red-Delicious_042.jpg,Red-Delicious,train,3,0
train/Fruit/Apple/Red-Delicious/Red-Delicious_043.jpg,Red-Delicious,train,3,0
train/Fruit/Apple/Red-Delicious/Red-Delicious_044.jpg,Red-Delicious,train,3,0
train/Fruit/Apple/Red-Delicious/Red-Delicious_045.jpg,Red-Delicious,train,3,0
train/Fruit/Apple/Red-Delicious/Red-Delicious_046.jpg,Red-Delicious,train,3,0
train/Fruit/Apple/Red-Delicious/Red-Delicious_047.jpg,Red-Delicious,train,3,0
train/Fruit/Apple/Red-Delicious/Red-Delicious_048.jpg,Red-Delicious,train,3,0
train/Fruit/Apple/Red-Delicious/Red-Delicious_049.jpg,Red-Delicious,train,3,0
train/Fruit/Apple/Red-Delicious/Red-Delicious_050.jpg,Red-Delicious,train,3,0
train/Fruit/Apple/Royal-Gala/Royal-Gala_001.jpg,Royal-Gala,train,4,0
train/Fruit/Apple/Royal-Gala/Royal-Gala_002.jpg,Royal-Gala,train,4,0
train/Fruit/Apple/Royal-Gala/Royal-Gala_003.jpg,Royal-Gala,train,4,0
train/Fruit/Apple/Royal-Gala/Royal-Gala_004.jpg,Royal-Gala,train,4,0
train/Fruit/Apple/Royal-Gala/Royal-Gala_005.jpg,Royal-Gala,train,4,0
train/Fruit/Apple/Royal-Gala/Royal-Gala_006.jpg,Royal-Gala,train,4,0
train/Fruit/Apple/Royal-Gala/Royal-Gala_007.jpg,Royal-Gala,train,4,0
train/Fruit/Apple/Royal-Gala/Royal-Gala_008.jpg,Royal-Gala,train,4,0
train/Fruit/Apple/Royal-Gala/Royal-Gala_009.jpg,Royal-Gala,train,4,0
train/Fruit/Apple/Royal-Gala/Royal-Gala_010.jpg,Royal-Gala,train,4,0
train/Fruit/Apple/Royal-Gala/Royal-Gala_011.jpg,Royal-Gala,train,4,0
train/Fruit/Apple/Royal-Gala/Royal-Gala_012.jpg,Royal-Gala,train,4,0
train/Fruit/Apple/Royal-Gala/Royal-Gala_013.jpg,Royal-Gala,train,4,0
train/Fruit/Apple/Royal-Gala/Royal-Gala_014.jpg,Royal-Gala,train,4,0
train/Fruit/Apple/Royal-Gala/Royal-Gala_015.jpg,Royal-Gala,train,4,0
train/Fruit/Apple/Royal-Gala/Royal-Gala_016.jpg,Royal-Gala,train,4,0
train/Fruit/Apple/Royal-Gala/Royal-Gala_017.jpg,Royal-Gala,train,4,0
train/Fruit/Apple/Royal-Gala/Royal-Gala_018.jpg,Royal-Gala,train,4,0
train/Fruit/Apple/Royal-Gala/Royal-Gala_019.jpg,Royal-Gala,train,4,0
train/Fruit/Apple/Royal-Gala/Royal-Gala_020.jpg,Royal-Gala,train,4,0
train/Fruit/Apple/Royal-Gala/Royal-Gala_021.jpg,Royal-Gala,train,4,0
train/Fruit/Apple/Royal-Gala/Royal-Gala_022.jpg,Royal-Gala,train,4,0
train/Fruit/Apple/Royal-Gala/Royal-Gala_023.jpg,Royal-Gala,train,4,0
train/Fruit/Apple/Royal-Gala/Royal-Gala_024.jpg,Royal-Gala,train,4,0
train/Fruit/Apple/Royal-Gala/Royal-Gala_025.jpg,Royal-Gala,train,4,0
train/Fruit/Apple/Royal-Gala/Royal-Gala_026.jpg,Royal-Gala,train,4,0
train/Fruit/Apple/Royal-Gala/Royal-Gala_027.jpg,Royal-Gala,train,4,0
train/Fruit/Apple/Royal-Gala/Royal-Gala_028.jpg,Royal-Gala,train,4,0
train/Fruit/Apple/Royal-Gala/Royal-Gala_029.jpg,Royal-Gala,train,4,0
train/Fruit/Apple/Royal-Gala/Royal-Gala_030.jpg,Royal-Gala,train,4,0
train/Fruit/Apple/Royal-Gala/Royal-Gala_031.jpg,Royal-Gala,train,4,0
train/Fruit/Apple/Royal-Gala/Royal-Gala_032.jpg,Royal-Gala,train,4,0
train/Fruit/Apple/Royal-Gala/Royal-Gala_033.jpg,Royal-Gala,train,4,0
train/Fruit/Apple/Royal-Gala/Royal-Gala_034.jpg,Royal-Gala,train,4,0
train/Fruit/Apple/Royal-Gala/Royal-Gala_035.jpg,Royal-Gala,train,4,0
train/Fruit/Apple/Royal-Gala/Royal-Gala_036.jpg,Royal-Gala,train,4,0
train/Fruit/Apple/Royal-Gala/Royal-Gala_037.jpg,Royal-Gala,train,4,0
train/Fruit/Apple/Royal-Gala/Royal-Gala_038.jpg,Royal-Gala,train,4,0
train/Fruit/Apple/Royal-Gala/Royal-Gala_039.jpg,Royal-Gala,train,4,0
train/Fruit/Apple/Royal-Gala/Royal-Gala_040.jpg,Royal-Gala,train,4,0
train/Fruit/Apple/Royal-Gala/Royal-Gala_041.jpg,Royal-Gala,train,4,0
train/Fruit/Apple/Royal-Gala/Royal-Gala_042.jpg,Royal-Gala,train,4,0
train/Fruit/Apple/Royal-Gala/Royal-Gala_043.jpg,Royal-Gala,train,4,0
train/Fruit/Apple/Royal-Gala/Royal-Gala_044.jpg,Royal-Gala,train,4,0
train/Fruit/Apple/Royal-Gala/Royal-Gala_045.jpg,Royal-Gala,train,4,0
train/Fruit/Apple/Royal-Gala/Royal-Gala_046.jpg,Royal-Gala,train,4,0
train/Fruit/Apple/Royal-Gala/Royal-Gala_047.jpg,Royal-Gala,train,4,0
train/Fruit/Apple/Royal-Gala/Royal-Gala_048.jpg,Royal-Gala,train,4,0
train/Fruit/Apple/Royal-Gala/Royal-Gala_049.jpg,Royal-Gala,train,4,0
train/Fruit/Apple/Royal-Gala/Royal-Gala_050.jpg,Royal-Gala,train,4,0
train/Fruit/Apple/Royal-Gala/Royal-Gala_051.jpg,Royal-Gala,train,4,0
train/Fruit/Apple/Royal-Gala/Royal-Gala_052.jpg,Royal-Gala,train,4,0
train/Fruit/Apple/Royal-Gala/Royal-Gala_053.jpg,Royal-Gala,train,4,0
train/Fruit/Apple/Royal-Gala/Royal-Gala_054.jpg,Royal-Gala,train,4,0
train/Fruit/Apple/Royal-Gala/Royal-Gala_055.jpg,Royal-Gala,train,4,0
train/Fruit/Apple/Royal-Gala/Royal-Gala_056.jpg,Royal-Gala,train,4,0
train/Fruit/Apple/Royal-Gala/Royal-Gala_057.jpg,Royal-Gala,train,4,0
train/Fruit/Apple/Royal-Gala/Royal-Gala_058.jpg,Royal-Gala,train,4,0
train/Fruit/Apple/Royal-Gala/Royal-Gala_059.jpg,Royal-Gala,train,4,0
train/Fruit/Apple/Royal-Gala/Royal-Gala_060.jpg,Royal-Gala,train,4,0
train/Fruit/Apple/Royal-Gala/Royal-Gala_061.jpg,Royal-Gala,train,4,0
train/Fruit/Apple/Royal-Gala/Royal-Gala_062.jpg,Royal-Gala,train,4,0
train/Fruit/Apple/Royal-Gala/Royal-Gala_063.jpg,Royal-Gala,train,4,0
train/Fruit/Apple/Royal-Gala/Royal-Gala_064.jpg,Royal-Gala,train,4,0
train/Fruit/Apple/Royal-Gala/Royal-Gala_065.jpg,Royal-Gala,train,4,0
train/Fruit/Avocado/Avocado_001.jpg,Avocado,train,5,1
train/Fruit/Avocado/Avocado_002.jpg,Avocado,train,5,1
train/Fruit/Avocado/Avocado_003.jpg,Avocado,train,5,1
train/Fruit/Avocado/Avocado_004.jpg,Avocado,train,5,1
train/Fruit/Avocado/Avocado_005.jpg,Avocado,train,5,1
train/Fruit/Avocado/Avocado_006.jpg,Avocado,train,5,1
train/Fruit/Avocado/Avocado_007.jpg,Avocado,train,5,1
train/Fruit/Avocado/Avocado_008.jpg,Avocado,train,5,1
train/Fruit/Avocado/Avocado_009.jpg,Avocado,train,5,1
train/Fruit/Avocado/Avocado_010.jpg,Avocado,train,5,1
train/Fruit/Avocado/Avocado_011.jpg,Avocado,train,5,1
train/Fruit/Avocado/Avocado_012.jpg,Avocado,train,5,1
train/Fruit/Avocado/Avocado_013.jpg,Avocado,train,5,1
train/Fruit/Avocado/Avocado_014.jpg,Avocado,train,5,1
train/Fruit/Avocado/Avocado_015.jpg,Avocado,train,5,1
train/Fruit/Avocado/Avocado_016.jpg,Avocado,train,5,1
train/Fruit/Avocado/Avocado_017.jpg,Avocado,train,5,1
train/Fruit/Avocado/Avocado_018.jpg,Avocado,train,5,1
train/Fruit/Avocado/Avocado_019.jpg,Avocado,train,5,1
train/Fruit/Avocado/Avocado_020.jpg,Avocado,train,5,1
train/Fruit/Avocado/Avocado_021.jpg,Avocado,train,5,1
train/Fruit/Avocado/Avocado_022.jpg,Avocado,train,5,1
train/Fruit/Avocado/Avocado_023.jpg,Avocado,train,5,1
train/Fruit/Avocado/Avocado_024.jpg,Avocado,train,5,1
train/Fruit/Avocado/Avocado_025.jpg,Avocado,train,5,1
train/Fruit/Avocado/Avocado_026.jpg,Avocado,train,5,1
train/Fruit/Avocado/Avocado_027.jpg,Avocado,train,5,1
train/Fruit/Avocado/Avocado_028.jpg,Avocado,train,5,1
train/Fruit/Avocado/Avocado_029.jpg,Avocado,train,5,1
train/Fruit/Avocado/Avocado_030.jpg,Avocado,train,5,1
train/Fruit/Avocado/Avocado_031.jpg,Avocado,train,5,1
train/Fruit/Avocado/Avocado_032.jpg,Avocado,train,5,1
train/Fruit/Avocado/Avocado_033.jpg,Avocado,train,5,1
train/Fruit/Avocado/Avocado_034.jpg,Avocado,train,5,1
train/Fruit/Avocado/Avocado_035.jpg,Avocado,train,5,1
train/Fruit/Avocado/Avocado_036.jpg,Avocado,train,5,1
train/Fruit/Avocado/Avocado_037.jpg,Avocado,train,5,1
train/Fruit/Avocado/Avocado_038.jpg,Avocado,train,5,1
train/Fruit/Avocado/Avocado_039.jpg,Avocado,train,5,1
train/Fruit/Avocado/Avocado_040.jpg,Avocado,train,5,1
train/Fruit/Avocado/Avocado_041.jpg,Avocado,train,5,1
train/Fruit/Banana/Banana_001.jpg,Banana,train,6,2
train/Fruit/Banana/Banana_002.jpg,Banana,train,6,2
train/Fruit/Banana/Banana_003.jpg,Banana,train,6,2
train/Fruit/Banana/Banana_004.jpg,Banana,train,6,2
train/Fruit/Banana/Banana_005.jpg,Banana,train,6,2
train/Fruit/Banana/Banana_006.jpg,Banana,train,6,2
train/Fruit/Banana/Banana_007.jpg,Banana,train,6,2
train/Fruit/Banana/Banana_008.jpg,Banana,train,6,2
train/Fruit/Banana/Banana_009.jpg,Banana,train,6,2
train/Fruit/Banana/Banana_010.jpg,Banana,train,6,2
train/Fruit/Banana/Banana_011.jpg,Banana,train,6,2
train/Fruit/Banana/Banana_012.jpg,Banana,train,6,2
train/Fruit/Banana/Banana_013.jpg,Banana,train,6,2
train/Fruit/Banana/Banana_014.jpg,Banana,train,6,2
train/Fruit/Banana/Banana_015.jpg,Banana,train,6,2
train/Fruit/Banana/Banana_016.jpg,Banana,train,6,2
train/Fruit/Banana/Banana_017.jpg,Banana,train,6,2
train/Fruit/Banana/Banana_018.jpg,Banana,train,6,2
train/Fruit/Banana/Banana_019.jpg,Banana,train,6,2
train/Fruit/Banana/Banana_020.jpg,Banana,train,6,2
train/Fruit/Banana/Banana_021.jpg,Banana,train,6,2
train/Fruit/Banana/Banana_022.jpg,Banana,train,6,2
train/Fruit/Banana/Banana_023.jpg,Banana,train,6,2
train/Fruit/Banana/Banana_024.jpg,Banana,train,6,2
train/Fruit/Banana/Banana_025.jpg,Banana,train,6,2
train/Fruit/Banana/Banana_026.jpg,Banana,train,6,2
train/Fruit/Banana/Banana_027.jpg,Banana,train,6,2
train/Fruit/Banana/Banana_028.jpg,Banana,train,6,2
train/Fruit/Banana/Banana_029.jpg,Banana,train,6,2
train/Fruit/Banana/Banana_030.jpg,Banana,train,6,2
train/Fruit/Banana/Banana_031.jpg,Banana,train,6,2
train/Fruit/Banana/Banana_032.jpg,Banana,train,6,2
train/Fruit/Banana/Banana_033.jpg,Banana,train,6,2
train/Fruit/Banana/Banana_034.jpg,Banana,train,6,2
train/Fruit/Banana/Banana_035.jpg,Banana,train,6,2
train/Fruit/Banana/Banana_036.jpg,Banana,train,6,2
train/Fruit/Banana/Banana_037.jpg,Banana,train,6,2
train/Fruit/Banana/Banana_038.jpg,Banana,train,6,2
train/Fruit/Banana/Banana_039.jpg,Banana,train,6,2
train/Fruit/Banana/Banana_040.jpg,Banana,train,6,2
train/Fruit/Banana/Banana_041.jpg,Banana,train,6,2
train/Fruit/Banana/Banana_042.jpg,Banana,train,6,2
train/Fruit/Banana/Banana_043.jpg,Banana,train,6,2
train/Fruit/Banana/Banana_044.jpg,Banana,train,6,2
train/Fruit/Banana/Banana_045.jpg,Banana,train,6,2
train/Fruit/Kiwi/Kiwi_001.jpg,Kiwi,train,7,3
train/Fruit/Kiwi/Kiwi_002.jpg,Kiwi,train,7,3
train/Fruit/Kiwi/Kiwi_003.jpg,Kiwi,train,7,3
train/Fruit/Kiwi/Kiwi_004.jpg,Kiwi,train,7,3
train/Fruit/Kiwi/Kiwi_005.jpg,Kiwi,train,7,3
train/Fruit/Kiwi/Kiwi_006.jpg,Kiwi,train,7,3
train/Fruit/Kiwi/Kiwi_007.jpg,Kiwi,train,7,3
train/Fruit/Kiwi/Kiwi_008.jpg,Kiwi,train,7,3
train/Fruit/Kiwi/Kiwi_009.jpg,Kiwi,train,7,3
train/Fruit/Kiwi/Kiwi_010.jpg,Kiwi,train,7,3
train/Fruit/Kiwi/Kiwi_011.jpg,Kiwi,train,7,3
train/Fruit/Kiwi/Kiwi_012.jpg,Kiwi,train,7,3
train/Fruit/Kiwi/Kiwi_013.jpg,Kiwi,train,7,3
train/Fruit/Kiwi/Kiwi_014.jpg,Kiwi,train,7,3
train/Fruit/Kiwi/Kiwi_015.jpg,Kiwi,train,7,3
train/Fruit/Kiwi/Kiwi_016.jpg,Kiwi,train,7,3
train/Fruit/Kiwi/Kiwi_017.jpg,Kiwi,train,7,3
train/Fruit/Kiwi/Kiwi_018.jpg,Kiwi,train,7,3
train/Fruit/Kiwi/Kiwi_019.jpg,Kiwi,train,7,3
train/Fruit/Kiwi/Kiwi_020.jpg,Kiwi,train,7,3
train/Fruit/Kiwi/Kiwi_021.jpg,Kiwi,train,7,3
train/Fruit/Kiwi/Kiwi_022.jpg,Kiwi,train,7,3
train/Fruit/Kiwi/Kiwi_023.jpg,Kiwi,train,7,3
train/Fruit/Kiwi/Kiwi_024.jpg,Kiwi,train,7,3
train/Fruit/Kiwi/Kiwi_025.jpg,Kiwi,train,7,3
train/Fruit/Kiwi/Kiwi_026.jpg,Kiwi,train,7,3
train/Fruit/Kiwi/Kiwi_027.jpg,Kiwi,train,7,3
train/Fruit/Kiwi/Kiwi_028.jpg,Kiwi,train,7,3
train/Fruit/Kiwi/Kiwi_029.jpg,Kiwi,train,7,3
train/Fruit/Kiwi/Kiwi_030.jpg,Kiwi,train,7,3
train/Fruit/Kiwi/Kiwi_031.jpg,Kiwi,train,7,3
train/Fruit/Kiwi/Kiwi_032.jpg,Kiwi,train,7,3
train/Fruit/Kiwi/Kiwi_033.jpg,Kiwi,train,7,3
train/Fruit/Kiwi/Kiwi_034.jpg,Kiwi,train,7,3
train/Fruit/Kiwi/Kiwi_035.jpg,Kiwi,train,7,3
train/Fruit/Kiwi/Kiwi_036.jpg,Kiwi,train,7,3
train/Fruit/Kiwi/Kiwi_037.jpg,Kiwi,train,7,3
train/Fruit/Kiwi/Kiwi_038.jpg,Kiwi,train,7,3
train/Fruit/Kiwi/Kiwi_039.jpg,Kiwi,train,7,3
train/Fruit/Kiwi/Kiwi_040.jpg,Kiwi,train,7,3
train/Fruit/Kiwi/Kiwi_041.jpg,Kiwi,train,7,3
train/Fruit/Kiwi/Kiwi_042.jpg,Kiwi,train,7,3
train/Fruit/Kiwi/Kiwi_043.jpg,Kiwi,train,7,3
train/Fruit/Kiwi/Kiwi_044.jpg,Kiwi,train,7,3
train/Fruit/Kiwi/Kiwi_045.jpg,Kiwi,train,7,3
train/Fruit/Kiwi/Kiwi_046.jpg,Kiwi,train,7,3
train/Fruit/Lemon/Lemon_001.jpg,Lemon,train,8,4
train/Fruit/Lemon/Lemon_002.jpg,Lemon,train,8,4
train/Fruit/Lemon/Lemon_003.jpg,Lemon,train,8,4
train/Fruit/Lemon/Lemon_004.jpg,Lemon,train,8,4
train/Fruit/Lemon/Lemon_005.jpg,Lemon,train,8,4
train/Fruit/Lemon/Lemon_006.jpg,Lemon,train,8,4
train/Fruit/Lemon/Lemon_007.jpg,Lemon,train,8,4
train/Fruit/Lemon/Lemon_008.jpg,Lemon,train,8,4
train/Fruit/Lemon/Lemon_009.jpg,Lemon,train,8,4
train/Fruit/Lemon/Lemon_010.jpg,Lemon,train,8,4
train/Fruit/Lemon/Lemon_011.jpg,Lemon,train,8,4
train/Fruit/Lemon/Lemon_012.jpg,Lemon,train,8,4
train/Fruit/Lemon/Lemon_013.jpg,Lemon,train,8,4
train/Fruit/Lemon/Lemon_014.jpg,Lemon,train,8,4
train/Fruit/Lemon/Lemon_015.jpg,Lemon,train,8,4
train/Fruit/Lemon/Lemon_016.jpg,Lemon,train,8,4
train/Fruit/Lemon/Lemon_017.jpg,Lemon,train,8,4
train/Fruit/Lemon/Lemon_018.jpg,Lemon,train,8,4
train/Fruit/Lemon/Lemon_019.jpg,Lemon,train,8,4
train/Fruit/Lemon/Lemon_020.jpg,Lemon,train,8,4
train/Fruit/Lemon/Lemon_021.jpg,Lemon,train,8,4
train/Fruit/Lemon/Lemon_022.jpg,Lemon,train,8,4
train/Fruit/Lemon/Lemon_023.jpg,Lemon,train,8,4
train/Fruit/Lemon/Lemon_024.jpg,Lemon,train,8,4
train/Fruit/Lemon/Lemon_025.jpg,Lemon,train,8,4
train/Fruit/Lemon/Lemon_026.jpg,Lemon,train,8,4
train/Fruit/Lemon/Lemon_027.jpg,Lemon,train,8,4
train/Fruit/Lemon/Lemon_028.jpg,Lemon,train,8,4
train/Fruit/Lemon/Lemon_029.jpg,Lemon,train,8,4
train/Fruit/Lemon/Lemon_030.jpg,Lemon,train,8,4
train/Fruit/Lemon/Lemon_031.jpg,Lemon,train,8,4
train/Fruit/Lemon/Lemon_032.jpg,Lemon,train,8,4
train/Fruit/Lemon/Lemon_033.jpg,Lemon,train,8,4
train/Fruit/Lemon/Lemon_034.jpg,Lemon,train,8,4
train/Fruit/Lemon/Lemon_035.jpg,Lemon,train,8,4
train/Fruit/Lemon/Lemon_036.jpg,Lemon,train,8,4
train/Fruit/Lemon/Lemon_037.jpg,Lemon,train,8,4
train/Fruit/Lemon/Lemon_038.jpg,Lemon,train,8,4
train/Fruit/Lemon/Lemon_039.jpg,Lemon,train,8,4
train/Fruit/Lemon/Lemon_040.jpg,Lemon,train,8,4
train/Fruit/Lemon/Lemon_041.jpg,Lemon,train,8,4
train/Fruit/Lemon/Lemon_042.jpg,Lemon,train,8,4
train/Fruit/Lime/Lime_001.jpg,Lime,train,9,5
train/Fruit/Lime/Lime_002.jpg,Lime,train,9,5
train/Fruit/Lime/Lime_003.jpg,Lime,train,9,5
train/Fruit/Lime/Lime_004.jpg,Lime,train,9,5
train/Fruit/Lime/Lime_005.jpg,Lime,train,9,5
train/Fruit/Lime/Lime_006.jpg,Lime,train,9,5
train/Fruit/Lime/Lime_007.jpg,Lime,train,9,5
train/Fruit/Lime/Lime_008.jpg,Lime,train,9,5
train/Fruit/Lime/Lime_009.jpg,Lime,train,9,5
train/Fruit/Lime/Lime_010.jpg,Lime,train,9,5
train/Fruit/Lime/Lime_011.jpg,Lime,train,9,5
train/Fruit/Lime/Lime_012.jpg,Lime,train,9,5
train/Fruit/Lime/Lime_013.jpg,Lime,train,9,5
train/Fruit/Lime/Lime_014.jpg,Lime,train,9,5
train/Fruit/Lime/Lime_015.jpg,Lime,train,9,5
train/Fruit/Lime/Lime_016.jpg,Lime,train,9,5
train/Fruit/Lime/Lime_017.jpg,Lime,train,9,5
train/Fruit/Lime/Lime_018.jpg,Lime,train,9,5
train/Fruit/Lime/Lime_019.jpg,Lime,train,9,5
train/Fruit/Lime/Lime_020.jpg,Lime,train,9,5
train/Fruit/Lime/Lime_021.jpg,Lime,train,9,5
train/Fruit/Lime/Lime_022.jpg,Lime,train,9,5
train/Fruit/Lime/Lime_023.jpg,Lime,train,9,5
train/Fruit/Lime/Lime_024.jpg,Lime,train,9,5
train/Fruit/Lime/Lime_025.jpg,Lime,train,9,5
train/Fruit/Lime/Lime_026.jpg,Lime,train,9,5
train/Fruit/Lime/Lime_027.jpg,Lime,train,9,5
train/Fruit/Lime/Lime_028.jpg,Lime,train,9,5
train/Fruit/Lime/Lime_029.jpg,Lime,train,9,5
train/Fruit/Lime/Lime_030.jpg,Lime,train,9,5
train/Fruit/Lime/Lime_031.jpg,Lime,train,9,5
train/Fruit/Mango/Mango_001.jpg,Mango,train,10,6
train/Fruit/Mango/Mango_002.jpg,Mango,train,10,6
train/Fruit/Mango/Mango_003.jpg,Mango,train,10,6
train/Fruit/Mango/Mango_004.jpg,Mango,train,10,6
train/Fruit/Mango/Mango_005.jpg,Mango,train,10,6
train/Fruit/Mango/Mango_006.jpg,Mango,train,10,6
train/Fruit/Mango/Mango_007.jpg,Mango,train,10,6
train/Fruit/Mango/Mango_008.jpg,Mango,train,10,6
train/Fruit/Mango/Mango_009.jpg,Mango,train,10,6
train/Fruit/Mango/Mango_010.jpg,Mango,train,10,6
train/Fruit/Mango/Mango_011.jpg,Mango,train,10,6
train/Fruit/Mango/Mango_012.jpg,Mango,train,10,6
train/Fruit/Mango/Mango_013.jpg,Mango,train,10,6
train/Fruit/Mango/Mango_014.jpg,Mango,train,10,6
train/Fruit/Mango/Mango_015.jpg,Mango,train,10,6
train/Fruit/Mango/Mango_016.jpg,Mango,train,10,6
train/Fruit/Mango/Mango_017.jpg,Mango,train,10,6
train/Fruit/Mango/Mango_018.jpg,Mango,train,10,6
train/Fruit/Mango/Mango_019.jpg,Mango,train,10,6
train/Fruit/Mango/Mango_020.jpg,Mango,train,10,6
train/Fruit/Mango/Mango_021.jpg,Mango,train,10,6
train/Fruit/Mango/Mango_022.jpg,Mango,train,10,6
train/Fruit/Mango/Mango_023.jpg,Mango,train,10,6
train/Fruit/Mango/Mango_024.jpg,Mango,train,10,6
train/Fruit/Mango/Mango_025.jpg,Mango,train,10,6
train/Fruit/Mango/Mango_026.jpg,Mango,train,10,6
train/Fruit/Mango/Mango_027.jpg,Mango,train,10,6
train/Fruit/Mango/Mango_028.jpg,Mango,train,10,6
train/Fruit/Mango/Mango_029.jpg,Mango,train,10,6
train/Fruit/Mango/Mango_030.jpg,Mango,train,10,6
train/Fruit/Mango/Mango_031.jpg,Mango,train,10,6
train/Fruit/Mango/Mango_032.jpg,Mango,train,10,6
train/Fruit/Melon/Cantaloupe/Cantaloupe_001.jpg,Cantaloupe,train,11,7
train/Fruit/Melon/Cantaloupe/Cantaloupe_002.jpg,Cantaloupe,train,11,7
train/Fruit/Melon/Cantaloupe/Cantaloupe_003.jpg,Cantaloupe,train,11,7
train/Fruit/Melon/Cantaloupe/Cantaloupe_004.jpg,Cantaloupe,train,11,7
train/Fruit/Melon/Cantaloupe/Cantaloupe_005.jpg,Cantaloupe,train,11,7
train/Fruit/Melon/Cantaloupe/Cantaloupe_006.jpg,Cantaloupe,train,11,7
train/Fruit/Melon/Cantaloupe/Cantaloupe_007.jpg,Cantaloupe,train,11,7
train/Fruit/Melon/Cantaloupe/Cantaloupe_008.jpg,Cantaloupe,train,11,7
train/Fruit/Melon/Cantaloupe/Cantaloupe_009.jpg,Cantaloupe,train,11,7
train/Fruit/Melon/Cantaloupe/Cantaloupe_010.jpg,Cantaloupe,train,11,7
train/Fruit/Melon/Cantaloupe/Cantaloupe_011.jpg,Cantaloupe,train,11,7
train/Fruit/Melon/Cantaloupe/Cantaloupe_012.jpg,Cantaloupe,train,11,7
train/Fruit/Melon/Cantaloupe/Cantaloupe_013.jpg,Cantaloupe,train,11,7
train/Fruit/Melon/Cantaloupe/Cantaloupe_014.jpg,Cantaloupe,train,11,7
train/Fruit/Melon/Cantaloupe/Cantaloupe_015.jpg,Cantaloupe,train,11,7
train/Fruit/Melon/Cantaloupe/Cantaloupe_016.jpg,Cantaloupe,train,11,7
train/Fruit/Melon/Cantaloupe/Cantaloupe_017.jpg,Cantaloupe,train,11,7
train/Fruit/Melon/Cantaloupe/Cantaloupe_018.jpg,Cantaloupe,train,11,7
train/Fruit/Melon/Cantaloupe/Cantaloupe_019.jpg,Cantaloupe,train,11,7
train/Fruit/Melon/Cantaloupe/Cantaloupe_020.jpg,Cantaloupe,train,11,7
train/Fruit/Melon/Cantaloupe/Cantaloupe_021.jpg,Cantaloupe,train,11,7
train/Fruit/Melon/Cantaloupe/Cantaloupe_022.jpg,Cantaloupe,train,11,7
train/Fruit/Melon/Cantaloupe/Cantaloupe_023.jpg,Cantaloupe,train,11,7
train/Fruit/Melon/Cantaloupe/Cantaloupe_024.jpg,Cantaloupe,train,11,7
train/Fruit/Melon/Cantaloupe/Cantaloupe_025.jpg,Cantaloupe,train,11,7
train/Fruit/Melon/Cantaloupe/Cantaloupe_026.jpg,Cantaloupe,train,11,7
train/Fruit/Melon/Cantaloupe/Cantaloupe_027.jpg,Cantaloupe,train,11,7
train/Fruit/Melon/Cantaloupe/Cantaloupe_028.jpg,Cantaloupe,train,11,7
train/Fruit/Melon/Cantaloupe/Cantaloupe_029.jpg,Cantaloupe,train,11,7
train/Fruit/Melon/Cantaloupe/Cantaloupe_030.jpg,Cantaloupe,train,11,7
train/Fruit/Melon/Cantaloupe/Cantaloupe_031.jpg,Cantaloupe,train,11,7
train/Fruit/Melon/Cantaloupe/Cantaloupe_032.jpg,Cantaloupe,train,11,7
train/Fruit/Melon/Cantaloupe/Cantaloupe_033.jpg,Cantaloupe,train,11,7
train/Fruit/Melon/Cantaloupe/Cantaloupe_034.jpg,Cantaloupe,train,11,7
train/Fruit/Melon/Cantaloupe/Cantaloupe_035.jpg,Cantaloupe,train,11,7
train/Fruit/Melon/Cantaloupe/Cantaloupe_036.jpg,Cantaloupe,train,11,7
train/Fruit/Melon/Cantaloupe/Cantaloupe_037.jpg,Cantaloupe,train,11,7
train/Fruit/Melon/Cantaloupe/Cantaloupe_038.jpg,Cantaloupe,train,11,7
train/Fruit/Melon/Cantaloupe/Cantaloupe_039.jpg,Cantaloupe,train,11,7
train/Fruit/Melon/Galia-Melon/Galia-Melon_001.jpg,Galia-Melon,train,12,7
train/Fruit/Melon/Galia-Melon/Galia-Melon_002.jpg,Galia-Melon,train,12,7
train/Fruit/Melon/Galia-Melon/Galia-Melon_003.jpg,Galia-Melon,train,12,7
train/Fruit/Melon/Galia-Melon/Galia-Melon_004.jpg,Galia-Melon,train,12,7
train/Fruit/Melon/Galia-Melon/Galia-Melon_005.jpg,Galia-Melon,train,12,7
train/Fruit/Melon/Galia-Melon/Galia-Melon_006.jpg,Galia-Melon,train,12,7
train/Fruit/Melon/Galia-Melon/Galia-Melon_007.jpg,Galia-Melon,train,12,7
train/Fruit/Melon/Galia-Melon/Galia-Melon_008.jpg,Galia-Melon,train,12,7
train/Fruit/Melon/Galia-Melon/Galia-Melon_009.jpg,Galia-Melon,train,12,7
train/Fruit/Melon/Galia-Melon/Galia-Melon_010.jpg,Galia-Melon,train,12,7
train/Fruit/Melon/Galia-Melon/Galia-Melon_011.jpg,Galia-Melon,train,12,7
train/Fruit/Melon/Galia-Melon/Galia-Melon_012.jpg,Galia-Melon,train,12,7
train/Fruit/Melon/Galia-Melon/Galia-Melon_013.jpg,Galia-Melon,train,12,7
train/Fruit/Melon/Galia-Melon/Galia-Melon_014.jpg,Galia-Melon,train,12,7
train/Fruit/Melon/Galia-Melon/Galia-Melon_015.jpg,Galia-Melon,train,12,7
train/Fruit/Melon/Galia-Melon/Galia-Melon_016.jpg,Galia-Melon,train,12,7
train/Fruit/Melon/Galia-Melon/Galia-Melon_017.jpg,Galia-Melon,train,12,7
train/Fruit/Melon/Galia-Melon/Galia-Melon_018.jpg,Galia-Melon,train,12,7
train/Fruit/Melon/Galia-Melon/Galia-Melon_019.jpg,Galia-Melon,train,12,7
train/Fruit/Melon/Galia-Melon/Galia-Melon_020.jpg,Galia-Melon,train,12,7
train/Fruit/Melon/Galia-Melon/Galia-Melon_021.jpg,Galia-Melon,train,12,7
train/Fruit/Melon/Galia-Melon/Galia-Melon_022.jpg,Galia-Melon,train,12,7
train/Fruit/Melon/Galia-Melon/Galia-Melon_023.jpg,Galia-Melon,train,12,7
train/Fruit/Melon/Galia-Melon/Galia-Melon_024.jpg,Galia-Melon,train,12,7
train/Fruit/Melon/Galia-Melon/Galia-Melon_025.jpg,Galia-Melon,train,12,7
train/Fruit/Melon/Galia-Melon/Galia-Melon_026.jpg,Galia-Melon,train,12,7
train/Fruit/Melon/Galia-Melon/Galia-Melon_027.jpg,Galia-Melon,train,12,7
train/Fruit/Melon/Galia-Melon/Galia-Melon_028.jpg,Galia-Melon,train,12,7
train/Fruit/Melon/Galia-Melon/Galia-Melon_029.jpg,Galia-Melon,train,12,7
train/Fruit/Melon/Galia-Melon/Galia-Melon_030.jpg,Galia-Melon,train,12,7
train/Fruit/Melon/Galia-Melon/Galia-Melon_031.jpg,Galia-Melon,train,12,7
train/Fruit/Melon/Galia-Melon/Galia-Melon_032.jpg,Galia-Melon,train,12,7
train/Fruit/Melon/Galia-Melon/Galia-Melon_033.jpg,Galia-Melon,train,12,7
train/Fruit/Melon/Honeydew-Melon/Honeydew-Melon_001.jpg,Honeydew-Melon,train,13,7
train/Fruit/Melon/Honeydew-Melon/Honeydew-Melon_002.jpg,Honeydew-Melon,train,13,7
train/Fruit/Melon/Honeydew-Melon/Honeydew-Melon_003.jpg,Honeydew-Melon,train,13,7
train/Fruit/Melon/Honeydew-Melon/Honeydew-Melon_004.jpg,Honeydew-Melon,train,13,7
train/Fruit/Melon/Honeydew-Melon/Honeydew-Melon_005.jpg,Honeydew-Melon,train,13,7
train/Fruit/Melon/Honeydew-Melon/Honeydew-Melon_006.jpg,Honeydew-Melon,train,13,7
train/Fruit/Melon/Honeydew-Melon/Honeydew-Melon_007.jpg,Honeydew-Melon,train,13,7
train/Fruit/Melon/Honeydew-Melon/Honeydew-Melon_008.jpg,Honeydew-Melon,train,13,7
train/Fruit/Melon/Honeydew-Melon/Honeydew-Melon_009.jpg,Honeydew-Melon,train,13,7
train/Fruit/Melon/Honeydew-Melon/Honeydew-Melon_010.jpg,Honeydew-Melon,train,13,7
train/Fruit/Melon/Honeydew-Melon/Honeydew-Melon_011.jpg,Honeydew-Melon,train,13,7
train/Fruit/Melon/Honeydew-Melon/Honeydew-Melon_012.jpg,Honeydew-Melon,train,13,7
train/Fruit/Melon/Honeydew-Melon/Honeydew-Melon_013.jpg,Honeydew-Melon,train,13,7
train/Fruit/Melon/Honeydew-Melon/Honeydew-Melon_014.jpg,Honeydew-Melon,train,13,7
train/Fruit/Melon/Honeydew-Melon/Honeydew-Melon_015.jpg,Honeydew-Melon,train,13,7
train/Fruit/Melon/Honeydew-Melon/Honeydew-Melon_016.jpg,Honeydew-Melon,train,13,7
train/Fruit/Melon/Honeydew-Melon/Honeydew-Melon_017.jpg,Honeydew-Melon,train,13,7
train/Fruit/Melon/Honeydew-Melon/Honeydew-Melon_018.jpg,Honeydew-Melon,train,13,7
train/Fruit/Melon/Honeydew-Melon/Honeydew-Melon_019.jpg,Honeydew-Melon,train,13,7
train/Fruit/Melon/Honeydew-Melon/Honeydew-Melon_020.jpg,Honeydew-Melon,train,13,7
train/Fruit/Melon/Honeydew-Melon/Honeydew-Melon_021.jpg,Honeydew-Melon,train,13,7
train/Fruit/Melon/Honeydew-Melon/Honeydew-Melon_022.jpg,Honeydew-Melon,train,13,7
train/Fruit/Melon/Honeydew-Melon/Honeydew-Melon_023.jpg,Honeydew-Melon,train,13,7
train/Fruit/Melon/Honeydew-Melon/Honeydew-Melon_024.jpg,Honeydew-Melon,train,13,7
train/Fruit/Melon/Honeydew-Melon/Honeydew-Melon_025.jpg,Honeydew-Melon,train,13,7
train/Fruit/Melon/Honeydew-Melon/Honeydew-Melon_026.jpg,Honeydew-Melon,train,13,7
train/Fruit/Melon/Honeydew-Melon/Honeydew-Melon_027.jpg,Honeydew-Melon,train,13,7
train/Fruit/Melon/Honeydew-Melon/Honeydew-Melon_028.jpg,Honeydew-Melon,train,13,7
train/Fruit/Melon/Honeydew-Melon/Honeydew-Melon_029.jpg,Honeydew-Melon,train,13,7
train/Fruit/Melon/Honeydew-Melon/Honeydew-Melon_030.jpg,Honeydew-Melon,train,13,7
train/Fruit/Melon/Honeydew-Melon/Honeydew-Melon_031.jpg,Honeydew-Melon,train,13,7
train/Fruit/Melon/Honeydew-Melon/Honeydew-Melon_032.jpg,Honeydew-Melon,train,13,7
train/Fruit/Melon/Honeydew-Melon/Honeydew-Melon_033.jpg,Honeydew-Melon,train,13,7
train/Fruit/Melon/Honeydew-Melon/Honeydew-Melon_034.jpg,Honeydew-Melon,train,13,7
train/Fruit/Melon/Honeydew-Melon/Honeydew-Melon_035.jpg,Honeydew-Melon,train,13,7
train/Fruit/Melon/Honeydew-Melon/Honeydew-Melon_036.jpg,Honeydew-Melon,train,13,7
train/Fruit/Melon/Watermelon/Watermelon_001.jpg,Watermelon,train,14,7
train/Fruit/Melon/Watermelon/Watermelon_002.jpg,Watermelon,train,14,7
train/Fruit/Melon/Watermelon/Watermelon_003.jpg,Watermelon,train,14,7
train/Fruit/Melon/Watermelon/Watermelon_004.jpg,Watermelon,train,14,7
train/Fruit/Melon/Watermelon/Watermelon_005.jpg,Watermelon,train,14,7
train/Fruit/Melon/Watermelon/Watermelon_006.jpg,Watermelon,train,14,7
train/Fruit/Melon/Watermelon/Watermelon_007.jpg,Watermelon,train,14,7
train/Fruit/Melon/Watermelon/Watermelon_008.jpg,Watermelon,train,14,7
train/Fruit/Melon/Watermelon/Watermelon_009.jpg,Watermelon,train,14,7
train/Fruit/Melon/Watermelon/Watermelon_010.jpg,Watermelon,train,14,7
train/Fruit/Melon/Watermelon/Watermelon_011.jpg,Watermelon,train,14,7
train/Fruit/Melon/Watermelon/Watermelon_012.jpg,Watermelon,train,14,7
train/Fruit/Melon/Watermelon/Watermelon_013.jpg,Watermelon,train,14,7
train/Fruit/Melon/Watermelon/Watermelon_014.jpg,Watermelon,train,14,7
train/Fruit/Melon/Watermelon/Watermelon_015.jpg,Watermelon,train,14,7
train/Fruit/Melon/Watermelon/Watermelon_016.jpg,Watermelon,train,14,7
train/Fruit/Melon/Watermelon/Watermelon_017.jpg,Watermelon,train,14,7
train/Fruit/Melon/Watermelon/Watermelon_018.jpg,Watermelon,train,14,7
train/Fruit/Melon/Watermelon/Watermelon_019.jpg,Watermelon,train,14,7
train/Fruit/Melon/Watermelon/Watermelon_020.jpg,Watermelon,train,14,7
train/Fruit/Melon/Watermelon/Watermelon_021.jpg,Watermelon,train,14,7
train/Fruit/Melon/Watermelon/Watermelon_022.jpg,Watermelon,train,14,7
train/Fruit/Melon/Watermelon/Watermelon_023.jpg,Watermelon,train,14,7
train/Fruit/Melon/Watermelon/Watermelon_024.jpg,Watermelon,train,14,7
train/Fruit/Melon/Watermelon/Watermelon_025.jpg,Watermelon,train,14,7
train/Fruit/Melon/Watermelon/Watermelon_026.jpg,Watermelon,train,14,7
train/Fruit/Melon/Watermelon/Watermelon_027.jpg,Watermelon,train,14,7
train/Fruit/Melon/Watermelon/Watermelon_028.jpg,Watermelon,train,14,7
train/Fruit/Melon/Watermelon/Watermelon_029.jpg,Watermelon,train,14,7
train/Fruit/Melon/Watermelon/Watermelon_030.jpg,Watermelon,train,14,7
train/Fruit/Melon/Watermelon/Watermelon_031.jpg,Watermelon,train,14,7
train/Fruit/Melon/Watermelon/Watermelon_032.jpg,Watermelon,train,14,7
train/Fruit/Melon/Watermelon/Watermelon_033.jpg,Watermelon,train,14,7
train/Fruit/Melon/Watermelon/Watermelon_034.jpg,Watermelon,train,14,7
train/Fruit/Melon/Watermelon/Watermelon_035.jpg,Watermelon,train,14,7
train/Fruit/Melon/Watermelon/Watermelon_036.jpg,Watermelon,train,14,7
train/Fruit/Melon/Watermelon/Watermelon_037.jpg,Watermelon,train,14,7
train/Fruit/Melon/Watermelon/Watermelon_038.jpg,Watermelon,train,14,7
train/Fruit/Melon/Watermelon/Watermelon_039.jpg,Watermelon,train,14,7
train/Fruit/Melon/Watermelon/Watermelon_040.jpg,Watermelon,train,14,7
train/Fruit/Melon/Watermelon/Watermelon_041.jpg,Watermelon,train,14,7
train/Fruit/Melon/Watermelon/Watermelon_042.jpg,Watermelon,train,14,7
train/Fruit/Melon/Watermelon/Watermelon_043.jpg,Watermelon,train,14,7
train/Fruit/Melon/Watermelon/Watermelon_044.jpg,Watermelon,train,14,7
train/Fruit/Melon/Watermelon/Watermelon_045.jpg,Watermelon,train,14,7
train/Fruit/Melon/Watermelon/Watermelon_046.jpg,Watermelon,train,14,7
train/Fruit/Nectarine/Nectarine_001.jpg,Nectarine,train,15,8
train/Fruit/Nectarine/Nectarine_002.jpg,Nectarine,train,15,8
train/Fruit/Nectarine/Nectarine_003.jpg,Nectarine,train,15,8
train/Fruit/Nectarine/Nectarine_004.jpg,Nectarine,train,15,8
train/Fruit/Nectarine/Nectarine_005.jpg,Nectarine,train,15,8
train/Fruit/Nectarine/Nectarine_006.jpg,Nectarine,train,15,8
train/Fruit/Nectarine/Nectarine_007.jpg,Nectarine,train,15,8
train/Fruit/Nectarine/Nectarine_008.jpg,Nectarine,train,15,8
train/Fruit/Nectarine/Nectarine_009.jpg,Nectarine,train,15,8
train/Fruit/Nectarine/Nectarine_010.jpg,Nectarine,train,15,8
train/Fruit/Nectarine/Nectarine_011.jpg,Nectarine,train,15,8
train/Fruit/Nectarine/Nectarine_012.jpg,Nectarine,train,15,8
train/Fruit/Nectarine/Nectarine_013.jpg,Nectarine,train,15,8
train/Fruit/Nectarine/Nectarine_014.jpg,Nectarine,train,15,8
train/Fruit/Nectarine/Nectarine_015.jpg,Nectarine,train,15,8
train/Fruit/Nectarine/Nectarine_016.jpg,Nectarine,train,15,8
train/Fruit/Nectarine/Nectarine_017.jpg,Nectarine,train,15,8
train/Fruit/Nectarine/Nectarine_018.jpg,Nectarine,train,15,8
train/Fruit/Nectarine/Nectarine_019.jpg,Nectarine,train,15,8
train/Fruit/Nectarine/Nectarine_020.jpg,Nectarine,train,15,8
train/Fruit/Nectarine/Nectarine_021.jpg,Nectarine,train,15,8
train/Fruit/Nectarine/Nectarine_022.jpg,Nectarine,train,15,8
train/Fruit/Nectarine/Nectarine_023.jpg,Nectarine,train,15,8
train/Fruit/Nectarine/Nectarine_024.jpg,Nectarine,train,15,8
train/Fruit/Nectarine/Nectarine_025.jpg,Nectarine,train,15,8
train/Fruit/Nectarine/Nectarine_026.jpg,Nectarine,train,15,8
train/Fruit/Nectarine/Nectarine_027.jpg,Nectarine,train,15,8
train/Fruit/Nectarine/Nectarine_028.jpg,Nectarine,train,15,8
train/Fruit/Nectarine/Nectarine_029.jpg,Nectarine,train,15,8
train/Fruit/Nectarine/Nectarine_030.jpg,Nectarine,train,15,8
train/Fruit/Nectarine/Nectarine_031.jpg,Nectarine,train,15,8
train/Fruit/Nectarine/Nectarine_032.jpg,Nectarine,train,15,8
train/Fruit/Nectarine/Nectarine_033.jpg,Nectarine,train,15,8
train/Fruit/Nectarine/Nectarine_034.jpg,Nectarine,train,15,8
train/Fruit/Nectarine/Nectarine_035.jpg,Nectarine,train,15,8
train/Fruit/Nectarine/Nectarine_036.jpg,Nectarine,train,15,8
train/Fruit/Orange/Orange_001.jpg,Orange,train,16,9
train/Fruit/Orange/Orange_002.jpg,Orange,train,16,9
train/Fruit/Orange/Orange_003.jpg,Orange,train,16,9
train/Fruit/Orange/Orange_004.jpg,Orange,train,16,9
train/Fruit/Orange/Orange_005.jpg,Orange,train,16,9
train/Fruit/Orange/Orange_006.jpg,Orange,train,16,9
train/Fruit/Orange/Orange_007.jpg,Orange,train,16,9
train/Fruit/Orange/Orange_008.jpg,Orange,train,16,9
train/Fruit/Orange/Orange_009.jpg,Orange,train,16,9
train/Fruit/Orange/Orange_010.jpg,Orange,train,16,9
train/Fruit/Orange/Orange_011.jpg,Orange,train,16,9
train/Fruit/Orange/Orange_012.jpg,Orange,train,16,9
train/Fruit/Orange/Orange_013.jpg,Orange,train,16,9
train/Fruit/Orange/Orange_014.jpg,Orange,train,16,9
train/Fruit/Orange/Orange_015.jpg,Orange,train,16,9
train/Fruit/Orange/Orange_016.jpg,Orange,train,16,9
train/Fruit/Orange/Orange_017.jpg,Orange,train,16,9
train/Fruit/Orange/Orange_018.jpg,Orange,train,16,9
train/Fruit/Orange/Orange_019.jpg,Orange,train,16,9
train/Fruit/Orange/Orange_020.jpg,Orange,train,16,9
train/Fruit/Orange/Orange_021.jpg,Orange,train,16,9
train/Fruit/Orange/Orange_022.jpg,Orange,train,16,9
train/Fruit/Orange/Orange_023.jpg,Orange,train,16,9
train/Fruit/Orange/Orange_024.jpg,Orange,train,16,9
train/Fruit/Orange/Orange_025.jpg,Orange,train,16,9
train/Fruit/Orange/Orange_026.jpg,Orange,train,16,9
train/Fruit/Orange/Orange_027.jpg,Orange,train,16,9
train/Fruit/Orange/Orange_028.jpg,Orange,train,16,9
train/Fruit/Orange/Orange_029.jpg,Orange,train,16,9
train/Fruit/Orange/Orange_030.jpg,Orange,train,16,9
train/Fruit/Orange/Orange_031.jpg,Orange,train,16,9
train/Fruit/Orange/Orange_032.jpg,Orange,train,16,9
train/Fruit/Orange/Orange_033.jpg,Orange,train,16,9
train/Fruit/Orange/Orange_034.jpg,Orange,train,16,9
train/Fruit/Orange/Orange_035.jpg,Orange,train,16,9
train/Fruit/Orange/Orange_036.jpg,Orange,train,16,9
train/Fruit/Orange/Orange_037.jpg,Orange,train,16,9
train/Fruit/Orange/Orange_038.jpg,Orange,train,16,9
train/Fruit/Orange/Orange_039.jpg,Orange,train,16,9
train/Fruit/Orange/Orange_040.jpg,Orange,train,16,9
train/Fruit/Orange/Orange_041.jpg,Orange,train,16,9
train/Fruit/Orange/Orange_042.jpg,Orange,train,16,9
train/Fruit/Orange/Orange_043.jpg,Orange,train,16,9
train/Fruit/Orange/Orange_044.jpg,Orange,train,16,9
train/Fruit/Orange/Orange_045.jpg,Orange,train,16,9
train/Fruit/Orange/Orange_046.jpg,Orange,train,16,9
train/Fruit/Orange/Orange_047.jpg,Orange,train,16,9
train/Fruit/Orange/Orange_048.jpg,Orange,train,16,9
train/Fruit/Orange/Orange_049.jpg,Orange,train,16,9
train/Fruit/Orange/Orange_050.jpg,Orange,train,16,9
train/Fruit/Orange/Orange_051.jpg,Orange,train,16,9
train/Fruit/Orange/Orange_052.jpg,Orange,train,16,9
train/Fruit/Orange/Orange_053.jpg,Orange,train,16,9
train/Fruit/Orange/Orange_054.jpg,Orange,train,16,9
train/Fruit/Orange/Orange_055.jpg,Orange,train,16,9
train/Fruit/Orange/Orange_056.jpg,Orange,train,16,9
train/Fruit/Orange/Orange_057.jpg,Orange,train,16,9
train/Fruit/Papaya/Papaya_001.jpg,Papaya,train,17,10
train/Fruit/Papaya/Papaya_002.jpg,Papaya,train,17,10
train/Fruit/Papaya/Papaya_003.jpg,Papaya,train,17,10
train/Fruit/Papaya/Papaya_004.jpg,Papaya,train,17,10
train/Fruit/Papaya/Papaya_005.jpg,Papaya,train,17,10
train/Fruit/Papaya/Papaya_006.jpg,Papaya,train,17,10
train/Fruit/Papaya/Papaya_007.jpg,Papaya,train,17,10
train/Fruit/Papaya/Papaya_008.jpg,Papaya,train,17,10
train/Fruit/Papaya/Papaya_009.jpg,Papaya,train,17,10
train/Fruit/Papaya/Papaya_010.jpg,Papaya,train,17,10
train/Fruit/Papaya/Papaya_011.jpg,Papaya,train,17,10
train/Fruit/Papaya/Papaya_012.jpg,Papaya,train,17,10
train/Fruit/Papaya/Papaya_013.jpg,Papaya,train,17,10
train/Fruit/Papaya/Papaya_014.jpg,Papaya,train,17,10
train/Fruit/Papaya/Papaya_015.jpg,Papaya,train,17,10
train/Fruit/Papaya/Papaya_016.jpg,Papaya,train,17,10
train/Fruit/Papaya/Papaya_017.jpg,Papaya,train,17,10
train/Fruit/Papaya/Papaya_018.jpg,Papaya,train,17,10
train/Fruit/Papaya/Papaya_019.jpg,Papaya,train,17,10
train/Fruit/Papaya/Papaya_020.jpg,Papaya,train,17,10
train/Fruit/Papaya/Papaya_021.jpg,Papaya,train,17,10
train/Fruit/Passion-Fruit/Passion-Fruit_001.jpg,Passion-Fruit,train,18,11
train/Fruit/Passion-Fruit/Passion-Fruit_002.jpg,Passion-Fruit,train,18,11
train/Fruit/Passion-Fruit/Passion-Fruit_003.jpg,Passion-Fruit,train,18,11
train/Fruit/Passion-Fruit/Passion-Fruit_004.jpg,Passion-Fruit,train,18,11
train/Fruit/Passion-Fruit/Passion-Fruit_005.jpg,Passion-Fruit,train,18,11
train/Fruit/Passion-Fruit/Passion-Fruit_006.jpg,Passion-Fruit,train,18,11
train/Fruit/Passion-Fruit/Passion-Fruit_007.jpg,Passion-Fruit,train,18,11
train/Fruit/Passion-Fruit/Passion-Fruit_008.jpg,Passion-Fruit,train,18,11
train/Fruit/Passion-Fruit/Passion-Fruit_009.jpg,Passion-Fruit,train,18,11
train/Fruit/Passion-Fruit/Passion-Fruit_010.jpg,Passion-Fruit,train,18,11
train/Fruit/Passion-Fruit/Passion-Fruit_011.jpg,Passion-Fruit,train,18,11
train/Fruit/Passion-Fruit/Passion-Fruit_012.jpg,Passion-Fruit,train,18,11
train/Fruit/Passion-Fruit/Passion-Fruit_013.jpg,Passion-Fruit,train,18,11
train/Fruit/Passion-Fruit/Passion-Fruit_014.jpg,Passion-Fruit,train,18,11
train/Fruit/Passion-Fruit/Passion-Fruit_015.jpg,Passion-Fruit,train,18,11
train/Fruit/Passion-Fruit/Passion-Fruit_016.jpg,Passion-Fruit,train,18,11
train/Fruit/Passion-Fruit/Passion-Fruit_017.jpg,Passion-Fruit,train,18,11
train/Fruit/Passion-Fruit/Passion-Fruit_018.jpg,Passion-Fruit,train,18,11
train/Fruit/Passion-Fruit/Passion-Fruit_019.jpg,Passion-Fruit,train,18,11
train/Fruit/Passion-Fruit/Passion-Fruit_020.jpg,Passion-Fruit,train,18,11
train/Fruit/Passion-Fruit/Passion-Fruit_021.jpg,Passion-Fruit,train,18,11
train/Fruit/Passion-Fruit/Passion-Fruit_022.jpg,Passion-Fruit,train,18,11
train/Fruit/Passion-Fruit/Passion-Fruit_023.jpg,Passion-Fruit,train,18,11
train/Fruit/Passion-Fruit/Passion-Fruit_024.jpg,Passion-Fruit,train,18,11
train/Fruit/Passion-Fruit/Passion-Fruit_025.jpg,Passion-Fruit,train,18,11
train/Fruit/Passion-Fruit/Passion-Fruit_026.jpg,Passion-Fruit,train,18,11
train/Fruit/Passion-Fruit/Passion-Fruit_027.jpg,Passion-Fruit,train,18,11
train/Fruit/Passion-Fruit/Passion-Fruit_028.jpg,Passion-Fruit,train,18,11
train/Fruit/Peach/Peach_001.jpg,Peach,train,19,12
train/Fruit/Peach/Peach_002.jpg,Peach,train,19,12
train/Fruit/Peach/Peach_003.jpg,Peach,train,19,12
train/Fruit/Peach/Peach_004.jpg,Peach,train,19,12
train/Fruit/Peach/Peach_005.jpg,Peach,train,19,12
train/Fruit/Peach/Peach_006.jpg,Peach,train,19,12
train/Fruit/Peach/Peach_007.jpg,Peach,train,19,12
train/Fruit/Peach/Peach_008.jpg,Peach,train,19,12
train/Fruit/Peach/Peach_009.jpg,Peach,train,19,12
train/Fruit/Peach/Peach_010.jpg,Peach,train,19,12
train/Fruit/Peach/Peach_011.jpg,Peach,train,19,12
train/Fruit/Peach/Peach_012.jpg,Peach,train,19,12
train/Fruit/Peach/Peach_013.jpg,Peach,train,19,12
train/Fruit/Peach/Peach_014.jpg,Peach,train,19,12
train/Fruit/Peach/Peach_015.jpg,Peach,train,19,12
train/Fruit/Peach/Peach_016.jpg,Peach,train,19,12
train/Fruit/Peach/Peach_017.jpg,Peach,train,19,12
train/Fruit/Peach/Peach_018.jpg,Peach,train,19,12
train/Fruit/Peach/Peach_019.jpg,Peach,train,19,12
train/Fruit/Peach/Peach_020.jpg,Peach,train,19,12
train/Fruit/Peach/Peach_021.jpg,Peach,train,19,12
train/Fruit/Peach/Peach_022.jpg,Peach,train,19,12
train/Fruit/Peach/Peach_023.jpg,Peach,train,19,12
train/Fruit/Peach/Peach_024.jpg,Peach,train,19,12
train/Fruit/Peach/Peach_025.jpg,Peach,train,19,12
train/Fruit/Peach/Peach_026.jpg,Peach,train,19,12
train/Fruit/Peach/Peach_027.jpg,Peach,train,19,12
train/Fruit/Peach/Peach_028.jpg,Peach,train,19,12
train/Fruit/Peach/Peach_029.jpg,Peach,train,19,12
train/Fruit/Peach/Peach_030.jpg,Peach,train,19,12
train/Fruit/Peach/Peach_031.jpg,Peach,train,19,12
train/Fruit/Peach/Peach_032.jpg,Peach,train,19,12
train/Fruit/Peach/Peach_033.jpg,Peach,train,19,12
train/Fruit/Peach/Peach_034.jpg,Peach,train,19,12
train/Fruit/Peach/Peach_035.jpg,Peach,train,19,12
train/Fruit/Peach/Peach_036.jpg,Peach,train,19,12
train/Fruit/Peach/Peach_037.jpg,Peach,train,19,12
train/Fruit/Pear/Anjou/Anjou_001.jpg,Anjou,train,20,13
train/Fruit/Pear/Anjou/Anjou_002.jpg,Anjou,train,20,13
train/Fruit/Pear/Anjou/Anjou_003.jpg,Anjou,train,20,13
train/Fruit/Pear/Anjou/Anjou_004.jpg,Anjou,train,20,13
train/Fruit/Pear/Anjou/Anjou_005.jpg,Anjou,train,20,13
train/Fruit/Pear/Anjou/Anjou_006.jpg,Anjou,train,20,13
train/Fruit/Pear/Anjou/Anjou_007.jpg,Anjou,train,20,13
train/Fruit/Pear/Anjou/Anjou_008.jpg,Anjou,train,20,13
train/Fruit/Pear/Anjou/Anjou_009.jpg,Anjou,train,20,13
train/Fruit/Pear/Anjou/Anjou_010.jpg,Anjou,train,20,13
train/Fruit/Pear/Anjou/Anjou_011.jpg,Anjou,train,20,13
train/Fruit/Pear/Anjou/Anjou_012.jpg,Anjou,train,20,13
train/Fruit/Pear/Anjou/Anjou_013.jpg,Anjou,train,20,13
train/Fruit/Pear/Anjou/Anjou_014.jpg,Anjou,train,20,13
train/Fruit/Pear/Anjou/Anjou_015.jpg,Anjou,train,20,13
train/Fruit/Pear/Anjou/Anjou_016.jpg,Anjou,train,20,13
train/Fruit/Pear/Anjou/Anjou_017.jpg,Anjou,train,20,13
train/Fruit/Pear/Anjou/Anjou_018.jpg,Anjou,train,20,13
train/Fruit/Pear/Anjou/Anjou_019.jpg,Anjou,train,20,13
train/Fruit/Pear/Anjou/Anjou_020.jpg,Anjou,train,20,13
train/Fruit/Pear/Anjou/Anjou_021.jpg,Anjou,train,20,13
train/Fruit/Pear/Anjou/Anjou_022.jpg,Anjou,train,20,13
train/Fruit/Pear/Anjou/Anjou_023.jpg,Anjou,train,20,13
train/Fruit/Pear/Anjou/Anjou_024.jpg,Anjou,train,20,13
train/Fruit/Pear/Anjou/Anjou_025.jpg,Anjou,train,20,13
train/Fruit/Pear/Anjou/Anjou_026.jpg,Anjou,train,20,13
train/Fruit/Pear/Anjou/Anjou_027.jpg,Anjou,train,20,13
train/Fruit/Pear/Anjou/Anjou_028.jpg,Anjou,train,20,13
train/Fruit/Pear/Anjou/Anjou_029.jpg,Anjou,train,20,13
train/Fruit/Pear/Anjou/Anjou_030.jpg,Anjou,train,20,13
train/Fruit/Pear/Anjou/Anjou_031.jpg,Anjou,train,20,13
train/Fruit/Pear/Anjou/Anjou_032.jpg,Anjou,train,20,13
train/Fruit/Pear/Anjou/Anjou_033.jpg,Anjou,train,20,13
train/Fruit/Pear/Anjou/Anjou_034.jpg,Anjou,train,20,13
train/Fruit/Pear/Anjou/Anjou_035.jpg,Anjou,train,20,13
train/Fruit/Pear/Anjou/Anjou_036.jpg,Anjou,train,20,13
train/Fruit/Pear/Anjou/Anjou_037.jpg,Anjou,train,20,13
train/Fruit/Pear/Anjou/Anjou_038.jpg,Anjou,train,20,13
train/Fruit/Pear/Anjou/Anjou_039.jpg,Anjou,train,20,13
train/Fruit/Pear/Anjou/Anjou_040.jpg,Anjou,train,20,13
train/Fruit/Pear/Anjou/Anjou_041.jpg,Anjou,train,20,13
train/Fruit/Pear/Conference/Conference_001.jpg,Conference,train,21,13
train/Fruit/Pear/Conference/Conference_002.jpg,Conference,train,21,13
train/Fruit/Pear/Conference/Conference_003.jpg,Conference,train,21,13
train/Fruit/Pear/Conference/Conference_004.jpg,Conference,train,21,13
train/Fruit/Pear/Conference/Conference_005.jpg,Conference,train,21,13
train/Fruit/Pear/Conference/Conference_006.jpg,Conference,train,21,13
train/Fruit/Pear/Conference/Conference_007.jpg,Conference,train,21,13
train/Fruit/Pear/Conference/Conference_008.jpg,Conference,train,21,13
train/Fruit/Pear/Conference/Conference_009.jpg,Conference,train,21,13
train/Fruit/Pear/Conference/Conference_010.jpg,Conference,train,21,13
train/Fruit/Pear/Conference/Conference_011.jpg,Conference,train,21,13
train/Fruit/Pear/Conference/Conference_012.jpg,Conference,train,21,13
train/Fruit/Pear/Conference/Conference_013.jpg,Conference,train,21,13
train/Fruit/Pear/Conference/Conference_014.jpg,Conference,train,21,13
train/Fruit/Pear/Conference/Conference_015.jpg,Conference,train,21,13
train/Fruit/Pear/Conference/Conference_016.jpg,Conference,train,21,13
train/Fruit/Pear/Conference/Conference_017.jpg,Conference,train,21,13
train/Fruit/Pear/Conference/Conference_018.jpg,Conference,train,21,13
train/Fruit/Pear/Conference/Conference_019.jpg,Conference,train,21,13
train/Fruit/Pear/Conference/Conference_020.jpg,Conference,train,21,13
train/Fruit/Pear/Conference/Conference_021.jpg,Conference,train,21,13
train/Fruit/Pear/Conference/Conference_022.jpg,Conference,train,21,13
train/Fruit/Pear/Conference/Conference_023.jpg,Conference,train,21,13
train/Fruit/Pear/Conference/Conference_024.jpg,Conference,train,21,13
train/Fruit/Pear/Conference/Conference_025.jpg,Conference,train,21,13
train/Fruit/Pear/Conference/Conference_026.jpg,Conference,train,21,13
train/Fruit/Pear/Conference/Conference_027.jpg,Conference,train,21,13
train/Fruit/Pear/Conference/Conference_028.jpg,Conference,train,21,13
train/Fruit/Pear/Conference/Conference_029.jpg,Conference,train,21,13
train/Fruit/Pear/Conference/Conference_030.jpg,Conference,train,21,13
train/Fruit/Pear/Conference/Conference_031.jpg,Conference,train,21,13
train/Fruit/Pear/Conference/Conference_032.jpg,Conference,train,21,13
train/Fruit/Pear/Conference/Conference_033.jpg,Conference,train,21,13
train/Fruit/Pear/Conference/Conference_034.jpg,Conference,train,21,13
train/Fruit/Pear/Conference/Conference_035.jpg,Conference,train,21,13
train/Fruit/Pear/Conference/Conference_036.jpg,Conference,train,21,13
train/Fruit/Pear/Conference/Conference_037.jpg,Conference,train,21,13
train/Fruit/Pear/Conference/Conference_038.jpg,Conference,train,21,13
train/Fruit/Pear/Conference/Conference_039.jpg,Conference,train,21,13
train/Fruit/Pear/Conference/Conference_040.jpg,Conference,train,21,13
train/Fruit/Pear/Conference/Conference_041.jpg,Conference,train,21,13
train/Fruit/Pear/Conference/Conference_042.jpg,Conference,train,21,13
train/Fruit/Pear/Conference/Conference_043.jpg,Conference,train,21,13
train/Fruit/Pear/Conference/Conference_044.jpg,Conference,train,21,13
train/Fruit/Pear/Conference/Conference_045.jpg,Conference,train,21,13
train/Fruit/Pear/Kaiser/Kaiser_001.jpg,Kaiser,train,22,13
train/Fruit/Pear/Kaiser/Kaiser_002.jpg,Kaiser,train,22,13
train/Fruit/Pear/Kaiser/Kaiser_003.jpg,Kaiser,train,22,13
train/Fruit/Pear/Kaiser/Kaiser_004.jpg,Kaiser,train,22,13
train/Fruit/Pear/Kaiser/Kaiser_005.jpg,Kaiser,train,22,13
train/Fruit/Pear/Kaiser/Kaiser_006.jpg,Kaiser,train,22,13
train/Fruit/Pear/Kaiser/Kaiser_007.jpg,Kaiser,train,22,13
train/Fruit/Pear/Kaiser/Kaiser_008.jpg,Kaiser,train,22,13
train/Fruit/Pear/Kaiser/Kaiser_009.jpg,Kaiser,train,22,13
train/Fruit/Pear/Kaiser/Kaiser_010.jpg,Kaiser,train,22,13
train/Fruit/Pear/Kaiser/Kaiser_011.jpg,Kaiser,train,22,13
train/Fruit/Pear/Kaiser/Kaiser_012.jpg,Kaiser,train,22,13
train/Fruit/Pear/Kaiser/Kaiser_013.jpg,Kaiser,train,22,13
train/Fruit/Pear/Kaiser/Kaiser_014.jpg,Kaiser,train,22,13
train/Fruit/Pear/Kaiser/Kaiser_015.jpg,Kaiser,train,22,13
train/Fruit/Pear/Kaiser/Kaiser_016.jpg,Kaiser,train,22,13
train/Fruit/Pear/Kaiser/Kaiser_017.jpg,Kaiser,train,22,13
train/Fruit/Pear/Kaiser/Kaiser_018.jpg,Kaiser,train,22,13
train/Fruit/Pear/Kaiser/Kaiser_019.jpg,Kaiser,train,22,13
train/Fruit/Pear/Kaiser/Kaiser_020.jpg,Kaiser,train,22,13
train/Fruit/Pear/Kaiser/Kaiser_021.jpg,Kaiser,train,22,13
train/Fruit/Pear/Kaiser/Kaiser_022.jpg,Kaiser,train,22,13
train/Fruit/Pear/Kaiser/Kaiser_023.jpg,Kaiser,train,22,13
train/Fruit/Pear/Kaiser/Kaiser_024.jpg,Kaiser,train,22,13
train/Fruit/Pear/Kaiser/Kaiser_025.jpg,Kaiser,train,22,13
train/Fruit/Pear/Kaiser/Kaiser_026.jpg,Kaiser,train,22,13
train/Fruit/Pear/Kaiser/Kaiser_027.jpg,Kaiser,train,22,13
train/Fruit/Pear/Kaiser/Kaiser_028.jpg,Kaiser,train,22,13
train/Fruit/Pear/Kaiser/Kaiser_029.jpg,Kaiser,train,22,13
train/Fruit/Pear/Kaiser/Kaiser_030.jpg,Kaiser,train,22,13
train/Fruit/Pineapple/Pineapple_001.jpg,Pineapple,train,23,14
train/Fruit/Pineapple/Pineapple_002.jpg,Pineapple,train,23,14
train/Fruit/Pineapple/Pineapple_003.jpg,Pineapple,train,23,14
train/Fruit/Pineapple/Pineapple_004.jpg,Pineapple,train,23,14
train/Fruit/Pineapple/Pineapple_005.jpg,Pineapple,train,23,14
train/Fruit/Pineapple/Pineapple_006.jpg,Pineapple,train,23,14
train/Fruit/Pineapple/Pineapple_007.jpg,Pineapple,train,23,14
train/Fruit/Pineapple/Pineapple_008.jpg,Pineapple,train,23,14
train/Fruit/Pineapple/Pineapple_009.jpg,Pineapple,train,23,14
train/Fruit/Pineapple/Pineapple_010.jpg,Pineapple,train,23,14
train/Fruit/Pineapple/Pineapple_011.jpg,Pineapple,train,23,14
train/Fruit/Pineapple/Pineapple_012.jpg,Pineapple,train,23,14
train/Fruit/Pineapple/Pineapple_013.jpg,Pineapple,train,23,14
train/Fruit/Pineapple/Pineapple_014.jpg,Pineapple,train,23,14
train/Fruit/Pineapple/Pineapple_015.jpg,Pineapple,train,23,14
train/Fruit/Pineapple/Pineapple_016.jpg,Pineapple,train,23,14
train/Fruit/Pineapple/Pineapple_017.jpg,Pineapple,train,23,14
train/Fruit/Pineapple/Pineapple_018.jpg,Pineapple,train,23,14
train/Fruit/Pineapple/Pineapple_019.jpg,Pineapple,train,23,14
train/Fruit/Pineapple/Pineapple_020.jpg,Pineapple,train,23,14
train/Fruit/Pineapple/Pineapple_021.jpg,Pineapple,train,23,14
train/Fruit/Pineapple/Pineapple_022.jpg,Pineapple,train,23,14
train/Fruit/Pineapple/Pineapple_023.jpg,Pineapple,train,23,14
train/Fruit/Pineapple/Pineapple_024.jpg,Pineapple,train,23,14
train/Fruit/Pineapple/Pineapple_025.jpg,Pineapple,train,23,14
train/Fruit/Pineapple/Pineapple_026.jpg,Pineapple,train,23,14
train/Fruit/Plum/Plum_001.jpg,Plum,train,24,15
train/Fruit/Plum/Plum_002.jpg,Plum,train,24,15
train/Fruit/Plum/Plum_003.jpg,Plum,train,24,15
train/Fruit/Plum/Plum_004.jpg,Plum,train,24,15
train/Fruit/Plum/Plum_005.jpg,Plum,train,24,15
train/Fruit/Plum/Plum_006.jpg,Plum,train,24,15
train/Fruit/Plum/Plum_007.jpg,Plum,train,24,15
train/Fruit/Plum/Plum_008.jpg,Plum,train,24,15
train/Fruit/Plum/Plum_009.jpg,Plum,train,24,15
train/Fruit/Plum/Plum_010.jpg,Plum,train,24,15
train/Fruit/Plum/Plum_011.jpg,Plum,train,24,15
train/Fruit/Plum/Plum_012.jpg,Plum,train,24,15
train/Fruit/Plum/Plum_013.jpg,Plum,train,24,15
train/Fruit/Plum/Plum_014.jpg,Plum,train,24,15
train/Fruit/Plum/Plum_015.jpg,Plum,train,24,15
train/Fruit/Plum/Plum_016.jpg,Plum,train,24,15
train/Fruit/Plum/Plum_017.jpg,Plum,train,24,15
train/Fruit/Plum/Plum_018.jpg,Plum,train,24,15
train/Fruit/Plum/Plum_019.jpg,Plum,train,24,15
train/Fruit/Plum/Plum_020.jpg,Plum,train,24,15
train/Fruit/Plum/Plum_021.jpg,Plum,train,24,15
train/Fruit/Plum/Plum_022.jpg,Plum,train,24,15
train/Fruit/Pomegranate/Pomegranate_001.jpg,Pomegranate,train,25,16
train/Fruit/Pomegranate/Pomegranate_002.jpg,Pomegranate,train,25,16
train/Fruit/Pomegranate/Pomegranate_003.jpg,Pomegranate,train,25,16
train/Fruit/Pomegranate/Pomegranate_004.jpg,Pomegranate,train,25,16
train/Fruit/Pomegranate/Pomegranate_005.jpg,Pomegranate,train,25,16
train/Fruit/Pomegranate/Pomegranate_006.jpg,Pomegranate,train,25,16
train/Fruit/Pomegranate/Pomegranate_007.jpg,Pomegranate,train,25,16
train/Fruit/Pomegranate/Pomegranate_008.jpg,Pomegranate,train,25,16
train/Fruit/Pomegranate/Pomegranate_009.jpg,Pomegranate,train,25,16
train/Fruit/Pomegranate/Pomegranate_010.jpg,Pomegranate,train,25,16
train/Fruit/Pomegranate/Pomegranate_011.jpg,Pomegranate,train,25,16
train/Fruit/Pomegranate/Pomegranate_012.jpg,Pomegranate,train,25,16
train/Fruit/Pomegranate/Pomegranate_013.jpg,Pomegranate,train,25,16
train/Fruit/Pomegranate/Pomegranate_014.jpg,Pomegranate,train,25,16
train/Fruit/Pomegranate/Pomegranate_015.jpg,Pomegranate,train,25,16
train/Fruit/Pomegranate/Pomegranate_016.jpg,Pomegranate,train,25,16
train/Fruit/Pomegranate/Pomegranate_017.jpg,Pomegranate,train,25,16
train/Fruit/Pomegranate/Pomegranate_018.jpg,Pomegranate,train,25,16
train/Fruit/Pomegranate/Pomegranate_019.jpg,Pomegranate,train,25,16
train/Fruit/Pomegranate/Pomegranate_020.jpg,Pomegranate,train,25,16
train/Fruit/Pomegranate/Pomegranate_021.jpg,Pomegranate,train,25,16
train/Fruit/Pomegranate/Pomegranate_022.jpg,Pomegranate,train,25,16
train/Fruit/Pomegranate/Pomegranate_023.jpg,Pomegranate,train,25,16
train/Fruit/Pomegranate/Pomegranate_024.jpg,Pomegranate,train,25,16
train/Fruit/Pomegranate/Pomegranate_025.jpg,Pomegranate,train,25,16
train/Fruit/Pomegranate/Pomegranate_026.jpg,Pomegranate,train,25,16
train/Fruit/Red-Grapefruit/Red-Grapefruit_001.jpg,Red-Grapefruit,train,26,17
train/Fruit/Red-Grapefruit/Red-Grapefruit_002.jpg,Red-Grapefruit,train,26,17
train/Fruit/Red-Grapefruit/Red-Grapefruit_003.jpg,Red-Grapefruit,train,26,17
train/Fruit/Red-Grapefruit/Red-Grapefruit_004.jpg,Red-Grapefruit,train,26,17
train/Fruit/Red-Grapefruit/Red-Grapefruit_005.jpg,Red-Grapefruit,train,26,17
train/Fruit/Red-Grapefruit/Red-Grapefruit_006.jpg,Red-Grapefruit,train,26,17
train/Fruit/Red-Grapefruit/Red-Grapefruit_007.jpg,Red-Grapefruit,train,26,17
train/Fruit/Red-Grapefruit/Red-Grapefruit_008.jpg,Red-Grapefruit,train,26,17
train/Fruit/Red-Grapefruit/Red-Grapefruit_009.jpg,Red-Grapefruit,train,26,17
train/Fruit/Red-Grapefruit/Red-Grapefruit_010.jpg,Red-Grapefruit,train,26,17
train/Fruit/Red-Grapefruit/Red-Grapefruit_011.jpg,Red-Grapefruit,train,26,17
train/Fruit/Red-Grapefruit/Red-Grapefruit_012.jpg,Red-Grapefruit,train,26,17
train/Fruit/Red-Grapefruit/Red-Grapefruit_013.jpg,Red-Grapefruit,train,26,17
train/Fruit/Red-Grapefruit/Red-Grapefruit_014.jpg,Red-Grapefruit,train,26,17
train/Fruit/Red-Grapefruit/Red-Grapefruit_015.jpg,Red-Grapefruit,train,26,17
train/Fruit/Red-Grapefruit/Red-Grapefruit_016.jpg,Red-Grapefruit,train,26,17
train/Fruit/Red-Grapefruit/Red-Grapefruit_017.jpg,Red-Grapefruit,train,26,17
train/Fruit/Red-Grapefruit/Red-Grapefruit_018.jpg,Red-Grapefruit,train,26,17
train/Fruit/Red-Grapefruit/Red-Grapefruit_019.jpg,Red-Grapefruit,train,26,17
train/Fruit/Red-Grapefruit/Red-Grapefruit_020.jpg,Red-Grapefruit,train,26,17
train/Fruit/Red-Grapefruit/Red-Grapefruit_021.jpg,Red-Grapefruit,train,26,17
train/Fruit/Red-Grapefruit/Red-Grapefruit_022.jpg,Red-Grapefruit,train,26,17
train/Fruit/Red-Grapefruit/Red-Grapefruit_023.jpg,Red-Grapefruit,train,26,17
train/Fruit/Red-Grapefruit/Red-Grapefruit_024.jpg,Red-Grapefruit,train,26,17
train/Fruit/Red-Grapefruit/Red-Grapefruit_025.jpg,Red-Grapefruit,train,26,17
train/Fruit/Red-Grapefruit/Red-Grapefruit_026.jpg,Red-Grapefruit,train,26,17
train/Fruit/Red-Grapefruit/Red-Grapefruit_027.jpg,Red-Grapefruit,train,26,17
train/Fruit/Red-Grapefruit/Red-Grapefruit_028.jpg,Red-Grapefruit,train,26,17
train/Fruit/Red-Grapefruit/Red-Grapefruit_029.jpg,Red-Grapefruit,train,26,17
train/Fruit/Red-Grapefruit/Red-Grapefruit_030.jpg,Red-Grapefruit,train,26,17
train/Fruit/Red-Grapefruit/Red-Grapefruit_031.jpg,Red-Grapefruit,train,26,17
train/Fruit/Red-Grapefruit/Red-Grapefruit_032.jpg,Red-Grapefruit,train,26,17
train/Fruit/Red-Grapefruit/Red-Grapefruit_033.jpg,Red-Grapefruit,train,26,17
train/Fruit/Red-Grapefruit/Red-Grapefruit_034.jpg,Red-Grapefruit,train,26,17
train/Fruit/Satsumas/Satsumas_001.jpg,Satsumas,train,27,18
train/Fruit/Satsumas/Satsumas_002.jpg,Satsumas,train,27,18
train/Fruit/Satsumas/Satsumas_003.jpg,Satsumas,train,27,18
train/Fruit/Satsumas/Satsumas_004.jpg,Satsumas,train,27,18
train/Fruit/Satsumas/Satsumas_005.jpg,Satsumas,train,27,18
train/Fruit/Satsumas/Satsumas_006.jpg,Satsumas,train,27,18
train/Fruit/Satsumas/Satsumas_007.jpg,Satsumas,train,27,18
train/Fruit/Satsumas/Satsumas_008.jpg,Satsumas,train,27,18
train/Fruit/Satsumas/Satsumas_009.jpg,Satsumas,train,27,18
train/Fruit/Satsumas/Satsumas_010.jpg,Satsumas,train,27,18
train/Fruit/Satsumas/Satsumas_011.jpg,Satsumas,train,27,18
train/Fruit/Satsumas/Satsumas_012.jpg,Satsumas,train,27,18
train/Fruit/Satsumas/Satsumas_013.jpg,Satsumas,train,27,18
train/Fruit/Satsumas/Satsumas_014.jpg,Satsumas,train,27,18
train/Fruit/Satsumas/Satsumas_015.jpg,Satsumas,train,27,18
train/Fruit/Satsumas/Satsumas_016.jpg,Satsumas,train,27,18
train/Fruit/Satsumas/Satsumas_017.jpg,Satsumas,train,27,18
train/Fruit/Satsumas/Satsumas_018.jpg,Satsumas,train,27,18
train/Fruit/Satsumas/Satsumas_019.jpg,Satsumas,train,27,18
train/Fruit/Satsumas/Satsumas_020.jpg,Satsumas,train,27,18
train/Fruit/Satsumas/Satsumas_021.jpg,Satsumas,train,27,18
train/Fruit/Satsumas/Satsumas_022.jpg,Satsumas,train,27,18
train/Fruit/Satsumas/Satsumas_023.jpg,Satsumas,train,27,18
train/Fruit/Satsumas/Satsumas_024.jpg,Satsumas,train,27,18
train/Fruit/Satsumas/Satsumas_025.jpg,Satsumas,train,27,18
train/Fruit/Satsumas/Satsumas_026.jpg,Satsumas,train,27,18
train/Fruit/Satsumas/Satsumas_027.jpg,Satsumas,train,27,18
train/Fruit/Satsumas/Satsumas_028.jpg,Satsumas,train,27,18
train/Fruit/Satsumas/Satsumas_029.jpg,Satsumas,train,27,18
train/Fruit/Satsumas/Satsumas_030.jpg,Satsumas,train,27,18
train/Fruit/Satsumas/Satsumas_031.jpg,Satsumas,train,27,18
train/Fruit/Satsumas/Satsumas_032.jpg,Satsumas,train,27,18
train/Fruit/Satsumas/Satsumas_033.jpg,Satsumas,train,27,18
train/Fruit/Satsumas/Satsumas_034.jpg,Satsumas,train,27,18
train/Fruit/Satsumas/Satsumas_035.jpg,Satsumas,train,27,18
train/Fruit/Satsumas/Satsumas_036.jpg,Satsumas,train,27,18
train/Fruit/Satsumas/Satsumas_037.jpg,Satsumas,train,27,18
train/Fruit/Satsumas/Satsumas_038.jpg,Satsumas,train,27,18
train/Fruit/Satsumas/Satsumas_039.jpg,Satsumas,train,27,18
train/Fruit/Satsumas/Satsumas_040.jpg,Satsumas,train,27,18
train/Fruit/Satsumas/Satsumas_041.jpg,Satsumas,train,27,18
train/Fruit/Satsumas/Satsumas_042.jpg,Satsumas,train,27,18
train/Fruit/Satsumas/Satsumas_043.jpg,Satsumas,train,27,18
train/Fruit/Satsumas/Satsumas_044.jpg,Satsumas,train,27,18
train/Fruit/Satsumas/Satsumas_045.jpg,Satsumas,train,27,18
train/Fruit/Satsumas/Satsumas_046.jpg,Satsumas,train,27,18
train/Fruit/Satsumas/Satsumas_047.jpg,Satsumas,train,27,18
train/Fruit/Satsumas/Satsumas_048.jpg,Satsumas,train,27,18
train/Fruit/Satsumas/Satsumas_049.jpg,Satsumas,train,27,18
train/Fruit/Satsumas/Satsumas_050.jpg,Satsumas,train,27,18
train/Fruit/Satsumas/Satsumas_051.jpg,Satsumas,train,27,18
train/Fruit/Satsumas/Satsumas_052.jpg,Satsumas,train,27,18
train/Fruit/Satsumas/Satsumas_053.jpg,Satsumas,train,27,18
train/Fruit/Satsumas/Satsumas_054.jpg,Satsumas,train,27,18
train/Fruit/Satsumas/Satsumas_055.jpg,Satsumas,train,27,18
train/Fruit/Satsumas/Satsumas_056.jpg,Satsumas,train,27,18
train/Fruit/Satsumas/Satsumas_057.jpg,Satsumas,train,27,18
train/Fruit/Satsumas/Satsumas_058.jpg,Satsumas,train,27,18
train/Fruit/Satsumas/Satsumas_059.jpg,Satsumas,train,27,18
train/Fruit/Satsumas/Satsumas_060.jpg,Satsumas,train,27,18
train/Fruit/Satsumas/Satsumas_061.jpg,Satsumas,train,27,18
train/Fruit/Satsumas/Satsumas_062.jpg,Satsumas,train,27,18
train/Fruit/Satsumas/Satsumas_063.jpg,Satsumas,train,27,18
train/Fruit/Satsumas/Satsumas_064.jpg,Satsumas,train,27,18
train/Fruit/Satsumas/Satsumas_065.jpg,Satsumas,train,27,18
train/Fruit/Satsumas/Satsumas_066.jpg,Satsumas,train,27,18
train/Fruit/Satsumas/Satsumas_067.jpg,Satsumas,train,27,18
train/Fruit/Satsumas/Satsumas_068.jpg,Satsumas,train,27,18
train/Fruit/Satsumas/Satsumas_069.jpg,Satsumas,train,27,18
train/Fruit/Satsumas/Satsumas_070.jpg,Satsumas,train,27,18
train/Packages/Juice/Bravo-Apple-Juice/Bravo-Apple-Juice_001.jpg,Bravo-Apple-Juice,train,28,19
train/Packages/Juice/Bravo-Apple-Juice/Bravo-Apple-Juice_002.jpg,Bravo-Apple-Juice,train,28,19
train/Packages/Juice/Bravo-Apple-Juice/Bravo-Apple-Juice_003.jpg,Bravo-Apple-Juice,train,28,19
train/Packages/Juice/Bravo-Apple-Juice/Bravo-Apple-Juice_004.jpg,Bravo-Apple-Juice,train,28,19
train/Packages/Juice/Bravo-Apple-Juice/Bravo-Apple-Juice_005.jpg,Bravo-Apple-Juice,train,28,19
train/Packages/Juice/Bravo-Apple-Juice/Bravo-Apple-Juice_006.jpg,Bravo-Apple-Juice,train,28,19
train/Packages/Juice/Bravo-Apple-Juice/Bravo-Apple-Juice_007.jpg,Bravo-Apple-Juice,train,28,19
train/Packages/Juice/Bravo-Apple-Juice/Bravo-Apple-Juice_008.jpg,Bravo-Apple-Juice,train,28,19
train/Packages/Juice/Bravo-Apple-Juice/Bravo-Apple-Juice_009.jpg,Bravo-Apple-Juice,train,28,19
train/Packages/Juice/Bravo-Apple-Juice/Bravo-Apple-Juice_010.jpg,Bravo-Apple-Juice,train,28,19
train/Packages/Juice/Bravo-Apple-Juice/Bravo-Apple-Juice_011.jpg,Bravo-Apple-Juice,train,28,19
train/Packages/Juice/Bravo-Apple-Juice/Bravo-Apple-Juice_012.jpg,Bravo-Apple-Juice,train,28,19
train/Packages/Juice/Bravo-Apple-Juice/Bravo-Apple-Juice_013.jpg,Bravo-Apple-Juice,train,28,19
train/Packages/Juice/Bravo-Apple-Juice/Bravo-Apple-Juice_014.jpg,Bravo-Apple-Juice,train,28,19
train/Packages/Juice/Bravo-Apple-Juice/Bravo-Apple-Juice_015.jpg,Bravo-Apple-Juice,train,28,19
train/Packages/Juice/Bravo-Apple-Juice/Bravo-Apple-Juice_016.jpg,Bravo-Apple-Juice,train,28,19
train/Packages/Juice/Bravo-Apple-Juice/Bravo-Apple-Juice_017.jpg,Bravo-Apple-Juice,train,28,19
train/Packages/Juice/Bravo-Apple-Juice/Bravo-Apple-Juice_018.jpg,Bravo-Apple-Juice,train,28,19
train/Packages/Juice/Bravo-Apple-Juice/Bravo-Apple-Juice_019.jpg,Bravo-Apple-Juice,train,28,19
train/Packages/Juice/Bravo-Apple-Juice/Bravo-Apple-Juice_020.jpg,Bravo-Apple-Juice,train,28,19
train/Packages/Juice/Bravo-Apple-Juice/Bravo-Apple-Juice_021.jpg,Bravo-Apple-Juice,train,28,19
train/Packages/Juice/Bravo-Apple-Juice/Bravo-Apple-Juice_022.jpg,Bravo-Apple-Juice,train,28,19
train/Packages/Juice/Bravo-Apple-Juice/Bravo-Apple-Juice_023.jpg,Bravo-Apple-Juice,train,28,19
train/Packages/Juice/Bravo-Apple-Juice/Bravo-Apple-Juice_024.jpg,Bravo-Apple-Juice,train,28,19
train/Packages/Juice/Bravo-Apple-Juice/Bravo-Apple-Juice_025.jpg,Bravo-Apple-Juice,train,28,19
train/Packages/Juice/Bravo-Orange-Juice/Bravo-Orange-Juice_001.jpg,Bravo-Orange-Juice,train,29,19
train/Packages/Juice/Bravo-Orange-Juice/Bravo-Orange-Juice_002.jpg,Bravo-Orange-Juice,train,29,19
train/Packages/Juice/Bravo-Orange-Juice/Bravo-Orange-Juice_003.jpg,Bravo-Orange-Juice,train,29,19
train/Packages/Juice/Bravo-Orange-Juice/Bravo-Orange-Juice_004.jpg,Bravo-Orange-Juice,train,29,19
train/Packages/Juice/Bravo-Orange-Juice/Bravo-Orange-Juice_005.jpg,Bravo-Orange-Juice,train,29,19
train/Packages/Juice/Bravo-Orange-Juice/Bravo-Orange-Juice_006.jpg,Bravo-Orange-Juice,train,29,19
train/Packages/Juice/Bravo-Orange-Juice/Bravo-Orange-Juice_007.jpg,Bravo-Orange-Juice,train,29,19
train/Packages/Juice/Bravo-Orange-Juice/Bravo-Orange-Juice_008.jpg,Bravo-Orange-Juice,train,29,19
train/Packages/Juice/Bravo-Orange-Juice/Bravo-Orange-Juice_009.jpg,Bravo-Orange-Juice,train,29,19
train/Packages/Juice/Bravo-Orange-Juice/Bravo-Orange-Juice_010.jpg,Bravo-Orange-Juice,train,29,19
train/Packages/Juice/Bravo-Orange-Juice/Bravo-Orange-Juice_011.jpg,Bravo-Orange-Juice,train,29,19
train/Packages/Juice/Bravo-Orange-Juice/Bravo-Orange-Juice_012.jpg,Bravo-Orange-Juice,train,29,19
train/Packages/Juice/Bravo-Orange-Juice/Bravo-Orange-Juice_013.jpg,Bravo-Orange-Juice,train,29,19
train/Packages/Juice/Bravo-Orange-Juice/Bravo-Orange-Juice_014.jpg,Bravo-Orange-Juice,train,29,19
train/Packages/Juice/Bravo-Orange-Juice/Bravo-Orange-Juice_015.jpg,Bravo-Orange-Juice,train,29,19
train/Packages/Juice/Bravo-Orange-Juice/Bravo-Orange-Juice_016.jpg,Bravo-Orange-Juice,train,29,19
train/Packages/Juice/Bravo-Orange-Juice/Bravo-Orange-Juice_017.jpg,Bravo-Orange-Juice,train,29,19
train/Packages/Juice/Bravo-Orange-Juice/Bravo-Orange-Juice_018.jpg,Bravo-Orange-Juice,train,29,19
train/Packages/Juice/Bravo-Orange-Juice/Bravo-Orange-Juice_019.jpg,Bravo-Orange-Juice,train,29,19
train/Packages/Juice/Bravo-Orange-Juice/Bravo-Orange-Juice_020.jpg,Bravo-Orange-Juice,train,29,19
train/Packages/Juice/Bravo-Orange-Juice/Bravo-Orange-Juice_021.jpg,Bravo-Orange-Juice,train,29,19
train/Packages/Juice/Bravo-Orange-Juice/Bravo-Orange-Juice_022.jpg,Bravo-Orange-Juice,train,29,19
train/Packages/Juice/Bravo-Orange-Juice/Bravo-Orange-Juice_023.jpg,Bravo-Orange-Juice,train,29,19
train/Packages/Juice/Bravo-Orange-Juice/Bravo-Orange-Juice_024.jpg,Bravo-Orange-Juice,train,29,19
train/Packages/Juice/Bravo-Orange-Juice/Bravo-Orange-Juice_025.jpg,Bravo-Orange-Juice,train,29,19
train/Packages/Juice/Bravo-Orange-Juice/Bravo-Orange-Juice_026.jpg,Bravo-Orange-Juice,train,29,19
train/Packages/Juice/Bravo-Orange-Juice/Bravo-Orange-Juice_027.jpg,Bravo-Orange-Juice,train,29,19
train/Packages/Juice/Bravo-Orange-Juice/Bravo-Orange-Juice_028.jpg,Bravo-Orange-Juice,train,29,19
train/Packages/Juice/Bravo-Orange-Juice/Bravo-Orange-Juice_029.jpg,Bravo-Orange-Juice,train,29,19
train/Packages/Juice/Bravo-Orange-Juice/Bravo-Orange-Juice_030.jpg,Bravo-Orange-Juice,train,29,19
train/Packages/Juice/Bravo-Orange-Juice/Bravo-Orange-Juice_031.jpg,Bravo-Orange-Juice,train,29,19
train/Packages/Juice/Bravo-Orange-Juice/Bravo-Orange-Juice_032.jpg,Bravo-Orange-Juice,train,29,19
train/Packages/Juice/God-Morgon-Apple-Juice/God-Morgon-Apple-Juice_001.jpg,God-Morgon-Apple-Juice,train,30,19
train/Packages/Juice/God-Morgon-Apple-Juice/God-Morgon-Apple-Juice_002.jpg,God-Morgon-Apple-Juice,train,30,19
train/Packages/Juice/God-Morgon-Apple-Juice/God-Morgon-Apple-Juice_003.jpg,God-Morgon-Apple-Juice,train,30,19
train/Packages/Juice/God-Morgon-Apple-Juice/God-Morgon-Apple-Juice_004.jpg,God-Morgon-Apple-Juice,train,30,19
train/Packages/Juice/God-Morgon-Apple-Juice/God-Morgon-Apple-Juice_005.jpg,God-Morgon-Apple-Juice,train,30,19
train/Packages/Juice/God-Morgon-Apple-Juice/God-Morgon-Apple-Juice_006.jpg,God-Morgon-Apple-Juice,train,30,19
train/Packages/Juice/God-Morgon-Apple-Juice/God-Morgon-Apple-Juice_007.jpg,God-Morgon-Apple-Juice,train,30,19
train/Packages/Juice/God-Morgon-Apple-Juice/God-Morgon-Apple-Juice_008.jpg,God-Morgon-Apple-Juice,train,30,19
train/Packages/Juice/God-Morgon-Apple-Juice/God-Morgon-Apple-Juice_009.jpg,God-Morgon-Apple-Juice,train,30,19
train/Packages/Juice/God-Morgon-Apple-Juice/God-Morgon-Apple-Juice_010.jpg,God-Morgon-Apple-Juice,train,30,19
train/Packages/Juice/God-Morgon-Apple-Juice/God-Morgon-Apple-Juice_011.jpg,God-Morgon-Apple-Juice,train,30,19
train/Packages/Juice/God-Morgon-Apple-Juice/God-Morgon-Apple-Juice_012.jpg,God-Morgon-Apple-Juice,train,30,19
train/Packages/Juice/God-Morgon-Apple-Juice/God-Morgon-Apple-Juice_013.jpg,God-Morgon-Apple-Juice,train,30,19
train/Packages/Juice/God-Morgon-Apple-Juice/God-Morgon-Apple-Juice_014.jpg,God-Morgon-Apple-Juice,train,30,19
train/Packages/Juice/God-Morgon-Apple-Juice/God-Morgon-Apple-Juice_015.jpg,God-Morgon-Apple-Juice,train,30,19
train/Packages/Juice/God-Morgon-Apple-Juice/God-Morgon-Apple-Juice_016.jpg,God-Morgon-Apple-Juice,train,30,19
train/Packages/Juice/God-Morgon-Apple-Juice/God-Morgon-Apple-Juice_017.jpg,God-Morgon-Apple-Juice,train,30,19
train/Packages/Juice/God-Morgon-Apple-Juice/God-Morgon-Apple-Juice_018.jpg,God-Morgon-Apple-Juice,train,30,19
train/Packages/Juice/God-Morgon-Apple-Juice/God-Morgon-Apple-Juice_019.jpg,God-Morgon-Apple-Juice,train,30,19
train/Packages/Juice/God-Morgon-Orange-Juice/God-Morgon-Orange-Juice_001.jpg,God-Morgon-Orange-Juice,train,31,19
train/Packages/Juice/God-Morgon-Orange-Juice/God-Morgon-Orange-Juice_002.jpg,God-Morgon-Orange-Juice,train,31,19
train/Packages/Juice/God-Morgon-Orange-Juice/God-Morgon-Orange-Juice_003.jpg,God-Morgon-Orange-Juice,train,31,19
train/Packages/Juice/God-Morgon-Orange-Juice/God-Morgon-Orange-Juice_004.jpg,God-Morgon-Orange-Juice,train,31,19
train/Packages/Juice/God-Morgon-Orange-Juice/God-Morgon-Orange-Juice_005.jpg,God-Morgon-Orange-Juice,train,31,19
train/Packages/Juice/God-Morgon-Orange-Juice/God-Morgon-Orange-Juice_006.jpg,God-Morgon-Orange-Juice,train,31,19
train/Packages/Juice/God-Morgon-Orange-Juice/God-Morgon-Orange-Juice_007.jpg,God-Morgon-Orange-Juice,train,31,19
train/Packages/Juice/God-Morgon-Orange-Juice/God-Morgon-Orange-Juice_008.jpg,God-Morgon-Orange-Juice,train,31,19
train/Packages/Juice/God-Morgon-Orange-Juice/God-Morgon-Orange-Juice_009.jpg,God-Morgon-Orange-Juice,train,31,19
train/Packages/Juice/God-Morgon-Orange-Juice/God-Morgon-Orange-Juice_010.jpg,God-Morgon-Orange-Juice,train,31,19
train/Packages/Juice/God-Morgon-Orange-Juice/God-Morgon-Orange-Juice_011.jpg,God-Morgon-Orange-Juice,train,31,19
train/Packages/Juice/God-Morgon-Orange-Juice/God-Morgon-Orange-Juice_012.jpg,God-Morgon-Orange-Juice,train,31,19
train/Packages/Juice/God-Morgon-Orange-Juice/God-Morgon-Orange-Juice_013.jpg,God-Morgon-Orange-Juice,train,31,19
train/Packages/Juice/God-Morgon-Orange-Juice/God-Morgon-Orange-Juice_014.jpg,God-Morgon-Orange-Juice,train,31,19
train/Packages/Juice/God-Morgon-Orange-Juice/God-Morgon-Orange-Juice_015.jpg,God-Morgon-Orange-Juice,train,31,19
train/Packages/Juice/God-Morgon-Orange-Juice/God-Morgon-Orange-Juice_016.jpg,God-Morgon-Orange-Juice,train,31,19
train/Packages/Juice/God-Morgon-Orange-Juice/God-Morgon-Orange-Juice_017.jpg,God-Morgon-Orange-Juice,train,31,19
train/Packages/Juice/God-Morgon-Orange-Juice/God-Morgon-Orange-Juice_018.jpg,God-Morgon-Orange-Juice,train,31,19
train/Packages/Juice/God-Morgon-Orange-Juice/God-Morgon-Orange-Juice_019.jpg,God-Morgon-Orange-Juice,train,31,19
train/Packages/Juice/God-Morgon-Orange-Juice/God-Morgon-Orange-Juice_020.jpg,God-Morgon-Orange-Juice,train,31,19
train/Packages/Juice/God-Morgon-Orange-Juice/God-Morgon-Orange-Juice_021.jpg,God-Morgon-Orange-Juice,train,31,19
train/Packages/Juice/God-Morgon-Orange-Juice/God-Morgon-Orange-Juice_022.jpg,God-Morgon-Orange-Juice,train,31,19
train/Packages/Juice/God-Morgon-Orange-Juice/God-Morgon-Orange-Juice_023.jpg,God-Morgon-Orange-Juice,train,31,19
train/Packages/Juice/God-Morgon-Orange-Red-Grapefruit-Juice/God-Morgon-Orange-Red-Grapefruit-Juice_001.jpg,God-Morgon-Orange-Red-Grapefruit-Juice,train,32,19
train/Packages/Juice/God-Morgon-Orange-Red-Grapefruit-Juice/God-Morgon-Orange-Red-Grapefruit-Juice_002.jpg,God-Morgon-Orange-Red-Grapefruit-Juice,train,32,19
train/Packages/Juice/God-Morgon-Orange-Red-Grapefruit-Juice/God-Morgon-Orange-Red-Grapefruit-Juice_003.jpg,God-Morgon-Orange-Red-Grapefruit-Juice,train,32,19
train/Packages/Juice/God-Morgon-Orange-Red-Grapefruit-Juice/God-Morgon-Orange-Red-Grapefruit-Juice_004.jpg,God-Morgon-Orange-Red-Grapefruit-Juice,train,32,19
train/Packages/Juice/God-Morgon-Orange-Red-Grapefruit-Juice/God-Morgon-Orange-Red-Grapefruit-Juice_005.jpg,God-Morgon-Orange-Red-Grapefruit-Juice,train,32,19
train/Packages/Juice/God-Morgon-Orange-Red-Grapefruit-Juice/God-Morgon-Orange-Red-Grapefruit-Juice_006.jpg,God-Morgon-Orange-Red-Grapefruit-Juice,train,32,19
train/Packages/Juice/God-Morgon-Orange-Red-Grapefruit-Juice/God-Morgon-Orange-Red-Grapefruit-Juice_007.jpg,God-Morgon-Orange-Red-Grapefruit-Juice,train,32,19
train/Packages/Juice/God-Morgon-Orange-Red-Grapefruit-Juice/God-Morgon-Orange-Red-Grapefruit-Juice_008.jpg,God-Morgon-Orange-Red-Grapefruit-Juice,train,32,19
train/Packages/Juice/God-Morgon-Orange-Red-Grapefruit-Juice/God-Morgon-Orange-Red-Grapefruit-Juice_009.jpg,God-Morgon-Orange-Red-Grapefruit-Juice,train,32,19
train/Packages/Juice/God-Morgon-Orange-Red-Grapefruit-Juice/God-Morgon-Orange-Red-Grapefruit-Juice_010.jpg,God-Morgon-Orange-Red-Grapefruit-Juice,train,32,19
train/Packages/Juice/God-Morgon-Orange-Red-Grapefruit-Juice/God-Morgon-Orange-Red-Grapefruit-Juice_011.jpg,God-Morgon-Orange-Red-Grapefruit-Juice,train,32,19
train/Packages/Juice/God-Morgon-Orange-Red-Grapefruit-Juice/God-Morgon-Orange-Red-Grapefruit-Juice_012.jpg,God-Morgon-Orange-Red-Grapefruit-Juice,train,32,19
train/Packages/Juice/God-Morgon-Orange-Red-Grapefruit-Juice/God-Morgon-Orange-Red-Grapefruit-Juice_013.jpg,God-Morgon-Orange-Red-Grapefruit-Juice,train,32,19
train/Packages/Juice/God-Morgon-Orange-Red-Grapefruit-Juice/God-Morgon-Orange-Red-Grapefruit-Juice_014.jpg,God-Morgon-Orange-Red-Grapefruit-Juice,train,32,19
train/Packages/Juice/God-Morgon-Orange-Red-Grapefruit-Juice/God-Morgon-Orange-Red-Grapefruit-Juice_015.jpg,God-Morgon-Orange-Red-Grapefruit-Juice,train,32,19
train/Packages/Juice/God-Morgon-Orange-Red-Grapefruit-Juice/God-Morgon-Orange-Red-Grapefruit-Juice_016.jpg,God-Morgon-Orange-Red-Grapefruit-Juice,train,32,19
train/Packages/Juice/God-Morgon-Orange-Red-Grapefruit-Juice/God-Morgon-Orange-Red-Grapefruit-Juice_017.jpg,God-Morgon-Orange-Red-Grapefruit-Juice,train,32,19
train/Packages/Juice/God-Morgon-Orange-Red-Grapefruit-Juice/God-Morgon-Orange-Red-Grapefruit-Juice_018.jpg,God-Morgon-Orange-Red-Grapefruit-Juice,train,32,19
train/Packages/Juice/God-Morgon-Orange-Red-Grapefruit-Juice/God-Morgon-Orange-Red-Grapefruit-Juice_019.jpg,God-Morgon-Orange-Red-Grapefruit-Juice,train,32,19
train/Packages/Juice/God-Morgon-Orange-Red-Grapefruit-Juice/God-Morgon-Orange-Red-Grapefruit-Juice_020.jpg,God-Morgon-Orange-Red-Grapefruit-Juice,train,32,19
train/Packages/Juice/God-Morgon-Red-Grapefruit-Juice/God-Morgon-Red-Grapefruit-Juice_001.jpg,God-Morgon-Red-Grapefruit-Juice,train,33,19
train/Packages/Juice/God-Morgon-Red-Grapefruit-Juice/God-Morgon-Red-Grapefruit-Juice_002.jpg,God-Morgon-Red-Grapefruit-Juice,train,33,19
train/Packages/Juice/God-Morgon-Red-Grapefruit-Juice/God-Morgon-Red-Grapefruit-Juice_003.jpg,God-Morgon-Red-Grapefruit-Juice,train,33,19
train/Packages/Juice/God-Morgon-Red-Grapefruit-Juice/God-Morgon-Red-Grapefruit-Juice_004.jpg,God-Morgon-Red-Grapefruit-Juice,train,33,19
train/Packages/Juice/God-Morgon-Red-Grapefruit-Juice/God-Morgon-Red-Grapefruit-Juice_005.jpg,God-Morgon-Red-Grapefruit-Juice,train,33,19
train/Packages/Juice/God-Morgon-Red-Grapefruit-Juice/God-Morgon-Red-Grapefruit-Juice_006.jpg,God-Morgon-Red-Grapefruit-Juice,train,33,19
train/Packages/Juice/God-Morgon-Red-Grapefruit-Juice/God-Morgon-Red-Grapefruit-Juice_007.jpg,God-Morgon-Red-Grapefruit-Juice,train,33,19
train/Packages/Juice/God-Morgon-Red-Grapefruit-Juice/God-Morgon-Red-Grapefruit-Juice_008.jpg,God-Morgon-Red-Grapefruit-Juice,train,33,19
train/Packages/Juice/God-Morgon-Red-Grapefruit-Juice/God-Morgon-Red-Grapefruit-Juice_009.jpg,God-Morgon-Red-Grapefruit-Juice,train,33,19
train/Packages/Juice/God-Morgon-Red-Grapefruit-Juice/God-Morgon-Red-Grapefruit-Juice_010.jpg,God-Morgon-Red-Grapefruit-Juice,train,33,19
train/Packages/Juice/God-Morgon-Red-Grapefruit-Juice/God-Morgon-Red-Grapefruit-Juice_011.jpg,God-Morgon-Red-Grapefruit-Juice,train,33,19
train/Packages/Juice/God-Morgon-Red-Grapefruit-Juice/God-Morgon-Red-Grapefruit-Juice_012.jpg,God-Morgon-Red-Grapefruit-Juice,train,33,19
train/Packages/Juice/God-Morgon-Red-Grapefruit-Juice/God-Morgon-Red-Grapefruit-Juice_013.jpg,God-Morgon-Red-Grapefruit-Juice,train,33,19
train/Packages/Juice/God-Morgon-Red-Grapefruit-Juice/God-Morgon-Red-Grapefruit-Juice_014.jpg,God-Morgon-Red-Grapefruit-Juice,train,33,19
train/Packages/Juice/God-Morgon-Red-Grapefruit-Juice/God-Morgon-Red-Grapefruit-Juice_015.jpg,God-Morgon-Red-Grapefruit-Juice,train,33,19
train/Packages/Juice/God-Morgon-Red-Grapefruit-Juice/God-Morgon-Red-Grapefruit-Juice_016.jpg,God-Morgon-Red-Grapefruit-Juice,train,33,19
train/Packages/Juice/God-Morgon-Red-Grapefruit-Juice/God-Morgon-Red-Grapefruit-Juice_017.jpg,God-Morgon-Red-Grapefruit-Juice,train,33,19
train/Packages/Juice/God-Morgon-Red-Grapefruit-Juice/God-Morgon-Red-Grapefruit-Juice_018.jpg,God-Morgon-Red-Grapefruit-Juice,train,33,19
train/Packages/Juice/God-Morgon-Red-Grapefruit-Juice/God-Morgon-Red-Grapefruit-Juice_019.jpg,God-Morgon-Red-Grapefruit-Juice,train,33,19
train/Packages/Juice/God-Morgon-Red-Grapefruit-Juice/God-Morgon-Red-Grapefruit-Juice_020.jpg,God-Morgon-Red-Grapefruit-Juice,train,33,19
train/Packages/Juice/God-Morgon-Red-Grapefruit-Juice/God-Morgon-Red-Grapefruit-Juice_021.jpg,God-Morgon-Red-Grapefruit-Juice,train,33,19
train/Packages/Juice/God-Morgon-Red-Grapefruit-Juice/God-Morgon-Red-Grapefruit-Juice_022.jpg,God-Morgon-Red-Grapefruit-Juice,train,33,19
train/Packages/Juice/God-Morgon-Red-Grapefruit-Juice/God-Morgon-Red-Grapefruit-Juice_023.jpg,God-Morgon-Red-Grapefruit-Juice,train,33,19
train/Packages/Juice/God-Morgon-Red-Grapefruit-Juice/God-Morgon-Red-Grapefruit-Juice_024.jpg,God-Morgon-Red-Grapefruit-Juice,train,33,19
train/Packages/Juice/God-Morgon-Red-Grapefruit-Juice/God-Morgon-Red-Grapefruit-Juice_025.jpg,God-Morgon-Red-Grapefruit-Juice,train,33,19
train/Packages/Juice/God-Morgon-Red-Grapefruit-Juice/God-Morgon-Red-Grapefruit-Juice_026.jpg,God-Morgon-Red-Grapefruit-Juice,train,33,19
train/Packages/Juice/Tropicana-Apple-Juice/Tropicana-Apple-Juice_001.jpg,Tropicana-Apple-Juice,train,34,19
train/Packages/Juice/Tropicana-Apple-Juice/Tropicana-Apple-Juice_002.jpg,Tropicana-Apple-Juice,train,34,19
train/Packages/Juice/Tropicana-Apple-Juice/Tropicana-Apple-Juice_003.jpg,Tropicana-Apple-Juice,train,34,19
train/Packages/Juice/Tropicana-Apple-Juice/Tropicana-Apple-Juice_004.jpg,Tropicana-Apple-Juice,train,34,19
train/Packages/Juice/Tropicana-Apple-Juice/Tropicana-Apple-Juice_005.jpg,Tropicana-Apple-Juice,train,34,19
train/Packages/Juice/Tropicana-Apple-Juice/Tropicana-Apple-Juice_006.jpg,Tropicana-Apple-Juice,train,34,19
train/Packages/Juice/Tropicana-Apple-Juice/Tropicana-Apple-Juice_007.jpg,Tropicana-Apple-Juice,train,34,19
train/Packages/Juice/Tropicana-Apple-Juice/Tropicana-Apple-Juice_008.jpg,Tropicana-Apple-Juice,train,34,19
train/Packages/Juice/Tropicana-Apple-Juice/Tropicana-Apple-Juice_009.jpg,Tropicana-Apple-Juice,train,34,19
train/Packages/Juice/Tropicana-Apple-Juice/Tropicana-Apple-Juice_010.jpg,Tropicana-Apple-Juice,train,34,19
train/Packages/Juice/Tropicana-Apple-Juice/Tropicana-Apple-Juice_011.jpg,Tropicana-Apple-Juice,train,34,19
train/Packages/Juice/Tropicana-Apple-Juice/Tropicana-Apple-Juice_012.jpg,Tropicana-Apple-Juice,train,34,19
train/Packages/Juice/Tropicana-Apple-Juice/Tropicana-Apple-Juice_013.jpg,Tropicana-Apple-Juice,train,34,19
train/Packages/Juice/Tropicana-Apple-Juice/Tropicana-Apple-Juice_014.jpg,Tropicana-Apple-Juice,train,34,19
train/Packages/Juice/Tropicana-Apple-Juice/Tropicana-Apple-Juice_015.jpg,Tropicana-Apple-Juice,train,34,19
train/Packages/Juice/Tropicana-Apple-Juice/Tropicana-Apple-Juice_016.jpg,Tropicana-Apple-Juice,train,34,19
train/Packages/Juice/Tropicana-Apple-Juice/Tropicana-Apple-Juice_017.jpg,Tropicana-Apple-Juice,train,34,19
train/Packages/Juice/Tropicana-Apple-Juice/Tropicana-Apple-Juice_018.jpg,Tropicana-Apple-Juice,train,34,19
train/Packages/Juice/Tropicana-Apple-Juice/Tropicana-Apple-Juice_019.jpg,Tropicana-Apple-Juice,train,34,19
train/Packages/Juice/Tropicana-Apple-Juice/Tropicana-Apple-Juice_020.jpg,Tropicana-Apple-Juice,train,34,19
train/Packages/Juice/Tropicana-Apple-Juice/Tropicana-Apple-Juice_021.jpg,Tropicana-Apple-Juice,train,34,19
train/Packages/Juice/Tropicana-Apple-Juice/Tropicana-Apple-Juice_022.jpg,Tropicana-Apple-Juice,train,34,19
train/Packages/Juice/Tropicana-Apple-Juice/Tropicana-Apple-Juice_023.jpg,Tropicana-Apple-Juice,train,34,19
train/Packages/Juice/Tropicana-Apple-Juice/Tropicana-Apple-Juice_024.jpg,Tropicana-Apple-Juice,train,34,19
train/Packages/Juice/Tropicana-Apple-Juice/Tropicana-Apple-Juice_025.jpg,Tropicana-Apple-Juice,train,34,19
train/Packages/Juice/Tropicana-Apple-Juice/Tropicana-Apple-Juice_026.jpg,Tropicana-Apple-Juice,train,34,19
train/Packages/Juice/Tropicana-Apple-Juice/Tropicana-Apple-Juice_027.jpg,Tropicana-Apple-Juice,train,34,19
train/Packages/Juice/Tropicana-Apple-Juice/Tropicana-Apple-Juice_028.jpg,Tropicana-Apple-Juice,train,34,19
train/Packages/Juice/Tropicana-Apple-Juice/Tropicana-Apple-Juice_029.jpg,Tropicana-Apple-Juice,train,34,19
train/Packages/Juice/Tropicana-Apple-Juice/Tropicana-Apple-Juice_030.jpg,Tropicana-Apple-Juice,train,34,19
train/Packages/Juice/Tropicana-Apple-Juice/Tropicana-Apple-Juice_031.jpg,Tropicana-Apple-Juice,train,34,19
train/Packages/Juice/Tropicana-Golden-Grapefruit/Tropicana-Golden-Grapefruit_001.jpg,Tropicana-Golden-Grapefruit,train,35,19
train/Packages/Juice/Tropicana-Golden-Grapefruit/Tropicana-Golden-Grapefruit_002.jpg,Tropicana-Golden-Grapefruit,train,35,19
train/Packages/Juice/Tropicana-Golden-Grapefruit/Tropicana-Golden-Grapefruit_003.jpg,Tropicana-Golden-Grapefruit,train,35,19
train/Packages/Juice/Tropicana-Golden-Grapefruit/Tropicana-Golden-Grapefruit_004.jpg,Tropicana-Golden-Grapefruit,train,35,19
train/Packages/Juice/Tropicana-Golden-Grapefruit/Tropicana-Golden-Grapefruit_005.jpg,Tropicana-Golden-Grapefruit,train,35,19
train/Packages/Juice/Tropicana-Golden-Grapefruit/Tropicana-Golden-Grapefruit_006.jpg,Tropicana-Golden-Grapefruit,train,35,19
train/Packages/Juice/Tropicana-Golden-Grapefruit/Tropicana-Golden-Grapefruit_007.jpg,Tropicana-Golden-Grapefruit,train,35,19
train/Packages/Juice/Tropicana-Golden-Grapefruit/Tropicana-Golden-Grapefruit_008.jpg,Tropicana-Golden-Grapefruit,train,35,19
train/Packages/Juice/Tropicana-Golden-Grapefruit/Tropicana-Golden-Grapefruit_009.jpg,Tropicana-Golden-Grapefruit,train,35,19
train/Packages/Juice/Tropicana-Golden-Grapefruit/Tropicana-Golden-Grapefruit_010.jpg,Tropicana-Golden-Grapefruit,train,35,19
train/Packages/Juice/Tropicana-Golden-Grapefruit/Tropicana-Golden-Grapefruit_011.jpg,Tropicana-Golden-Grapefruit,train,35,19
train/Packages/Juice/Tropicana-Golden-Grapefruit/Tropicana-Golden-Grapefruit_012.jpg,Tropicana-Golden-Grapefruit,train,35,19
train/Packages/Juice/Tropicana-Golden-Grapefruit/Tropicana-Golden-Grapefruit_013.jpg,Tropicana-Golden-Grapefruit,train,35,19
train/Packages/Juice/Tropicana-Golden-Grapefruit/Tropicana-Golden-Grapefruit_014.jpg,Tropicana-Golden-Grapefruit,train,35,19
train/Packages/Juice/Tropicana-Golden-Grapefruit/Tropicana-Golden-Grapefruit_015.jpg,Tropicana-Golden-Grapefruit,train,35,19
train/Packages/Juice/Tropicana-Golden-Grapefruit/Tropicana-Golden-Grapefruit_016.jpg,Tropicana-Golden-Grapefruit,train,35,19
train/Packages/Juice/Tropicana-Golden-Grapefruit/Tropicana-Golden-Grapefruit_017.jpg,Tropicana-Golden-Grapefruit,train,35,19
train/Packages/Juice/Tropicana-Golden-Grapefruit/Tropicana-Golden-Grapefruit_018.jpg,Tropicana-Golden-Grapefruit,train,35,19
train/Packages/Juice/Tropicana-Golden-Grapefruit/Tropicana-Golden-Grapefruit_019.jpg,Tropicana-Golden-Grapefruit,train,35,19
train/Packages/Juice/Tropicana-Golden-Grapefruit/Tropicana-Golden-Grapefruit_020.jpg,Tropicana-Golden-Grapefruit,train,35,19
train/Packages/Juice/Tropicana-Golden-Grapefruit/Tropicana-Golden-Grapefruit_021.jpg,Tropicana-Golden-Grapefruit,train,35,19
train/Packages/Juice/Tropicana-Golden-Grapefruit/Tropicana-Golden-Grapefruit_022.jpg,Tropicana-Golden-Grapefruit,train,35,19
train/Packages/Juice/Tropicana-Golden-Grapefruit/Tropicana-Golden-Grapefruit_023.jpg,Tropicana-Golden-Grapefruit,train,35,19
train/Packages/Juice/Tropicana-Golden-Grapefruit/Tropicana-Golden-Grapefruit_024.jpg,Tropicana-Golden-Grapefruit,train,35,19
train/Packages/Juice/Tropicana-Golden-Grapefruit/Tropicana-Golden-Grapefruit_025.jpg,Tropicana-Golden-Grapefruit,train,35,19
train/Packages/Juice/Tropicana-Juice-Smooth/Tropicana-Juice-Smooth_001.jpg,Tropicana-Juice-Smooth,train,36,19
train/Packages/Juice/Tropicana-Juice-Smooth/Tropicana-Juice-Smooth_002.jpg,Tropicana-Juice-Smooth,train,36,19
train/Packages/Juice/Tropicana-Juice-Smooth/Tropicana-Juice-Smooth_003.jpg,Tropicana-Juice-Smooth,train,36,19
train/Packages/Juice/Tropicana-Juice-Smooth/Tropicana-Juice-Smooth_004.jpg,Tropicana-Juice-Smooth,train,36,19
train/Packages/Juice/Tropicana-Juice-Smooth/Tropicana-Juice-Smooth_005.jpg,Tropicana-Juice-Smooth,train,36,19
train/Packages/Juice/Tropicana-Juice-Smooth/Tropicana-Juice-Smooth_006.jpg,Tropicana-Juice-Smooth,train,36,19
train/Packages/Juice/Tropicana-Juice-Smooth/Tropicana-Juice-Smooth_007.jpg,Tropicana-Juice-Smooth,train,36,19
train/Packages/Juice/Tropicana-Juice-Smooth/Tropicana-Juice-Smooth_008.jpg,Tropicana-Juice-Smooth,train,36,19
train/Packages/Juice/Tropicana-Juice-Smooth/Tropicana-Juice-Smooth_009.jpg,Tropicana-Juice-Smooth,train,36,19
train/Packages/Juice/Tropicana-Juice-Smooth/Tropicana-Juice-Smooth_010.jpg,Tropicana-Juice-Smooth,train,36,19
train/Packages/Juice/Tropicana-Juice-Smooth/Tropicana-Juice-Smooth_011.jpg,Tropicana-Juice-Smooth,train,36,19
train/Packages/Juice/Tropicana-Juice-Smooth/Tropicana-Juice-Smooth_012.jpg,Tropicana-Juice-Smooth,train,36,19
train/Packages/Juice/Tropicana-Juice-Smooth/Tropicana-Juice-Smooth_013.jpg,Tropicana-Juice-Smooth,train,36,19
train/Packages/Juice/Tropicana-Juice-Smooth/Tropicana-Juice-Smooth_014.jpg,Tropicana-Juice-Smooth,train,36,19
train/Packages/Juice/Tropicana-Juice-Smooth/Tropicana-Juice-Smooth_015.jpg,Tropicana-Juice-Smooth,train,36,19
train/Packages/Juice/Tropicana-Juice-Smooth/Tropicana-Juice-Smooth_016.jpg,Tropicana-Juice-Smooth,train,36,19
train/Packages/Juice/Tropicana-Juice-Smooth/Tropicana-Juice-Smooth_017.jpg,Tropicana-Juice-Smooth,train,36,19
train/Packages/Juice/Tropicana-Juice-Smooth/Tropicana-Juice-Smooth_018.jpg,Tropicana-Juice-Smooth,train,36,19
train/Packages/Juice/Tropicana-Juice-Smooth/Tropicana-Juice-Smooth_019.jpg,Tropicana-Juice-Smooth,train,36,19
train/Packages/Juice/Tropicana-Juice-Smooth/Tropicana-Juice-Smooth_020.jpg,Tropicana-Juice-Smooth,train,36,19
train/Packages/Juice/Tropicana-Juice-Smooth/Tropicana-Juice-Smooth_021.jpg,Tropicana-Juice-Smooth,train,36,19
train/Packages/Juice/Tropicana-Juice-Smooth/Tropicana-Juice-Smooth_022.jpg,Tropicana-Juice-Smooth,train,36,19
train/Packages/Juice/Tropicana-Juice-Smooth/Tropicana-Juice-Smooth_023.jpg,Tropicana-Juice-Smooth,train,36,19
train/Packages/Juice/Tropicana-Juice-Smooth/Tropicana-Juice-Smooth_024.jpg,Tropicana-Juice-Smooth,train,36,19
train/Packages/Juice/Tropicana-Juice-Smooth/Tropicana-Juice-Smooth_025.jpg,Tropicana-Juice-Smooth,train,36,19
train/Packages/Juice/Tropicana-Juice-Smooth/Tropicana-Juice-Smooth_026.jpg,Tropicana-Juice-Smooth,train,36,19
train/Packages/Juice/Tropicana-Mandarin-Morning/Tropicana-Mandarin-Morning_001.jpg,Tropicana-Mandarin-Morning,train,37,19
train/Packages/Juice/Tropicana-Mandarin-Morning/Tropicana-Mandarin-Morning_002.jpg,Tropicana-Mandarin-Morning,train,37,19
train/Packages/Juice/Tropicana-Mandarin-Morning/Tropicana-Mandarin-Morning_003.jpg,Tropicana-Mandarin-Morning,train,37,19
train/Packages/Juice/Tropicana-Mandarin-Morning/Tropicana-Mandarin-Morning_004.jpg,Tropicana-Mandarin-Morning,train,37,19
train/Packages/Juice/Tropicana-Mandarin-Morning/Tropicana-Mandarin-Morning_005.jpg,Tropicana-Mandarin-Morning,train,37,19
train/Packages/Juice/Tropicana-Mandarin-Morning/Tropicana-Mandarin-Morning_006.jpg,Tropicana-Mandarin-Morning,train,37,19
train/Packages/Juice/Tropicana-Mandarin-Morning/Tropicana-Mandarin-Morning_007.jpg,Tropicana-Mandarin-Morning,train,37,19
train/Packages/Juice/Tropicana-Mandarin-Morning/Tropicana-Mandarin-Morning_008.jpg,Tropicana-Mandarin-Morning,train,37,19
train/Packages/Juice/Tropicana-Mandarin-Morning/Tropicana-Mandarin-Morning_009.jpg,Tropicana-Mandarin-Morning,train,37,19
train/Packages/Juice/Tropicana-Mandarin-Morning/Tropicana-Mandarin-Morning_010.jpg,Tropicana-Mandarin-Morning,train,37,19
train/Packages/Juice/Tropicana-Mandarin-Morning/Tropicana-Mandarin-Morning_011.jpg,Tropicana-Mandarin-Morning,train,37,19
train/Packages/Juice/Tropicana-Mandarin-Morning/Tropicana-Mandarin-Morning_012.jpg,Tropicana-Mandarin-Morning,train,37,19
train/Packages/Juice/Tropicana-Mandarin-Morning/Tropicana-Mandarin-Morning_013.jpg,Tropicana-Mandarin-Morning,train,37,19
train/Packages/Juice/Tropicana-Mandarin-Morning/Tropicana-Mandarin-Morning_014.jpg,Tropicana-Mandarin-Morning,train,37,19
train/Packages/Juice/Tropicana-Mandarin-Morning/Tropicana-Mandarin-Morning_015.jpg,Tropicana-Mandarin-Morning,train,37,19
train/Packages/Juice/Tropicana-Mandarin-Morning/Tropicana-Mandarin-Morning_016.jpg,Tropicana-Mandarin-Morning,train,37,19
train/Packages/Juice/Tropicana-Mandarin-Morning/Tropicana-Mandarin-Morning_017.jpg,Tropicana-Mandarin-Morning,train,37,19
train/Packages/Juice/Tropicana-Mandarin-Morning/Tropicana-Mandarin-Morning_018.jpg,Tropicana-Mandarin-Morning,train,37,19
train/Packages/Juice/Tropicana-Mandarin-Morning/Tropicana-Mandarin-Morning_019.jpg,Tropicana-Mandarin-Morning,train,37,19
train/Packages/Juice/Tropicana-Mandarin-Morning/Tropicana-Mandarin-Morning_020.jpg,Tropicana-Mandarin-Morning,train,37,19
train/Packages/Milk/Arla-Ecological-Medium-Fat-Milk/Arla-Ecological-Medium-Fat-Milk_001.jpg,Arla-Ecological-Medium-Fat-Milk,train,38,20
train/Packages/Milk/Arla-Ecological-Medium-Fat-Milk/Arla-Ecological-Medium-Fat-Milk_002.jpg,Arla-Ecological-Medium-Fat-Milk,train,38,20
train/Packages/Milk/Arla-Ecological-Medium-Fat-Milk/Arla-Ecological-Medium-Fat-Milk_003.jpg,Arla-Ecological-Medium-Fat-Milk,train,38,20
train/Packages/Milk/Arla-Ecological-Medium-Fat-Milk/Arla-Ecological-Medium-Fat-Milk_004.jpg,Arla-Ecological-Medium-Fat-Milk,train,38,20
train/Packages/Milk/Arla-Ecological-Medium-Fat-Milk/Arla-Ecological-Medium-Fat-Milk_005.jpg,Arla-Ecological-Medium-Fat-Milk,train,38,20
train/Packages/Milk/Arla-Ecological-Medium-Fat-Milk/Arla-Ecological-Medium-Fat-Milk_006.jpg,Arla-Ecological-Medium-Fat-Milk,train,38,20
train/Packages/Milk/Arla-Ecological-Medium-Fat-Milk/Arla-Ecological-Medium-Fat-Milk_007.jpg,Arla-Ecological-Medium-Fat-Milk,train,38,20
train/Packages/Milk/Arla-Ecological-Medium-Fat-Milk/Arla-Ecological-Medium-Fat-Milk_008.jpg,Arla-Ecological-Medium-Fat-Milk,train,38,20
train/Packages/Milk/Arla-Ecological-Medium-Fat-Milk/Arla-Ecological-Medium-Fat-Milk_009.jpg,Arla-Ecological-Medium-Fat-Milk,train,38,20
train/Packages/Milk/Arla-Ecological-Medium-Fat-Milk/Arla-Ecological-Medium-Fat-Milk_010.jpg,Arla-Ecological-Medium-Fat-Milk,train,38,20
train/Packages/Milk/Arla-Ecological-Medium-Fat-Milk/Arla-Ecological-Medium-Fat-Milk_011.jpg,Arla-Ecological-Medium-Fat-Milk,train,38,20
train/Packages/Milk/Arla-Ecological-Medium-Fat-Milk/Arla-Ecological-Medium-Fat-Milk_012.jpg,Arla-Ecological-Medium-Fat-Milk,train,38,20
train/Packages/Milk/Arla-Ecological-Medium-Fat-Milk/Arla-Ecological-Medium-Fat-Milk_013.jpg,Arla-Ecological-Medium-Fat-Milk,train,38,20
train/Packages/Milk/Arla-Ecological-Medium-Fat-Milk/Arla-Ecological-Medium-Fat-Milk_014.jpg,Arla-Ecological-Medium-Fat-Milk,train,38,20
train/Packages/Milk/Arla-Ecological-Medium-Fat-Milk/Arla-Ecological-Medium-Fat-Milk_015.jpg,Arla-Ecological-Medium-Fat-Milk,train,38,20
train/Packages/Milk/Arla-Ecological-Medium-Fat-Milk/Arla-Ecological-Medium-Fat-Milk_016.jpg,Arla-Ecological-Medium-Fat-Milk,train,38,20
train/Packages/Milk/Arla-Ecological-Medium-Fat-Milk/Arla-Ecological-Medium-Fat-Milk_017.jpg,Arla-Ecological-Medium-Fat-Milk,train,38,20
train/Packages/Milk/Arla-Ecological-Medium-Fat-Milk/Arla-Ecological-Medium-Fat-Milk_018.jpg,Arla-Ecological-Medium-Fat-Milk,train,38,20
train/Packages/Milk/Arla-Ecological-Medium-Fat-Milk/Arla-Ecological-Medium-Fat-Milk_019.jpg,Arla-Ecological-Medium-Fat-Milk,train,38,20
train/Packages/Milk/Arla-Ecological-Medium-Fat-Milk/Arla-Ecological-Medium-Fat-Milk_020.jpg,Arla-Ecological-Medium-Fat-Milk,train,38,20
train/Packages/Milk/Arla-Ecological-Medium-Fat-Milk/Arla-Ecological-Medium-Fat-Milk_021.jpg,Arla-Ecological-Medium-Fat-Milk,train,38,20
train/Packages/Milk/Arla-Ecological-Medium-Fat-Milk/Arla-Ecological-Medium-Fat-Milk_022.jpg,Arla-Ecological-Medium-Fat-Milk,train,38,20
train/Packages/Milk/Arla-Ecological-Medium-Fat-Milk/Arla-Ecological-Medium-Fat-Milk_023.jpg,Arla-Ecological-Medium-Fat-Milk,train,38,20
train/Packages/Milk/Arla-Ecological-Medium-Fat-Milk/Arla-Ecological-Medium-Fat-Milk_024.jpg,Arla-Ecological-Medium-Fat-Milk,train,38,20
train/Packages/Milk/Arla-Ecological-Medium-Fat-Milk/Arla-Ecological-Medium-Fat-Milk_025.jpg,Arla-Ecological-Medium-Fat-Milk,train,38,20
train/Packages/Milk/Arla-Ecological-Medium-Fat-Milk/Arla-Ecological-Medium-Fat-Milk_026.jpg,Arla-Ecological-Medium-Fat-Milk,train,38,20
train/Packages/Milk/Arla-Ecological-Medium-Fat-Milk/Arla-Ecological-Medium-Fat-Milk_027.jpg,Arla-Ecological-Medium-Fat-Milk,train,38,20
train/Packages/Milk/Arla-Ecological-Medium-Fat-Milk/Arla-Ecological-Medium-Fat-Milk_028.jpg,Arla-Ecological-Medium-Fat-Milk,train,38,20
train/Packages/Milk/Arla-Ecological-Medium-Fat-Milk/Arla-Ecological-Medium-Fat-Milk_029.jpg,Arla-Ecological-Medium-Fat-Milk,train,38,20
train/Packages/Milk/Arla-Lactose-Medium-Fat-Milk/Arla-Lactose-Medium-Fat-Milk_001.jpg,Arla-Lactose-Medium-Fat-Milk,train,39,20
train/Packages/Milk/Arla-Lactose-Medium-Fat-Milk/Arla-Lactose-Medium-Fat-Milk_002.jpg,Arla-Lactose-Medium-Fat-Milk,train,39,20
train/Packages/Milk/Arla-Lactose-Medium-Fat-Milk/Arla-Lactose-Medium-Fat-Milk_003.jpg,Arla-Lactose-Medium-Fat-Milk,train,39,20
train/Packages/Milk/Arla-Lactose-Medium-Fat-Milk/Arla-Lactose-Medium-Fat-Milk_004.jpg,Arla-Lactose-Medium-Fat-Milk,train,39,20
train/Packages/Milk/Arla-Lactose-Medium-Fat-Milk/Arla-Lactose-Medium-Fat-Milk_005.jpg,Arla-Lactose-Medium-Fat-Milk,train,39,20
train/Packages/Milk/Arla-Lactose-Medium-Fat-Milk/Arla-Lactose-Medium-Fat-Milk_006.jpg,Arla-Lactose-Medium-Fat-Milk,train,39,20
train/Packages/Milk/Arla-Lactose-Medium-Fat-Milk/Arla-Lactose-Medium-Fat-Milk_007.jpg,Arla-Lactose-Medium-Fat-Milk,train,39,20
train/Packages/Milk/Arla-Lactose-Medium-Fat-Milk/Arla-Lactose-Medium-Fat-Milk_008.jpg,Arla-Lactose-Medium-Fat-Milk,train,39,20
train/Packages/Milk/Arla-Lactose-Medium-Fat-Milk/Arla-Lactose-Medium-Fat-Milk_009.jpg,Arla-Lactose-Medium-Fat-Milk,train,39,20
train/Packages/Milk/Arla-Lactose-Medium-Fat-Milk/Arla-Lactose-Medium-Fat-Milk_010.jpg,Arla-Lactose-Medium-Fat-Milk,train,39,20
train/Packages/Milk/Arla-Lactose-Medium-Fat-Milk/Arla-Lactose-Medium-Fat-Milk_011.jpg,Arla-Lactose-Medium-Fat-Milk,train,39,20
train/Packages/Milk/Arla-Lactose-Medium-Fat-Milk/Arla-Lactose-Medium-Fat-Milk_012.jpg,Arla-Lactose-Medium-Fat-Milk,train,39,20
train/Packages/Milk/Arla-Lactose-Medium-Fat-Milk/Arla-Lactose-Medium-Fat-Milk_013.jpg,Arla-Lactose-Medium-Fat-Milk,train,39,20
train/Packages/Milk/Arla-Lactose-Medium-Fat-Milk/Arla-Lactose-Medium-Fat-Milk_014.jpg,Arla-Lactose-Medium-Fat-Milk,train,39,20
train/Packages/Milk/Arla-Lactose-Medium-Fat-Milk/Arla-Lactose-Medium-Fat-Milk_015.jpg,Arla-Lactose-Medium-Fat-Milk,train,39,20
train/Packages/Milk/Arla-Lactose-Medium-Fat-Milk/Arla-Lactose-Medium-Fat-Milk_016.jpg,Arla-Lactose-Medium-Fat-Milk,train,39,20
train/Packages/Milk/Arla-Lactose-Medium-Fat-Milk/Arla-Lactose-Medium-Fat-Milk_017.jpg,Arla-Lactose-Medium-Fat-Milk,train,39,20
train/Packages/Milk/Arla-Lactose-Medium-Fat-Milk/Arla-Lactose-Medium-Fat-Milk_018.jpg,Arla-Lactose-Medium-Fat-Milk,train,39,20
train/Packages/Milk/Arla-Lactose-Medium-Fat-Milk/Arla-Lactose-Medium-Fat-Milk_019.jpg,Arla-Lactose-Medium-Fat-Milk,train,39,20
train/Packages/Milk/Arla-Lactose-Medium-Fat-Milk/Arla-Lactose-Medium-Fat-Milk_020.jpg,Arla-Lactose-Medium-Fat-Milk,train,39,20
train/Packages/Milk/Arla-Lactose-Medium-Fat-Milk/Arla-Lactose-Medium-Fat-Milk_021.jpg,Arla-Lactose-Medium-Fat-Milk,train,39,20
train/Packages/Milk/Arla-Lactose-Medium-Fat-Milk/Arla-Lactose-Medium-Fat-Milk_022.jpg,Arla-Lactose-Medium-Fat-Milk,train,39,20
train/Packages/Milk/Arla-Lactose-Medium-Fat-Milk/Arla-Lactose-Medium-Fat-Milk_023.jpg,Arla-Lactose-Medium-Fat-Milk,train,39,20
train/Packages/Milk/Arla-Lactose-Medium-Fat-Milk/Arla-Lactose-Medium-Fat-Milk_024.jpg,Arla-Lactose-Medium-Fat-Milk,train,39,20
train/Packages/Milk/Arla-Lactose-Medium-Fat-Milk/Arla-Lactose-Medium-Fat-Milk_025.jpg,Arla-Lactose-Medium-Fat-Milk,train,39,20
train/Packages/Milk/Arla-Lactose-Medium-Fat-Milk/Arla-Lactose-Medium-Fat-Milk_026.jpg,Arla-Lactose-Medium-Fat-Milk,train,39,20
train/Packages/Milk/Arla-Medium-Fat-Milk/Arla-Medium-Fat-Milk_001.jpg,Arla-Medium-Fat-Milk,train,40,20
train/Packages/Milk/Arla-Medium-Fat-Milk/Arla-Medium-Fat-Milk_002.jpg,Arla-Medium-Fat-Milk,train,40,20
train/Packages/Milk/Arla-Medium-Fat-Milk/Arla-Medium-Fat-Milk_003.jpg,Arla-Medium-Fat-Milk,train,40,20
train/Packages/Milk/Arla-Medium-Fat-Milk/Arla-Medium-Fat-Milk_004.jpg,Arla-Medium-Fat-Milk,train,40,20
train/Packages/Milk/Arla-Medium-Fat-Milk/Arla-Medium-Fat-Milk_005.jpg,Arla-Medium-Fat-Milk,train,40,20
train/Packages/Milk/Arla-Medium-Fat-Milk/Arla-Medium-Fat-Milk_006.jpg,Arla-Medium-Fat-Milk,train,40,20
train/Packages/Milk/Arla-Medium-Fat-Milk/Arla-Medium-Fat-Milk_007.jpg,Arla-Medium-Fat-Milk,train,40,20
train/Packages/Milk/Arla-Medium-Fat-Milk/Arla-Medium-Fat-Milk_008.jpg,Arla-Medium-Fat-Milk,train,40,20
train/Packages/Milk/Arla-Medium-Fat-Milk/Arla-Medium-Fat-Milk_009.jpg,Arla-Medium-Fat-Milk,train,40,20
train/Packages/Milk/Arla-Medium-Fat-Milk/Arla-Medium-Fat-Milk_010.jpg,Arla-Medium-Fat-Milk,train,40,20
train/Packages/Milk/Arla-Medium-Fat-Milk/Arla-Medium-Fat-Milk_011.jpg,Arla-Medium-Fat-Milk,train,40,20
train/Packages/Milk/Arla-Medium-Fat-Milk/Arla-Medium-Fat-Milk_012.jpg,Arla-Medium-Fat-Milk,train,40,20
train/Packages/Milk/Arla-Medium-Fat-Milk/Arla-Medium-Fat-Milk_013.jpg,Arla-Medium-Fat-Milk,train,40,20
train/Packages/Milk/Arla-Medium-Fat-Milk/Arla-Medium-Fat-Milk_014.jpg,Arla-Medium-Fat-Milk,train,40,20
train/Packages/Milk/Arla-Medium-Fat-Milk/Arla-Medium-Fat-Milk_015.jpg,Arla-Medium-Fat-Milk,train,40,20
train/Packages/Milk/Arla-Medium-Fat-Milk/Arla-Medium-Fat-Milk_016.jpg,Arla-Medium-Fat-Milk,train,40,20
train/Packages/Milk/Arla-Medium-Fat-Milk/Arla-Medium-Fat-Milk_017.jpg,Arla-Medium-Fat-Milk,train,40,20
train/Packages/Milk/Arla-Medium-Fat-Milk/Arla-Medium-Fat-Milk_018.jpg,Arla-Medium-Fat-Milk,train,40,20
train/Packages/Milk/Arla-Medium-Fat-Milk/Arla-Medium-Fat-Milk_019.jpg,Arla-Medium-Fat-Milk,train,40,20
train/Packages/Milk/Arla-Medium-Fat-Milk/Arla-Medium-Fat-Milk_020.jpg,Arla-Medium-Fat-Milk,train,40,20
train/Packages/Milk/Arla-Medium-Fat-Milk/Arla-Medium-Fat-Milk_021.jpg,Arla-Medium-Fat-Milk,train,40,20
train/Packages/Milk/Arla-Medium-Fat-Milk/Arla-Medium-Fat-Milk_022.jpg,Arla-Medium-Fat-Milk,train,40,20
train/Packages/Milk/Arla-Medium-Fat-Milk/Arla-Medium-Fat-Milk_023.jpg,Arla-Medium-Fat-Milk,train,40,20
train/Packages/Milk/Arla-Medium-Fat-Milk/Arla-Medium-Fat-Milk_024.jpg,Arla-Medium-Fat-Milk,train,40,20
train/Packages/Milk/Arla-Medium-Fat-Milk/Arla-Medium-Fat-Milk_025.jpg,Arla-Medium-Fat-Milk,train,40,20
train/Packages/Milk/Arla-Medium-Fat-Milk/Arla-Medium-Fat-Milk_026.jpg,Arla-Medium-Fat-Milk,train,40,20
train/Packages/Milk/Arla-Medium-Fat-Milk/Arla-Medium-Fat-Milk_027.jpg,Arla-Medium-Fat-Milk,train,40,20
train/Packages/Milk/Arla-Medium-Fat-Milk/Arla-Medium-Fat-Milk_028.jpg,Arla-Medium-Fat-Milk,train,40,20
train/Packages/Milk/Arla-Medium-Fat-Milk/Arla-Medium-Fat-Milk_029.jpg,Arla-Medium-Fat-Milk,train,40,20
train/Packages/Milk/Arla-Medium-Fat-Milk/Arla-Medium-Fat-Milk_030.jpg,Arla-Medium-Fat-Milk,train,40,20
train/Packages/Milk/Arla-Medium-Fat-Milk/Arla-Medium-Fat-Milk_031.jpg,Arla-Medium-Fat-Milk,train,40,20
train/Packages/Milk/Arla-Medium-Fat-Milk/Arla-Medium-Fat-Milk_032.jpg,Arla-Medium-Fat-Milk,train,40,20
train/Packages/Milk/Arla-Medium-Fat-Milk/Arla-Medium-Fat-Milk_033.jpg,Arla-Medium-Fat-Milk,train,40,20
train/Packages/Milk/Arla-Medium-Fat-Milk/Arla-Medium-Fat-Milk_034.jpg,Arla-Medium-Fat-Milk,train,40,20
train/Packages/Milk/Arla-Standard-Milk/Arla-Standard-Milk_001.jpg,Arla-Standard-Milk,train,41,20
train/Packages/Milk/Arla-Standard-Milk/Arla-Standard-Milk_002.jpg,Arla-Standard-Milk,train,41,20
train/Packages/Milk/Arla-Standard-Milk/Arla-Standard-Milk_003.jpg,Arla-Standard-Milk,train,41,20
train/Packages/Milk/Arla-Standard-Milk/Arla-Standard-Milk_004.jpg,Arla-Standard-Milk,train,41,20
train/Packages/Milk/Arla-Standard-Milk/Arla-Standard-Milk_005.jpg,Arla-Standard-Milk,train,41,20
train/Packages/Milk/Arla-Standard-Milk/Arla-Standard-Milk_006.jpg,Arla-Standard-Milk,train,41,20
train/Packages/Milk/Arla-Standard-Milk/Arla-Standard-Milk_007.jpg,Arla-Standard-Milk,train,41,20
train/Packages/Milk/Arla-Standard-Milk/Arla-Standard-Milk_008.jpg,Arla-Standard-Milk,train,41,20
train/Packages/Milk/Arla-Standard-Milk/Arla-Standard-Milk_009.jpg,Arla-Standard-Milk,train,41,20
train/Packages/Milk/Arla-Standard-Milk/Arla-Standard-Milk_010.jpg,Arla-Standard-Milk,train,41,20
train/Packages/Milk/Arla-Standard-Milk/Arla-Standard-Milk_011.jpg,Arla-Standard-Milk,train,41,20
train/Packages/Milk/Arla-Standard-Milk/Arla-Standard-Milk_012.jpg,Arla-Standard-Milk,train,41,20
train/Packages/Milk/Arla-Standard-Milk/Arla-Standard-Milk_013.jpg,Arla-Standard-Milk,train,41,20
train/Packages/Milk/Arla-Standard-Milk/Arla-Standard-Milk_014.jpg,Arla-Standard-Milk,train,41,20
train/Packages/Milk/Arla-Standard-Milk/Arla-Standard-Milk_015.jpg,Arla-Standard-Milk,train,41,20
train/Packages/Milk/Arla-Standard-Milk/Arla-Standard-Milk_016.jpg,Arla-Standard-Milk,train,41,20
train/Packages/Milk/Arla-Standard-Milk/Arla-Standard-Milk_017.jpg,Arla-Standard-Milk,train,41,20
train/Packages/Milk/Arla-Standard-Milk/Arla-Standard-Milk_018.jpg,Arla-Standard-Milk,train,41,20
train/Packages/Milk/Arla-Standard-Milk/Arla-Standard-Milk_019.jpg,Arla-Standard-Milk,train,41,20
train/Packages/Milk/Arla-Standard-Milk/Arla-Standard-Milk_020.jpg,Arla-Standard-Milk,train,41,20
train/Packages/Milk/Arla-Standard-Milk/Arla-Standard-Milk_021.jpg,Arla-Standard-Milk,train,41,20
train/Packages/Milk/Arla-Standard-Milk/Arla-Standard-Milk_022.jpg,Arla-Standard-Milk,train,41,20
train/Packages/Milk/Arla-Standard-Milk/Arla-Standard-Milk_023.jpg,Arla-Standard-Milk,train,41,20
train/Packages/Milk/Arla-Standard-Milk/Arla-Standard-Milk_024.jpg,Arla-Standard-Milk,train,41,20
train/Packages/Milk/Arla-Standard-Milk/Arla-Standard-Milk_025.jpg,Arla-Standard-Milk,train,41,20
train/Packages/Milk/Arla-Standard-Milk/Arla-Standard-Milk_026.jpg,Arla-Standard-Milk,train,41,20
train/Packages/Milk/Arla-Standard-Milk/Arla-Standard-Milk_027.jpg,Arla-Standard-Milk,train,41,20
train/Packages/Milk/Arla-Standard-Milk/Arla-Standard-Milk_028.jpg,Arla-Standard-Milk,train,41,20
train/Packages/Milk/Arla-Standard-Milk/Arla-Standard-Milk_029.jpg,Arla-Standard-Milk,train,41,20
train/Packages/Milk/Arla-Standard-Milk/Arla-Standard-Milk_030.jpg,Arla-Standard-Milk,train,41,20
train/Packages/Milk/Garant-Ecological-Medium-Fat-Milk/Garant-Ecological-Medium-Fat-Milk_001.jpg,Garant-Ecological-Medium-Fat-Milk,train,42,20
train/Packages/Milk/Garant-Ecological-Medium-Fat-Milk/Garant-Ecological-Medium-Fat-Milk_002.jpg,Garant-Ecological-Medium-Fat-Milk,train,42,20
train/Packages/Milk/Garant-Ecological-Medium-Fat-Milk/Garant-Ecological-Medium-Fat-Milk_003.jpg,Garant-Ecological-Medium-Fat-Milk,train,42,20
train/Packages/Milk/Garant-Ecological-Medium-Fat-Milk/Garant-Ecological-Medium-Fat-Milk_004.jpg,Garant-Ecological-Medium-Fat-Milk,train,42,20
train/Packages/Milk/Garant-Ecological-Medium-Fat-Milk/Garant-Ecological-Medium-Fat-Milk_005.jpg,Garant-Ecological-Medium-Fat-Milk,train,42,20
train/Packages/Milk/Garant-Ecological-Medium-Fat-Milk/Garant-Ecological-Medium-Fat-Milk_006.jpg,Garant-Ecological-Medium-Fat-Milk,train,42,20
train/Packages/Milk/Garant-Ecological-Medium-Fat-Milk/Garant-Ecological-Medium-Fat-Milk_007.jpg,Garant-Ecological-Medium-Fat-Milk,train,42,20
train/Packages/Milk/Garant-Ecological-Medium-Fat-Milk/Garant-Ecological-Medium-Fat-Milk_008.jpg,Garant-Ecological-Medium-Fat-Milk,train,42,20
train/Packages/Milk/Garant-Ecological-Medium-Fat-Milk/Garant-Ecological-Medium-Fat-Milk_009.jpg,Garant-Ecological-Medium-Fat-Milk,train,42,20
train/Packages/Milk/Garant-Ecological-Medium-Fat-Milk/Garant-Ecological-Medium-Fat-Milk_010.jpg,Garant-Ecological-Medium-Fat-Milk,train,42,20
train/Packages/Milk/Garant-Ecological-Medium-Fat-Milk/Garant-Ecological-Medium-Fat-Milk_011.jpg,Garant-Ecological-Medium-Fat-Milk,train,42,20
train/Packages/Milk/Garant-Ecological-Medium-Fat-Milk/Garant-Ecological-Medium-Fat-Milk_012.jpg,Garant-Ecological-Medium-Fat-Milk,train,42,20
train/Packages/Milk/Garant-Ecological-Medium-Fat-Milk/Garant-Ecological-Medium-Fat-Milk_013.jpg,Garant-Ecological-Medium-Fat-Milk,train,42,20
train/Packages/Milk/Garant-Ecological-Medium-Fat-Milk/Garant-Ecological-Medium-Fat-Milk_014.jpg,Garant-Ecological-Medium-Fat-Milk,train,42,20
train/Packages/Milk/Garant-Ecological-Medium-Fat-Milk/Garant-Ecological-Medium-Fat-Milk_015.jpg,Garant-Ecological-Medium-Fat-Milk,train,42,20
train/Packages/Milk/Garant-Ecological-Medium-Fat-Milk/Garant-Ecological-Medium-Fat-Milk_016.jpg,Garant-Ecological-Medium-Fat-Milk,train,42,20
train/Packages/Milk/Garant-Ecological-Medium-Fat-Milk/Garant-Ecological-Medium-Fat-Milk_017.jpg,Garant-Ecological-Medium-Fat-Milk,train,42,20
train/Packages/Milk/Garant-Ecological-Medium-Fat-Milk/Garant-Ecological-Medium-Fat-Milk_018.jpg,Garant-Ecological-Medium-Fat-Milk,train,42,20
train/Packages/Milk/Garant-Ecological-Medium-Fat-Milk/Garant-Ecological-Medium-Fat-Milk_019.jpg,Garant-Ecological-Medium-Fat-Milk,train,42,20
train/Packages/Milk/Garant-Ecological-Medium-Fat-Milk/Garant-Ecological-Medium-Fat-Milk_020.jpg,Garant-Ecological-Medium-Fat-Milk,train,42,20
train/Packages/Milk/Garant-Ecological-Medium-Fat-Milk/Garant-Ecological-Medium-Fat-Milk_021.jpg,Garant-Ecological-Medium-Fat-Milk,train,42,20
train/Packages/Milk/Garant-Ecological-Medium-Fat-Milk/Garant-Ecological-Medium-Fat-Milk_022.jpg,Garant-Ecological-Medium-Fat-Milk,train,42,20
train/Packages/Milk/Garant-Ecological-Medium-Fat-Milk/Garant-Ecological-Medium-Fat-Milk_023.jpg,Garant-Ecological-Medium-Fat-Milk,train,42,20
train/Packages/Milk/Garant-Ecological-Medium-Fat-Milk/Garant-Ecological-Medium-Fat-Milk_024.jpg,Garant-Ecological-Medium-Fat-Milk,train,42,20
train/Packages/Milk/Garant-Ecological-Medium-Fat-Milk/Garant-Ecological-Medium-Fat-Milk_025.jpg,Garant-Ecological-Medium-Fat-Milk,train,42,20
train/Packages/Milk/Garant-Ecological-Medium-Fat-Milk/Garant-Ecological-Medium-Fat-Milk_026.jpg,Garant-Ecological-Medium-Fat-Milk,train,42,20
train/Packages/Milk/Garant-Ecological-Medium-Fat-Milk/Garant-Ecological-Medium-Fat-Milk_027.jpg,Garant-Ecological-Medium-Fat-Milk,train,42,20
train/Packages/Milk/Garant-Ecological-Medium-Fat-Milk/Garant-Ecological-Medium-Fat-Milk_028.jpg,Garant-Ecological-Medium-Fat-Milk,train,42,20
train/Packages/Milk/Garant-Ecological-Medium-Fat-Milk/Garant-Ecological-Medium-Fat-Milk_029.jpg,Garant-Ecological-Medium-Fat-Milk,train,42,20
train/Packages/Milk/Garant-Ecological-Medium-Fat-Milk/Garant-Ecological-Medium-Fat-Milk_030.jpg,Garant-Ecological-Medium-Fat-Milk,train,42,20
train/Packages/Milk/Garant-Ecological-Medium-Fat-Milk/Garant-Ecological-Medium-Fat-Milk_031.jpg,Garant-Ecological-Medium-Fat-Milk,train,42,20
train/Packages/Milk/Garant-Ecological-Medium-Fat-Milk/Garant-Ecological-Medium-Fat-Milk_032.jpg,Garant-Ecological-Medium-Fat-Milk,train,42,20
train/Packages/Milk/Garant-Ecological-Medium-Fat-Milk/Garant-Ecological-Medium-Fat-Milk_033.jpg,Garant-Ecological-Medium-Fat-Milk,train,42,20
train/Packages/Milk/Garant-Ecological-Medium-Fat-Milk/Garant-Ecological-Medium-Fat-Milk_034.jpg,Garant-Ecological-Medium-Fat-Milk,train,42,20
train/Packages/Milk/Garant-Ecological-Medium-Fat-Milk/Garant-Ecological-Medium-Fat-Milk_035.jpg,Garant-Ecological-Medium-Fat-Milk,train,42,20
train/Packages/Milk/Garant-Ecological-Standard-Milk/Garant-Ecological-Standard-Milk_001.jpg,Garant-Ecological-Standard-Milk,train,43,20
train/Packages/Milk/Garant-Ecological-Standard-Milk/Garant-Ecological-Standard-Milk_002.jpg,Garant-Ecological-Standard-Milk,train,43,20
train/Packages/Milk/Garant-Ecological-Standard-Milk/Garant-Ecological-Standard-Milk_003.jpg,Garant-Ecological-Standard-Milk,train,43,20
train/Packages/Milk/Garant-Ecological-Standard-Milk/Garant-Ecological-Standard-Milk_004.jpg,Garant-Ecological-Standard-Milk,train,43,20
train/Packages/Milk/Garant-Ecological-Standard-Milk/Garant-Ecological-Standard-Milk_005.jpg,Garant-Ecological-Standard-Milk,train,43,20
train/Packages/Milk/Garant-Ecological-Standard-Milk/Garant-Ecological-Standard-Milk_006.jpg,Garant-Ecological-Standard-Milk,train,43,20
train/Packages/Milk/Garant-Ecological-Standard-Milk/Garant-Ecological-Standard-Milk_007.jpg,Garant-Ecological-Standard-Milk,train,43,20
train/Packages/Milk/Garant-Ecological-Standard-Milk/Garant-Ecological-Standard-Milk_008.jpg,Garant-Ecological-Standard-Milk,train,43,20
train/Packages/Milk/Garant-Ecological-Standard-Milk/Garant-Ecological-Standard-Milk_009.jpg,Garant-Ecological-Standard-Milk,train,43,20
train/Packages/Milk/Garant-Ecological-Standard-Milk/Garant-Ecological-Standard-Milk_010.jpg,Garant-Ecological-Standard-Milk,train,43,20
train/Packages/Milk/Garant-Ecological-Standard-Milk/Garant-Ecological-Standard-Milk_011.jpg,Garant-Ecological-Standard-Milk,train,43,20
train/Packages/Milk/Garant-Ecological-Standard-Milk/Garant-Ecological-Standard-Milk_012.jpg,Garant-Ecological-Standard-Milk,train,43,20
train/Packages/Milk/Garant-Ecological-Standard-Milk/Garant-Ecological-Standard-Milk_013.jpg,Garant-Ecological-Standard-Milk,train,43,20
train/Packages/Milk/Garant-Ecological-Standard-Milk/Garant-Ecological-Standard-Milk_014.jpg,Garant-Ecological-Standard-Milk,train,43,20
train/Packages/Milk/Garant-Ecological-Standard-Milk/Garant-Ecological-Standard-Milk_015.jpg,Garant-Ecological-Standard-Milk,train,43,20
train/Packages/Milk/Garant-Ecological-Standard-Milk/Garant-Ecological-Standard-Milk_016.jpg,Garant-Ecological-Standard-Milk,train,43,20
train/Packages/Milk/Garant-Ecological-Standard-Milk/Garant-Ecological-Standard-Milk_017.jpg,Garant-Ecological-Standard-Milk,train,43,20
train/Packages/Milk/Garant-Ecological-Standard-Milk/Garant-Ecological-Standard-Milk_018.jpg,Garant-Ecological-Standard-Milk,train,43,20
train/Packages/Milk/Garant-Ecological-Standard-Milk/Garant-Ecological-Standard-Milk_019.jpg,Garant-Ecological-Standard-Milk,train,43,20
train/Packages/Milk/Garant-Ecological-Standard-Milk/Garant-Ecological-Standard-Milk_020.jpg,Garant-Ecological-Standard-Milk,train,43,20
train/Packages/Milk/Garant-Ecological-Standard-Milk/Garant-Ecological-Standard-Milk_021.jpg,Garant-Ecological-Standard-Milk,train,43,20
train/Packages/Milk/Garant-Ecological-Standard-Milk/Garant-Ecological-Standard-Milk_022.jpg,Garant-Ecological-Standard-Milk,train,43,20
train/Packages/Milk/Garant-Ecological-Standard-Milk/Garant-Ecological-Standard-Milk_023.jpg,Garant-Ecological-Standard-Milk,train,43,20
train/Packages/Milk/Garant-Ecological-Standard-Milk/Garant-Ecological-Standard-Milk_024.jpg,Garant-Ecological-Standard-Milk,train,43,20
train/Packages/Milk/Garant-Ecological-Standard-Milk/Garant-Ecological-Standard-Milk_025.jpg,Garant-Ecological-Standard-Milk,train,43,20
train/Packages/Milk/Garant-Ecological-Standard-Milk/Garant-Ecological-Standard-Milk_026.jpg,Garant-Ecological-Standard-Milk,train,43,20
train/Packages/Milk/Garant-Ecological-Standard-Milk/Garant-Ecological-Standard-Milk_027.jpg,Garant-Ecological-Standard-Milk,train,43,20
train/Packages/Milk/Garant-Ecological-Standard-Milk/Garant-Ecological-Standard-Milk_028.jpg,Garant-Ecological-Standard-Milk,train,43,20
train/Packages/Oatghurt/Oatly-Natural-Oatghurt/Oatly-Natural-Oatghurt_001.jpg,Oatly-Natural-Oatghurt,train,44,21
train/Packages/Oatghurt/Oatly-Natural-Oatghurt/Oatly-Natural-Oatghurt_002.jpg,Oatly-Natural-Oatghurt,train,44,21
train/Packages/Oatghurt/Oatly-Natural-Oatghurt/Oatly-Natural-Oatghurt_003.jpg,Oatly-Natural-Oatghurt,train,44,21
train/Packages/Oatghurt/Oatly-Natural-Oatghurt/Oatly-Natural-Oatghurt_004.jpg,Oatly-Natural-Oatghurt,train,44,21
train/Packages/Oatghurt/Oatly-Natural-Oatghurt/Oatly-Natural-Oatghurt_005.jpg,Oatly-Natural-Oatghurt,train,44,21
train/Packages/Oatghurt/Oatly-Natural-Oatghurt/Oatly-Natural-Oatghurt_006.jpg,Oatly-Natural-Oatghurt,train,44,21
train/Packages/Oatghurt/Oatly-Natural-Oatghurt/Oatly-Natural-Oatghurt_007.jpg,Oatly-Natural-Oatghurt,train,44,21
train/Packages/Oatghurt/Oatly-Natural-Oatghurt/Oatly-Natural-Oatghurt_008.jpg,Oatly-Natural-Oatghurt,train,44,21
train/Packages/Oatghurt/Oatly-Natural-Oatghurt/Oatly-Natural-Oatghurt_009.jpg,Oatly-Natural-Oatghurt,train,44,21
train/Packages/Oatghurt/Oatly-Natural-Oatghurt/Oatly-Natural-Oatghurt_010.jpg,Oatly-Natural-Oatghurt,train,44,21
train/Packages/Oatghurt/Oatly-Natural-Oatghurt/Oatly-Natural-Oatghurt_011.jpg,Oatly-Natural-Oatghurt,train,44,21
train/Packages/Oatghurt/Oatly-Natural-Oatghurt/Oatly-Natural-Oatghurt_012.jpg,Oatly-Natural-Oatghurt,train,44,21
train/Packages/Oatghurt/Oatly-Natural-Oatghurt/Oatly-Natural-Oatghurt_013.jpg,Oatly-Natural-Oatghurt,train,44,21
train/Packages/Oatghurt/Oatly-Natural-Oatghurt/Oatly-Natural-Oatghurt_014.jpg,Oatly-Natural-Oatghurt,train,44,21
train/Packages/Oatghurt/Oatly-Natural-Oatghurt/Oatly-Natural-Oatghurt_015.jpg,Oatly-Natural-Oatghurt,train,44,21
train/Packages/Oatghurt/Oatly-Natural-Oatghurt/Oatly-Natural-Oatghurt_016.jpg,Oatly-Natural-Oatghurt,train,44,21
train/Packages/Oatghurt/Oatly-Natural-Oatghurt/Oatly-Natural-Oatghurt_017.jpg,Oatly-Natural-Oatghurt,train,44,21
train/Packages/Oatghurt/Oatly-Natural-Oatghurt/Oatly-Natural-Oatghurt_018.jpg,Oatly-Natural-Oatghurt,train,44,21
train/Packages/Oatghurt/Oatly-Natural-Oatghurt/Oatly-Natural-Oatghurt_019.jpg,Oatly-Natural-Oatghurt,train,44,21
train/Packages/Oatghurt/Oatly-Natural-Oatghurt/Oatly-Natural-Oatghurt_020.jpg,Oatly-Natural-Oatghurt,train,44,21
train/Packages/Oatghurt/Oatly-Natural-Oatghurt/Oatly-Natural-Oatghurt_021.jpg,Oatly-Natural-Oatghurt,train,44,21
train/Packages/Oatghurt/Oatly-Natural-Oatghurt/Oatly-Natural-Oatghurt_022.jpg,Oatly-Natural-Oatghurt,train,44,21
train/Packages/Oatghurt/Oatly-Natural-Oatghurt/Oatly-Natural-Oatghurt_023.jpg,Oatly-Natural-Oatghurt,train,44,21
train/Packages/Oatghurt/Oatly-Natural-Oatghurt/Oatly-Natural-Oatghurt_024.jpg,Oatly-Natural-Oatghurt,train,44,21
train/Packages/Oatghurt/Oatly-Natural-Oatghurt/Oatly-Natural-Oatghurt_025.jpg,Oatly-Natural-Oatghurt,train,44,21
train/Packages/Oatghurt/Oatly-Natural-Oatghurt/Oatly-Natural-Oatghurt_026.jpg,Oatly-Natural-Oatghurt,train,44,21
train/Packages/Oatghurt/Oatly-Natural-Oatghurt/Oatly-Natural-Oatghurt_027.jpg,Oatly-Natural-Oatghurt,train,44,21
train/Packages/Oatghurt/Oatly-Natural-Oatghurt/Oatly-Natural-Oatghurt_028.jpg,Oatly-Natural-Oatghurt,train,44,21
train/Packages/Oatghurt/Oatly-Natural-Oatghurt/Oatly-Natural-Oatghurt_029.jpg,Oatly-Natural-Oatghurt,train,44,21
train/Packages/Oatghurt/Oatly-Natural-Oatghurt/Oatly-Natural-Oatghurt_030.jpg,Oatly-Natural-Oatghurt,train,44,21
train/Packages/Oatghurt/Oatly-Natural-Oatghurt/Oatly-Natural-Oatghurt_031.jpg,Oatly-Natural-Oatghurt,train,44,21
train/Packages/Oatghurt/Oatly-Natural-Oatghurt/Oatly-Natural-Oatghurt_032.jpg,Oatly-Natural-Oatghurt,train,44,21
train/Packages/Oatghurt/Oatly-Natural-Oatghurt/Oatly-Natural-Oatghurt_033.jpg,Oatly-Natural-Oatghurt,train,44,21
train/Packages/Oat-Milk/Oatly-Oat-Milk/Oatly-Oat-Milk_001.jpg,Oatly-Oat-Milk,train,45,22
train/Packages/Oat-Milk/Oatly-Oat-Milk/Oatly-Oat-Milk_002.jpg,Oatly-Oat-Milk,train,45,22
train/Packages/Oat-Milk/Oatly-Oat-Milk/Oatly-Oat-Milk_003.jpg,Oatly-Oat-Milk,train,45,22
train/Packages/Oat-Milk/Oatly-Oat-Milk/Oatly-Oat-Milk_004.jpg,Oatly-Oat-Milk,train,45,22
train/Packages/Oat-Milk/Oatly-Oat-Milk/Oatly-Oat-Milk_005.jpg,Oatly-Oat-Milk,train,45,22
train/Packages/Oat-Milk/Oatly-Oat-Milk/Oatly-Oat-Milk_006.jpg,Oatly-Oat-Milk,train,45,22
train/Packages/Oat-Milk/Oatly-Oat-Milk/Oatly-Oat-Milk_007.jpg,Oatly-Oat-Milk,train,45,22
train/Packages/Oat-Milk/Oatly-Oat-Milk/Oatly-Oat-Milk_008.jpg,Oatly-Oat-Milk,train,45,22
train/Packages/Oat-Milk/Oatly-Oat-Milk/Oatly-Oat-Milk_009.jpg,Oatly-Oat-Milk,train,45,22
train/Packages/Oat-Milk/Oatly-Oat-Milk/Oatly-Oat-Milk_010.jpg,Oatly-Oat-Milk,train,45,22
train/Packages/Oat-Milk/Oatly-Oat-Milk/Oatly-Oat-Milk_011.jpg,Oatly-Oat-Milk,train,45,22
train/Packages/Oat-Milk/Oatly-Oat-Milk/Oatly-Oat-Milk_012.jpg,Oatly-Oat-Milk,train,45,22
train/Packages/Oat-Milk/Oatly-Oat-Milk/Oatly-Oat-Milk_013.jpg,Oatly-Oat-Milk,train,45,22
train/Packages/Oat-Milk/Oatly-Oat-Milk/Oatly-Oat-Milk_014.jpg,Oatly-Oat-Milk,train,45,22
train/Packages/Oat-Milk/Oatly-Oat-Milk/Oatly-Oat-Milk_015.jpg,Oatly-Oat-Milk,train,45,22
train/Packages/Oat-Milk/Oatly-Oat-Milk/Oatly-Oat-Milk_016.jpg,Oatly-Oat-Milk,train,45,22
train/Packages/Oat-Milk/Oatly-Oat-Milk/Oatly-Oat-Milk_017.jpg,Oatly-Oat-Milk,train,45,22
train/Packages/Oat-Milk/Oatly-Oat-Milk/Oatly-Oat-Milk_018.jpg,Oatly-Oat-Milk,train,45,22
train/Packages/Oat-Milk/Oatly-Oat-Milk/Oatly-Oat-Milk_019.jpg,Oatly-Oat-Milk,train,45,22
train/Packages/Oat-Milk/Oatly-Oat-Milk/Oatly-Oat-Milk_020.jpg,Oatly-Oat-Milk,train,45,22
train/Packages/Oat-Milk/Oatly-Oat-Milk/Oatly-Oat-Milk_021.jpg,Oatly-Oat-Milk,train,45,22
train/Packages/Oat-Milk/Oatly-Oat-Milk/Oatly-Oat-Milk_022.jpg,Oatly-Oat-Milk,train,45,22
train/Packages/Oat-Milk/Oatly-Oat-Milk/Oatly-Oat-Milk_023.jpg,Oatly-Oat-Milk,train,45,22
train/Packages/Oat-Milk/Oatly-Oat-Milk/Oatly-Oat-Milk_024.jpg,Oatly-Oat-Milk,train,45,22
train/Packages/Oat-Milk/Oatly-Oat-Milk/Oatly-Oat-Milk_025.jpg,Oatly-Oat-Milk,train,45,22
train/Packages/Oat-Milk/Oatly-Oat-Milk/Oatly-Oat-Milk_026.jpg,Oatly-Oat-Milk,train,45,22
train/Packages/Oat-Milk/Oatly-Oat-Milk/Oatly-Oat-Milk_027.jpg,Oatly-Oat-Milk,train,45,22
train/Packages/Oat-Milk/Oatly-Oat-Milk/Oatly-Oat-Milk_028.jpg,Oatly-Oat-Milk,train,45,22
train/Packages/Oat-Milk/Oatly-Oat-Milk/Oatly-Oat-Milk_029.jpg,Oatly-Oat-Milk,train,45,22
train/Packages/Oat-Milk/Oatly-Oat-Milk/Oatly-Oat-Milk_030.jpg,Oatly-Oat-Milk,train,45,22
train/Packages/Oat-Milk/Oatly-Oat-Milk/Oatly-Oat-Milk_031.jpg,Oatly-Oat-Milk,train,45,22
train/Packages/Oat-Milk/Oatly-Oat-Milk/Oatly-Oat-Milk_032.jpg,Oatly-Oat-Milk,train,45,22
train/Packages/Sour-Cream/Arla-Ecological-Sour-Cream/Arla-Ecological-Sour-Cream_001.jpg,Arla-Ecological-Sour-Cream,train,46,23
train/Packages/Sour-Cream/Arla-Ecological-Sour-Cream/Arla-Ecological-Sour-Cream_002.jpg,Arla-Ecological-Sour-Cream,train,46,23
train/Packages/Sour-Cream/Arla-Ecological-Sour-Cream/Arla-Ecological-Sour-Cream_003.jpg,Arla-Ecological-Sour-Cream,train,46,23
train/Packages/Sour-Cream/Arla-Ecological-Sour-Cream/Arla-Ecological-Sour-Cream_004.jpg,Arla-Ecological-Sour-Cream,train,46,23
train/Packages/Sour-Cream/Arla-Ecological-Sour-Cream/Arla-Ecological-Sour-Cream_005.jpg,Arla-Ecological-Sour-Cream,train,46,23
train/Packages/Sour-Cream/Arla-Ecological-Sour-Cream/Arla-Ecological-Sour-Cream_006.jpg,Arla-Ecological-Sour-Cream,train,46,23
train/Packages/Sour-Cream/Arla-Ecological-Sour-Cream/Arla-Ecological-Sour-Cream_007.jpg,Arla-Ecological-Sour-Cream,train,46,23
train/Packages/Sour-Cream/Arla-Ecological-Sour-Cream/Arla-Ecological-Sour-Cream_008.jpg,Arla-Ecological-Sour-Cream,train,46,23
train/Packages/Sour-Cream/Arla-Ecological-Sour-Cream/Arla-Ecological-Sour-Cream_009.jpg,Arla-Ecological-Sour-Cream,train,46,23
train/Packages/Sour-Cream/Arla-Ecological-Sour-Cream/Arla-Ecological-Sour-Cream_010.jpg,Arla-Ecological-Sour-Cream,train,46,23
train/Packages/Sour-Cream/Arla-Ecological-Sour-Cream/Arla-Ecological-Sour-Cream_011.jpg,Arla-Ecological-Sour-Cream,train,46,23
train/Packages/Sour-Cream/Arla-Ecological-Sour-Cream/Arla-Ecological-Sour-Cream_012.jpg,Arla-Ecological-Sour-Cream,train,46,23
train/Packages/Sour-Cream/Arla-Ecological-Sour-Cream/Arla-Ecological-Sour-Cream_013.jpg,Arla-Ecological-Sour-Cream,train,46,23
train/Packages/Sour-Cream/Arla-Ecological-Sour-Cream/Arla-Ecological-Sour-Cream_014.jpg,Arla-Ecological-Sour-Cream,train,46,23
train/Packages/Sour-Cream/Arla-Ecological-Sour-Cream/Arla-Ecological-Sour-Cream_015.jpg,Arla-Ecological-Sour-Cream,train,46,23
train/Packages/Sour-Cream/Arla-Ecological-Sour-Cream/Arla-Ecological-Sour-Cream_016.jpg,Arla-Ecological-Sour-Cream,train,46,23
train/Packages/Sour-Cream/Arla-Ecological-Sour-Cream/Arla-Ecological-Sour-Cream_017.jpg,Arla-Ecological-Sour-Cream,train,46,23
train/Packages/Sour-Cream/Arla-Ecological-Sour-Cream/Arla-Ecological-Sour-Cream_018.jpg,Arla-Ecological-Sour-Cream,train,46,23
train/Packages/Sour-Cream/Arla-Ecological-Sour-Cream/Arla-Ecological-Sour-Cream_019.jpg,Arla-Ecological-Sour-Cream,train,46,23
train/Packages/Sour-Cream/Arla-Ecological-Sour-Cream/Arla-Ecological-Sour-Cream_020.jpg,Arla-Ecological-Sour-Cream,train,46,23
train/Packages/Sour-Cream/Arla-Ecological-Sour-Cream/Arla-Ecological-Sour-Cream_021.jpg,Arla-Ecological-Sour-Cream,train,46,23
train/Packages/Sour-Cream/Arla-Ecological-Sour-Cream/Arla-Ecological-Sour-Cream_022.jpg,Arla-Ecological-Sour-Cream,train,46,23
train/Packages/Sour-Cream/Arla-Ecological-Sour-Cream/Arla-Ecological-Sour-Cream_023.jpg,Arla-Ecological-Sour-Cream,train,46,23
train/Packages/Sour-Cream/Arla-Ecological-Sour-Cream/Arla-Ecological-Sour-Cream_024.jpg,Arla-Ecological-Sour-Cream,train,46,23
train/Packages/Sour-Cream/Arla-Ecological-Sour-Cream/Arla-Ecological-Sour-Cream_025.jpg,Arla-Ecological-Sour-Cream,train,46,23
train/Packages/Sour-Cream/Arla-Ecological-Sour-Cream/Arla-Ecological-Sour-Cream_026.jpg,Arla-Ecological-Sour-Cream,train,46,23
train/Packages/Sour-Cream/Arla-Ecological-Sour-Cream/Arla-Ecological-Sour-Cream_027.jpg,Arla-Ecological-Sour-Cream,train,46,23
train/Packages/Sour-Cream/Arla-Ecological-Sour-Cream/Arla-Ecological-Sour-Cream_028.jpg,Arla-Ecological-Sour-Cream,train,46,23
train/Packages/Sour-Cream/Arla-Ecological-Sour-Cream/Arla-Ecological-Sour-Cream_029.jpg,Arla-Ecological-Sour-Cream,train,46,23
train/Packages/Sour-Cream/Arla-Sour-Cream/Arla-Sour-Cream_001.jpg,Arla-Sour-Cream,train,47,23
train/Packages/Sour-Cream/Arla-Sour-Cream/Arla-Sour-Cream_002.jpg,Arla-Sour-Cream,train,47,23
train/Packages/Sour-Cream/Arla-Sour-Cream/Arla-Sour-Cream_003.jpg,Arla-Sour-Cream,train,47,23
train/Packages/Sour-Cream/Arla-Sour-Cream/Arla-Sour-Cream_004.jpg,Arla-Sour-Cream,train,47,23
train/Packages/Sour-Cream/Arla-Sour-Cream/Arla-Sour-Cream_005.jpg,Arla-Sour-Cream,train,47,23
train/Packages/Sour-Cream/Arla-Sour-Cream/Arla-Sour-Cream_006.jpg,Arla-Sour-Cream,train,47,23
train/Packages/Sour-Cream/Arla-Sour-Cream/Arla-Sour-Cream_007.jpg,Arla-Sour-Cream,train,47,23
train/Packages/Sour-Cream/Arla-Sour-Cream/Arla-Sour-Cream_008.jpg,Arla-Sour-Cream,train,47,23
train/Packages/Sour-Cream/Arla-Sour-Cream/Arla-Sour-Cream_009.jpg,Arla-Sour-Cream,train,47,23
train/Packages/Sour-Cream/Arla-Sour-Cream/Arla-Sour-Cream_010.jpg,Arla-Sour-Cream,train,47,23
train/Packages/Sour-Cream/Arla-Sour-Cream/Arla-Sour-Cream_011.jpg,Arla-Sour-Cream,train,47,23
train/Packages/Sour-Cream/Arla-Sour-Cream/Arla-Sour-Cream_012.jpg,Arla-Sour-Cream,train,47,23
train/Packages/Sour-Cream/Arla-Sour-Cream/Arla-Sour-Cream_013.jpg,Arla-Sour-Cream,train,47,23
train/Packages/Sour-Cream/Arla-Sour-Cream/Arla-Sour-Cream_014.jpg,Arla-Sour-Cream,train,47,23
train/Packages/Sour-Cream/Arla-Sour-Cream/Arla-Sour-Cream_015.jpg,Arla-Sour-Cream,train,47,23
train/Packages/Sour-Cream/Arla-Sour-Cream/Arla-Sour-Cream_016.jpg,Arla-Sour-Cream,train,47,23
train/Packages/Sour-Cream/Arla-Sour-Cream/Arla-Sour-Cream_017.jpg,Arla-Sour-Cream,train,47,23
train/Packages/Sour-Cream/Arla-Sour-Cream/Arla-Sour-Cream_018.jpg,Arla-Sour-Cream,train,47,23
train/Packages/Sour-Cream/Arla-Sour-Cream/Arla-Sour-Cream_019.jpg,Arla-Sour-Cream,train,47,23
train/Packages/Sour-Milk/Arla-Sour-Milk/Arla-Sour-Milk_001.jpg,Arla-Sour-Milk,train,48,24
train/Packages/Sour-Milk/Arla-Sour-Milk/Arla-Sour-Milk_002.jpg,Arla-Sour-Milk,train,48,24
train/Packages/Sour-Milk/Arla-Sour-Milk/Arla-Sour-Milk_003.jpg,Arla-Sour-Milk,train,48,24
train/Packages/Sour-Milk/Arla-Sour-Milk/Arla-Sour-Milk_004.jpg,Arla-Sour-Milk,train,48,24
train/Packages/Sour-Milk/Arla-Sour-Milk/Arla-Sour-Milk_005.jpg,Arla-Sour-Milk,train,48,24
train/Packages/Sour-Milk/Arla-Sour-Milk/Arla-Sour-Milk_006.jpg,Arla-Sour-Milk,train,48,24
train/Packages/Sour-Milk/Arla-Sour-Milk/Arla-Sour-Milk_007.jpg,Arla-Sour-Milk,train,48,24
train/Packages/Sour-Milk/Arla-Sour-Milk/Arla-Sour-Milk_008.jpg,Arla-Sour-Milk,train,48,24
train/Packages/Sour-Milk/Arla-Sour-Milk/Arla-Sour-Milk_009.jpg,Arla-Sour-Milk,train,48,24
train/Packages/Sour-Milk/Arla-Sour-Milk/Arla-Sour-Milk_010.jpg,Arla-Sour-Milk,train,48,24
train/Packages/Sour-Milk/Arla-Sour-Milk/Arla-Sour-Milk_011.jpg,Arla-Sour-Milk,train,48,24
train/Packages/Sour-Milk/Arla-Sour-Milk/Arla-Sour-Milk_012.jpg,Arla-Sour-Milk,train,48,24
train/Packages/Sour-Milk/Arla-Sour-Milk/Arla-Sour-Milk_013.jpg,Arla-Sour-Milk,train,48,24
train/Packages/Sour-Milk/Arla-Sour-Milk/Arla-Sour-Milk_014.jpg,Arla-Sour-Milk,train,48,24
train/Packages/Sour-Milk/Arla-Sour-Milk/Arla-Sour-Milk_015.jpg,Arla-Sour-Milk,train,48,24
train/Packages/Sour-Milk/Arla-Sour-Milk/Arla-Sour-Milk_016.jpg,Arla-Sour-Milk,train,48,24
train/Packages/Sour-Milk/Arla-Sour-Milk/Arla-Sour-Milk_017.jpg,Arla-Sour-Milk,train,48,24
train/Packages/Sour-Milk/Arla-Sour-Milk/Arla-Sour-Milk_018.jpg,Arla-Sour-Milk,train,48,24
train/Packages/Sour-Milk/Arla-Sour-Milk/Arla-Sour-Milk_019.jpg,Arla-Sour-Milk,train,48,24
train/Packages/Sour-Milk/Arla-Sour-Milk/Arla-Sour-Milk_020.jpg,Arla-Sour-Milk,train,48,24
train/Packages/Sour-Milk/Arla-Sour-Milk/Arla-Sour-Milk_021.jpg,Arla-Sour-Milk,train,48,24
train/Packages/Sour-Milk/Arla-Sour-Milk/Arla-Sour-Milk_022.jpg,Arla-Sour-Milk,train,48,24
train/Packages/Sour-Milk/Arla-Sour-Milk/Arla-Sour-Milk_023.jpg,Arla-Sour-Milk,train,48,24
train/Packages/Sour-Milk/Arla-Sour-Milk/Arla-Sour-Milk_024.jpg,Arla-Sour-Milk,train,48,24
train/Packages/Sour-Milk/Arla-Sour-Milk/Arla-Sour-Milk_025.jpg,Arla-Sour-Milk,train,48,24
train/Packages/Sour-Milk/Arla-Sour-Milk/Arla-Sour-Milk_026.jpg,Arla-Sour-Milk,train,48,24
train/Packages/Sour-Milk/Arla-Sour-Milk/Arla-Sour-Milk_027.jpg,Arla-Sour-Milk,train,48,24
train/Packages/Sour-Milk/Arla-Sour-Milk/Arla-Sour-Milk_028.jpg,Arla-Sour-Milk,train,48,24
train/Packages/Sour-Milk/Arla-Sour-Milk/Arla-Sour-Milk_029.jpg,Arla-Sour-Milk,train,48,24
train/Packages/Sour-Milk/Arla-Sour-Milk/Arla-Sour-Milk_030.jpg,Arla-Sour-Milk,train,48,24
train/Packages/Soyghurt/Alpro-Blueberry-Soyghurt/Alpro-Blueberry-Soyghurt_001.jpg,Alpro-Blueberry-Soyghurt,train,49,25
train/Packages/Soyghurt/Alpro-Blueberry-Soyghurt/Alpro-Blueberry-Soyghurt_002.jpg,Alpro-Blueberry-Soyghurt,train,49,25
train/Packages/Soyghurt/Alpro-Blueberry-Soyghurt/Alpro-Blueberry-Soyghurt_003.jpg,Alpro-Blueberry-Soyghurt,train,49,25
train/Packages/Soyghurt/Alpro-Blueberry-Soyghurt/Alpro-Blueberry-Soyghurt_004.jpg,Alpro-Blueberry-Soyghurt,train,49,25
train/Packages/Soyghurt/Alpro-Blueberry-Soyghurt/Alpro-Blueberry-Soyghurt_005.jpg,Alpro-Blueberry-Soyghurt,train,49,25
train/Packages/Soyghurt/Alpro-Blueberry-Soyghurt/Alpro-Blueberry-Soyghurt_006.jpg,Alpro-Blueberry-Soyghurt,train,49,25
train/Packages/Soyghurt/Alpro-Blueberry-Soyghurt/Alpro-Blueberry-Soyghurt_007.jpg,Alpro-Blueberry-Soyghurt,train,49,25
train/Packages/Soyghurt/Alpro-Blueberry-Soyghurt/Alpro-Blueberry-Soyghurt_008.jpg,Alpro-Blueberry-Soyghurt,train,49,25
train/Packages/Soyghurt/Alpro-Blueberry-Soyghurt/Alpro-Blueberry-Soyghurt_009.jpg,Alpro-Blueberry-Soyghurt,train,49,25
train/Packages/Soyghurt/Alpro-Blueberry-Soyghurt/Alpro-Blueberry-Soyghurt_010.jpg,Alpro-Blueberry-Soyghurt,train,49,25
train/Packages/Soyghurt/Alpro-Blueberry-Soyghurt/Alpro-Blueberry-Soyghurt_011.jpg,Alpro-Blueberry-Soyghurt,train,49,25
train/Packages/Soyghurt/Alpro-Blueberry-Soyghurt/Alpro-Blueberry-Soyghurt_012.jpg,Alpro-Blueberry-Soyghurt,train,49,25
train/Packages/Soyghurt/Alpro-Blueberry-Soyghurt/Alpro-Blueberry-Soyghurt_013.jpg,Alpro-Blueberry-Soyghurt,train,49,25
train/Packages/Soyghurt/Alpro-Blueberry-Soyghurt/Alpro-Blueberry-Soyghurt_014.jpg,Alpro-Blueberry-Soyghurt,train,49,25
train/Packages/Soyghurt/Alpro-Blueberry-Soyghurt/Alpro-Blueberry-Soyghurt_015.jpg,Alpro-Blueberry-Soyghurt,train,49,25
train/Packages/Soyghurt/Alpro-Blueberry-Soyghurt/Alpro-Blueberry-Soyghurt_016.jpg,Alpro-Blueberry-Soyghurt,train,49,25
train/Packages/Soyghurt/Alpro-Blueberry-Soyghurt/Alpro-Blueberry-Soyghurt_017.jpg,Alpro-Blueberry-Soyghurt,train,49,25
train/Packages/Soyghurt/Alpro-Blueberry-Soyghurt/Alpro-Blueberry-Soyghurt_018.jpg,Alpro-Blueberry-Soyghurt,train,49,25
train/Packages/Soyghurt/Alpro-Blueberry-Soyghurt/Alpro-Blueberry-Soyghurt_019.jpg,Alpro-Blueberry-Soyghurt,train,49,25
train/Packages/Soyghurt/Alpro-Blueberry-Soyghurt/Alpro-Blueberry-Soyghurt_020.jpg,Alpro-Blueberry-Soyghurt,train,49,25
train/Packages/Soyghurt/Alpro-Blueberry-Soyghurt/Alpro-Blueberry-Soyghurt_021.jpg,Alpro-Blueberry-Soyghurt,train,49,25
train/Packages/Soyghurt/Alpro-Blueberry-Soyghurt/Alpro-Blueberry-Soyghurt_022.jpg,Alpro-Blueberry-Soyghurt,train,49,25
train/Packages/Soyghurt/Alpro-Blueberry-Soyghurt/Alpro-Blueberry-Soyghurt_023.jpg,Alpro-Blueberry-Soyghurt,train,49,25
train/Packages/Soyghurt/Alpro-Blueberry-Soyghurt/Alpro-Blueberry-Soyghurt_024.jpg,Alpro-Blueberry-Soyghurt,train,49,25
train/Packages/Soyghurt/Alpro-Blueberry-Soyghurt/Alpro-Blueberry-Soyghurt_025.jpg,Alpro-Blueberry-Soyghurt,train,49,25
train/Packages/Soyghurt/Alpro-Blueberry-Soyghurt/Alpro-Blueberry-Soyghurt_026.jpg,Alpro-Blueberry-Soyghurt,train,49,25
train/Packages/Soyghurt/Alpro-Blueberry-Soyghurt/Alpro-Blueberry-Soyghurt_027.jpg,Alpro-Blueberry-Soyghurt,train,49,25
train/Packages/Soyghurt/Alpro-Blueberry-Soyghurt/Alpro-Blueberry-Soyghurt_028.jpg,Alpro-Blueberry-Soyghurt,train,49,25
train/Packages/Soyghurt/Alpro-Vanilla-Soyghurt/Alpro-Vanilla-Soyghurt_001.jpg,Alpro-Vanilla-Soyghurt,train,50,25
train/Packages/Soyghurt/Alpro-Vanilla-Soyghurt/Alpro-Vanilla-Soyghurt_002.jpg,Alpro-Vanilla-Soyghurt,train,50,25
train/Packages/Soyghurt/Alpro-Vanilla-Soyghurt/Alpro-Vanilla-Soyghurt_003.jpg,Alpro-Vanilla-Soyghurt,train,50,25
train/Packages/Soyghurt/Alpro-Vanilla-Soyghurt/Alpro-Vanilla-Soyghurt_004.jpg,Alpro-Vanilla-Soyghurt,train,50,25
train/Packages/Soyghurt/Alpro-Vanilla-Soyghurt/Alpro-Vanilla-Soyghurt_005.jpg,Alpro-Vanilla-Soyghurt,train,50,25
train/Packages/Soyghurt/Alpro-Vanilla-Soyghurt/Alpro-Vanilla-Soyghurt_006.jpg,Alpro-Vanilla-Soyghurt,train,50,25
train/Packages/Soyghurt/Alpro-Vanilla-Soyghurt/Alpro-Vanilla-Soyghurt_007.jpg,Alpro-Vanilla-Soyghurt,train,50,25
train/Packages/Soyghurt/Alpro-Vanilla-Soyghurt/Alpro-Vanilla-Soyghurt_008.jpg,Alpro-Vanilla-Soyghurt,train,50,25
train/Packages/Soyghurt/Alpro-Vanilla-Soyghurt/Alpro-Vanilla-Soyghurt_009.jpg,Alpro-Vanilla-Soyghurt,train,50,25
train/Packages/Soyghurt/Alpro-Vanilla-Soyghurt/Alpro-Vanilla-Soyghurt_010.jpg,Alpro-Vanilla-Soyghurt,train,50,25
train/Packages/Soyghurt/Alpro-Vanilla-Soyghurt/Alpro-Vanilla-Soyghurt_011.jpg,Alpro-Vanilla-Soyghurt,train,50,25
train/Packages/Soyghurt/Alpro-Vanilla-Soyghurt/Alpro-Vanilla-Soyghurt_012.jpg,Alpro-Vanilla-Soyghurt,train,50,25
train/Packages/Soyghurt/Alpro-Vanilla-Soyghurt/Alpro-Vanilla-Soyghurt_013.jpg,Alpro-Vanilla-Soyghurt,train,50,25
train/Packages/Soyghurt/Alpro-Vanilla-Soyghurt/Alpro-Vanilla-Soyghurt_014.jpg,Alpro-Vanilla-Soyghurt,train,50,25
train/Packages/Soyghurt/Alpro-Vanilla-Soyghurt/Alpro-Vanilla-Soyghurt_015.jpg,Alpro-Vanilla-Soyghurt,train,50,25
train/Packages/Soyghurt/Alpro-Vanilla-Soyghurt/Alpro-Vanilla-Soyghurt_016.jpg,Alpro-Vanilla-Soyghurt,train,50,25
train/Packages/Soyghurt/Alpro-Vanilla-Soyghurt/Alpro-Vanilla-Soyghurt_017.jpg,Alpro-Vanilla-Soyghurt,train,50,25
train/Packages/Soyghurt/Alpro-Vanilla-Soyghurt/Alpro-Vanilla-Soyghurt_018.jpg,Alpro-Vanilla-Soyghurt,train,50,25
train/Packages/Soyghurt/Alpro-Vanilla-Soyghurt/Alpro-Vanilla-Soyghurt_019.jpg,Alpro-Vanilla-Soyghurt,train,50,25
train/Packages/Soyghurt/Alpro-Vanilla-Soyghurt/Alpro-Vanilla-Soyghurt_020.jpg,Alpro-Vanilla-Soyghurt,train,50,25
train/Packages/Soyghurt/Alpro-Vanilla-Soyghurt/Alpro-Vanilla-Soyghurt_021.jpg,Alpro-Vanilla-Soyghurt,train,50,25
train/Packages/Soyghurt/Alpro-Vanilla-Soyghurt/Alpro-Vanilla-Soyghurt_022.jpg,Alpro-Vanilla-Soyghurt,train,50,25
train/Packages/Soyghurt/Alpro-Vanilla-Soyghurt/Alpro-Vanilla-Soyghurt_023.jpg,Alpro-Vanilla-Soyghurt,train,50,25
train/Packages/Soy-Milk/Alpro-Fresh-Soy-Milk/Alpro-Fresh-Soy-Milk_001.jpg,Alpro-Fresh-Soy-Milk,train,51,26
train/Packages/Soy-Milk/Alpro-Fresh-Soy-Milk/Alpro-Fresh-Soy-Milk_002.jpg,Alpro-Fresh-Soy-Milk,train,51,26
train/Packages/Soy-Milk/Alpro-Fresh-Soy-Milk/Alpro-Fresh-Soy-Milk_003.jpg,Alpro-Fresh-Soy-Milk,train,51,26
train/Packages/Soy-Milk/Alpro-Fresh-Soy-Milk/Alpro-Fresh-Soy-Milk_004.jpg,Alpro-Fresh-Soy-Milk,train,51,26
train/Packages/Soy-Milk/Alpro-Fresh-Soy-Milk/Alpro-Fresh-Soy-Milk_005.jpg,Alpro-Fresh-Soy-Milk,train,51,26
train/Packages/Soy-Milk/Alpro-Fresh-Soy-Milk/Alpro-Fresh-Soy-Milk_006.jpg,Alpro-Fresh-Soy-Milk,train,51,26
train/Packages/Soy-Milk/Alpro-Fresh-Soy-Milk/Alpro-Fresh-Soy-Milk_007.jpg,Alpro-Fresh-Soy-Milk,train,51,26
train/Packages/Soy-Milk/Alpro-Fresh-Soy-Milk/Alpro-Fresh-Soy-Milk_008.jpg,Alpro-Fresh-Soy-Milk,train,51,26
train/Packages/Soy-Milk/Alpro-Fresh-Soy-Milk/Alpro-Fresh-Soy-Milk_009.jpg,Alpro-Fresh-Soy-Milk,train,51,26
train/Packages/Soy-Milk/Alpro-Fresh-Soy-Milk/Alpro-Fresh-Soy-Milk_010.jpg,Alpro-Fresh-Soy-Milk,train,51,26
train/Packages/Soy-Milk/Alpro-Fresh-Soy-Milk/Alpro-Fresh-Soy-Milk_011.jpg,Alpro-Fresh-Soy-Milk,train,51,26
train/Packages/Soy-Milk/Alpro-Fresh-Soy-Milk/Alpro-Fresh-Soy-Milk_012.jpg,Alpro-Fresh-Soy-Milk,train,51,26
train/Packages/Soy-Milk/Alpro-Fresh-Soy-Milk/Alpro-Fresh-Soy-Milk_013.jpg,Alpro-Fresh-Soy-Milk,train,51,26
train/Packages/Soy-Milk/Alpro-Fresh-Soy-Milk/Alpro-Fresh-Soy-Milk_014.jpg,Alpro-Fresh-Soy-Milk,train,51,26
train/Packages/Soy-Milk/Alpro-Fresh-Soy-Milk/Alpro-Fresh-Soy-Milk_015.jpg,Alpro-Fresh-Soy-Milk,train,51,26
train/Packages/Soy-Milk/Alpro-Fresh-Soy-Milk/Alpro-Fresh-Soy-Milk_016.jpg,Alpro-Fresh-Soy-Milk,train,51,26
train/Packages/Soy-Milk/Alpro-Fresh-Soy-Milk/Alpro-Fresh-Soy-Milk_017.jpg,Alpro-Fresh-Soy-Milk,train,51,26
train/Packages/Soy-Milk/Alpro-Fresh-Soy-Milk/Alpro-Fresh-Soy-Milk_018.jpg,Alpro-Fresh-Soy-Milk,train,51,26
train/Packages/Soy-Milk/Alpro-Fresh-Soy-Milk/Alpro-Fresh-Soy-Milk_019.jpg,Alpro-Fresh-Soy-Milk,train,51,26
train/Packages/Soy-Milk/Alpro-Fresh-Soy-Milk/Alpro-Fresh-Soy-Milk_020.jpg,Alpro-Fresh-Soy-Milk,train,51,26
train/Packages/Soy-Milk/Alpro-Fresh-Soy-Milk/Alpro-Fresh-Soy-Milk_021.jpg,Alpro-Fresh-Soy-Milk,train,51,26
train/Packages/Soy-Milk/Alpro-Fresh-Soy-Milk/Alpro-Fresh-Soy-Milk_022.jpg,Alpro-Fresh-Soy-Milk,train,51,26
train/Packages/Soy-Milk/Alpro-Fresh-Soy-Milk/Alpro-Fresh-Soy-Milk_023.jpg,Alpro-Fresh-Soy-Milk,train,51,26
train/Packages/Soy-Milk/Alpro-Fresh-Soy-Milk/Alpro-Fresh-Soy-Milk_024.jpg,Alpro-Fresh-Soy-Milk,train,51,26
train/Packages/Soy-Milk/Alpro-Fresh-Soy-Milk/Alpro-Fresh-Soy-Milk_025.jpg,Alpro-Fresh-Soy-Milk,train,51,26
train/Packages/Soy-Milk/Alpro-Fresh-Soy-Milk/Alpro-Fresh-Soy-Milk_026.jpg,Alpro-Fresh-Soy-Milk,train,51,26
train/Packages/Soy-Milk/Alpro-Fresh-Soy-Milk/Alpro-Fresh-Soy-Milk_027.jpg,Alpro-Fresh-Soy-Milk,train,51,26
train/Packages/Soy-Milk/Alpro-Fresh-Soy-Milk/Alpro-Fresh-Soy-Milk_028.jpg,Alpro-Fresh-Soy-Milk,train,51,26
train/Packages/Soy-Milk/Alpro-Fresh-Soy-Milk/Alpro-Fresh-Soy-Milk_029.jpg,Alpro-Fresh-Soy-Milk,train,51,26
train/Packages/Soy-Milk/Alpro-Fresh-Soy-Milk/Alpro-Fresh-Soy-Milk_030.jpg,Alpro-Fresh-Soy-Milk,train,51,26
train/Packages/Soy-Milk/Alpro-Shelf-Soy-Milk/Alpro-Shelf-Soy-Milk_001.jpg,Alpro-Shelf-Soy-Milk,train,52,26
train/Packages/Soy-Milk/Alpro-Shelf-Soy-Milk/Alpro-Shelf-Soy-Milk_002.jpg,Alpro-Shelf-Soy-Milk,train,52,26
train/Packages/Soy-Milk/Alpro-Shelf-Soy-Milk/Alpro-Shelf-Soy-Milk_003.jpg,Alpro-Shelf-Soy-Milk,train,52,26
train/Packages/Soy-Milk/Alpro-Shelf-Soy-Milk/Alpro-Shelf-Soy-Milk_004.jpg,Alpro-Shelf-Soy-Milk,train,52,26
train/Packages/Soy-Milk/Alpro-Shelf-Soy-Milk/Alpro-Shelf-Soy-Milk_005.jpg,Alpro-Shelf-Soy-Milk,train,52,26
train/Packages/Soy-Milk/Alpro-Shelf-Soy-Milk/Alpro-Shelf-Soy-Milk_006.jpg,Alpro-Shelf-Soy-Milk,train,52,26
train/Packages/Soy-Milk/Alpro-Shelf-Soy-Milk/Alpro-Shelf-Soy-Milk_007.jpg,Alpro-Shelf-Soy-Milk,train,52,26
train/Packages/Soy-Milk/Alpro-Shelf-Soy-Milk/Alpro-Shelf-Soy-Milk_008.jpg,Alpro-Shelf-Soy-Milk,train,52,26
train/Packages/Soy-Milk/Alpro-Shelf-Soy-Milk/Alpro-Shelf-Soy-Milk_009.jpg,Alpro-Shelf-Soy-Milk,train,52,26
train/Packages/Soy-Milk/Alpro-Shelf-Soy-Milk/Alpro-Shelf-Soy-Milk_010.jpg,Alpro-Shelf-Soy-Milk,train,52,26
train/Packages/Soy-Milk/Alpro-Shelf-Soy-Milk/Alpro-Shelf-Soy-Milk_011.jpg,Alpro-Shelf-Soy-Milk,train,52,26
train/Packages/Soy-Milk/Alpro-Shelf-Soy-Milk/Alpro-Shelf-Soy-Milk_012.jpg,Alpro-Shelf-Soy-Milk,train,52,26
train/Packages/Soy-Milk/Alpro-Shelf-Soy-Milk/Alpro-Shelf-Soy-Milk_013.jpg,Alpro-Shelf-Soy-Milk,train,52,26
train/Packages/Soy-Milk/Alpro-Shelf-Soy-Milk/Alpro-Shelf-Soy-Milk_014.jpg,Alpro-Shelf-Soy-Milk,train,52,26
train/Packages/Soy-Milk/Alpro-Shelf-Soy-Milk/Alpro-Shelf-Soy-Milk_015.jpg,Alpro-Shelf-Soy-Milk,train,52,26
train/Packages/Soy-Milk/Alpro-Shelf-Soy-Milk/Alpro-Shelf-Soy-Milk_016.jpg,Alpro-Shelf-Soy-Milk,train,52,26
train/Packages/Soy-Milk/Alpro-Shelf-Soy-Milk/Alpro-Shelf-Soy-Milk_017.jpg,Alpro-Shelf-Soy-Milk,train,52,26
train/Packages/Soy-Milk/Alpro-Shelf-Soy-Milk/Alpro-Shelf-Soy-Milk_018.jpg,Alpro-Shelf-Soy-Milk,train,52,26
train/Packages/Soy-Milk/Alpro-Shelf-Soy-Milk/Alpro-Shelf-Soy-Milk_019.jpg,Alpro-Shelf-Soy-Milk,train,52,26
train/Packages/Soy-Milk/Alpro-Shelf-Soy-Milk/Alpro-Shelf-Soy-Milk_020.jpg,Alpro-Shelf-Soy-Milk,train,52,26
train/Packages/Soy-Milk/Alpro-Shelf-Soy-Milk/Alpro-Shelf-Soy-Milk_021.jpg,Alpro-Shelf-Soy-Milk,train,52,26
train/Packages/Soy-Milk/Alpro-Shelf-Soy-Milk/Alpro-Shelf-Soy-Milk_022.jpg,Alpro-Shelf-Soy-Milk,train,52,26
train/Packages/Soy-Milk/Alpro-Shelf-Soy-Milk/Alpro-Shelf-Soy-Milk_023.jpg,Alpro-Shelf-Soy-Milk,train,52,26
train/Packages/Soy-Milk/Alpro-Shelf-Soy-Milk/Alpro-Shelf-Soy-Milk_024.jpg,Alpro-Shelf-Soy-Milk,train,52,26
train/Packages/Soy-Milk/Alpro-Shelf-Soy-Milk/Alpro-Shelf-Soy-Milk_025.jpg,Alpro-Shelf-Soy-Milk,train,52,26
train/Packages/Soy-Milk/Alpro-Shelf-Soy-Milk/Alpro-Shelf-Soy-Milk_026.jpg,Alpro-Shelf-Soy-Milk,train,52,26
train/Packages/Soy-Milk/Alpro-Shelf-Soy-Milk/Alpro-Shelf-Soy-Milk_027.jpg,Alpro-Shelf-Soy-Milk,train,52,26
train/Packages/Soy-Milk/Alpro-Shelf-Soy-Milk/Alpro-Shelf-Soy-Milk_028.jpg,Alpro-Shelf-Soy-Milk,train,52,26
train/Packages/Soy-Milk/Alpro-Shelf-Soy-Milk/Alpro-Shelf-Soy-Milk_029.jpg,Alpro-Shelf-Soy-Milk,train,52,26
train/Packages/Soy-Milk/Alpro-Shelf-Soy-Milk/Alpro-Shelf-Soy-Milk_030.jpg,Alpro-Shelf-Soy-Milk,train,52,26
train/Packages/Yoghurt/Arla-Mild-Vanilla-Yoghurt/Arla-Mild-Vanilla-Yoghurt_001.jpg,Arla-Mild-Vanilla-Yoghurt,train,53,27
train/Packages/Yoghurt/Arla-Mild-Vanilla-Yoghurt/Arla-Mild-Vanilla-Yoghurt_002.jpg,Arla-Mild-Vanilla-Yoghurt,train,53,27
train/Packages/Yoghurt/Arla-Mild-Vanilla-Yoghurt/Arla-Mild-Vanilla-Yoghurt_003.jpg,Arla-Mild-Vanilla-Yoghurt,train,53,27
train/Packages/Yoghurt/Arla-Mild-Vanilla-Yoghurt/Arla-Mild-Vanilla-Yoghurt_004.jpg,Arla-Mild-Vanilla-Yoghurt,train,53,27
train/Packages/Yoghurt/Arla-Mild-Vanilla-Yoghurt/Arla-Mild-Vanilla-Yoghurt_005.jpg,Arla-Mild-Vanilla-Yoghurt,train,53,27
train/Packages/Yoghurt/Arla-Mild-Vanilla-Yoghurt/Arla-Mild-Vanilla-Yoghurt_006.jpg,Arla-Mild-Vanilla-Yoghurt,train,53,27
train/Packages/Yoghurt/Arla-Mild-Vanilla-Yoghurt/Arla-Mild-Vanilla-Yoghurt_007.jpg,Arla-Mild-Vanilla-Yoghurt,train,53,27
train/Packages/Yoghurt/Arla-Mild-Vanilla-Yoghurt/Arla-Mild-Vanilla-Yoghurt_008.jpg,Arla-Mild-Vanilla-Yoghurt,train,53,27
train/Packages/Yoghurt/Arla-Mild-Vanilla-Yoghurt/Arla-Mild-Vanilla-Yoghurt_009.jpg,Arla-Mild-Vanilla-Yoghurt,train,53,27
train/Packages/Yoghurt/Arla-Mild-Vanilla-Yoghurt/Arla-Mild-Vanilla-Yoghurt_010.jpg,Arla-Mild-Vanilla-Yoghurt,train,53,27
train/Packages/Yoghurt/Arla-Mild-Vanilla-Yoghurt/Arla-Mild-Vanilla-Yoghurt_011.jpg,Arla-Mild-Vanilla-Yoghurt,train,53,27
train/Packages/Yoghurt/Arla-Mild-Vanilla-Yoghurt/Arla-Mild-Vanilla-Yoghurt_012.jpg,Arla-Mild-Vanilla-Yoghurt,train,53,27
train/Packages/Yoghurt/Arla-Mild-Vanilla-Yoghurt/Arla-Mild-Vanilla-Yoghurt_013.jpg,Arla-Mild-Vanilla-Yoghurt,train,53,27
train/Packages/Yoghurt/Arla-Mild-Vanilla-Yoghurt/Arla-Mild-Vanilla-Yoghurt_014.jpg,Arla-Mild-Vanilla-Yoghurt,train,53,27
train/Packages/Yoghurt/Arla-Mild-Vanilla-Yoghurt/Arla-Mild-Vanilla-Yoghurt_015.jpg,Arla-Mild-Vanilla-Yoghurt,train,53,27
train/Packages/Yoghurt/Arla-Mild-Vanilla-Yoghurt/Arla-Mild-Vanilla-Yoghurt_016.jpg,Arla-Mild-Vanilla-Yoghurt,train,53,27
train/Packages/Yoghurt/Arla-Mild-Vanilla-Yoghurt/Arla-Mild-Vanilla-Yoghurt_017.jpg,Arla-Mild-Vanilla-Yoghurt,train,53,27
train/Packages/Yoghurt/Arla-Mild-Vanilla-Yoghurt/Arla-Mild-Vanilla-Yoghurt_018.jpg,Arla-Mild-Vanilla-Yoghurt,train,53,27
train/Packages/Yoghurt/Arla-Mild-Vanilla-Yoghurt/Arla-Mild-Vanilla-Yoghurt_019.jpg,Arla-Mild-Vanilla-Yoghurt,train,53,27
train/Packages/Yoghurt/Arla-Mild-Vanilla-Yoghurt/Arla-Mild-Vanilla-Yoghurt_020.jpg,Arla-Mild-Vanilla-Yoghurt,train,53,27
train/Packages/Yoghurt/Arla-Mild-Vanilla-Yoghurt/Arla-Mild-Vanilla-Yoghurt_021.jpg,Arla-Mild-Vanilla-Yoghurt,train,53,27
train/Packages/Yoghurt/Arla-Mild-Vanilla-Yoghurt/Arla-Mild-Vanilla-Yoghurt_022.jpg,Arla-Mild-Vanilla-Yoghurt,train,53,27
train/Packages/Yoghurt/Arla-Mild-Vanilla-Yoghurt/Arla-Mild-Vanilla-Yoghurt_023.jpg,Arla-Mild-Vanilla-Yoghurt,train,53,27
train/Packages/Yoghurt/Arla-Mild-Vanilla-Yoghurt/Arla-Mild-Vanilla-Yoghurt_024.jpg,Arla-Mild-Vanilla-Yoghurt,train,53,27
train/Packages/Yoghurt/Arla-Mild-Vanilla-Yoghurt/Arla-Mild-Vanilla-Yoghurt_025.jpg,Arla-Mild-Vanilla-Yoghurt,train,53,27
train/Packages/Yoghurt/Arla-Mild-Vanilla-Yoghurt/Arla-Mild-Vanilla-Yoghurt_026.jpg,Arla-Mild-Vanilla-Yoghurt,train,53,27
train/Packages/Yoghurt/Arla-Mild-Vanilla-Yoghurt/Arla-Mild-Vanilla-Yoghurt_027.jpg,Arla-Mild-Vanilla-Yoghurt,train,53,27
train/Packages/Yoghurt/Arla-Mild-Vanilla-Yoghurt/Arla-Mild-Vanilla-Yoghurt_028.jpg,Arla-Mild-Vanilla-Yoghurt,train,53,27
train/Packages/Yoghurt/Arla-Mild-Vanilla-Yoghurt/Arla-Mild-Vanilla-Yoghurt_029.jpg,Arla-Mild-Vanilla-Yoghurt,train,53,27
train/Packages/Yoghurt/Arla-Natural-Mild-Low-Fat-Yoghurt/Arla-Natural-Mild-Low-Fat-Yoghurt_001.jpg,Arla-Natural-Mild-Low-Fat-Yoghurt,train,54,27
train/Packages/Yoghurt/Arla-Natural-Mild-Low-Fat-Yoghurt/Arla-Natural-Mild-Low-Fat-Yoghurt_002.jpg,Arla-Natural-Mild-Low-Fat-Yoghurt,train,54,27
train/Packages/Yoghurt/Arla-Natural-Mild-Low-Fat-Yoghurt/Arla-Natural-Mild-Low-Fat-Yoghurt_003.jpg,Arla-Natural-Mild-Low-Fat-Yoghurt,train,54,27
train/Packages/Yoghurt/Arla-Natural-Mild-Low-Fat-Yoghurt/Arla-Natural-Mild-Low-Fat-Yoghurt_004.jpg,Arla-Natural-Mild-Low-Fat-Yoghurt,train,54,27
train/Packages/Yoghurt/Arla-Natural-Mild-Low-Fat-Yoghurt/Arla-Natural-Mild-Low-Fat-Yoghurt_005.jpg,Arla-Natural-Mild-Low-Fat-Yoghurt,train,54,27
train/Packages/Yoghurt/Arla-Natural-Mild-Low-Fat-Yoghurt/Arla-Natural-Mild-Low-Fat-Yoghurt_006.jpg,Arla-Natural-Mild-Low-Fat-Yoghurt,train,54,27
train/Packages/Yoghurt/Arla-Natural-Mild-Low-Fat-Yoghurt/Arla-Natural-Mild-Low-Fat-Yoghurt_007.jpg,Arla-Natural-Mild-Low-Fat-Yoghurt,train,54,27
train/Packages/Yoghurt/Arla-Natural-Mild-Low-Fat-Yoghurt/Arla-Natural-Mild-Low-Fat-Yoghurt_008.jpg,Arla-Natural-Mild-Low-Fat-Yoghurt,train,54,27
train/Packages/Yoghurt/Arla-Natural-Mild-Low-Fat-Yoghurt/Arla-Natural-Mild-Low-Fat-Yoghurt_009.jpg,Arla-Natural-Mild-Low-Fat-Yoghurt,train,54,27
train/Packages/Yoghurt/Arla-Natural-Mild-Low-Fat-Yoghurt/Arla-Natural-Mild-Low-Fat-Yoghurt_010.jpg,Arla-Natural-Mild-Low-Fat-Yoghurt,train,54,27
train/Packages/Yoghurt/Arla-Natural-Mild-Low-Fat-Yoghurt/Arla-Natural-Mild-Low-Fat-Yoghurt_011.jpg,Arla-Natural-Mild-Low-Fat-Yoghurt,train,54,27
train/Packages/Yoghurt/Arla-Natural-Mild-Low-Fat-Yoghurt/Arla-Natural-Mild-Low-Fat-Yoghurt_012.jpg,Arla-Natural-Mild-Low-Fat-Yoghurt,train,54,27
train/Packages/Yoghurt/Arla-Natural-Mild-Low-Fat-Yoghurt/Arla-Natural-Mild-Low-Fat-Yoghurt_013.jpg,Arla-Natural-Mild-Low-Fat-Yoghurt,train,54,27
train/Packages/Yoghurt/Arla-Natural-Mild-Low-Fat-Yoghurt/Arla-Natural-Mild-Low-Fat-Yoghurt_014.jpg,Arla-Natural-Mild-Low-Fat-Yoghurt,train,54,27
train/Packages/Yoghurt/Arla-Natural-Mild-Low-Fat-Yoghurt/Arla-Natural-Mild-Low-Fat-Yoghurt_015.jpg,Arla-Natural-Mild-Low-Fat-Yoghurt,train,54,27
train/Packages/Yoghurt/Arla-Natural-Mild-Low-Fat-Yoghurt/Arla-Natural-Mild-Low-Fat-Yoghurt_016.jpg,Arla-Natural-Mild-Low-Fat-Yoghurt,train,54,27
train/Packages/Yoghurt/Arla-Natural-Mild-Low-Fat-Yoghurt/Arla-Natural-Mild-Low-Fat-Yoghurt_017.jpg,Arla-Natural-Mild-Low-Fat-Yoghurt,train,54,27
train/Packages/Yoghurt/Arla-Natural-Mild-Low-Fat-Yoghurt/Arla-Natural-Mild-Low-Fat-Yoghurt_018.jpg,Arla-Natural-Mild-Low-Fat-Yoghurt,train,54,27
train/Packages/Yoghurt/Arla-Natural-Mild-Low-Fat-Yoghurt/Arla-Natural-Mild-Low-Fat-Yoghurt_019.jpg,Arla-Natural-Mild-Low-Fat-Yoghurt,train,54,27
train/Packages/Yoghurt/Arla-Natural-Mild-Low-Fat-Yoghurt/Arla-Natural-Mild-Low-Fat-Yoghurt_020.jpg,Arla-Natural-Mild-Low-Fat-Yoghurt,train,54,27
train/Packages/Yoghurt/Arla-Natural-Mild-Low-Fat-Yoghurt/Arla-Natural-Mild-Low-Fat-Yoghurt_021.jpg,Arla-Natural-Mild-Low-Fat-Yoghurt,train,54,27
train/Packages/Yoghurt/Arla-Natural-Mild-Low-Fat-Yoghurt/Arla-Natural-Mild-Low-Fat-Yoghurt_022.jpg,Arla-Natural-Mild-Low-Fat-Yoghurt,train,54,27
train/Packages/Yoghurt/Arla-Natural-Mild-Low-Fat-Yoghurt/Arla-Natural-Mild-Low-Fat-Yoghurt_023.jpg,Arla-Natural-Mild-Low-Fat-Yoghurt,train,54,27
train/Packages/Yoghurt/Arla-Natural-Mild-Low-Fat-Yoghurt/Arla-Natural-Mild-Low-Fat-Yoghurt_024.jpg,Arla-Natural-Mild-Low-Fat-Yoghurt,train,54,27
train/Packages/Yoghurt/Arla-Natural-Mild-Low-Fat-Yoghurt/Arla-Natural-Mild-Low-Fat-Yoghurt_025.jpg,Arla-Natural-Mild-Low-Fat-Yoghurt,train,54,27
train/Packages/Yoghurt/Arla-Natural-Mild-Low-Fat-Yoghurt/Arla-Natural-Mild-Low-Fat-Yoghurt_026.jpg,Arla-Natural-Mild-Low-Fat-Yoghurt,train,54,27
train/Packages/Yoghurt/Arla-Natural-Yoghurt/Arla-Natural-Yoghurt_001.jpg,Arla-Natural-Yoghurt,train,55,27
train/Packages/Yoghurt/Arla-Natural-Yoghurt/Arla-Natural-Yoghurt_002.jpg,Arla-Natural-Yoghurt,train,55,27
train/Packages/Yoghurt/Arla-Natural-Yoghurt/Arla-Natural-Yoghurt_003.jpg,Arla-Natural-Yoghurt,train,55,27
train/Packages/Yoghurt/Arla-Natural-Yoghurt/Arla-Natural-Yoghurt_004.jpg,Arla-Natural-Yoghurt,train,55,27
train/Packages/Yoghurt/Arla-Natural-Yoghurt/Arla-Natural-Yoghurt_005.jpg,Arla-Natural-Yoghurt,train,55,27
train/Packages/Yoghurt/Arla-Natural-Yoghurt/Arla-Natural-Yoghurt_006.jpg,Arla-Natural-Yoghurt,train,55,27
train/Packages/Yoghurt/Arla-Natural-Yoghurt/Arla-Natural-Yoghurt_007.jpg,Arla-Natural-Yoghurt,train,55,27
train/Packages/Yoghurt/Arla-Natural-Yoghurt/Arla-Natural-Yoghurt_008.jpg,Arla-Natural-Yoghurt,train,55,27
train/Packages/Yoghurt/Arla-Natural-Yoghurt/Arla-Natural-Yoghurt_009.jpg,Arla-Natural-Yoghurt,train,55,27
train/Packages/Yoghurt/Arla-Natural-Yoghurt/Arla-Natural-Yoghurt_010.jpg,Arla-Natural-Yoghurt,train,55,27
train/Packages/Yoghurt/Arla-Natural-Yoghurt/Arla-Natural-Yoghurt_011.jpg,Arla-Natural-Yoghurt,train,55,27
train/Packages/Yoghurt/Arla-Natural-Yoghurt/Arla-Natural-Yoghurt_012.jpg,Arla-Natural-Yoghurt,train,55,27
train/Packages/Yoghurt/Arla-Natural-Yoghurt/Arla-Natural-Yoghurt_013.jpg,Arla-Natural-Yoghurt,train,55,27
train/Packages/Yoghurt/Arla-Natural-Yoghurt/Arla-Natural-Yoghurt_014.jpg,Arla-Natural-Yoghurt,train,55,27
train/Packages/Yoghurt/Arla-Natural-Yoghurt/Arla-Natural-Yoghurt_015.jpg,Arla-Natural-Yoghurt,train,55,27
train/Packages/Yoghurt/Arla-Natural-Yoghurt/Arla-Natural-Yoghurt_016.jpg,Arla-Natural-Yoghurt,train,55,27
train/Packages/Yoghurt/Arla-Natural-Yoghurt/Arla-Natural-Yoghurt_017.jpg,Arla-Natural-Yoghurt,train,55,27
train/Packages/Yoghurt/Arla-Natural-Yoghurt/Arla-Natural-Yoghurt_018.jpg,Arla-Natural-Yoghurt,train,55,27
train/Packages/Yoghurt/Arla-Natural-Yoghurt/Arla-Natural-Yoghurt_019.jpg,Arla-Natural-Yoghurt,train,55,27
train/Packages/Yoghurt/Arla-Natural-Yoghurt/Arla-Natural-Yoghurt_020.jpg,Arla-Natural-Yoghurt,train,55,27
train/Packages/Yoghurt/Arla-Natural-Yoghurt/Arla-Natural-Yoghurt_021.jpg,Arla-Natural-Yoghurt,train,55,27
train/Packages/Yoghurt/Arla-Natural-Yoghurt/Arla-Natural-Yoghurt_022.jpg,Arla-Natural-Yoghurt,train,55,27
train/Packages/Yoghurt/Arla-Natural-Yoghurt/Arla-Natural-Yoghurt_023.jpg,Arla-Natural-Yoghurt,train,55,27
train/Packages/Yoghurt/Arla-Natural-Yoghurt/Arla-Natural-Yoghurt_024.jpg,Arla-Natural-Yoghurt,train,55,27
train/Packages/Yoghurt/Arla-Natural-Yoghurt/Arla-Natural-Yoghurt_025.jpg,Arla-Natural-Yoghurt,train,55,27
train/Packages/Yoghurt/Arla-Natural-Yoghurt/Arla-Natural-Yoghurt_026.jpg,Arla-Natural-Yoghurt,train,55,27
train/Packages/Yoghurt/Arla-Natural-Yoghurt/Arla-Natural-Yoghurt_027.jpg,Arla-Natural-Yoghurt,train,55,27
train/Packages/Yoghurt/Arla-Natural-Yoghurt/Arla-Natural-Yoghurt_028.jpg,Arla-Natural-Yoghurt,train,55,27
train/Packages/Yoghurt/Arla-Natural-Yoghurt/Arla-Natural-Yoghurt_029.jpg,Arla-Natural-Yoghurt,train,55,27
train/Packages/Yoghurt/Arla-Natural-Yoghurt/Arla-Natural-Yoghurt_030.jpg,Arla-Natural-Yoghurt,train,55,27
train/Packages/Yoghurt/Arla-Natural-Yoghurt/Arla-Natural-Yoghurt_031.jpg,Arla-Natural-Yoghurt,train,55,27
train/Packages/Yoghurt/Arla-Natural-Yoghurt/Arla-Natural-Yoghurt_032.jpg,Arla-Natural-Yoghurt,train,55,27
train/Packages/Yoghurt/Arla-Natural-Yoghurt/Arla-Natural-Yoghurt_033.jpg,Arla-Natural-Yoghurt,train,55,27
train/Packages/Yoghurt/Arla-Natural-Yoghurt/Arla-Natural-Yoghurt_034.jpg,Arla-Natural-Yoghurt,train,55,27
train/Packages/Yoghurt/Arla-Natural-Yoghurt/Arla-Natural-Yoghurt_035.jpg,Arla-Natural-Yoghurt,train,55,27
train/Packages/Yoghurt/Arla-Natural-Yoghurt/Arla-Natural-Yoghurt_036.jpg,Arla-Natural-Yoghurt,train,55,27
train/Packages/Yoghurt/Arla-Natural-Yoghurt/Arla-Natural-Yoghurt_037.jpg,Arla-Natural-Yoghurt,train,55,27
train/Packages/Yoghurt/Arla-Natural-Yoghurt/Arla-Natural-Yoghurt_038.jpg,Arla-Natural-Yoghurt,train,55,27
train/Packages/Yoghurt/Arla-Natural-Yoghurt/Arla-Natural-Yoghurt_039.jpg,Arla-Natural-Yoghurt,train,55,27
train/Packages/Yoghurt/Arla-Natural-Yoghurt/Arla-Natural-Yoghurt_040.jpg,Arla-Natural-Yoghurt,train,55,27
train/Packages/Yoghurt/Arla-Natural-Yoghurt/Arla-Natural-Yoghurt_041.jpg,Arla-Natural-Yoghurt,train,55,27
train/Packages/Yoghurt/Arla-Natural-Yoghurt/Arla-Natural-Yoghurt_042.jpg,Arla-Natural-Yoghurt,train,55,27
train/Packages/Yoghurt/Valio-Vanilla-Yoghurt/Valio-Vanilla-Yoghurt_001.jpg,Valio-Vanilla-Yoghurt,train,56,27
train/Packages/Yoghurt/Valio-Vanilla-Yoghurt/Valio-Vanilla-Yoghurt_002.jpg,Valio-Vanilla-Yoghurt,train,56,27
train/Packages/Yoghurt/Valio-Vanilla-Yoghurt/Valio-Vanilla-Yoghurt_003.jpg,Valio-Vanilla-Yoghurt,train,56,27
train/Packages/Yoghurt/Valio-Vanilla-Yoghurt/Valio-Vanilla-Yoghurt_004.jpg,Valio-Vanilla-Yoghurt,train,56,27
train/Packages/Yoghurt/Valio-Vanilla-Yoghurt/Valio-Vanilla-Yoghurt_005.jpg,Valio-Vanilla-Yoghurt,train,56,27
train/Packages/Yoghurt/Valio-Vanilla-Yoghurt/Valio-Vanilla-Yoghurt_006.jpg,Valio-Vanilla-Yoghurt,train,56,27
train/Packages/Yoghurt/Valio-Vanilla-Yoghurt/Valio-Vanilla-Yoghurt_007.jpg,Valio-Vanilla-Yoghurt,train,56,27
train/Packages/Yoghurt/Valio-Vanilla-Yoghurt/Valio-Vanilla-Yoghurt_008.jpg,Valio-Vanilla-Yoghurt,train,56,27
train/Packages/Yoghurt/Valio-Vanilla-Yoghurt/Valio-Vanilla-Yoghurt_009.jpg,Valio-Vanilla-Yoghurt,train,56,27
train/Packages/Yoghurt/Valio-Vanilla-Yoghurt/Valio-Vanilla-Yoghurt_010.jpg,Valio-Vanilla-Yoghurt,train,56,27
train/Packages/Yoghurt/Valio-Vanilla-Yoghurt/Valio-Vanilla-Yoghurt_011.jpg,Valio-Vanilla-Yoghurt,train,56,27
train/Packages/Yoghurt/Valio-Vanilla-Yoghurt/Valio-Vanilla-Yoghurt_012.jpg,Valio-Vanilla-Yoghurt,train,56,27
train/Packages/Yoghurt/Valio-Vanilla-Yoghurt/Valio-Vanilla-Yoghurt_013.jpg,Valio-Vanilla-Yoghurt,train,56,27
train/Packages/Yoghurt/Valio-Vanilla-Yoghurt/Valio-Vanilla-Yoghurt_014.jpg,Valio-Vanilla-Yoghurt,train,56,27
train/Packages/Yoghurt/Valio-Vanilla-Yoghurt/Valio-Vanilla-Yoghurt_015.jpg,Valio-Vanilla-Yoghurt,train,56,27
train/Packages/Yoghurt/Valio-Vanilla-Yoghurt/Valio-Vanilla-Yoghurt_016.jpg,Valio-Vanilla-Yoghurt,train,56,27
train/Packages/Yoghurt/Valio-Vanilla-Yoghurt/Valio-Vanilla-Yoghurt_017.jpg,Valio-Vanilla-Yoghurt,train,56,27
train/Packages/Yoghurt/Valio-Vanilla-Yoghurt/Valio-Vanilla-Yoghurt_018.jpg,Valio-Vanilla-Yoghurt,train,56,27
train/Packages/Yoghurt/Valio-Vanilla-Yoghurt/Valio-Vanilla-Yoghurt_019.jpg,Valio-Vanilla-Yoghurt,train,56,27
train/Packages/Yoghurt/Valio-Vanilla-Yoghurt/Valio-Vanilla-Yoghurt_020.jpg,Valio-Vanilla-Yoghurt,train,56,27
train/Packages/Yoghurt/Valio-Vanilla-Yoghurt/Valio-Vanilla-Yoghurt_021.jpg,Valio-Vanilla-Yoghurt,train,56,27
train/Packages/Yoghurt/Valio-Vanilla-Yoghurt/Valio-Vanilla-Yoghurt_022.jpg,Valio-Vanilla-Yoghurt,train,56,27
train/Packages/Yoghurt/Valio-Vanilla-Yoghurt/Valio-Vanilla-Yoghurt_023.jpg,Valio-Vanilla-Yoghurt,train,56,27
train/Packages/Yoghurt/Valio-Vanilla-Yoghurt/Valio-Vanilla-Yoghurt_024.jpg,Valio-Vanilla-Yoghurt,train,56,27
train/Packages/Yoghurt/Valio-Vanilla-Yoghurt/Valio-Vanilla-Yoghurt_025.jpg,Valio-Vanilla-Yoghurt,train,56,27
train/Packages/Yoghurt/Valio-Vanilla-Yoghurt/Valio-Vanilla-Yoghurt_026.jpg,Valio-Vanilla-Yoghurt,train,56,27
train/Packages/Yoghurt/Valio-Vanilla-Yoghurt/Valio-Vanilla-Yoghurt_027.jpg,Valio-Vanilla-Yoghurt,train,56,27
train/Packages/Yoghurt/Valio-Vanilla-Yoghurt/Valio-Vanilla-Yoghurt_028.jpg,Valio-Vanilla-Yoghurt,train,56,27
train/Packages/Yoghurt/Valio-Vanilla-Yoghurt/Valio-Vanilla-Yoghurt_029.jpg,Valio-Vanilla-Yoghurt,train,56,27
train/Packages/Yoghurt/Valio-Vanilla-Yoghurt/Valio-Vanilla-Yoghurt_030.jpg,Valio-Vanilla-Yoghurt,train,56,27
train/Packages/Yoghurt/Valio-Vanilla-Yoghurt/Valio-Vanilla-Yoghurt_031.jpg,Valio-Vanilla-Yoghurt,train,56,27
train/Packages/Yoghurt/Valio-Vanilla-Yoghurt/Valio-Vanilla-Yoghurt_032.jpg,Valio-Vanilla-Yoghurt,train,56,27
train/Packages/Yoghurt/Yoggi-Strawberry-Yoghurt/Yoggi-Strawberry-Yoghurt_001.jpg,Yoggi-Strawberry-Yoghurt,train,57,27
train/Packages/Yoghurt/Yoggi-Strawberry-Yoghurt/Yoggi-Strawberry-Yoghurt_002.jpg,Yoggi-Strawberry-Yoghurt,train,57,27
train/Packages/Yoghurt/Yoggi-Strawberry-Yoghurt/Yoggi-Strawberry-Yoghurt_003.jpg,Yoggi-Strawberry-Yoghurt,train,57,27
train/Packages/Yoghurt/Yoggi-Strawberry-Yoghurt/Yoggi-Strawberry-Yoghurt_004.jpg,Yoggi-Strawberry-Yoghurt,train,57,27
train/Packages/Yoghurt/Yoggi-Strawberry-Yoghurt/Yoggi-Strawberry-Yoghurt_005.jpg,Yoggi-Strawberry-Yoghurt,train,57,27
train/Packages/Yoghurt/Yoggi-Strawberry-Yoghurt/Yoggi-Strawberry-Yoghurt_006.jpg,Yoggi-Strawberry-Yoghurt,train,57,27
train/Packages/Yoghurt/Yoggi-Strawberry-Yoghurt/Yoggi-Strawberry-Yoghurt_007.jpg,Yoggi-Strawberry-Yoghurt,train,57,27
train/Packages/Yoghurt/Yoggi-Strawberry-Yoghurt/Yoggi-Strawberry-Yoghurt_008.jpg,Yoggi-Strawberry-Yoghurt,train,57,27
train/Packages/Yoghurt/Yoggi-Strawberry-Yoghurt/Yoggi-Strawberry-Yoghurt_009.jpg,Yoggi-Strawberry-Yoghurt,train,57,27
train/Packages/Yoghurt/Yoggi-Strawberry-Yoghurt/Yoggi-Strawberry-Yoghurt_010.jpg,Yoggi-Strawberry-Yoghurt,train,57,27
train/Packages/Yoghurt/Yoggi-Strawberry-Yoghurt/Yoggi-Strawberry-Yoghurt_011.jpg,Yoggi-Strawberry-Yoghurt,train,57,27
train/Packages/Yoghurt/Yoggi-Strawberry-Yoghurt/Yoggi-Strawberry-Yoghurt_012.jpg,Yoggi-Strawberry-Yoghurt,train,57,27
train/Packages/Yoghurt/Yoggi-Strawberry-Yoghurt/Yoggi-Strawberry-Yoghurt_013.jpg,Yoggi-Strawberry-Yoghurt,train,57,27
train/Packages/Yoghurt/Yoggi-Strawberry-Yoghurt/Yoggi-Strawberry-Yoghurt_014.jpg,Yoggi-Strawberry-Yoghurt,train,57,27
train/Packages/Yoghurt/Yoggi-Strawberry-Yoghurt/Yoggi-Strawberry-Yoghurt_015.jpg,Yoggi-Strawberry-Yoghurt,train,57,27
train/Packages/Yoghurt/Yoggi-Strawberry-Yoghurt/Yoggi-Strawberry-Yoghurt_016.jpg,Yoggi-Strawberry-Yoghurt,train,57,27
train/Packages/Yoghurt/Yoggi-Strawberry-Yoghurt/Yoggi-Strawberry-Yoghurt_017.jpg,Yoggi-Strawberry-Yoghurt,train,57,27
train/Packages/Yoghurt/Yoggi-Strawberry-Yoghurt/Yoggi-Strawberry-Yoghurt_018.jpg,Yoggi-Strawberry-Yoghurt,train,57,27
train/Packages/Yoghurt/Yoggi-Strawberry-Yoghurt/Yoggi-Strawberry-Yoghurt_019.jpg,Yoggi-Strawberry-Yoghurt,train,57,27
train/Packages/Yoghurt/Yoggi-Strawberry-Yoghurt/Yoggi-Strawberry-Yoghurt_020.jpg,Yoggi-Strawberry-Yoghurt,train,57,27
train/Packages/Yoghurt/Yoggi-Strawberry-Yoghurt/Yoggi-Strawberry-Yoghurt_021.jpg,Yoggi-Strawberry-Yoghurt,train,57,27
train/Packages/Yoghurt/Yoggi-Strawberry-Yoghurt/Yoggi-Strawberry-Yoghurt_022.jpg,Yoggi-Strawberry-Yoghurt,train,57,27
train/Packages/Yoghurt/Yoggi-Strawberry-Yoghurt/Yoggi-Strawberry-Yoghurt_023.jpg,Yoggi-Strawberry-Yoghurt,train,57,27
train/Packages/Yoghurt/Yoggi-Strawberry-Yoghurt/Yoggi-Strawberry-Yoghurt_024.jpg,Yoggi-Strawberry-Yoghurt,train,57,27
train/Packages/Yoghurt/Yoggi-Strawberry-Yoghurt/Yoggi-Strawberry-Yoghurt_025.jpg,Yoggi-Strawberry-Yoghurt,train,57,27
train/Packages/Yoghurt/Yoggi-Strawberry-Yoghurt/Yoggi-Strawberry-Yoghurt_026.jpg,Yoggi-Strawberry-Yoghurt,train,57,27
train/Packages/Yoghurt/Yoggi-Strawberry-Yoghurt/Yoggi-Strawberry-Yoghurt_027.jpg,Yoggi-Strawberry-Yoghurt,train,57,27
train/Packages/Yoghurt/Yoggi-Strawberry-Yoghurt/Yoggi-Strawberry-Yoghurt_028.jpg,Yoggi-Strawberry-Yoghurt,train,57,27
train/Packages/Yoghurt/Yoggi-Strawberry-Yoghurt/Yoggi-Strawberry-Yoghurt_029.jpg,Yoggi-Strawberry-Yoghurt,train,57,27
train/Packages/Yoghurt/Yoggi-Strawberry-Yoghurt/Yoggi-Strawberry-Yoghurt_030.jpg,Yoggi-Strawberry-Yoghurt,train,57,27
train/Packages/Yoghurt/Yoggi-Strawberry-Yoghurt/Yoggi-Strawberry-Yoghurt_031.jpg,Yoggi-Strawberry-Yoghurt,train,57,27
train/Packages/Yoghurt/Yoggi-Strawberry-Yoghurt/Yoggi-Strawberry-Yoghurt_032.jpg,Yoggi-Strawberry-Yoghurt,train,57,27
train/Packages/Yoghurt/Yoggi-Vanilla-Yoghurt/Yoggi-Vanilla-Yoghurt_001.jpg,Yoggi-Vanilla-Yoghurt,train,58,27
train/Packages/Yoghurt/Yoggi-Vanilla-Yoghurt/Yoggi-Vanilla-Yoghurt_002.jpg,Yoggi-Vanilla-Yoghurt,train,58,27
train/Packages/Yoghurt/Yoggi-Vanilla-Yoghurt/Yoggi-Vanilla-Yoghurt_003.jpg,Yoggi-Vanilla-Yoghurt,train,58,27
train/Packages/Yoghurt/Yoggi-Vanilla-Yoghurt/Yoggi-Vanilla-Yoghurt_004.jpg,Yoggi-Vanilla-Yoghurt,train,58,27
train/Packages/Yoghurt/Yoggi-Vanilla-Yoghurt/Yoggi-Vanilla-Yoghurt_005.jpg,Yoggi-Vanilla-Yoghurt,train,58,27
train/Packages/Yoghurt/Yoggi-Vanilla-Yoghurt/Yoggi-Vanilla-Yoghurt_006.jpg,Yoggi-Vanilla-Yoghurt,train,58,27
train/Packages/Yoghurt/Yoggi-Vanilla-Yoghurt/Yoggi-Vanilla-Yoghurt_007.jpg,Yoggi-Vanilla-Yoghurt,train,58,27
train/Packages/Yoghurt/Yoggi-Vanilla-Yoghurt/Yoggi-Vanilla-Yoghurt_008.jpg,Yoggi-Vanilla-Yoghurt,train,58,27
train/Packages/Yoghurt/Yoggi-Vanilla-Yoghurt/Yoggi-Vanilla-Yoghurt_009.jpg,Yoggi-Vanilla-Yoghurt,train,58,27
train/Packages/Yoghurt/Yoggi-Vanilla-Yoghurt/Yoggi-Vanilla-Yoghurt_010.jpg,Yoggi-Vanilla-Yoghurt,train,58,27
train/Packages/Yoghurt/Yoggi-Vanilla-Yoghurt/Yoggi-Vanilla-Yoghurt_011.jpg,Yoggi-Vanilla-Yoghurt,train,58,27
train/Packages/Yoghurt/Yoggi-Vanilla-Yoghurt/Yoggi-Vanilla-Yoghurt_012.jpg,Yoggi-Vanilla-Yoghurt,train,58,27
train/Packages/Yoghurt/Yoggi-Vanilla-Yoghurt/Yoggi-Vanilla-Yoghurt_013.jpg,Yoggi-Vanilla-Yoghurt,train,58,27
train/Packages/Yoghurt/Yoggi-Vanilla-Yoghurt/Yoggi-Vanilla-Yoghurt_014.jpg,Yoggi-Vanilla-Yoghurt,train,58,27
train/Packages/Yoghurt/Yoggi-Vanilla-Yoghurt/Yoggi-Vanilla-Yoghurt_015.jpg,Yoggi-Vanilla-Yoghurt,train,58,27
train/Packages/Yoghurt/Yoggi-Vanilla-Yoghurt/Yoggi-Vanilla-Yoghurt_016.jpg,Yoggi-Vanilla-Yoghurt,train,58,27
train/Packages/Yoghurt/Yoggi-Vanilla-Yoghurt/Yoggi-Vanilla-Yoghurt_017.jpg,Yoggi-Vanilla-Yoghurt,train,58,27
train/Packages/Yoghurt/Yoggi-Vanilla-Yoghurt/Yoggi-Vanilla-Yoghurt_018.jpg,Yoggi-Vanilla-Yoghurt,train,58,27
train/Packages/Yoghurt/Yoggi-Vanilla-Yoghurt/Yoggi-Vanilla-Yoghurt_019.jpg,Yoggi-Vanilla-Yoghurt,train,58,27
train/Packages/Yoghurt/Yoggi-Vanilla-Yoghurt/Yoggi-Vanilla-Yoghurt_020.jpg,Yoggi-Vanilla-Yoghurt,train,58,27
train/Vegetables/Asparagus/Asparagus_001.jpg,Asparagus,train,59,28
train/Vegetables/Asparagus/Asparagus_002.jpg,Asparagus,train,59,28
train/Vegetables/Asparagus/Asparagus_003.jpg,Asparagus,train,59,28
train/Vegetables/Asparagus/Asparagus_004.jpg,Asparagus,train,59,28
train/Vegetables/Asparagus/Asparagus_005.jpg,Asparagus,train,59,28
train/Vegetables/Asparagus/Asparagus_006.jpg,Asparagus,train,59,28
train/Vegetables/Asparagus/Asparagus_007.jpg,Asparagus,train,59,28
train/Vegetables/Asparagus/Asparagus_008.jpg,Asparagus,train,59,28
train/Vegetables/Asparagus/Asparagus_009.jpg,Asparagus,train,59,28
train/Vegetables/Asparagus/Asparagus_010.jpg,Asparagus,train,59,28
train/Vegetables/Asparagus/Asparagus_011.jpg,Asparagus,train,59,28
train/Vegetables/Asparagus/Asparagus_012.jpg,Asparagus,train,59,28
train/Vegetables/Asparagus/Asparagus_013.jpg,Asparagus,train,59,28
train/Vegetables/Asparagus/Asparagus_014.jpg,Asparagus,train,59,28
train/Vegetables/Asparagus/Asparagus_015.jpg,Asparagus,train,59,28
train/Vegetables/Asparagus/Asparagus_016.jpg,Asparagus,train,59,28
train/Vegetables/Aubergine/Aubergine_001.jpg,Aubergine,train,60,29
train/Vegetables/Aubergine/Aubergine_002.jpg,Aubergine,train,60,29
train/Vegetables/Aubergine/Aubergine_003.jpg,Aubergine,train,60,29
train/Vegetables/Aubergine/Aubergine_004.jpg,Aubergine,train,60,29
train/Vegetables/Aubergine/Aubergine_005.jpg,Aubergine,train,60,29
train/Vegetables/Aubergine/Aubergine_006.jpg,Aubergine,train,60,29
train/Vegetables/Aubergine/Aubergine_007.jpg,Aubergine,train,60,29
train/Vegetables/Aubergine/Aubergine_008.jpg,Aubergine,train,60,29
train/Vegetables/Aubergine/Aubergine_009.jpg,Aubergine,train,60,29
train/Vegetables/Aubergine/Aubergine_010.jpg,Aubergine,train,60,29
train/Vegetables/Aubergine/Aubergine_011.jpg,Aubergine,train,60,29
train/Vegetables/Aubergine/Aubergine_012.jpg,Aubergine,train,60,29
train/Vegetables/Aubergine/Aubergine_013.jpg,Aubergine,train,60,29
train/Vegetables/Aubergine/Aubergine_014.jpg,Aubergine,train,60,29
train/Vegetables/Aubergine/Aubergine_015.jpg,Aubergine,train,60,29
train/Vegetables/Aubergine/Aubergine_016.jpg,Aubergine,train,60,29
train/Vegetables/Aubergine/Aubergine_017.jpg,Aubergine,train,60,29
train/Vegetables/Aubergine/Aubergine_018.jpg,Aubergine,train,60,29
train/Vegetables/Aubergine/Aubergine_019.jpg,Aubergine,train,60,29
train/Vegetables/Aubergine/Aubergine_020.jpg,Aubergine,train,60,29
train/Vegetables/Aubergine/Aubergine_021.jpg,Aubergine,train,60,29
train/Vegetables/Aubergine/Aubergine_022.jpg,Aubergine,train,60,29
train/Vegetables/Cabbage/Cabbage_001.jpg,Cabbage,train,61,30
train/Vegetables/Cabbage/Cabbage_002.jpg,Cabbage,train,61,30
train/Vegetables/Cabbage/Cabbage_003.jpg,Cabbage,train,61,30
train/Vegetables/Cabbage/Cabbage_004.jpg,Cabbage,train,61,30
train/Vegetables/Cabbage/Cabbage_005.jpg,Cabbage,train,61,30
train/Vegetables/Cabbage/Cabbage_006.jpg,Cabbage,train,61,30
train/Vegetables/Cabbage/Cabbage_007.jpg,Cabbage,train,61,30
train/Vegetables/Cabbage/Cabbage_008.jpg,Cabbage,train,61,30
train/Vegetables/Cabbage/Cabbage_009.jpg,Cabbage,train,61,30
train/Vegetables/Cabbage/Cabbage_010.jpg,Cabbage,train,61,30
train/Vegetables/Cabbage/Cabbage_011.jpg,Cabbage,train,61,30
train/Vegetables/Cabbage/Cabbage_012.jpg,Cabbage,train,61,30
train/Vegetables/Cabbage/Cabbage_013.jpg,Cabbage,train,61,30
train/Vegetables/Cabbage/Cabbage_014.jpg,Cabbage,train,61,30
train/Vegetables/Cabbage/Cabbage_015.jpg,Cabbage,train,61,30
train/Vegetables/Cabbage/Cabbage_016.jpg,Cabbage,train,61,30
train/Vegetables/Cabbage/Cabbage_017.jpg,Cabbage,train,61,30
train/Vegetables/Cabbage/Cabbage_018.jpg,Cabbage,train,61,30
train/Vegetables/Cabbage/Cabbage_019.jpg,Cabbage,train,61,30
train/Vegetables/Carrots/Carrots_001.jpg,Carrots,train,62,31
train/Vegetables/Carrots/Carrots_002.jpg,Carrots,train,62,31
train/Vegetables/Carrots/Carrots_003.jpg,Carrots,train,62,31
train/Vegetables/Carrots/Carrots_004.jpg,Carrots,train,62,31
train/Vegetables/Carrots/Carrots_005.jpg,Carrots,train,62,31
train/Vegetables/Carrots/Carrots_006.jpg,Carrots,train,62,31
train/Vegetables/Carrots/Carrots_007.jpg,Carrots,train,62,31
train/Vegetables/Carrots/Carrots_008.jpg,Carrots,train,62,31
train/Vegetables/Carrots/Carrots_009.jpg,Carrots,train,62,31
train/Vegetables/Carrots/Carrots_010.jpg,Carrots,train,62,31
train/Vegetables/Carrots/Carrots_011.jpg,Carrots,train,62,31
train/Vegetables/Carrots/Carrots_012.jpg,Carrots,train,62,31
train/Vegetables/Carrots/Carrots_013.jpg,Carrots,train,62,31
train/Vegetables/Carrots/Carrots_014.jpg,Carrots,train,62,31
train/Vegetables/Carrots/Carrots_015.jpg,Carrots,train,62,31
train/Vegetables/Carrots/Carrots_016.jpg,Carrots,train,62,31
train/Vegetables/Carrots/Carrots_017.jpg,Carrots,train,62,31
train/Vegetables/Carrots/Carrots_018.jpg,Carrots,train,62,31
train/Vegetables/Carrots/Carrots_019.jpg,Carrots,train,62,31
train/Vegetables/Carrots/Carrots_020.jpg,Carrots,train,62,31
train/Vegetables/Carrots/Carrots_021.jpg,Carrots,train,62,31
train/Vegetables/Carrots/Carrots_022.jpg,Carrots,train,62,31
train/Vegetables/Carrots/Carrots_023.jpg,Carrots,train,62,31
train/Vegetables/Carrots/Carrots_024.jpg,Carrots,train,62,31
train/Vegetables/Carrots/Carrots_025.jpg,Carrots,train,62,31
train/Vegetables/Carrots/Carrots_026.jpg,Carrots,train,62,31
train/Vegetables/Carrots/Carrots_027.jpg,Carrots,train,62,31
train/Vegetables/Carrots/Carrots_028.jpg,Carrots,train,62,31
train/Vegetables/Carrots/Carrots_029.jpg,Carrots,train,62,31
train/Vegetables/Carrots/Carrots_030.jpg,Carrots,train,62,31
train/Vegetables/Carrots/Carrots_031.jpg,Carrots,train,62,31
train/Vegetables/Carrots/Carrots_032.jpg,Carrots,train,62,31
train/Vegetables/Carrots/Carrots_033.jpg,Carrots,train,62,31
train/Vegetables/Carrots/Carrots_034.jpg,Carrots,train,62,31
train/Vegetables/Carrots/Carrots_035.jpg,Carrots,train,62,31
train/Vegetables/Carrots/Carrots_036.jpg,Carrots,train,62,31
train/Vegetables/Carrots/Carrots_037.jpg,Carrots,train,62,31
train/Vegetables/Carrots/Carrots_038.jpg,Carrots,train,62,31
train/Vegetables/Carrots/Carrots_039.jpg,Carrots,train,62,31
train/Vegetables/Carrots/Carrots_040.jpg,Carrots,train,62,31
train/Vegetables/Carrots/Carrots_041.jpg,Carrots,train,62,31
train/Vegetables/Carrots/Carrots_042.jpg,Carrots,train,62,31
train/Vegetables/Carrots/Carrots_043.jpg,Carrots,train,62,31
train/Vegetables/Cucumber/Cucumber_001.jpg,Cucumber,train,63,32
train/Vegetables/Cucumber/Cucumber_002.jpg,Cucumber,train,63,32
train/Vegetables/Cucumber/Cucumber_003.jpg,Cucumber,train,63,32
train/Vegetables/Cucumber/Cucumber_004.jpg,Cucumber,train,63,32
train/Vegetables/Cucumber/Cucumber_005.jpg,Cucumber,train,63,32
train/Vegetables/Cucumber/Cucumber_006.jpg,Cucumber,train,63,32
train/Vegetables/Cucumber/Cucumber_007.jpg,Cucumber,train,63,32
train/Vegetables/Cucumber/Cucumber_008.jpg,Cucumber,train,63,32
train/Vegetables/Cucumber/Cucumber_009.jpg,Cucumber,train,63,32
train/Vegetables/Cucumber/Cucumber_010.jpg,Cucumber,train,63,32
train/Vegetables/Cucumber/Cucumber_011.jpg,Cucumber,train,63,32
train/Vegetables/Cucumber/Cucumber_012.jpg,Cucumber,train,63,32
train/Vegetables/Cucumber/Cucumber_013.jpg,Cucumber,train,63,32
train/Vegetables/Cucumber/Cucumber_014.jpg,Cucumber,train,63,32
train/Vegetables/Cucumber/Cucumber_015.jpg,Cucumber,train,63,32
train/Vegetables/Cucumber/Cucumber_016.jpg,Cucumber,train,63,32
train/Vegetables/Cucumber/Cucumber_017.jpg,Cucumber,train,63,32
train/Vegetables/Cucumber/Cucumber_018.jpg,Cucumber,train,63,32
train/Vegetables/Cucumber/Cucumber_019.jpg,Cucumber,train,63,32
train/Vegetables/Cucumber/Cucumber_020.jpg,Cucumber,train,63,32
train/Vegetables/Cucumber/Cucumber_021.jpg,Cucumber,train,63,32
train/Vegetables/Cucumber/Cucumber_022.jpg,Cucumber,train,63,32
train/Vegetables/Cucumber/Cucumber_023.jpg,Cucumber,train,63,32
train/Vegetables/Cucumber/Cucumber_024.jpg,Cucumber,train,63,32
train/Vegetables/Cucumber/Cucumber_025.jpg,Cucumber,train,63,32
train/Vegetables/Cucumber/Cucumber_026.jpg,Cucumber,train,63,32
train/Vegetables/Cucumber/Cucumber_027.jpg,Cucumber,train,63,32
train/Vegetables/Cucumber/Cucumber_028.jpg,Cucumber,train,63,32
train/Vegetables/Garlic/Garlic_001.jpg,Garlic,train,64,33
train/Vegetables/Garlic/Garlic_002.jpg,Garlic,train,64,33
train/Vegetables/Garlic/Garlic_003.jpg,Garlic,train,64,33
train/Vegetables/Garlic/Garlic_004.jpg,Garlic,train,64,33
train/Vegetables/Garlic/Garlic_005.jpg,Garlic,train,64,33
train/Vegetables/Garlic/Garlic_006.jpg,Garlic,train,64,33
train/Vegetables/Garlic/Garlic_007.jpg,Garlic,train,64,33
train/Vegetables/Garlic/Garlic_008.jpg,Garlic,train,64,33
train/Vegetables/Garlic/Garlic_009.jpg,Garlic,train,64,33
train/Vegetables/Garlic/Garlic_010.jpg,Garlic,train,64,33
train/Vegetables/Garlic/Garlic_011.jpg,Garlic,train,64,33
train/Vegetables/Garlic/Garlic_012.jpg,Garlic,train,64,33
train/Vegetables/Garlic/Garlic_013.jpg,Garlic,train,64,33
train/Vegetables/Garlic/Garlic_014.jpg,Garlic,train,64,33
train/Vegetables/Garlic/Garlic_015.jpg,Garlic,train,64,33
train/Vegetables/Garlic/Garlic_016.jpg,Garlic,train,64,33
train/Vegetables/Garlic/Garlic_017.jpg,Garlic,train,64,33
train/Vegetables/Garlic/Garlic_018.jpg,Garlic,train,64,33
train/Vegetables/Garlic/Garlic_019.jpg,Garlic,train,64,33
train/Vegetables/Garlic/Garlic_020.jpg,Garlic,train,64,33
train/Vegetables/Garlic/Garlic_021.jpg,Garlic,train,64,33
train/Vegetables/Garlic/Garlic_022.jpg,Garlic,train,64,33
train/Vegetables/Garlic/Garlic_023.jpg,Garlic,train,64,33
train/Vegetables/Garlic/Garlic_024.jpg,Garlic,train,64,33
train/Vegetables/Garlic/Garlic_025.jpg,Garlic,train,64,33
train/Vegetables/Ginger/Ginger_001.jpg,Ginger,train,65,34
train/Vegetables/Ginger/Ginger_002.jpg,Ginger,train,65,34
train/Vegetables/Ginger/Ginger_003.jpg,Ginger,train,65,34
train/Vegetables/Ginger/Ginger_004.jpg,Ginger,train,65,34
train/Vegetables/Ginger/Ginger_005.jpg,Ginger,train,65,34
train/Vegetables/Ginger/Ginger_006.jpg,Ginger,train,65,34
train/Vegetables/Ginger/Ginger_007.jpg,Ginger,train,65,34
train/Vegetables/Ginger/Ginger_008.jpg,Ginger,train,65,34
train/Vegetables/Ginger/Ginger_009.jpg,Ginger,train,65,34
train/Vegetables/Ginger/Ginger_010.jpg,Ginger,train,65,34
train/Vegetables/Ginger/Ginger_011.jpg,Ginger,train,65,34
train/Vegetables/Ginger/Ginger_012.jpg,Ginger,train,65,34
train/Vegetables/Ginger/Ginger_013.jpg,Ginger,train,65,34
train/Vegetables/Ginger/Ginger_014.jpg,Ginger,train,65,34
train/Vegetables/Ginger/Ginger_015.jpg,Ginger,train,65,34
train/Vegetables/Ginger/Ginger_016.jpg,Ginger,train,65,34
train/Vegetables/Ginger/Ginger_017.jpg,Ginger,train,65,34
train/Vegetables/Ginger/Ginger_018.jpg,Ginger,train,65,34
train/Vegetables/Ginger/Ginger_019.jpg,Ginger,train,65,34
train/Vegetables/Leek/Leek_001.jpg,Leek,train,66,35
train/Vegetables/Leek/Leek_002.jpg,Leek,train,66,35
train/Vegetables/Leek/Leek_003.jpg,Leek,train,66,35
train/Vegetables/Leek/Leek_004.jpg,Leek,train,66,35
train/Vegetables/Leek/Leek_005.jpg,Leek,train,66,35
train/Vegetables/Leek/Leek_006.jpg,Leek,train,66,35
train/Vegetables/Leek/Leek_007.jpg,Leek,train,66,35
train/Vegetables/Leek/Leek_008.jpg,Leek,train,66,35
train/Vegetables/Leek/Leek_009.jpg,Leek,train,66,35
train/Vegetables/Leek/Leek_010.jpg,Leek,train,66,35
train/Vegetables/Leek/Leek_011.jpg,Leek,train,66,35
train/Vegetables/Leek/Leek_012.jpg,Leek,train,66,35
train/Vegetables/Leek/Leek_013.jpg,Leek,train,66,35
train/Vegetables/Leek/Leek_014.jpg,Leek,train,66,35
train/Vegetables/Leek/Leek_015.jpg,Leek,train,66,35
train/Vegetables/Leek/Leek_016.jpg,Leek,train,66,35
train/Vegetables/Leek/Leek_017.jpg,Leek,train,66,35
train/Vegetables/Leek/Leek_018.jpg,Leek,train,66,35
train/Vegetables/Leek/Leek_019.jpg,Leek,train,66,35
train/Vegetables/Leek/Leek_020.jpg,Leek,train,66,35
train/Vegetables/Leek/Leek_021.jpg,Leek,train,66,35
train/Vegetables/Leek/Leek_022.jpg,Leek,train,66,35
train/Vegetables/Leek/Leek_023.jpg,Leek,train,66,35
train/Vegetables/Brown-Cap-Mushroom/Brown-Cap-Mushroom_001.jpg,Brown-Cap-Mushroom,train,67,36
train/Vegetables/Brown-Cap-Mushroom/Brown-Cap-Mushroom_002.jpg,Brown-Cap-Mushroom,train,67,36
train/Vegetables/Brown-Cap-Mushroom/Brown-Cap-Mushroom_003.jpg,Brown-Cap-Mushroom,train,67,36
train/Vegetables/Brown-Cap-Mushroom/Brown-Cap-Mushroom_004.jpg,Brown-Cap-Mushroom,train,67,36
train/Vegetables/Brown-Cap-Mushroom/Brown-Cap-Mushroom_005.jpg,Brown-Cap-Mushroom,train,67,36
train/Vegetables/Brown-Cap-Mushroom/Brown-Cap-Mushroom_006.jpg,Brown-Cap-Mushroom,train,67,36
train/Vegetables/Brown-Cap-Mushroom/Brown-Cap-Mushroom_007.jpg,Brown-Cap-Mushroom,train,67,36
train/Vegetables/Brown-Cap-Mushroom/Brown-Cap-Mushroom_008.jpg,Brown-Cap-Mushroom,train,67,36
train/Vegetables/Brown-Cap-Mushroom/Brown-Cap-Mushroom_009.jpg,Brown-Cap-Mushroom,train,67,36
train/Vegetables/Brown-Cap-Mushroom/Brown-Cap-Mushroom_010.jpg,Brown-Cap-Mushroom,train,67,36
train/Vegetables/Brown-Cap-Mushroom/Brown-Cap-Mushroom_011.jpg,Brown-Cap-Mushroom,train,67,36
train/Vegetables/Brown-Cap-Mushroom/Brown-Cap-Mushroom_012.jpg,Brown-Cap-Mushroom,train,67,36
train/Vegetables/Brown-Cap-Mushroom/Brown-Cap-Mushroom_013.jpg,Brown-Cap-Mushroom,train,67,36
train/Vegetables/Brown-Cap-Mushroom/Brown-Cap-Mushroom_014.jpg,Brown-Cap-Mushroom,train,67,36
train/Vegetables/Brown-Cap-Mushroom/Brown-Cap-Mushroom_015.jpg,Brown-Cap-Mushroom,train,67,36
train/Vegetables/Brown-Cap-Mushroom/Brown-Cap-Mushroom_016.jpg,Brown-Cap-Mushroom,train,67,36
train/Vegetables/Brown-Cap-Mushroom/Brown-Cap-Mushroom_017.jpg,Brown-Cap-Mushroom,train,67,36
train/Vegetables/Brown-Cap-Mushroom/Brown-Cap-Mushroom_018.jpg,Brown-Cap-Mushroom,train,67,36
train/Vegetables/Brown-Cap-Mushroom/Brown-Cap-Mushroom_019.jpg,Brown-Cap-Mushroom,train,67,36
train/Vegetables/Brown-Cap-Mushroom/Brown-Cap-Mushroom_020.jpg,Brown-Cap-Mushroom,train,67,36
train/Vegetables/Brown-Cap-Mushroom/Brown-Cap-Mushroom_021.jpg,Brown-Cap-Mushroom,train,67,36
train/Vegetables/Brown-Cap-Mushroom/Brown-Cap-Mushroom_022.jpg,Brown-Cap-Mushroom,train,67,36
train/Vegetables/Brown-Cap-Mushroom/Brown-Cap-Mushroom_023.jpg,Brown-Cap-Mushroom,train,67,36
train/Vegetables/Brown-Cap-Mushroom/Brown-Cap-Mushroom_024.jpg,Brown-Cap-Mushroom,train,67,36
train/Vegetables/Brown-Cap-Mushroom/Brown-Cap-Mushroom_025.jpg,Brown-Cap-Mushroom,train,67,36
train/Vegetables/Brown-Cap-Mushroom/Brown-Cap-Mushroom_026.jpg,Brown-Cap-Mushroom,train,67,36
train/Vegetables/Brown-Cap-Mushroom/Brown-Cap-Mushroom_027.jpg,Brown-Cap-Mushroom,train,67,36
train/Vegetables/Brown-Cap-Mushroom/Brown-Cap-Mushroom_028.jpg,Brown-Cap-Mushroom,train,67,36
train/Vegetables/Brown-Cap-Mushroom/Brown-Cap-Mushroom_029.jpg,Brown-Cap-Mushroom,train,67,36
train/Vegetables/Brown-Cap-Mushroom/Brown-Cap-Mushroom_030.jpg,Brown-Cap-Mushroom,train,67,36
train/Vegetables/Brown-Cap-Mushroom/Brown-Cap-Mushroom_031.jpg,Brown-Cap-Mushroom,train,67,36
train/Vegetables/Brown-Cap-Mushroom/Brown-Cap-Mushroom_032.jpg,Brown-Cap-Mushroom,train,67,36
train/Vegetables/Brown-Cap-Mushroom/Brown-Cap-Mushroom_033.jpg,Brown-Cap-Mushroom,train,67,36
train/Vegetables/Brown-Cap-Mushroom/Brown-Cap-Mushroom_034.jpg,Brown-Cap-Mushroom,train,67,36
train/Vegetables/Brown-Cap-Mushroom/Brown-Cap-Mushroom_035.jpg,Brown-Cap-Mushroom,train,67,36
train/Vegetables/Brown-Cap-Mushroom/Brown-Cap-Mushroom_036.jpg,Brown-Cap-Mushroom,train,67,36
train/Vegetables/Brown-Cap-Mushroom/Brown-Cap-Mushroom_037.jpg,Brown-Cap-Mushroom,train,67,36
train/Vegetables/Brown-Cap-Mushroom/Brown-Cap-Mushroom_038.jpg,Brown-Cap-Mushroom,train,67,36
train/Vegetables/Brown-Cap-Mushroom/Brown-Cap-Mushroom_039.jpg,Brown-Cap-Mushroom,train,67,36
train/Vegetables/Onion/Yellow-Onion/Yellow-Onion_001.jpg,Yellow-Onion,train,68,37
train/Vegetables/Onion/Yellow-Onion/Yellow-Onion_002.jpg,Yellow-Onion,train,68,37
train/Vegetables/Onion/Yellow-Onion/Yellow-Onion_003.jpg,Yellow-Onion,train,68,37
train/Vegetables/Onion/Yellow-Onion/Yellow-Onion_004.jpg,Yellow-Onion,train,68,37
train/Vegetables/Onion/Yellow-Onion/Yellow-Onion_005.jpg,Yellow-Onion,train,68,37
train/Vegetables/Onion/Yellow-Onion/Yellow-Onion_006.jpg,Yellow-Onion,train,68,37
train/Vegetables/Onion/Yellow-Onion/Yellow-Onion_007.jpg,Yellow-Onion,train,68,37
train/Vegetables/Onion/Yellow-Onion/Yellow-Onion_008.jpg,Yellow-Onion,train,68,37
train/Vegetables/Onion/Yellow-Onion/Yellow-Onion_009.jpg,Yellow-Onion,train,68,37
train/Vegetables/Onion/Yellow-Onion/Yellow-Onion_010.jpg,Yellow-Onion,train,68,37
train/Vegetables/Onion/Yellow-Onion/Yellow-Onion_011.jpg,Yellow-Onion,train,68,37
train/Vegetables/Onion/Yellow-Onion/Yellow-Onion_012.jpg,Yellow-Onion,train,68,37
train/Vegetables/Onion/Yellow-Onion/Yellow-Onion_013.jpg,Yellow-Onion,train,68,37
train/Vegetables/Onion/Yellow-Onion/Yellow-Onion_014.jpg,Yellow-Onion,train,68,37
train/Vegetables/Onion/Yellow-Onion/Yellow-Onion_015.jpg,Yellow-Onion,train,68,37
train/Vegetables/Onion/Yellow-Onion/Yellow-Onion_016.jpg,Yellow-Onion,train,68,37
train/Vegetables/Onion/Yellow-Onion/Yellow-Onion_017.jpg,Yellow-Onion,train,68,37
train/Vegetables/Onion/Yellow-Onion/Yellow-Onion_018.jpg,Yellow-Onion,train,68,37
train/Vegetables/Onion/Yellow-Onion/Yellow-Onion_019.jpg,Yellow-Onion,train,68,37
train/Vegetables/Onion/Yellow-Onion/Yellow-Onion_020.jpg,Yellow-Onion,train,68,37
train/Vegetables/Onion/Yellow-Onion/Yellow-Onion_021.jpg,Yellow-Onion,train,68,37
train/Vegetables/Onion/Yellow-Onion/Yellow-Onion_022.jpg,Yellow-Onion,train,68,37
train/Vegetables/Onion/Yellow-Onion/Yellow-Onion_023.jpg,Yellow-Onion,train,68,37
train/Vegetables/Onion/Yellow-Onion/Yellow-Onion_024.jpg,Yellow-Onion,train,68,37
train/Vegetables/Onion/Yellow-Onion/Yellow-Onion_025.jpg,Yellow-Onion,train,68,37
train/Vegetables/Onion/Yellow-Onion/Yellow-Onion_026.jpg,Yellow-Onion,train,68,37
train/Vegetables/Onion/Yellow-Onion/Yellow-Onion_027.jpg,Yellow-Onion,train,68,37
train/Vegetables/Onion/Yellow-Onion/Yellow-Onion_028.jpg,Yellow-Onion,train,68,37
train/Vegetables/Onion/Yellow-Onion/Yellow-Onion_029.jpg,Yellow-Onion,train,68,37
train/Vegetables/Onion/Yellow-Onion/Yellow-Onion_030.jpg,Yellow-Onion,train,68,37
train/Vegetables/Onion/Yellow-Onion/Yellow-Onion_031.jpg,Yellow-Onion,train,68,37
train/Vegetables/Onion/Yellow-Onion/Yellow-Onion_032.jpg,Yellow-Onion,train,68,37
train/Vegetables/Onion/Yellow-Onion/Yellow-Onion_033.jpg,Yellow-Onion,train,68,37
train/Vegetables/Onion/Yellow-Onion/Yellow-Onion_034.jpg,Yellow-Onion,train,68,37
train/Vegetables/Onion/Yellow-Onion/Yellow-Onion_035.jpg,Yellow-Onion,train,68,37
train/Vegetables/Onion/Yellow-Onion/Yellow-Onion_036.jpg,Yellow-Onion,train,68,37
train/Vegetables/Onion/Yellow-Onion/Yellow-Onion_037.jpg,Yellow-Onion,train,68,37
train/Vegetables/Onion/Yellow-Onion/Yellow-Onion_038.jpg,Yellow-Onion,train,68,37
train/Vegetables/Pepper/Green-Bell-Pepper/Green-Bell-Pepper_001.jpg,Green-Bell-Pepper,train,69,38
train/Vegetables/Pepper/Green-Bell-Pepper/Green-Bell-Pepper_002.jpg,Green-Bell-Pepper,train,69,38
train/Vegetables/Pepper/Green-Bell-Pepper/Green-Bell-Pepper_003.jpg,Green-Bell-Pepper,train,69,38
train/Vegetables/Pepper/Green-Bell-Pepper/Green-Bell-Pepper_004.jpg,Green-Bell-Pepper,train,69,38
train/Vegetables/Pepper/Green-Bell-Pepper/Green-Bell-Pepper_005.jpg,Green-Bell-Pepper,train,69,38
train/Vegetables/Pepper/Green-Bell-Pepper/Green-Bell-Pepper_006.jpg,Green-Bell-Pepper,train,69,38
train/Vegetables/Pepper/Green-Bell-Pepper/Green-Bell-Pepper_007.jpg,Green-Bell-Pepper,train,69,38
train/Vegetables/Pepper/Green-Bell-Pepper/Green-Bell-Pepper_008.jpg,Green-Bell-Pepper,train,69,38
train/Vegetables/Pepper/Green-Bell-Pepper/Green-Bell-Pepper_009.jpg,Green-Bell-Pepper,train,69,38
train/Vegetables/Pepper/Green-Bell-Pepper/Green-Bell-Pepper_010.jpg,Green-Bell-Pepper,train,69,38
train/Vegetables/Pepper/Green-Bell-Pepper/Green-Bell-Pepper_011.jpg,Green-Bell-Pepper,train,69,38
train/Vegetables/Pepper/Green-Bell-Pepper/Green-Bell-Pepper_012.jpg,Green-Bell-Pepper,train,69,38
train/Vegetables/Pepper/Green-Bell-Pepper/Green-Bell-Pepper_013.jpg,Green-Bell-Pepper,train,69,38
train/Vegetables/Pepper/Green-Bell-Pepper/Green-Bell-Pepper_014.jpg,Green-Bell-Pepper,train,69,38
train/Vegetables/Pepper/Green-Bell-Pepper/Green-Bell-Pepper_015.jpg,Green-Bell-Pepper,train,69,38
train/Vegetables/Pepper/Green-Bell-Pepper/Green-Bell-Pepper_016.jpg,Green-Bell-Pepper,train,69,38
train/Vegetables/Pepper/Green-Bell-Pepper/Green-Bell-Pepper_017.jpg,Green-Bell-Pepper,train,69,38
train/Vegetables/Pepper/Green-Bell-Pepper/Green-Bell-Pepper_018.jpg,Green-Bell-Pepper,train,69,38
train/Vegetables/Pepper/Green-Bell-Pepper/Green-Bell-Pepper_019.jpg,Green-Bell-Pepper,train,69,38
train/Vegetables/Pepper/Green-Bell-Pepper/Green-Bell-Pepper_020.jpg,Green-Bell-Pepper,train,69,38
train/Vegetables/Pepper/Green-Bell-Pepper/Green-Bell-Pepper_021.jpg,Green-Bell-Pepper,train,69,38
train/Vegetables/Pepper/Green-Bell-Pepper/Green-Bell-Pepper_022.jpg,Green-Bell-Pepper,train,69,38
train/Vegetables/Pepper/Green-Bell-Pepper/Green-Bell-Pepper_023.jpg,Green-Bell-Pepper,train,69,38
train/Vegetables/Pepper/Green-Bell-Pepper/Green-Bell-Pepper_024.jpg,Green-Bell-Pepper,train,69,38
train/Vegetables/Pepper/Green-Bell-Pepper/Green-Bell-Pepper_025.jpg,Green-Bell-Pepper,train,69,38
train/Vegetables/Pepper/Green-Bell-Pepper/Green-Bell-Pepper_026.jpg,Green-Bell-Pepper,train,69,38
train/Vegetables/Pepper/Orange-Bell-Pepper/Orange-Bell-Pepper_001.jpg,Orange-Bell-Pepper,train,70,38
train/Vegetables/Pepper/Orange-Bell-Pepper/Orange-Bell-Pepper_002.jpg,Orange-Bell-Pepper,train,70,38
train/Vegetables/Pepper/Orange-Bell-Pepper/Orange-Bell-Pepper_003.jpg,Orange-Bell-Pepper,train,70,38
train/Vegetables/Pepper/Orange-Bell-Pepper/Orange-Bell-Pepper_004.jpg,Orange-Bell-Pepper,train,70,38
train/Vegetables/Pepper/Orange-Bell-Pepper/Orange-Bell-Pepper_005.jpg,Orange-Bell-Pepper,train,70,38
train/Vegetables/Pepper/Orange-Bell-Pepper/Orange-Bell-Pepper_006.jpg,Orange-Bell-Pepper,train,70,38
train/Vegetables/Pepper/Orange-Bell-Pepper/Orange-Bell-Pepper_007.jpg,Orange-Bell-Pepper,train,70,38
train/Vegetables/Pepper/Orange-Bell-Pepper/Orange-Bell-Pepper_008.jpg,Orange-Bell-Pepper,train,70,38
train/Vegetables/Pepper/Orange-Bell-Pepper/Orange-Bell-Pepper_009.jpg,Orange-Bell-Pepper,train,70,38
train/Vegetables/Pepper/Orange-Bell-Pepper/Orange-Bell-Pepper_010.jpg,Orange-Bell-Pepper,train,70,38
train/Vegetables/Pepper/Orange-Bell-Pepper/Orange-Bell-Pepper_011.jpg,Orange-Bell-Pepper,train,70,38
train/Vegetables/Pepper/Orange-Bell-Pepper/Orange-Bell-Pepper_012.jpg,Orange-Bell-Pepper,train,70,38
train/Vegetables/Pepper/Orange-Bell-Pepper/Orange-Bell-Pepper_013.jpg,Orange-Bell-Pepper,train,70,38
train/Vegetables/Pepper/Orange-Bell-Pepper/Orange-Bell-Pepper_014.jpg,Orange-Bell-Pepper,train,70,38
train/Vegetables/Pepper/Orange-Bell-Pepper/Orange-Bell-Pepper_015.jpg,Orange-Bell-Pepper,train,70,38
train/Vegetables/Pepper/Orange-Bell-Pepper/Orange-Bell-Pepper_016.jpg,Orange-Bell-Pepper,train,70,38
train/Vegetables/Pepper/Orange-Bell-Pepper/Orange-Bell-Pepper_017.jpg,Orange-Bell-Pepper,train,70,38
train/Vegetables/Pepper/Orange-Bell-Pepper/Orange-Bell-Pepper_018.jpg,Orange-Bell-Pepper,train,70,38
train/Vegetables/Pepper/Orange-Bell-Pepper/Orange-Bell-Pepper_019.jpg,Orange-Bell-Pepper,train,70,38
train/Vegetables/Pepper/Orange-Bell-Pepper/Orange-Bell-Pepper_020.jpg,Orange-Bell-Pepper,train,70,38
train/Vegetables/Pepper/Orange-Bell-Pepper/Orange-Bell-Pepper_021.jpg,Orange-Bell-Pepper,train,70,38
train/Vegetables/Pepper/Orange-Bell-Pepper/Orange-Bell-Pepper_022.jpg,Orange-Bell-Pepper,train,70,38
train/Vegetables/Pepper/Orange-Bell-Pepper/Orange-Bell-Pepper_023.jpg,Orange-Bell-Pepper,train,70,38
train/Vegetables/Pepper/Orange-Bell-Pepper/Orange-Bell-Pepper_024.jpg,Orange-Bell-Pepper,train,70,38
train/Vegetables/Pepper/Orange-Bell-Pepper/Orange-Bell-Pepper_025.jpg,Orange-Bell-Pepper,train,70,38
train/Vegetables/Pepper/Orange-Bell-Pepper/Orange-Bell-Pepper_026.jpg,Orange-Bell-Pepper,train,70,38
train/Vegetables/Pepper/Red-Bell-Pepper/Red-Bell-Pepper_001.jpg,Red-Bell-Pepper,train,71,38
train/Vegetables/Pepper/Red-Bell-Pepper/Red-Bell-Pepper_002.jpg,Red-Bell-Pepper,train,71,38
train/Vegetables/Pepper/Red-Bell-Pepper/Red-Bell-Pepper_003.jpg,Red-Bell-Pepper,train,71,38
train/Vegetables/Pepper/Red-Bell-Pepper/Red-Bell-Pepper_004.jpg,Red-Bell-Pepper,train,71,38
train/Vegetables/Pepper/Red-Bell-Pepper/Red-Bell-Pepper_005.jpg,Red-Bell-Pepper,train,71,38
train/Vegetables/Pepper/Red-Bell-Pepper/Red-Bell-Pepper_006.jpg,Red-Bell-Pepper,train,71,38
train/Vegetables/Pepper/Red-Bell-Pepper/Red-Bell-Pepper_007.jpg,Red-Bell-Pepper,train,71,38
train/Vegetables/Pepper/Red-Bell-Pepper/Red-Bell-Pepper_008.jpg,Red-Bell-Pepper,train,71,38
train/Vegetables/Pepper/Red-Bell-Pepper/Red-Bell-Pepper_009.jpg,Red-Bell-Pepper,train,71,38
train/Vegetables/Pepper/Red-Bell-Pepper/Red-Bell-Pepper_010.jpg,Red-Bell-Pepper,train,71,38
train/Vegetables/Pepper/Red-Bell-Pepper/Red-Bell-Pepper_011.jpg,Red-Bell-Pepper,train,71,38
train/Vegetables/Pepper/Red-Bell-Pepper/Red-Bell-Pepper_012.jpg,Red-Bell-Pepper,train,71,38
train/Vegetables/Pepper/Red-Bell-Pepper/Red-Bell-Pepper_013.jpg,Red-Bell-Pepper,train,71,38
train/Vegetables/Pepper/Red-Bell-Pepper/Red-Bell-Pepper_014.jpg,Red-Bell-Pepper,train,71,38
train/Vegetables/Pepper/Red-Bell-Pepper/Red-Bell-Pepper_015.jpg,Red-Bell-Pepper,train,71,38
train/Vegetables/Pepper/Red-Bell-Pepper/Red-Bell-Pepper_016.jpg,Red-Bell-Pepper,train,71,38
train/Vegetables/Pepper/Red-Bell-Pepper/Red-Bell-Pepper_017.jpg,Red-Bell-Pepper,train,71,38
train/Vegetables/Pepper/Red-Bell-Pepper/Red-Bell-Pepper_018.jpg,Red-Bell-Pepper,train,71,38
train/Vegetables/Pepper/Red-Bell-Pepper/Red-Bell-Pepper_019.jpg,Red-Bell-Pepper,train,71,38
train/Vegetables/Pepper/Red-Bell-Pepper/Red-Bell-Pepper_020.jpg,Red-Bell-Pepper,train,71,38
train/Vegetables/Pepper/Red-Bell-Pepper/Red-Bell-Pepper_021.jpg,Red-Bell-Pepper,train,71,38
train/Vegetables/Pepper/Red-Bell-Pepper/Red-Bell-Pepper_022.jpg,Red-Bell-Pepper,train,71,38
train/Vegetables/Pepper/Red-Bell-Pepper/Red-Bell-Pepper_023.jpg,Red-Bell-Pepper,train,71,38
train/Vegetables/Pepper/Red-Bell-Pepper/Red-Bell-Pepper_024.jpg,Red-Bell-Pepper,train,71,38
train/Vegetables/Pepper/Red-Bell-Pepper/Red-Bell-Pepper_025.jpg,Red-Bell-Pepper,train,71,38
train/Vegetables/Pepper/Red-Bell-Pepper/Red-Bell-Pepper_026.jpg,Red-Bell-Pepper,train,71,38
train/Vegetables/Pepper/Red-Bell-Pepper/Red-Bell-Pepper_027.jpg,Red-Bell-Pepper,train,71,38
train/Vegetables/Pepper/Red-Bell-Pepper/Red-Bell-Pepper_028.jpg,Red-Bell-Pepper,train,71,38
train/Vegetables/Pepper/Red-Bell-Pepper/Red-Bell-Pepper_029.jpg,Red-Bell-Pepper,train,71,38
train/Vegetables/Pepper/Red-Bell-Pepper/Red-Bell-Pepper_030.jpg,Red-Bell-Pepper,train,71,38
train/Vegetables/Pepper/Red-Bell-Pepper/Red-Bell-Pepper_031.jpg,Red-Bell-Pepper,train,71,38
train/Vegetables/Pepper/Red-Bell-Pepper/Red-Bell-Pepper_032.jpg,Red-Bell-Pepper,train,71,38
train/Vegetables/Pepper/Red-Bell-Pepper/Red-Bell-Pepper_033.jpg,Red-Bell-Pepper,train,71,38
train/Vegetables/Pepper/Red-Bell-Pepper/Red-Bell-Pepper_034.jpg,Red-Bell-Pepper,train,71,38
train/Vegetables/Pepper/Yellow-Bell-Pepper/Yellow-Bell-Pepper_001.jpg,Yellow-Bell-Pepper,train,72,38
train/Vegetables/Pepper/Yellow-Bell-Pepper/Yellow-Bell-Pepper_002.jpg,Yellow-Bell-Pepper,train,72,38
train/Vegetables/Pepper/Yellow-Bell-Pepper/Yellow-Bell-Pepper_003.jpg,Yellow-Bell-Pepper,train,72,38
train/Vegetables/Pepper/Yellow-Bell-Pepper/Yellow-Bell-Pepper_004.jpg,Yellow-Bell-Pepper,train,72,38
train/Vegetables/Pepper/Yellow-Bell-Pepper/Yellow-Bell-Pepper_005.jpg,Yellow-Bell-Pepper,train,72,38
train/Vegetables/Pepper/Yellow-Bell-Pepper/Yellow-Bell-Pepper_006.jpg,Yellow-Bell-Pepper,train,72,38
train/Vegetables/Pepper/Yellow-Bell-Pepper/Yellow-Bell-Pepper_007.jpg,Yellow-Bell-Pepper,train,72,38
train/Vegetables/Pepper/Yellow-Bell-Pepper/Yellow-Bell-Pepper_008.jpg,Yellow-Bell-Pepper,train,72,38
train/Vegetables/Pepper/Yellow-Bell-Pepper/Yellow-Bell-Pepper_009.jpg,Yellow-Bell-Pepper,train,72,38
train/Vegetables/Pepper/Yellow-Bell-Pepper/Yellow-Bell-Pepper_010.jpg,Yellow-Bell-Pepper,train,72,38
train/Vegetables/Pepper/Yellow-Bell-Pepper/Yellow-Bell-Pepper_011.jpg,Yellow-Bell-Pepper,train,72,38
train/Vegetables/Pepper/Yellow-Bell-Pepper/Yellow-Bell-Pepper_012.jpg,Yellow-Bell-Pepper,train,72,38
train/Vegetables/Pepper/Yellow-Bell-Pepper/Yellow-Bell-Pepper_013.jpg,Yellow-Bell-Pepper,train,72,38
train/Vegetables/Pepper/Yellow-Bell-Pepper/Yellow-Bell-Pepper_014.jpg,Yellow-Bell-Pepper,train,72,38
train/Vegetables/Pepper/Yellow-Bell-Pepper/Yellow-Bell-Pepper_015.jpg,Yellow-Bell-Pepper,train,72,38
train/Vegetables/Pepper/Yellow-Bell-Pepper/Yellow-Bell-Pepper_016.jpg,Yellow-Bell-Pepper,train,72,38
train/Vegetables/Pepper/Yellow-Bell-Pepper/Yellow-Bell-Pepper_017.jpg,Yellow-Bell-Pepper,train,72,38
train/Vegetables/Pepper/Yellow-Bell-Pepper/Yellow-Bell-Pepper_018.jpg,Yellow-Bell-Pepper,train,72,38
train/Vegetables/Pepper/Yellow-Bell-Pepper/Yellow-Bell-Pepper_019.jpg,Yellow-Bell-Pepper,train,72,38
train/Vegetables/Pepper/Yellow-Bell-Pepper/Yellow-Bell-Pepper_020.jpg,Yellow-Bell-Pepper,train,72,38
train/Vegetables/Pepper/Yellow-Bell-Pepper/Yellow-Bell-Pepper_021.jpg,Yellow-Bell-Pepper,train,72,38
train/Vegetables/Pepper/Yellow-Bell-Pepper/Yellow-Bell-Pepper_022.jpg,Yellow-Bell-Pepper,train,72,38
train/Vegetables/Pepper/Yellow-Bell-Pepper/Yellow-Bell-Pepper_023.jpg,Yellow-Bell-Pepper,train,72,38
train/Vegetables/Pepper/Yellow-Bell-Pepper/Yellow-Bell-Pepper_024.jpg,Yellow-Bell-Pepper,train,72,38
train/Vegetables/Pepper/Yellow-Bell-Pepper/Yellow-Bell-Pepper_025.jpg,Yellow-Bell-Pepper,train,72,38
train/Vegetables/Pepper/Yellow-Bell-Pepper/Yellow-Bell-Pepper_026.jpg,Yellow-Bell-Pepper,train,72,38
train/Vegetables/Potato/Floury-Potato/Floury-Potato_001.jpg,Floury-Potato,train,73,39
train/Vegetables/Potato/Floury-Potato/Floury-Potato_002.jpg,Floury-Potato,train,73,39
train/Vegetables/Potato/Floury-Potato/Floury-Potato_003.jpg,Floury-Potato,train,73,39
train/Vegetables/Potato/Floury-Potato/Floury-Potato_004.jpg,Floury-Potato,train,73,39
train/Vegetables/Potato/Floury-Potato/Floury-Potato_005.jpg,Floury-Potato,train,73,39
train/Vegetables/Potato/Floury-Potato/Floury-Potato_006.jpg,Floury-Potato,train,73,39
train/Vegetables/Potato/Floury-Potato/Floury-Potato_007.jpg,Floury-Potato,train,73,39
train/Vegetables/Potato/Floury-Potato/Floury-Potato_008.jpg,Floury-Potato,train,73,39
train/Vegetables/Potato/Floury-Potato/Floury-Potato_009.jpg,Floury-Potato,train,73,39
train/Vegetables/Potato/Floury-Potato/Floury-Potato_010.jpg,Floury-Potato,train,73,39
train/Vegetables/Potato/Floury-Potato/Floury-Potato_011.jpg,Floury-Potato,train,73,39
train/Vegetables/Potato/Floury-Potato/Floury-Potato_012.jpg,Floury-Potato,train,73,39
train/Vegetables/Potato/Floury-Potato/Floury-Potato_013.jpg,Floury-Potato,train,73,39
train/Vegetables/Potato/Floury-Potato/Floury-Potato_014.jpg,Floury-Potato,train,73,39
train/Vegetables/Potato/Floury-Potato/Floury-Potato_015.jpg,Floury-Potato,train,73,39
train/Vegetables/Potato/Floury-Potato/Floury-Potato_016.jpg,Floury-Potato,train,73,39
train/Vegetables/Potato/Floury-Potato/Floury-Potato_017.jpg,Floury-Potato,train,73,39
train/Vegetables/Potato/Floury-Potato/Floury-Potato_018.jpg,Floury-Potato,train,73,39
train/Vegetables/Potato/Solid-Potato/Solid-Potato_001.jpg,Solid-Potato,train,74,39
train/Vegetables/Potato/Solid-Potato/Solid-Potato_002.jpg,Solid-Potato,train,74,39
train/Vegetables/Potato/Solid-Potato/Solid-Potato_003.jpg,Solid-Potato,train,74,39
train/Vegetables/Potato/Solid-Potato/Solid-Potato_004.jpg,Solid-Potato,train,74,39
train/Vegetables/Potato/Solid-Potato/Solid-Potato_005.jpg,Solid-Potato,train,74,39
train/Vegetables/Potato/Solid-Potato/Solid-Potato_006.jpg,Solid-Potato,train,74,39
train/Vegetables/Potato/Solid-Potato/Solid-Potato_007.jpg,Solid-Potato,train,74,39
train/Vegetables/Potato/Solid-Potato/Solid-Potato_008.jpg,Solid-Potato,train,74,39
train/Vegetables/Potato/Solid-Potato/Solid-Potato_009.jpg,Solid-Potato,train,74,39
train/Vegetables/Potato/Solid-Potato/Solid-Potato_010.jpg,Solid-Potato,train,74,39
train/Vegetables/Potato/Solid-Potato/Solid-Potato_011.jpg,Solid-Potato,train,74,39
train/Vegetables/Potato/Solid-Potato/Solid-Potato_012.jpg,Solid-Potato,train,74,39
train/Vegetables/Potato/Solid-Potato/Solid-Potato_013.jpg,Solid-Potato,train,74,39
train/Vegetables/Potato/Solid-Potato/Solid-Potato_014.jpg,Solid-Potato,train,74,39
train/Vegetables/Potato/Solid-Potato/Solid-Potato_015.jpg,Solid-Potato,train,74,39
train/Vegetables/Potato/Solid-Potato/Solid-Potato_016.jpg,Solid-Potato,train,74,39
train/Vegetables/Potato/Solid-Potato/Solid-Potato_017.jpg,Solid-Potato,train,74,39
train/Vegetables/Potato/Solid-Potato/Solid-Potato_018.jpg,Solid-Potato,train,74,39
train/Vegetables/Potato/Solid-Potato/Solid-Potato_019.jpg,Solid-Potato,train,74,39
train/Vegetables/Potato/Solid-Potato/Solid-Potato_020.jpg,Solid-Potato,train,74,39
train/Vegetables/Potato/Solid-Potato/Solid-Potato_021.jpg,Solid-Potato,train,74,39
train/Vegetables/Potato/Solid-Potato/Solid-Potato_022.jpg,Solid-Potato,train,74,39
train/Vegetables/Potato/Solid-Potato/Solid-Potato_023.jpg,Solid-Potato,train,74,39
train/Vegetables/Potato/Solid-Potato/Solid-Potato_024.jpg,Solid-Potato,train,74,39
train/Vegetables/Potato/Solid-Potato/Solid-Potato_025.jpg,Solid-Potato,train,74,39
train/Vegetables/Potato/Solid-Potato/Solid-Potato_026.jpg,Solid-Potato,train,74,39
train/Vegetables/Potato/Solid-Potato/Solid-Potato_027.jpg,Solid-Potato,train,74,39
train/Vegetables/Potato/Solid-Potato/Solid-Potato_028.jpg,Solid-Potato,train,74,39
train/Vegetables/Potato/Sweet-Potato/Sweet-Potato_001.jpg,Sweet-Potato,train,75,39
train/Vegetables/Potato/Sweet-Potato/Sweet-Potato_002.jpg,Sweet-Potato,train,75,39
train/Vegetables/Potato/Sweet-Potato/Sweet-Potato_003.jpg,Sweet-Potato,train,75,39
train/Vegetables/Potato/Sweet-Potato/Sweet-Potato_004.jpg,Sweet-Potato,train,75,39
train/Vegetables/Potato/Sweet-Potato/Sweet-Potato_005.jpg,Sweet-Potato,train,75,39
train/Vegetables/Potato/Sweet-Potato/Sweet-Potato_006.jpg,Sweet-Potato,train,75,39
train/Vegetables/Potato/Sweet-Potato/Sweet-Potato_007.jpg,Sweet-Potato,train,75,39
train/Vegetables/Potato/Sweet-Potato/Sweet-Potato_008.jpg,Sweet-Potato,train,75,39
train/Vegetables/Potato/Sweet-Potato/Sweet-Potato_009.jpg,Sweet-Potato,train,75,39
train/Vegetables/Potato/Sweet-Potato/Sweet-Potato_010.jpg,Sweet-Potato,train,75,39
train/Vegetables/Potato/Sweet-Potato/Sweet-Potato_011.jpg,Sweet-Potato,train,75,39
train/Vegetables/Potato/Sweet-Potato/Sweet-Potato_012.jpg,Sweet-Potato,train,75,39
train/Vegetables/Potato/Sweet-Potato/Sweet-Potato_013.jpg,Sweet-Potato,train,75,39
train/Vegetables/Potato/Sweet-Potato/Sweet-Potato_014.jpg,Sweet-Potato,train,75,39
train/Vegetables/Potato/Sweet-Potato/Sweet-Potato_015.jpg,Sweet-Potato,train,75,39
train/Vegetables/Potato/Sweet-Potato/Sweet-Potato_016.jpg,Sweet-Potato,train,75,39
train/Vegetables/Potato/Sweet-Potato/Sweet-Potato_017.jpg,Sweet-Potato,train,75,39
train/Vegetables/Potato/Sweet-Potato/Sweet-Potato_018.jpg,Sweet-Potato,train,75,39
train/Vegetables/Potato/Sweet-Potato/Sweet-Potato_019.jpg,Sweet-Potato,train,75,39
train/Vegetables/Potato/Sweet-Potato/Sweet-Potato_020.jpg,Sweet-Potato,train,75,39
train/Vegetables/Potato/Sweet-Potato/Sweet-Potato_021.jpg,Sweet-Potato,train,75,39
train/Vegetables/Potato/Sweet-Potato/Sweet-Potato_022.jpg,Sweet-Potato,train,75,39
train/Vegetables/Potato/Sweet-Potato/Sweet-Potato_023.jpg,Sweet-Potato,train,75,39
train/Vegetables/Potato/Sweet-Potato/Sweet-Potato_024.jpg,Sweet-Potato,train,75,39
train/Vegetables/Potato/Sweet-Potato/Sweet-Potato_025.jpg,Sweet-Potato,train,75,39
train/Vegetables/Potato/Sweet-Potato/Sweet-Potato_026.jpg,Sweet-Potato,train,75,39
train/Vegetables/Potato/Sweet-Potato/Sweet-Potato_027.jpg,Sweet-Potato,train,75,39
train/Vegetables/Potato/Sweet-Potato/Sweet-Potato_028.jpg,Sweet-Potato,train,75,39
train/Vegetables/Potato/Sweet-Potato/Sweet-Potato_029.jpg,Sweet-Potato,train,75,39
train/Vegetables/Red-Beet/Red-Beet_001.jpg,Red-Beet,train,76,40
train/Vegetables/Red-Beet/Red-Beet_002.jpg,Red-Beet,train,76,40
train/Vegetables/Red-Beet/Red-Beet_003.jpg,Red-Beet,train,76,40
train/Vegetables/Red-Beet/Red-Beet_004.jpg,Red-Beet,train,76,40
train/Vegetables/Red-Beet/Red-Beet_005.jpg,Red-Beet,train,76,40
train/Vegetables/Red-Beet/Red-Beet_006.jpg,Red-Beet,train,76,40
train/Vegetables/Red-Beet/Red-Beet_007.jpg,Red-Beet,train,76,40
train/Vegetables/Red-Beet/Red-Beet_008.jpg,Red-Beet,train,76,40
train/Vegetables/Red-Beet/Red-Beet_009.jpg,Red-Beet,train,76,40
train/Vegetables/Red-Beet/Red-Beet_010.jpg,Red-Beet,train,76,40
train/Vegetables/Red-Beet/Red-Beet_011.jpg,Red-Beet,train,76,40
train/Vegetables/Red-Beet/Red-Beet_012.jpg,Red-Beet,train,76,40
train/Vegetables/Red-Beet/Red-Beet_013.jpg,Red-Beet,train,76,40
train/Vegetables/Red-Beet/Red-Beet_014.jpg,Red-Beet,train,76,40
train/Vegetables/Red-Beet/Red-Beet_015.jpg,Red-Beet,train,76,40
train/Vegetables/Red-Beet/Red-Beet_016.jpg,Red-Beet,train,76,40
train/Vegetables/Red-Beet/Red-Beet_017.jpg,Red-Beet,train,76,40
train/Vegetables/Red-Beet/Red-Beet_018.jpg,Red-Beet,train,76,40
train/Vegetables/Tomato/Beef-Tomato/Beef-Tomato_001.jpg,Beef-Tomato,train,77,41
train/Vegetables/Tomato/Beef-Tomato/Beef-Tomato_002.jpg,Beef-Tomato,train,77,41
train/Vegetables/Tomato/Beef-Tomato/Beef-Tomato_003.jpg,Beef-Tomato,train,77,41
train/Vegetables/Tomato/Beef-Tomato/Beef-Tomato_004.jpg,Beef-Tomato,train,77,41
train/Vegetables/Tomato/Beef-Tomato/Beef-Tomato_005.jpg,Beef-Tomato,train,77,41
train/Vegetables/Tomato/Beef-Tomato/Beef-Tomato_006.jpg,Beef-Tomato,train,77,41
train/Vegetables/Tomato/Beef-Tomato/Beef-Tomato_007.jpg,Beef-Tomato,train,77,41
train/Vegetables/Tomato/Beef-Tomato/Beef-Tomato_008.jpg,Beef-Tomato,train,77,41
train/Vegetables/Tomato/Beef-Tomato/Beef-Tomato_009.jpg,Beef-Tomato,train,77,41
train/Vegetables/Tomato/Beef-Tomato/Beef-Tomato_010.jpg,Beef-Tomato,train,77,41
train/Vegetables/Tomato/Beef-Tomato/Beef-Tomato_011.jpg,Beef-Tomato,train,77,41
train/Vegetables/Tomato/Beef-Tomato/Beef-Tomato_012.jpg,Beef-Tomato,train,77,41
train/Vegetables/Tomato/Beef-Tomato/Beef-Tomato_013.jpg,Beef-Tomato,train,77,41
train/Vegetables/Tomato/Beef-Tomato/Beef-Tomato_014.jpg,Beef-Tomato,train,77,41
train/Vegetables/Tomato/Beef-Tomato/Beef-Tomato_015.jpg,Beef-Tomato,train,77,41
train/Vegetables/Tomato/Beef-Tomato/Beef-Tomato_016.jpg,Beef-Tomato,train,77,41
train/Vegetables/Tomato/Beef-Tomato/Beef-Tomato_017.jpg,Beef-Tomato,train,77,41
train/Vegetables/Tomato/Beef-Tomato/Beef-Tomato_018.jpg,Beef-Tomato,train,77,41
train/Vegetables/Tomato/Beef-Tomato/Beef-Tomato_019.jpg,Beef-Tomato,train,77,41
train/Vegetables/Tomato/Beef-Tomato/Beef-Tomato_020.jpg,Beef-Tomato,train,77,41
train/Vegetables/Tomato/Beef-Tomato/Beef-Tomato_021.jpg,Beef-Tomato,train,77,41
train/Vegetables/Tomato/Beef-Tomato/Beef-Tomato_022.jpg,Beef-Tomato,train,77,41
train/Vegetables/Tomato/Beef-Tomato/Beef-Tomato_023.jpg,Beef-Tomato,train,77,41
train/Vegetables/Tomato/Beef-Tomato/Beef-Tomato_024.jpg,Beef-Tomato,train,77,41
train/Vegetables/Tomato/Beef-Tomato/Beef-Tomato_025.jpg,Beef-Tomato,train,77,41
train/Vegetables/Tomato/Beef-Tomato/Beef-Tomato_026.jpg,Beef-Tomato,train,77,41
train/Vegetables/Tomato/Beef-Tomato/Beef-Tomato_027.jpg,Beef-Tomato,train,77,41
train/Vegetables/Tomato/Beef-Tomato/Beef-Tomato_028.jpg,Beef-Tomato,train,77,41
train/Vegetables/Tomato/Beef-Tomato/Beef-Tomato_029.jpg,Beef-Tomato,train,77,41
train/Vegetables/Tomato/Beef-Tomato/Beef-Tomato_030.jpg,Beef-Tomato,train,77,41
train/Vegetables/Tomato/Beef-Tomato/Beef-Tomato_031.jpg,Beef-Tomato,train,77,41
train/Vegetables/Tomato/Beef-Tomato/Beef-Tomato_032.jpg,Beef-Tomato,train,77,41
train/Vegetables/Tomato/Beef-Tomato/Beef-Tomato_033.jpg,Beef-Tomato,train,77,41
train/Vegetables/Tomato/Beef-Tomato/Beef-Tomato_034.jpg,Beef-Tomato,train,77,41
train/Vegetables/Tomato/Regular-Tomato/Regular-Tomato_001.jpg,Regular-Tomato,train,78,41
train/Vegetables/Tomato/Regular-Tomato/Regular-Tomato_002.jpg,Regular-Tomato,train,78,41
train/Vegetables/Tomato/Regular-Tomato/Regular-Tomato_003.jpg,Regular-Tomato,train,78,41
train/Vegetables/Tomato/Regular-Tomato/Regular-Tomato_004.jpg,Regular-Tomato,train,78,41
train/Vegetables/Tomato/Regular-Tomato/Regular-Tomato_005.jpg,Regular-Tomato,train,78,41
train/Vegetables/Tomato/Regular-Tomato/Regular-Tomato_006.jpg,Regular-Tomato,train,78,41
train/Vegetables/Tomato/Regular-Tomato/Regular-Tomato_007.jpg,Regular-Tomato,train,78,41
train/Vegetables/Tomato/Regular-Tomato/Regular-Tomato_008.jpg,Regular-Tomato,train,78,41
train/Vegetables/Tomato/Regular-Tomato/Regular-Tomato_009.jpg,Regular-Tomato,train,78,41
train/Vegetables/Tomato/Regular-Tomato/Regular-Tomato_010.jpg,Regular-Tomato,train,78,41
train/Vegetables/Tomato/Regular-Tomato/Regular-Tomato_011.jpg,Regular-Tomato,train,78,41
train/Vegetables/Tomato/Regular-Tomato/Regular-Tomato_012.jpg,Regular-Tomato,train,78,41
train/Vegetables/Tomato/Regular-Tomato/Regular-Tomato_013.jpg,Regular-Tomato,train,78,41
train/Vegetables/Tomato/Regular-Tomato/Regular-Tomato_014.jpg,Regular-Tomato,train,78,41
train/Vegetables/Tomato/Regular-Tomato/Regular-Tomato_015.jpg,Regular-Tomato,train,78,41
train/Vegetables/Tomato/Regular-Tomato/Regular-Tomato_016.jpg,Regular-Tomato,train,78,41
train/Vegetables/Tomato/Regular-Tomato/Regular-Tomato_017.jpg,Regular-Tomato,train,78,41
train/Vegetables/Tomato/Regular-Tomato/Regular-Tomato_018.jpg,Regular-Tomato,train,78,41
train/Vegetables/Tomato/Regular-Tomato/Regular-Tomato_019.jpg,Regular-Tomato,train,78,41
train/Vegetables/Tomato/Regular-Tomato/Regular-Tomato_020.jpg,Regular-Tomato,train,78,41
train/Vegetables/Tomato/Regular-Tomato/Regular-Tomato_021.jpg,Regular-Tomato,train,78,41
train/Vegetables/Tomato/Regular-Tomato/Regular-Tomato_022.jpg,Regular-Tomato,train,78,41
train/Vegetables/Tomato/Regular-Tomato/Regular-Tomato_023.jpg,Regular-Tomato,train,78,41
train/Vegetables/Tomato/Regular-Tomato/Regular-Tomato_024.jpg,Regular-Tomato,train,78,41
train/Vegetables/Tomato/Regular-Tomato/Regular-Tomato_025.jpg,Regular-Tomato,train,78,41
train/Vegetables/Tomato/Regular-Tomato/Regular-Tomato_026.jpg,Regular-Tomato,train,78,41
train/Vegetables/Tomato/Regular-Tomato/Regular-Tomato_027.jpg,Regular-Tomato,train,78,41
train/Vegetables/Tomato/Regular-Tomato/Regular-Tomato_028.jpg,Regular-Tomato,train,78,41
train/Vegetables/Tomato/Regular-Tomato/Regular-Tomato_029.jpg,Regular-Tomato,train,78,41
train/Vegetables/Tomato/Regular-Tomato/Regular-Tomato_030.jpg,Regular-Tomato,train,78,41
train/Vegetables/Tomato/Regular-Tomato/Regular-Tomato_031.jpg,Regular-Tomato,train,78,41
train/Vegetables/Tomato/Regular-Tomato/Regular-Tomato_032.jpg,Regular-Tomato,train,78,41
train/Vegetables/Tomato/Regular-Tomato/Regular-Tomato_033.jpg,Regular-Tomato,train,78,41
train/Vegetables/Tomato/Regular-Tomato/Regular-Tomato_034.jpg,Regular-Tomato,train,78,41
train/Vegetables/Tomato/Regular-Tomato/Regular-Tomato_035.jpg,Regular-Tomato,train,78,41
train/Vegetables/Tomato/Regular-Tomato/Regular-Tomato_036.jpg,Regular-Tomato,train,78,41
train/Vegetables/Tomato/Regular-Tomato/Regular-Tomato_037.jpg,Regular-Tomato,train,78,41
train/Vegetables/Tomato/Regular-Tomato/Regular-Tomato_038.jpg,Regular-Tomato,train,78,41
train/Vegetables/Tomato/Regular-Tomato/Regular-Tomato_039.jpg,Regular-Tomato,train,78,41
train/Vegetables/Tomato/Regular-Tomato/Regular-Tomato_040.jpg,Regular-Tomato,train,78,41
train/Vegetables/Tomato/Regular-Tomato/Regular-Tomato_041.jpg,Regular-Tomato,train,78,41
train/Vegetables/Tomato/Regular-Tomato/Regular-Tomato_042.jpg,Regular-Tomato,train,78,41
train/Vegetables/Tomato/Regular-Tomato/Regular-Tomato_043.jpg,Regular-Tomato,train,78,41
train/Vegetables/Tomato/Regular-Tomato/Regular-Tomato_044.jpg,Regular-Tomato,train,78,41
train/Vegetables/Tomato/Regular-Tomato/Regular-Tomato_045.jpg,Regular-Tomato,train,78,41
train/Vegetables/Tomato/Regular-Tomato/Regular-Tomato_046.jpg,Regular-Tomato,train,78,41
train/Vegetables/Tomato/Regular-Tomato/Regular-Tomato_047.jpg,Regular-Tomato,train,78,41
train/Vegetables/Tomato/Regular-Tomato/Regular-Tomato_048.jpg,Regular-Tomato,train,78,41
train/Vegetables/Tomato/Regular-Tomato/Regular-Tomato_049.jpg,Regular-Tomato,train,78,41
train/Vegetables/Tomato/Regular-Tomato/Regular-Tomato_050.jpg,Regular-Tomato,train,78,41
train/Vegetables/Tomato/Vine-Tomato/Vine-Tomato_001.jpg,Vine-Tomato,train,79,41
train/Vegetables/Tomato/Vine-Tomato/Vine-Tomato_002.jpg,Vine-Tomato,train,79,41
train/Vegetables/Tomato/Vine-Tomato/Vine-Tomato_003.jpg,Vine-Tomato,train,79,41
train/Vegetables/Tomato/Vine-Tomato/Vine-Tomato_004.jpg,Vine-Tomato,train,79,41
train/Vegetables/Tomato/Vine-Tomato/Vine-Tomato_005.jpg,Vine-Tomato,train,79,41
train/Vegetables/Tomato/Vine-Tomato/Vine-Tomato_006.jpg,Vine-Tomato,train,79,41
train/Vegetables/Tomato/Vine-Tomato/Vine-Tomato_007.jpg,Vine-Tomato,train,79,41
train/Vegetables/Tomato/Vine-Tomato/Vine-Tomato_008.jpg,Vine-Tomato,train,79,41
train/Vegetables/Tomato/Vine-Tomato/Vine-Tomato_009.jpg,Vine-Tomato,train,79,41
train/Vegetables/Tomato/Vine-Tomato/Vine-Tomato_010.jpg,Vine-Tomato,train,79,41
train/Vegetables/Tomato/Vine-Tomato/Vine-Tomato_011.jpg,Vine-Tomato,train,79,41
train/Vegetables/Tomato/Vine-Tomato/Vine-Tomato_012.jpg,Vine-Tomato,train,79,41
train/Vegetables/Tomato/Vine-Tomato/Vine-Tomato_013.jpg,Vine-Tomato,train,79,41
train/Vegetables/Tomato/Vine-Tomato/Vine-Tomato_014.jpg,Vine-Tomato,train,79,41
train/Vegetables/Tomato/Vine-Tomato/Vine-Tomato_015.jpg,Vine-Tomato,train,79,41
train/Vegetables/Tomato/Vine-Tomato/Vine-Tomato_016.jpg,Vine-Tomato,train,79,41
train/Vegetables/Tomato/Vine-Tomato/Vine-Tomato_017.jpg,Vine-Tomato,train,79,41
train/Vegetables/Tomato/Vine-Tomato/Vine-Tomato_018.jpg,Vine-Tomato,train,79,41
train/Vegetables/Tomato/Vine-Tomato/Vine-Tomato_019.jpg,Vine-Tomato,train,79,41
train/Vegetables/Tomato/Vine-Tomato/Vine-Tomato_020.jpg,Vine-Tomato,train,79,41
train/Vegetables/Tomato/Vine-Tomato/Vine-Tomato_021.jpg,Vine-Tomato,train,79,41
train/Vegetables/Tomato/Vine-Tomato/Vine-Tomato_022.jpg,Vine-Tomato,train,79,41
train/Vegetables/Tomato/Vine-Tomato/Vine-Tomato_023.jpg,Vine-Tomato,train,79,41
train/Vegetables/Tomato/Vine-Tomato/Vine-Tomato_024.jpg,Vine-Tomato,train,79,41
train/Vegetables/Tomato/Vine-Tomato/Vine-Tomato_025.jpg,Vine-Tomato,train,79,41
train/Vegetables/Tomato/Vine-Tomato/Vine-Tomato_026.jpg,Vine-Tomato,train,79,41
train/Vegetables/Tomato/Vine-Tomato/Vine-Tomato_027.jpg,Vine-Tomato,train,79,41
train/Vegetables/Tomato/Vine-Tomato/Vine-Tomato_028.jpg,Vine-Tomato,train,79,41
train/Vegetables/Tomato/Vine-Tomato/Vine-Tomato_029.jpg,Vine-Tomato,train,79,41
train/Vegetables/Tomato/Vine-Tomato/Vine-Tomato_030.jpg,Vine-Tomato,train,79,41
train/Vegetables/Tomato/Vine-Tomato/Vine-Tomato_031.jpg,Vine-Tomato,train,79,41
train/Vegetables/Tomato/Vine-Tomato/Vine-Tomato_032.jpg,Vine-Tomato,train,79,41
train/Vegetables/Tomato/Vine-Tomato/Vine-Tomato_033.jpg,Vine-Tomato,train,79,41
train/Vegetables/Tomato/Vine-Tomato/Vine-Tomato_034.jpg,Vine-Tomato,train,79,41
train/Vegetables/Tomato/Vine-Tomato/Vine-Tomato_035.jpg,Vine-Tomato,train,79,41
train/Vegetables/Tomato/Vine-Tomato/Vine-Tomato_036.jpg,Vine-Tomato,train,79,41
train/Vegetables/Tomato/Vine-Tomato/Vine-Tomato_037.jpg,Vine-Tomato,train,79,41
train/Vegetables/Tomato/Vine-Tomato/Vine-Tomato_038.jpg,Vine-Tomato,train,79,41
train/Vegetables/Tomato/Vine-Tomato/Vine-Tomato_039.jpg,Vine-Tomato,train,79,41
train/Vegetables/Tomato/Vine-Tomato/Vine-Tomato_040.jpg,Vine-Tomato,train,79,41
train/Vegetables/Tomato/Vine-Tomato/Vine-Tomato_041.jpg,Vine-Tomato,train,79,41
train/Vegetables/Tomato/Vine-Tomato/Vine-Tomato_042.jpg,Vine-Tomato,train,79,41
train/Vegetables/Tomato/Vine-Tomato/Vine-Tomato_043.jpg,Vine-Tomato,train,79,41
train/Vegetables/Zucchini/Zucchini_001.jpg,Zucchini,train,80,42
train/Vegetables/Zucchini/Zucchini_002.jpg,Zucchini,train,80,42
train/Vegetables/Zucchini/Zucchini_003.jpg,Zucchini,train,80,42
train/Vegetables/Zucchini/Zucchini_004.jpg,Zucchini,train,80,42
train/Vegetables/Zucchini/Zucchini_005.jpg,Zucchini,train,80,42
train/Vegetables/Zucchini/Zucchini_006.jpg,Zucchini,train,80,42
train/Vegetables/Zucchini/Zucchini_007.jpg,Zucchini,train,80,42
train/Vegetables/Zucchini/Zucchini_008.jpg,Zucchini,train,80,42
train/Vegetables/Zucchini/Zucchini_009.jpg,Zucchini,train,80,42
train/Vegetables/Zucchini/Zucchini_010.jpg,Zucchini,train,80,42
train/Vegetables/Zucchini/Zucchini_011.jpg,Zucchini,train,80,42
train/Vegetables/Zucchini/Zucchini_012.jpg,Zucchini,train,80,42
train/Vegetables/Zucchini/Zucchini_013.jpg,Zucchini,train,80,42
train/Vegetables/Zucchini/Zucchini_014.jpg,Zucchini,train,80,42
train/Vegetables/Zucchini/Zucchini_015.jpg,Zucchini,train,80,42
train/Vegetables/Zucchini/Zucchini_016.jpg,Zucchini,train,80,42
train/Vegetables/Zucchini/Zucchini_017.jpg,Zucchini,train,80,42
train/Vegetables/Zucchini/Zucchini_018.jpg,Zucchini,train,80,42
train/Vegetables/Zucchini/Zucchini_019.jpg,Zucchini,train,80,42
train/Vegetables/Zucchini/Zucchini_020.jpg,Zucchini,train,80,42
train/Vegetables/Zucchini/Zucchini_021.jpg,Zucchini,train,80,42
train/Vegetables/Zucchini/Zucchini_022.jpg,Zucchini,train,80,42
train/Vegetables/Zucchini/Zucchini_023.jpg,Zucchini,train,80,42
train/Vegetables/Zucchini/Zucchini_024.jpg,Zucchini,train,80,42
train/Vegetables/Zucchini/Zucchini_025.jpg,Zucchini,train,80,42
train/Vegetables/Zucchini/Zucchini_026.jpg,Zucchini,train,80,42
train/Vegetables/Zucchini/Zucchini_027.jpg,Zucchini,train,80,42
train/Vegetables/Zucchini/Zucchini_028.jpg,Zucchini,train,80,42
train/Vegetables/Zucchini/Zucchini_029.jpg,Zucchini,train,80,42
train/Vegetables/Zucchini/Zucchini_030.jpg,Zucchini,train,80,42
val/Fruit/Apple/Golden-Delicious/Golden-Delicious_001.jpg,Golden-Delicious,val,0,0
val/Fruit/Apple/Golden-Delicious/Golden-Delicious_002.jpg,Golden-Delicious,val,0,0
val/Fruit/Apple/Golden-Delicious/Golden-Delicious_003.jpg,Golden-Delicious,val,0,0
val/Fruit/Apple/Golden-Delicious/Golden-Delicious_004.jpg,Golden-Delicious,val,0,0
val/Fruit/Apple/Golden-Delicious/Golden-Delicious_005.jpg,Golden-Delicious,val,0,0
val/Fruit/Apple/Golden-Delicious/Golden-Delicious_006.jpg,Golden-Delicious,val,0,0
val/Fruit/Apple/Granny-Smith/Granny-Smith_001.jpg,Granny-Smith,val,1,0
val/Fruit/Apple/Granny-Smith/Granny-Smith_002.jpg,Granny-Smith,val,1,0
val/Fruit/Apple/Granny-Smith/Granny-Smith_003.jpg,Granny-Smith,val,1,0
val/Fruit/Apple/Granny-Smith/Granny-Smith_004.jpg,Granny-Smith,val,1,0
val/Fruit/Apple/Granny-Smith/Granny-Smith_005.jpg,Granny-Smith,val,1,0
val/Fruit/Apple/Granny-Smith/Granny-Smith_006.jpg,Granny-Smith,val,1,0
val/Fruit/Apple/Pink-Lady/Pink-Lady_001.jpg,Pink-Lady,val,2,0
val/Fruit/Apple/Pink-Lady/Pink-Lady_002.jpg,Pink-Lady,val,2,0
val/Fruit/Apple/Pink-Lady/Pink-Lady_003.jpg,Pink-Lady,val,2,0
val/Fruit/Apple/Pink-Lady/Pink-Lady_004.jpg,Pink-Lady,val,2,0
val/Fruit/Apple/Pink-Lady/Pink-Lady_005.jpg,Pink-Lady,val,2,0
val/Fruit/Apple/Royal-Gala/Royal-Gala_001.jpg,Royal-Gala,val,4,0
val/Fruit/Apple/Royal-Gala/Royal-Gala_002.jpg,Royal-Gala,val,4,0
val/Fruit/Apple/Royal-Gala/Royal-Gala_003.jpg,Royal-Gala,val,4,0
val/Fruit/Apple/Royal-Gala/Royal-Gala_004.jpg,Royal-Gala,val,4,0
val/Fruit/Apple/Royal-Gala/Royal-Gala_005.jpg,Royal-Gala,val,4,0
val/Fruit/Avocado/Avocado_001.jpg,Avocado,val,5,1
val/Fruit/Avocado/Avocado_002.jpg,Avocado,val,5,1
val/Fruit/Avocado/Avocado_003.jpg,Avocado,val,5,1
val/Fruit/Avocado/Avocado_004.jpg,Avocado,val,5,1
val/Fruit/Avocado/Avocado_005.jpg,Avocado,val,5,1
val/Fruit/Banana/Banana_001.jpg,Banana,val,6,2
val/Fruit/Banana/Banana_002.jpg,Banana,val,6,2
val/Fruit/Banana/Banana_003.jpg,Banana,val,6,2
val/Fruit/Banana/Banana_004.jpg,Banana,val,6,2
val/Fruit/Banana/Banana_005.jpg,Banana,val,6,2
val/Fruit/Banana/Banana_006.jpg,Banana,val,6,2
val/Fruit/Kiwi/Kiwi_001.jpg,Kiwi,val,7,3
val/Fruit/Kiwi/Kiwi_002.jpg,Kiwi,val,7,3
val/Fruit/Kiwi/Kiwi_003.jpg,Kiwi,val,7,3
val/Fruit/Kiwi/Kiwi_004.jpg,Kiwi,val,7,3
val/Fruit/Kiwi/Kiwi_005.jpg,Kiwi,val,7,3
val/Fruit/Lemon/Lemon_001.jpg,Lemon,val,8,4
val/Fruit/Lemon/Lemon_002.jpg,Lemon,val,8,4
val/Fruit/Lemon/Lemon_003.jpg,Lemon,val,8,4
val/Fruit/Lemon/Lemon_004.jpg,Lemon,val,8,4
val/Fruit/Lemon/Lemon_005.jpg,Lemon,val,8,4
val/Fruit/Lime/Lime_001.jpg,Lime,val,9,5
val/Fruit/Lime/Lime_002.jpg,Lime,val,9,5
val/Fruit/Lime/Lime_003.jpg,Lime,val,9,5
val/Fruit/Lime/Lime_004.jpg,Lime,val,9,5
val/Fruit/Lime/Lime_005.jpg,Lime,val,9,5
val/Fruit/Mango/Mango_001.jpg,Mango,val,10,6
val/Fruit/Mango/Mango_002.jpg,Mango,val,10,6
val/Fruit/Mango/Mango_003.jpg,Mango,val,10,6
val/Fruit/Melon/Cantaloupe/Cantaloupe_001.jpg,Cantaloupe,val,11,7
val/Fruit/Melon/Cantaloupe/Cantaloupe_002.jpg,Cantaloupe,val,11,7
val/Fruit/Melon/Cantaloupe/Cantaloupe_003.jpg,Cantaloupe,val,11,7
val/Fruit/Melon/Cantaloupe/Cantaloupe_004.jpg,Cantaloupe,val,11,7
val/Fruit/Melon/Cantaloupe/Cantaloupe_005.jpg,Cantaloupe,val,11,7
val/Fruit/Melon/Cantaloupe/Cantaloupe_006.jpg,Cantaloupe,val,11,7
val/Fruit/Melon/Galia-Melon/Galia-Melon_001.jpg,Galia-Melon,val,12,7
val/Fruit/Melon/Galia-Melon/Galia-Melon_002.jpg,Galia-Melon,val,12,7
val/Fruit/Melon/Galia-Melon/Galia-Melon_003.jpg,Galia-Melon,val,12,7
val/Fruit/Melon/Galia-Melon/Galia-Melon_004.jpg,Galia-Melon,val,12,7
val/Fruit/Melon/Galia-Melon/Galia-Melon_005.jpg,Galia-Melon,val,12,7
val/Fruit/Melon/Honeydew-Melon/Honeydew-Melon_001.jpg,Honeydew-Melon,val,13,7
val/Fruit/Melon/Honeydew-Melon/Honeydew-Melon_002.jpg,Honeydew-Melon,val,13,7
val/Fruit/Melon/Honeydew-Melon/Honeydew-Melon_003.jpg,Honeydew-Melon,val,13,7
val/Fruit/Melon/Honeydew-Melon/Honeydew-Melon_004.jpg,Honeydew-Melon,val,13,7
val/Fruit/Melon/Watermelon/Watermelon_001.jpg,Watermelon,val,14,7
val/Fruit/Melon/Watermelon/Watermelon_002.jpg,Watermelon,val,14,7
val/Fruit/Melon/Watermelon/Watermelon_003.jpg,Watermelon,val,14,7
val/Fruit/Melon/Watermelon/Watermelon_004.jpg,Watermelon,val,14,7
val/Fruit/Melon/Watermelon/Watermelon_005.jpg,Watermelon,val,14,7
val/Fruit/Orange/Orange_001.jpg,Orange,val,16,9
val/Fruit/Orange/Orange_002.jpg,Orange,val,16,9
val/Fruit/Orange/Orange_003.jpg,Orange,val,16,9
val/Fruit/Orange/Orange_004.jpg,Orange,val,16,9
val/Fruit/Orange/Orange_005.jpg,Orange,val,16,9
val/Fruit/Passion-Fruit/Passion-Fruit_001.jpg,Passion-Fruit,val,18,11
val/Fruit/Passion-Fruit/Passion-Fruit_002.jpg,Passion-Fruit,val,18,11
val/Fruit/Passion-Fruit/Passion-Fruit_003.jpg,Passion-Fruit,val,18,11
val/Fruit/Passion-Fruit/Passion-Fruit_004.jpg,Passion-Fruit,val,18,11
val/Fruit/Passion-Fruit/Passion-Fruit_005.jpg,Passion-Fruit,val,18,11
val/Fruit/Peach/Peach_001.jpg,Peach,val,19,12
val/Fruit/Peach/Peach_002.jpg,Peach,val,19,12
val/Fruit/Peach/Peach_003.jpg,Peach,val,19,12
val/Fruit/Peach/Peach_004.jpg,Peach,val,19,12
val/Fruit/Peach/Peach_005.jpg,Peach,val,19,12
val/Fruit/Pear/Conference/Conference_001.jpg,Conference,val,21,13
val/Fruit/Pear/Conference/Conference_002.jpg,Conference,val,21,13
val/Fruit/Pear/Conference/Conference_003.jpg,Conference,val,21,13
val/Fruit/Pear/Conference/Conference_004.jpg,Conference,val,21,13
val/Fruit/Pear/Conference/Conference_005.jpg,Conference,val,21,13
val/Fruit/Pineapple/Pineapple_001.jpg,Pineapple,val,23,14
val/Fruit/Pineapple/Pineapple_002.jpg,Pineapple,val,23,14
val/Fruit/Pineapple/Pineapple_003.jpg,Pineapple,val,23,14
val/Fruit/Pineapple/Pineapple_004.jpg,Pineapple,val,23,14
val/Fruit/Pineapple/Pineapple_005.jpg,Pineapple,val,23,14
val/Fruit/Pomegranate/Pomegranate_001.jpg,Pomegranate,val,25,16
val/Fruit/Pomegranate/Pomegranate_002.jpg,Pomegranate,val,25,16
val/Fruit/Pomegranate/Pomegranate_003.jpg,Pomegranate,val,25,16
val/Fruit/Pomegranate/Pomegranate_004.jpg,Pomegranate,val,25,16
val/Fruit/Pomegranate/Pomegranate_005.jpg,Pomegranate,val,25,16
val/Fruit/Red-Grapefruit/Red-Grapefruit_001.jpg,Red-Grapefruit,val,26,17
val/Fruit/Red-Grapefruit/Red-Grapefruit_002.jpg,Red-Grapefruit,val,26,17
val/Fruit/Red-Grapefruit/Red-Grapefruit_003.jpg,Red-Grapefruit,val,26,17
val/Fruit/Red-Grapefruit/Red-Grapefruit_004.jpg,Red-Grapefruit,val,26,17
val/Fruit/Red-Grapefruit/Red-Grapefruit_005.jpg,Red-Grapefruit,val,26,17
val/Fruit/Satsumas/Satsumas_001.jpg,Satsumas,val,27,18
val/Fruit/Satsumas/Satsumas_002.jpg,Satsumas,val,27,18
val/Fruit/Satsumas/Satsumas_003.jpg,Satsumas,val,27,18
val/Fruit/Satsumas/Satsumas_004.jpg,Satsumas,val,27,18
val/Fruit/Satsumas/Satsumas_005.jpg,Satsumas,val,27,18
val/Packages/Juice/Bravo-Apple-Juice/Bravo-Apple-Juice_001.jpg,Bravo-Apple-Juice,val,28,19
val/Packages/Juice/Bravo-Apple-Juice/Bravo-Apple-Juice_002.jpg,Bravo-Apple-Juice,val,28,19
val/Packages/Juice/Bravo-Apple-Juice/Bravo-Apple-Juice_003.jpg,Bravo-Apple-Juice,val,28,19
val/Packages/Juice/Bravo-Apple-Juice/Bravo-Apple-Juice_004.jpg,Bravo-Apple-Juice,val,28,19
val/Packages/Juice/Bravo-Orange-Juice/Bravo-Orange-Juice_001.jpg,Bravo-Orange-Juice,val,29,19
val/Packages/Juice/Bravo-Orange-Juice/Bravo-Orange-Juice_002.jpg,Bravo-Orange-Juice,val,29,19
val/Packages/Juice/Bravo-Orange-Juice/Bravo-Orange-Juice_003.jpg,Bravo-Orange-Juice,val,29,19
val/Packages/Juice/Bravo-Orange-Juice/Bravo-Orange-Juice_004.jpg,Bravo-Orange-Juice,val,29,19
val/Packages/Juice/Bravo-Orange-Juice/Bravo-Orange-Juice_005.jpg,Bravo-Orange-Juice,val,29,19
val/Packages/Juice/God-Morgon-Apple-Juice/God-Morgon-Apple-Juice_001.jpg,God-Morgon-Apple-Juice,val,30,19
val/Packages/Juice/God-Morgon-Apple-Juice/God-Morgon-Apple-Juice_002.jpg,God-Morgon-Apple-Juice,val,30,19
val/Packages/Juice/God-Morgon-Apple-Juice/God-Morgon-Apple-Juice_003.jpg,God-Morgon-Apple-Juice,val,30,19
val/Packages/Juice/God-Morgon-Apple-Juice/God-Morgon-Apple-Juice_004.jpg,God-Morgon-Apple-Juice,val,30,19
val/Packages/Juice/God-Morgon-Apple-Juice/God-Morgon-Apple-Juice_005.jpg,God-Morgon-Apple-Juice,val,30,19
val/Packages/Juice/God-Morgon-Orange-Juice/God-Morgon-Orange-Juice_001.jpg,God-Morgon-Orange-Juice,val,31,19
val/Packages/Juice/God-Morgon-Orange-Juice/God-Morgon-Orange-Juice_002.jpg,God-Morgon-Orange-Juice,val,31,19
val/Packages/Juice/God-Morgon-Orange-Juice/God-Morgon-Orange-Juice_003.jpg,God-Morgon-Orange-Juice,val,31,19
val/Packages/Juice/God-Morgon-Orange-Juice/God-Morgon-Orange-Juice_004.jpg,God-Morgon-Orange-Juice,val,31,19
val/Packages/Juice/God-Morgon-Orange-Juice/God-Morgon-Orange-Juice_005.jpg,God-Morgon-Orange-Juice,val,31,19
val/Packages/Juice/God-Morgon-Orange-Red-Grapefruit-Juice/God-Morgon-Orange-Red-Grapefruit-Juice_001.jpg,God-Morgon-Orange-Red-Grapefruit-Juice,val,32,19
val/Packages/Juice/God-Morgon-Orange-Red-Grapefruit-Juice/God-Morgon-Orange-Red-Grapefruit-Juice_002.jpg,God-Morgon-Orange-Red-Grapefruit-Juice,val,32,19
val/Packages/Juice/God-Morgon-Orange-Red-Grapefruit-Juice/God-Morgon-Orange-Red-Grapefruit-Juice_003.jpg,God-Morgon-Orange-Red-Grapefruit-Juice,val,32,19
val/Packages/Juice/God-Morgon-Orange-Red-Grapefruit-Juice/God-Morgon-Orange-Red-Grapefruit-Juice_004.jpg,God-Morgon-Orange-Red-Grapefruit-Juice,val,32,19
val/Packages/Juice/God-Morgon-Orange-Red-Grapefruit-Juice/God-Morgon-Orange-Red-Grapefruit-Juice_005.jpg,God-Morgon-Orange-Red-Grapefruit-Juice,val,32,19
val/Packages/Juice/God-Morgon-Orange-Red-Grapefruit-Juice/God-Morgon-Orange-Red-Grapefruit-Juice_006.jpg,God-Morgon-Orange-Red-Grapefruit-Juice,val,32,19
val/Packages/Juice/God-Morgon-Red-Grapefruit-Juice/God-Morgon-Red-Grapefruit-Juice_001.jpg,God-Morgon-Red-Grapefruit-Juice,val,33,19
val/Packages/Juice/God-Morgon-Red-Grapefruit-Juice/God-Morgon-Red-Grapefruit-Juice_002.jpg,God-Morgon-Red-Grapefruit-Juice,val,33,19
val/Packages/Juice/God-Morgon-Red-Grapefruit-Juice/God-Morgon-Red-Grapefruit-Juice_003.jpg,God-Morgon-Red-Grapefruit-Juice,val,33,19
val/Packages/Juice/God-Morgon-Red-Grapefruit-Juice/God-Morgon-Red-Grapefruit-Juice_004.jpg,God-Morgon-Red-Grapefruit-Juice,val,33,19
val/Packages/Milk/Arla-Ecological-Medium-Fat-Milk/Arla-Ecological-Medium-Fat-Milk_001.jpg,Arla-Ecological-Medium-Fat-Milk,val,38,20
val/Packages/Milk/Arla-Ecological-Medium-Fat-Milk/Arla-Ecological-Medium-Fat-Milk_002.jpg,Arla-Ecological-Medium-Fat-Milk,val,38,20
val/Packages/Milk/Arla-Ecological-Medium-Fat-Milk/Arla-Ecological-Medium-Fat-Milk_003.jpg,Arla-Ecological-Medium-Fat-Milk,val,38,20
val/Packages/Milk/Arla-Ecological-Medium-Fat-Milk/Arla-Ecological-Medium-Fat-Milk_004.jpg,Arla-Ecological-Medium-Fat-Milk,val,38,20
val/Packages/Milk/Arla-Ecological-Medium-Fat-Milk/Arla-Ecological-Medium-Fat-Milk_005.jpg,Arla-Ecological-Medium-Fat-Milk,val,38,20
val/Packages/Milk/Arla-Medium-Fat-Milk/Arla-Medium-Fat-Milk_001.jpg,Arla-Medium-Fat-Milk,val,40,20
val/Packages/Milk/Arla-Medium-Fat-Milk/Arla-Medium-Fat-Milk_002.jpg,Arla-Medium-Fat-Milk,val,40,20
val/Packages/Milk/Arla-Medium-Fat-Milk/Arla-Medium-Fat-Milk_003.jpg,Arla-Medium-Fat-Milk,val,40,20
val/Packages/Milk/Arla-Medium-Fat-Milk/Arla-Medium-Fat-Milk_004.jpg,Arla-Medium-Fat-Milk,val,40,20
val/Packages/Milk/Arla-Standard-Milk/Arla-Standard-Milk_001.jpg,Arla-Standard-Milk,val,41,20
val/Packages/Milk/Arla-Standard-Milk/Arla-Standard-Milk_002.jpg,Arla-Standard-Milk,val,41,20
val/Packages/Milk/Arla-Standard-Milk/Arla-Standard-Milk_003.jpg,Arla-Standard-Milk,val,41,20
val/Packages/Milk/Arla-Standard-Milk/Arla-Standard-Milk_004.jpg,Arla-Standard-Milk,val,41,20
val/Packages/Milk/Arla-Standard-Milk/Arla-Standard-Milk_005.jpg,Arla-Standard-Milk,val,41,20
val/Packages/Milk/Garant-Ecological-Medium-Fat-Milk/Garant-Ecological-Medium-Fat-Milk_001.jpg,Garant-Ecological-Medium-Fat-Milk,val,42,20
val/Packages/Milk/Garant-Ecological-Medium-Fat-Milk/Garant-Ecological-Medium-Fat-Milk_002.jpg,Garant-Ecological-Medium-Fat-Milk,val,42,20
val/Packages/Milk/Garant-Ecological-Medium-Fat-Milk/Garant-Ecological-Medium-Fat-Milk_003.jpg,Garant-Ecological-Medium-Fat-Milk,val,42,20
val/Packages/Milk/Garant-Ecological-Medium-Fat-Milk/Garant-Ecological-Medium-Fat-Milk_004.jpg,Garant-Ecological-Medium-Fat-Milk,val,42,20
val/Packages/Milk/Garant-Ecological-Medium-Fat-Milk/Garant-Ecological-Medium-Fat-Milk_005.jpg,Garant-Ecological-Medium-Fat-Milk,val,42,20
val/Packages/Milk/Garant-Ecological-Medium-Fat-Milk/Garant-Ecological-Medium-Fat-Milk_006.jpg,Garant-Ecological-Medium-Fat-Milk,val,42,20
val/Packages/Milk/Garant-Ecological-Standard-Milk/Garant-Ecological-Standard-Milk_001.jpg,Garant-Ecological-Standard-Milk,val,43,20
val/Packages/Milk/Garant-Ecological-Standard-Milk/Garant-Ecological-Standard-Milk_002.jpg,Garant-Ecological-Standard-Milk,val,43,20
val/Packages/Milk/Garant-Ecological-Standard-Milk/Garant-Ecological-Standard-Milk_003.jpg,Garant-Ecological-Standard-Milk,val,43,20
val/Packages/Milk/Garant-Ecological-Standard-Milk/Garant-Ecological-Standard-Milk_004.jpg,Garant-Ecological-Standard-Milk,val,43,20
val/Packages/Milk/Garant-Ecological-Standard-Milk/Garant-Ecological-Standard-Milk_005.jpg,Garant-Ecological-Standard-Milk,val,43,20
val/Packages/Milk/Garant-Ecological-Standard-Milk/Garant-Ecological-Standard-Milk_006.jpg,Garant-Ecological-Standard-Milk,val,43,20
val/Packages/Oat-Milk/Oatly-Oat-Milk/Oatly-Oat-Milk_001.jpg,Oatly-Oat-Milk,val,45,22
val/Packages/Oat-Milk/Oatly-Oat-Milk/Oatly-Oat-Milk_002.jpg,Oatly-Oat-Milk,val,45,22
val/Packages/Oat-Milk/Oatly-Oat-Milk/Oatly-Oat-Milk_003.jpg,Oatly-Oat-Milk,val,45,22
val/Packages/Oat-Milk/Oatly-Oat-Milk/Oatly-Oat-Milk_004.jpg,Oatly-Oat-Milk,val,45,22
val/Packages/Oat-Milk/Oatly-Oat-Milk/Oatly-Oat-Milk_005.jpg,Oatly-Oat-Milk,val,45,22
val/Packages/Oatghurt/Oatly-Natural-Oatghurt/Oatly-Natural-Oatghurt_001.jpg,Oatly-Natural-Oatghurt,val,44,21
val/Packages/Oatghurt/Oatly-Natural-Oatghurt/Oatly-Natural-Oatghurt_002.jpg,Oatly-Natural-Oatghurt,val,44,21
val/Packages/Oatghurt/Oatly-Natural-Oatghurt/Oatly-Natural-Oatghurt_003.jpg,Oatly-Natural-Oatghurt,val,44,21
val/Packages/Oatghurt/Oatly-Natural-Oatghurt/Oatly-Natural-Oatghurt_004.jpg,Oatly-Natural-Oatghurt,val,44,21
val/Packages/Oatghurt/Oatly-Natural-Oatghurt/Oatly-Natural-Oatghurt_005.jpg,Oatly-Natural-Oatghurt,val,44,21
val/Packages/Sour-Cream/Arla-Sour-Cream/Arla-Sour-Cream_001.jpg,Arla-Sour-Cream,val,47,23
val/Packages/Sour-Cream/Arla-Sour-Cream/Arla-Sour-Cream_002.jpg,Arla-Sour-Cream,val,47,23
val/Packages/Sour-Cream/Arla-Sour-Cream/Arla-Sour-Cream_003.jpg,Arla-Sour-Cream,val,47,23
val/Packages/Sour-Cream/Arla-Sour-Cream/Arla-Sour-Cream_004.jpg,Arla-Sour-Cream,val,47,23
val/Packages/Sour-Cream/Arla-Sour-Cream/Arla-Sour-Cream_005.jpg,Arla-Sour-Cream,val,47,23
val/Packages/Soyghurt/Alpro-Blueberry-Soyghurt/Alpro-Blueberry-Soyghurt_001.jpg,Alpro-Blueberry-Soyghurt,val,49,25
val/Packages/Soyghurt/Alpro-Blueberry-Soyghurt/Alpro-Blueberry-Soyghurt_002.jpg,Alpro-Blueberry-Soyghurt,val,49,25
val/Packages/Soyghurt/Alpro-Blueberry-Soyghurt/Alpro-Blueberry-Soyghurt_003.jpg,Alpro-Blueberry-Soyghurt,val,49,25
val/Packages/Soyghurt/Alpro-Blueberry-Soyghurt/Alpro-Blueberry-Soyghurt_004.jpg,Alpro-Blueberry-Soyghurt,val,49,25
val/Packages/Soyghurt/Alpro-Blueberry-Soyghurt/Alpro-Blueberry-Soyghurt_005.jpg,Alpro-Blueberry-Soyghurt,val,49,25
val/Packages/Soyghurt/Alpro-Vanilla-Soyghurt/Alpro-Vanilla-Soyghurt_001.jpg,Alpro-Vanilla-Soyghurt,val,50,25
val/Packages/Soyghurt/Alpro-Vanilla-Soyghurt/Alpro-Vanilla-Soyghurt_002.jpg,Alpro-Vanilla-Soyghurt,val,50,25
val/Packages/Soyghurt/Alpro-Vanilla-Soyghurt/Alpro-Vanilla-Soyghurt_003.jpg,Alpro-Vanilla-Soyghurt,val,50,25
val/Packages/Soyghurt/Alpro-Vanilla-Soyghurt/Alpro-Vanilla-Soyghurt_004.jpg,Alpro-Vanilla-Soyghurt,val,50,25
val/Packages/Soyghurt/Alpro-Vanilla-Soyghurt/Alpro-Vanilla-Soyghurt_005.jpg,Alpro-Vanilla-Soyghurt,val,50,25
val/Packages/Yoghurt/Arla-Mild-Vanilla-Yoghurt/Arla-Mild-Vanilla-Yoghurt_001.jpg,Arla-Mild-Vanilla-Yoghurt,val,53,27
val/Packages/Yoghurt/Arla-Mild-Vanilla-Yoghurt/Arla-Mild-Vanilla-Yoghurt_002.jpg,Arla-Mild-Vanilla-Yoghurt,val,53,27
val/Packages/Yoghurt/Arla-Mild-Vanilla-Yoghurt/Arla-Mild-Vanilla-Yoghurt_003.jpg,Arla-Mild-Vanilla-Yoghurt,val,53,27
val/Packages/Yoghurt/Arla-Mild-Vanilla-Yoghurt/Arla-Mild-Vanilla-Yoghurt_004.jpg,Arla-Mild-Vanilla-Yoghurt,val,53,27
val/Packages/Yoghurt/Arla-Mild-Vanilla-Yoghurt/Arla-Mild-Vanilla-Yoghurt_005.jpg,Arla-Mild-Vanilla-Yoghurt,val,53,27
val/Packages/Yoghurt/Valio-Vanilla-Yoghurt/Valio-Vanilla-Yoghurt_001.jpg,Valio-Vanilla-Yoghurt,val,56,27
val/Packages/Yoghurt/Valio-Vanilla-Yoghurt/Valio-Vanilla-Yoghurt_002.jpg,Valio-Vanilla-Yoghurt,val,56,27
val/Packages/Yoghurt/Valio-Vanilla-Yoghurt/Valio-Vanilla-Yoghurt_003.jpg,Valio-Vanilla-Yoghurt,val,56,27
val/Packages/Yoghurt/Valio-Vanilla-Yoghurt/Valio-Vanilla-Yoghurt_004.jpg,Valio-Vanilla-Yoghurt,val,56,27
val/Packages/Yoghurt/Valio-Vanilla-Yoghurt/Valio-Vanilla-Yoghurt_005.jpg,Valio-Vanilla-Yoghurt,val,56,27
val/Packages/Yoghurt/Yoggi-Strawberry-Yoghurt/Yoggi-Strawberry-Yoghurt_001.jpg,Yoggi-Strawberry-Yoghurt,val,57,27
val/Packages/Yoghurt/Yoggi-Strawberry-Yoghurt/Yoggi-Strawberry-Yoghurt_002.jpg,Yoggi-Strawberry-Yoghurt,val,57,27
val/Packages/Yoghurt/Yoggi-Strawberry-Yoghurt/Yoggi-Strawberry-Yoghurt_003.jpg,Yoggi-Strawberry-Yoghurt,val,57,27
val/Packages/Yoghurt/Yoggi-Strawberry-Yoghurt/Yoggi-Strawberry-Yoghurt_004.jpg,Yoggi-Strawberry-Yoghurt,val,57,27
val/Packages/Yoghurt/Yoggi-Strawberry-Yoghurt/Yoggi-Strawberry-Yoghurt_005.jpg,Yoggi-Strawberry-Yoghurt,val,57,27
val/Packages/Yoghurt/Yoggi-Vanilla-Yoghurt/Yoggi-Vanilla-Yoghurt_001.jpg,Yoggi-Vanilla-Yoghurt,val,58,27
val/Packages/Yoghurt/Yoggi-Vanilla-Yoghurt/Yoggi-Vanilla-Yoghurt_002.jpg,Yoggi-Vanilla-Yoghurt,val,58,27
val/Packages/Yoghurt/Yoggi-Vanilla-Yoghurt/Yoggi-Vanilla-Yoghurt_003.jpg,Yoggi-Vanilla-Yoghurt,val,58,27
val/Packages/Yoghurt/Yoggi-Vanilla-Yoghurt/Yoggi-Vanilla-Yoghurt_004.jpg,Yoggi-Vanilla-Yoghurt,val,58,27
val/Packages/Yoghurt/Yoggi-Vanilla-Yoghurt/Yoggi-Vanilla-Yoghurt_005.jpg,Yoggi-Vanilla-Yoghurt,val,58,27
val/Vegetables/Asparagus/Asparagus_001.jpg,Asparagus,val,59,28
val/Vegetables/Asparagus/Asparagus_002.jpg,Asparagus,val,59,28
val/Vegetables/Asparagus/Asparagus_003.jpg,Asparagus,val,59,28
val/Vegetables/Asparagus/Asparagus_004.jpg,Asparagus,val,59,28
val/Vegetables/Asparagus/Asparagus_005.jpg,Asparagus,val,59,28
val/Vegetables/Aubergine/Aubergine_001.jpg,Aubergine,val,60,29
val/Vegetables/Aubergine/Aubergine_002.jpg,Aubergine,val,60,29
val/Vegetables/Aubergine/Aubergine_003.jpg,Aubergine,val,60,29
val/Vegetables/Aubergine/Aubergine_004.jpg,Aubergine,val,60,29
val/Vegetables/Brown-Cap-Mushroom/Brown-Cap-Mushroom_001.jpg,Brown-Cap-Mushroom,val,67,36
val/Vegetables/Brown-Cap-Mushroom/Brown-Cap-Mushroom_002.jpg,Brown-Cap-Mushroom,val,67,36
val/Vegetables/Brown-Cap-Mushroom/Brown-Cap-Mushroom_003.jpg,Brown-Cap-Mushroom,val,67,36
val/Vegetables/Brown-Cap-Mushroom/Brown-Cap-Mushroom_004.jpg,Brown-Cap-Mushroom,val,67,36
val/Vegetables/Brown-Cap-Mushroom/Brown-Cap-Mushroom_005.jpg,Brown-Cap-Mushroom,val,67,36
val/Vegetables/Cabbage/Cabbage_001.jpg,Cabbage,val,61,30
val/Vegetables/Cabbage/Cabbage_002.jpg,Cabbage,val,61,30
val/Vegetables/Cabbage/Cabbage_003.jpg,Cabbage,val,61,30
val/Vegetables/Cabbage/Cabbage_004.jpg,Cabbage,val,61,30
val/Vegetables/Cabbage/Cabbage_005.jpg,Cabbage,val,61,30
val/Vegetables/Carrots/Carrots_001.jpg,Carrots,val,62,31
val/Vegetables/Carrots/Carrots_002.jpg,Carrots,val,62,31
val/Vegetables/Carrots/Carrots_003.jpg,Carrots,val,62,31
val/Vegetables/Carrots/Carrots_004.jpg,Carrots,val,62,31
val/Vegetables/Carrots/Carrots_005.jpg,Carrots,val,62,31
val/Vegetables/Cucumber/Cucumber_001.jpg,Cucumber,val,63,32
val/Vegetables/Cucumber/Cucumber_002.jpg,Cucumber,val,63,32
val/Vegetables/Cucumber/Cucumber_003.jpg,Cucumber,val,63,32
val/Vegetables/Cucumber/Cucumber_004.jpg,Cucumber,val,63,32
val/Vegetables/Cucumber/Cucumber_005.jpg,Cucumber,val,63,32
val/Vegetables/Ginger/Ginger_001.jpg,Ginger,val,65,34
val/Vegetables/Ginger/Ginger_002.jpg,Ginger,val,65,34
val/Vegetables/Ginger/Ginger_003.jpg,Ginger,val,65,34
val/Vegetables/Ginger/Ginger_004.jpg,Ginger,val,65,34
val/Vegetables/Leek/Leek_001.jpg,Leek,val,66,35
val/Vegetables/Leek/Leek_002.jpg,Leek,val,66,35
val/Vegetables/Leek/Leek_003.jpg,Leek,val,66,35
val/Vegetables/Leek/Leek_004.jpg,Leek,val,66,35
val/Vegetables/Onion/Yellow-Onion/Yellow-Onion_001.jpg,Yellow-Onion,val,68,37
val/Vegetables/Onion/Yellow-Onion/Yellow-Onion_002.jpg,Yellow-Onion,val,68,37
val/Vegetables/Onion/Yellow-Onion/Yellow-Onion_003.jpg,Yellow-Onion,val,68,37
val/Vegetables/Onion/Yellow-Onion/Yellow-Onion_004.jpg,Yellow-Onion,val,68,37
val/Vegetables/Onion/Yellow-Onion/Yellow-Onion_005.jpg,Yellow-Onion,val,68,37
val/Vegetables/Pepper/Orange-Bell-Pepper/Orange-Bell-Pepper_001.jpg,Orange-Bell-Pepper,val,70,38
val/Vegetables/Pepper/Orange-Bell-Pepper/Orange-Bell-Pepper_002.jpg,Orange-Bell-Pepper,val,70,38
val/Vegetables/Pepper/Orange-Bell-Pepper/Orange-Bell-Pepper_003.jpg,Orange-Bell-Pepper,val,70,38
val/Vegetables/Pepper/Orange-Bell-Pepper/Orange-Bell-Pepper_004.jpg,Orange-Bell-Pepper,val,70,38
val/Vegetables/Pepper/Orange-Bell-Pepper/Orange-Bell-Pepper_005.jpg,Orange-Bell-Pepper,val,70,38
val/Vegetables/Pepper/Red-Bell-Pepper/Red-Bell-Pepper_001.jpg,Red-Bell-Pepper,val,71,38
val/Vegetables/Pepper/Red-Bell-Pepper/Red-Bell-Pepper_002.jpg,Red-Bell-Pepper,val,71,38
val/Vegetables/Pepper/Red-Bell-Pepper/Red-Bell-Pepper_003.jpg,Red-Bell-Pepper,val,71,38
val/Vegetables/Pepper/Red-Bell-Pepper/Red-Bell-Pepper_004.jpg,Red-Bell-Pepper,val,71,38
val/Vegetables/Pepper/Red-Bell-Pepper/Red-Bell-Pepper_005.jpg,Red-Bell-Pepper,val,71,38
val/Vegetables/Pepper/Yellow-Bell-Pepper/Yellow-Bell-Pepper_001.jpg,Yellow-Bell-Pepper,val,72,38
val/Vegetables/Pepper/Yellow-Bell-Pepper/Yellow-Bell-Pepper_002.jpg,Yellow-Bell-Pepper,val,72,38
val/Vegetables/Pepper/Yellow-Bell-Pepper/Yellow-Bell-Pepper_003.jpg,Yellow-Bell-Pepper,val,72,38
val/Vegetables/Pepper/Yellow-Bell-Pepper/Yellow-Bell-Pepper_004.jpg,Yellow-Bell-Pepper,val,72,38
val/Vegetables/Pepper/Yellow-Bell-Pepper/Yellow-Bell-Pepper_005.jpg,Yellow-Bell-Pepper,val,72,38
val/Vegetables/Potato/Floury-Potato/Floury-Potato_001.jpg,Floury-Potato,val,73,39
val/Vegetables/Potato/Floury-Potato/Floury-Potato_002.jpg,Floury-Potato,val,73,39
val/Vegetables/Potato/Floury-Potato/Floury-Potato_003.jpg,Floury-Potato,val,73,39
val/Vegetables/Potato/Floury-Potato/Floury-Potato_004.jpg,Floury-Potato,val,73,39
val/Vegetables/Potato/Floury-Potato/Floury-Potato_005.jpg,Floury-Potato,val,73,39
val/Vegetables/Potato/Sweet-Potato/Sweet-Potato_001.jpg,Sweet-Potato,val,75,39
val/Vegetables/Potato/Sweet-Potato/Sweet-Potato_002.jpg,Sweet-Potato,val,75,39
val/Vegetables/Potato/Sweet-Potato/Sweet-Potato_003.jpg,Sweet-Potato,val,75,39
val/Vegetables/Potato/Sweet-Potato/Sweet-Potato_004.jpg,Sweet-Potato,val,75,39
val/Vegetables/Potato/Sweet-Potato/Sweet-Potato_005.jpg,Sweet-Potato,val,75,39
val/Vegetables/Red-Beet/Red-Beet_001.jpg,Red-Beet,val,76,40
val/Vegetables/Red-Beet/Red-Beet_002.jpg,Red-Beet,val,76,40
val/Vegetables/Red-Beet/Red-Beet_003.jpg,Red-Beet,val,76,40
val/Vegetables/Red-Beet/Red-Beet_004.jpg,Red-Beet,val,76,40
val/Vegetables/Red-Beet/Red-Beet_005.jpg,Red-Beet,val,76,40
val/Vegetables/Tomato/Beef-Tomato/Beef-Tomato_001.jpg,Beef-Tomato,val,77,41
val/Vegetables/Tomato/Beef-Tomato/Beef-Tomato_002.jpg,Beef-Tomato,val,77,41
val/Vegetables/Tomato/Beef-Tomato/Beef-Tomato_003.jpg,Beef-Tomato,val,77,41
val/Vegetables/Tomato/Vine-Tomato/Vine-Tomato_001.jpg,Vine-Tomato,val,79,41
val/Vegetables/Tomato/Vine-Tomato/Vine-Tomato_002.jpg,Vine-Tomato,val,79,41
val/Vegetables/Tomato/Vine-Tomato/Vine-Tomato_003.jpg,Vine-Tomato,val,79,41
val/Vegetables/Tomato/Vine-Tomato/Vine-Tomato_004.jpg,Vine-Tomato,val,79,41
val/Vegetables/Tomato/Vine-Tomato/Vine-Tomato_005.jpg,Vine-Tomato,val,79,41
val/Vegetables/Zucchini/Zucchini_001.jpg,Zucchini,val,80,42
val/Vegetables/Zucchini/Zucchini_002.jpg,Zucchini,val,80,42
val/Vegetables/Zucchini/Zucchini_003.jpg,Zucchini,val,80,42
val/Vegetables/Zucchini/Zucchini_004.jpg,Zucchini,val,80,42
val/Vegetables/Zucchini/Zucchini_005.jpg,Zucchini,val,80,42
test/Fruit/Apple/Golden-Delicious/Golden-Delicious_001.jpg,Golden-Delicious,test,0,0
test/Fruit/Apple/Golden-Delicious/Golden-Delicious_002.jpg,Golden-Delicious,test,0,0
test/Fruit/Apple/Golden-Delicious/Golden-Delicious_003.jpg,Golden-Delicious,test,0,0
test/Fruit/Apple/Golden-Delicious/Golden-Delicious_004.jpg,Golden-Delicious,test,0,0
test/Fruit/Apple/Golden-Delicious/Golden-Delicious_005.jpg,Golden-Delicious,test,0,0
test/Fruit/Apple/Golden-Delicious/Golden-Delicious_006.jpg,Golden-Delicious,test,0,0
test/Fruit/Apple/Golden-Delicious/Golden-Delicious_007.jpg,Golden-Delicious,test,0,0
test/Fruit/Apple/Golden-Delicious/Golden-Delicious_008.jpg,Golden-Delicious,test,0,0
test/Fruit/Apple/Golden-Delicious/Golden-Delicious_009.jpg,Golden-Delicious,test,0,0
test/Fruit/Apple/Golden-Delicious/Golden-Delicious_010.jpg,Golden-Delicious,test,0,0
test/Fruit/Apple/Golden-Delicious/Golden-Delicious_011.jpg,Golden-Delicious,test,0,0
test/Fruit/Apple/Golden-Delicious/Golden-Delicious_012.jpg,Golden-Delicious,test,0,0
test/Fruit/Apple/Golden-Delicious/Golden-Delicious_013.jpg,Golden-Delicious,test,0,0
test/Fruit/Apple/Golden-Delicious/Golden-Delicious_014.jpg,Golden-Delicious,test,0,0
test/Fruit/Apple/Golden-Delicious/Golden-Delicious_015.jpg,Golden-Delicious,test,0,0
test/Fruit/Apple/Golden-Delicious/Golden-Delicious_016.jpg,Golden-Delicious,test,0,0
test/Fruit/Apple/Golden-Delicious/Golden-Delicious_017.jpg,Golden-Delicious,test,0,0
test/Fruit/Apple/Golden-Delicious/Golden-Delicious_018.jpg,Golden-Delicious,test,0,0
test/Fruit/Apple/Golden-Delicious/Golden-Delicious_019.jpg,Golden-Delicious,test,0,0
test/Fruit/Apple/Golden-Delicious/Golden-Delicious_020.jpg,Golden-Delicious,test,0,0
test/Fruit/Apple/Golden-Delicious/Golden-Delicious_021.jpg,Golden-Delicious,test,0,0
test/Fruit/Apple/Golden-Delicious/Golden-Delicious_022.jpg,Golden-Delicious,test,0,0
test/Fruit/Apple/Golden-Delicious/Golden-Delicious_023.jpg,Golden-Delicious,test,0,0
test/Fruit/Apple/Golden-Delicious/Golden-Delicious_024.jpg,Golden-Delicious,test,0,0
test/Fruit/Apple/Golden-Delicious/Golden-Delicious_025.jpg,Golden-Delicious,test,0,0
test/Fruit/Apple/Golden-Delicious/Golden-Delicious_026.jpg,Golden-Delicious,test,0,0
test/Fruit/Apple/Golden-Delicious/Golden-Delicious_027.jpg,Golden-Delicious,test,0,0
test/Fruit/Apple/Golden-Delicious/Golden-Delicious_028.jpg,Golden-Delicious,test,0,0
test/Fruit/Apple/Golden-Delicious/Golden-Delicious_029.jpg,Golden-Delicious,test,0,0
test/Fruit/Apple/Golden-Delicious/Golden-Delicious_030.jpg,Golden-Delicious,test,0,0
test/Fruit/Apple/Golden-Delicious/Golden-Delicious_031.jpg,Golden-Delicious,test,0,0
test/Fruit/Apple/Golden-Delicious/Golden-Delicious_032.jpg,Golden-Delicious,test,0,0
test/Fruit/Apple/Golden-Delicious/Golden-Delicious_033.jpg,Golden-Delicious,test,0,0
test/Fruit/Apple/Golden-Delicious/Golden-Delicious_034.jpg,Golden-Delicious,test,0,0
test/Fruit/Apple/Golden-Delicious/Golden-Delicious_035.jpg,Golden-Delicious,test,0,0
test/Fruit/Apple/Golden-Delicious/Golden-Delicious_036.jpg,Golden-Delicious,test,0,0
test/Fruit/Apple/Golden-Delicious/Golden-Delicious_037.jpg,Golden-Delicious,test,0,0
test/Fruit/Apple/Golden-Delicious/Golden-Delicious_038.jpg,Golden-Delicious,test,0,0
test/Fruit/Apple/Golden-Delicious/Golden-Delicious_039.jpg,Golden-Delicious,test,0,0
test/Fruit/Apple/Golden-Delicious/Golden-Delicious_040.jpg,Golden-Delicious,test,0,0
test/Fruit/Apple/Golden-Delicious/Golden-Delicious_041.jpg,Golden-Delicious,test,0,0
test/Fruit/Apple/Golden-Delicious/Golden-Delicious_042.jpg,Golden-Delicious,test,0,0
test/Fruit/Apple/Golden-Delicious/Golden-Delicious_043.jpg,Golden-Delicious,test,0,0
test/Fruit/Apple/Golden-Delicious/Golden-Delicious_044.jpg,Golden-Delicious,test,0,0
test/Fruit/Apple/Golden-Delicious/Golden-Delicious_045.jpg,Golden-Delicious,test,0,0
test/Fruit/Apple/Granny-Smith/Granny-Smith_001.jpg,Granny-Smith,test,1,0
test/Fruit/Apple/Granny-Smith/Granny-Smith_002.jpg,Granny-Smith,test,1,0
test/Fruit/Apple/Granny-Smith/Granny-Smith_003.jpg,Granny-Smith,test,1,0
test/Fruit/Apple/Granny-Smith/Granny-Smith_004.jpg,Granny-Smith,test,1,0
test/Fruit/Apple/Granny-Smith/Granny-Smith_005.jpg,Granny-Smith,test,1,0
test/Fruit/Apple/Granny-Smith/Granny-Smith_006.jpg,Granny-Smith,test,1,0
test/Fruit/Apple/Granny-Smith/Granny-Smith_007.jpg,Granny-Smith,test,1,0
test/Fruit/Apple/Granny-Smith/Granny-Smith_008.jpg,Granny-Smith,test,1,0
test/Fruit/Apple/Granny-Smith/Granny-Smith_009.jpg,Granny-Smith,test,1,0
test/Fruit/Apple/Granny-Smith/Granny-Smith_010.jpg,Granny-Smith,test,1,0
test/Fruit/Apple/Granny-Smith/Granny-Smith_011.jpg,Granny-Smith,test,1,0
test/Fruit/Apple/Granny-Smith/Granny-Smith_012.jpg,Granny-Smith,test,1,0
test/Fruit/Apple/Granny-Smith/Granny-Smith_013.jpg,Granny-Smith,test,1,0
test/Fruit/Apple/Granny-Smith/Granny-Smith_014.jpg,Granny-Smith,test,1,0
test/Fruit/Apple/Granny-Smith/Granny-Smith_015.jpg,Granny-Smith,test,1,0
test/Fruit/Apple/Granny-Smith/Granny-Smith_016.jpg,Granny-Smith,test,1,0
test/Fruit/Apple/Granny-Smith/Granny-Smith_017.jpg,Granny-Smith,test,1,0
test/Fruit/Apple/Granny-Smith/Granny-Smith_018.jpg,Granny-Smith,test,1,0
test/Fruit/Apple/Granny-Smith/Granny-Smith_019.jpg,Granny-Smith,test,1,0
test/Fruit/Apple/Granny-Smith/Granny-Smith_020.jpg,Granny-Smith,test,1,0
test/Fruit/Apple/Granny-Smith/Granny-Smith_021.jpg,Granny-Smith,test,1,0
test/Fruit/Apple/Granny-Smith/Granny-Smith_022.jpg,Granny-Smith,test,1,0
test/Fruit/Apple/Granny-Smith/Granny-Smith_023.jpg,Granny-Smith,test,1,0
test/Fruit/Apple/Granny-Smith/Granny-Smith_024.jpg,Granny-Smith,test,1,0
test/Fruit/Apple/Granny-Smith/Granny-Smith_025.jpg,Granny-Smith,test,1,0
test/Fruit/Apple/Granny-Smith/Granny-Smith_026.jpg,Granny-Smith,test,1,0
test/Fruit/Apple/Granny-Smith/Granny-Smith_027.jpg,Granny-Smith,test,1,0
test/Fruit/Apple/Granny-Smith/Granny-Smith_028.jpg,Granny-Smith,test,1,0
test/Fruit/Apple/Granny-Smith/Granny-Smith_029.jpg,Granny-Smith,test,1,0
test/Fruit/Apple/Granny-Smith/Granny-Smith_030.jpg,Granny-Smith,test,1,0
test/Fruit/Apple/Granny-Smith/Granny-Smith_031.jpg,Granny-Smith,test,1,0
test/Fruit/Apple/Granny-Smith/Granny-Smith_032.jpg,Granny-Smith,test,1,0
test/Fruit/Apple/Granny-Smith/Granny-Smith_033.jpg,Granny-Smith,test,1,0
test/Fruit/Apple/Granny-Smith/Granny-Smith_034.jpg,Granny-Smith,test,1,0
test/Fruit/Apple/Granny-Smith/Granny-Smith_035.jpg,Granny-Smith,test,1,0
test/Fruit/Apple/Granny-Smith/Granny-Smith_036.jpg,Granny-Smith,test,1,0
test/Fruit/Apple/Granny-Smith/Granny-Smith_037.jpg,Granny-Smith,test,1,0
test/Fruit/Apple/Granny-Smith/Granny-Smith_038.jpg,Granny-Smith,test,1,0
test/Fruit/Apple/Granny-Smith/Granny-Smith_039.jpg,Granny-Smith,test,1,0
test/Fruit/Apple/Granny-Smith/Granny-Smith_040.jpg,Granny-Smith,test,1,0
test/Fruit/Apple/Granny-Smith/Granny-Smith_041.jpg,Granny-Smith,test,1,0
test/Fruit/Apple/Granny-Smith/Granny-Smith_042.jpg,Granny-Smith,test,1,0
test/Fruit/Apple/Granny-Smith/Granny-Smith_043.jpg,Granny-Smith,test,1,0
test/Fruit/Apple/Granny-Smith/Granny-Smith_044.jpg,Granny-Smith,test,1,0
test/Fruit/Apple/Granny-Smith/Granny-Smith_045.jpg,Granny-Smith,test,1,0
test/Fruit/Apple/Granny-Smith/Granny-Smith_046.jpg,Granny-Smith,test,1,0
test/Fruit/Apple/Granny-Smith/Granny-Smith_047.jpg,Granny-Smith,test,1,0
test/Fruit/Apple/Granny-Smith/Granny-Smith_048.jpg,Granny-Smith,test,1,0
test/Fruit/Apple/Granny-Smith/Granny-Smith_049.jpg,Granny-Smith,test,1,0
test/Fruit/Apple/Granny-Smith/Granny-Smith_050.jpg,Granny-Smith,test,1,0
test/Fruit/Apple/Granny-Smith/Granny-Smith_051.jpg,Granny-Smith,test,1,0
test/Fruit/Apple/Granny-Smith/Granny-Smith_052.jpg,Granny-Smith,test,1,0
test/Fruit/Apple/Granny-Smith/Granny-Smith_053.jpg,Granny-Smith,test,1,0
test/Fruit/Apple/Granny-Smith/Granny-Smith_054.jpg,Granny-Smith,test,1,0
test/Fruit/Apple/Granny-Smith/Granny-Smith_055.jpg,Granny-Smith,test,1,0
test/Fruit/Apple/Granny-Smith/Granny-Smith_056.jpg,Granny-Smith,test,1,0
test/Fruit/Apple/Granny-Smith/Granny-Smith_057.jpg,Granny-Smith,test,1,0
test/Fruit/Apple/Granny-Smith/Granny-Smith_058.jpg,Granny-Smith,test,1,0
test/Fruit/Apple/Pink-Lady/Pink-Lady_001.jpg,Pink-Lady,test,2,0
test/Fruit/Apple/Pink-Lady/Pink-Lady_002.jpg,Pink-Lady,test,2,0
test/Fruit/Apple/Pink-Lady/Pink-Lady_003.jpg,Pink-Lady,test,2,0
test/Fruit/Apple/Pink-Lady/Pink-Lady_004.jpg,Pink-Lady,test,2,0
test/Fruit/Apple/Pink-Lady/Pink-Lady_005.jpg,Pink-Lady,test,2,0
test/Fruit/Apple/Pink-Lady/Pink-Lady_006.jpg,Pink-Lady,test,2,0
test/Fruit/Apple/Pink-Lady/Pink-Lady_007.jpg,Pink-Lady,test,2,0
test/Fruit/Apple/Pink-Lady/Pink-Lady_008.jpg,Pink-Lady,test,2,0
test/Fruit/Apple/Pink-Lady/Pink-Lady_009.jpg,Pink-Lady,test,2,0
test/Fruit/Apple/Pink-Lady/Pink-Lady_010.jpg,Pink-Lady,test,2,0
test/Fruit/Apple/Pink-Lady/Pink-Lady_011.jpg,Pink-Lady,test,2,0
test/Fruit/Apple/Pink-Lady/Pink-Lady_012.jpg,Pink-Lady,test,2,0
test/Fruit/Apple/Pink-Lady/Pink-Lady_013.jpg,Pink-Lady,test,2,0
test/Fruit/Apple/Pink-Lady/Pink-Lady_014.jpg,Pink-Lady,test,2,0
test/Fruit/Apple/Pink-Lady/Pink-Lady_015.jpg,Pink-Lady,test,2,0
test/Fruit/Apple/Pink-Lady/Pink-Lady_016.jpg,Pink-Lady,test,2,0
test/Fruit/Apple/Pink-Lady/Pink-Lady_017.jpg,Pink-Lady,test,2,0
test/Fruit/Apple/Pink-Lady/Pink-Lady_018.jpg,Pink-Lady,test,2,0
test/Fruit/Apple/Pink-Lady/Pink-Lady_019.jpg,Pink-Lady,test,2,0
test/Fruit/Apple/Pink-Lady/Pink-Lady_020.jpg,Pink-Lady,test,2,0
test/Fruit/Apple/Pink-Lady/Pink-Lady_021.jpg,Pink-Lady,test,2,0
test/Fruit/Apple/Pink-Lady/Pink-Lady_022.jpg,Pink-Lady,test,2,0
test/Fruit/Apple/Pink-Lady/Pink-Lady_023.jpg,Pink-Lady,test,2,0
test/Fruit/Apple/Pink-Lady/Pink-Lady_024.jpg,Pink-Lady,test,2,0
test/Fruit/Apple/Pink-Lady/Pink-Lady_025.jpg,Pink-Lady,test,2,0
test/Fruit/Apple/Pink-Lady/Pink-Lady_026.jpg,Pink-Lady,test,2,0
test/Fruit/Apple/Pink-Lady/Pink-Lady_027.jpg,Pink-Lady,test,2,0
test/Fruit/Apple/Pink-Lady/Pink-Lady_028.jpg,Pink-Lady,test,2,0
test/Fruit/Apple/Pink-Lady/Pink-Lady_029.jpg,Pink-Lady,test,2,0
test/Fruit/Apple/Pink-Lady/Pink-Lady_030.jpg,Pink-Lady,test,2,0
test/Fruit/Apple/Pink-Lady/Pink-Lady_031.jpg,Pink-Lady,test,2,0
test/Fruit/Apple/Pink-Lady/Pink-Lady_032.jpg,Pink-Lady,test,2,0
test/Fruit/Apple/Pink-Lady/Pink-Lady_033.jpg,Pink-Lady,test,2,0
test/Fruit/Apple/Pink-Lady/Pink-Lady_034.jpg,Pink-Lady,test,2,0
test/Fruit/Apple/Pink-Lady/Pink-Lady_035.jpg,Pink-Lady,test,2,0
test/Fruit/Apple/Pink-Lady/Pink-Lady_036.jpg,Pink-Lady,test,2,0
test/Fruit/Apple/Pink-Lady/Pink-Lady_037.jpg,Pink-Lady,test,2,0
test/Fruit/Apple/Pink-Lady/Pink-Lady_038.jpg,Pink-Lady,test,2,0
test/Fruit/Apple/Pink-Lady/Pink-Lady_039.jpg,Pink-Lady,test,2,0
test/Fruit/Apple/Pink-Lady/Pink-Lady_040.jpg,Pink-Lady,test,2,0
test/Fruit/Apple/Pink-Lady/Pink-Lady_041.jpg,Pink-Lady,test,2,0
test/Fruit/Apple/Pink-Lady/Pink-Lady_042.jpg,Pink-Lady,test,2,0
test/Fruit/Apple/Pink-Lady/Pink-Lady_043.jpg,Pink-Lady,test,2,0
test/Fruit/Apple/Pink-Lady/Pink-Lady_044.jpg,Pink-Lady,test,2,0
test/Fruit/Apple/Pink-Lady/Pink-Lady_045.jpg,Pink-Lady,test,2,0
test/Fruit/Apple/Pink-Lady/Pink-Lady_046.jpg,Pink-Lady,test,2,0
test/Fruit/Apple/Pink-Lady/Pink-Lady_047.jpg,Pink-Lady,test,2,0
test/Fruit/Apple/Pink-Lady/Pink-Lady_048.jpg,Pink-Lady,test,2,0
test/Fruit/Apple/Pink-Lady/Pink-Lady_049.jpg,Pink-Lady,test,2,0
test/Fruit/Apple/Pink-Lady/Pink-Lady_050.jpg,Pink-Lady,test,2,0
test/Fruit/Apple/Pink-Lady/Pink-Lady_051.jpg,Pink-Lady,test,2,0
test/Fruit/Apple/Pink-Lady/Pink-Lady_052.jpg,Pink-Lady,test,2,0
test/Fruit/Apple/Pink-Lady/Pink-Lady_053.jpg,Pink-Lady,test,2,0
test/Fruit/Apple/Pink-Lady/Pink-Lady_054.jpg,Pink-Lady,test,2,0
test/Fruit/Apple/Pink-Lady/Pink-Lady_055.jpg,Pink-Lady,test,2,0
test/Fruit/Apple/Pink-Lady/Pink-Lady_056.jpg,Pink-Lady,test,2,0
test/Fruit/Apple/Pink-Lady/Pink-Lady_057.jpg,Pink-Lady,test,2,0
test/Fruit/Apple/Pink-Lady/Pink-Lady_058.jpg,Pink-Lady,test,2,0
test/Fruit/Apple/Pink-Lady/Pink-Lady_059.jpg,Pink-Lady,test,2,0
test/Fruit/Apple/Red-Delicious/Red-Delicious_001.jpg,Red-Delicious,test,3,0
test/Fruit/Apple/Red-Delicious/Red-Delicious_002.jpg,Red-Delicious,test,3,0
test/Fruit/Apple/Red-Delicious/Red-Delicious_003.jpg,Red-Delicious,test,3,0
test/Fruit/Apple/Red-Delicious/Red-Delicious_004.jpg,Red-Delicious,test,3,0
test/Fruit/Apple/Red-Delicious/Red-Delicious_005.jpg,Red-Delicious,test,3,0
test/Fruit/Apple/Red-Delicious/Red-Delicious_006.jpg,Red-Delicious,test,3,0
test/Fruit/Apple/Red-Delicious/Red-Delicious_007.jpg,Red-Delicious,test,3,0
test/Fruit/Apple/Red-Delicious/Red-Delicious_008.jpg,Red-Delicious,test,3,0
test/Fruit/Apple/Red-Delicious/Red-Delicious_009.jpg,Red-Delicious,test,3,0
test/Fruit/Apple/Red-Delicious/Red-Delicious_010.jpg,Red-Delicious,test,3,0
test/Fruit/Apple/Red-Delicious/Red-Delicious_011.jpg,Red-Delicious,test,3,0
test/Fruit/Apple/Red-Delicious/Red-Delicious_012.jpg,Red-Delicious,test,3,0
test/Fruit/Apple/Red-Delicious/Red-Delicious_013.jpg,Red-Delicious,test,3,0
test/Fruit/Apple/Red-Delicious/Red-Delicious_014.jpg,Red-Delicious,test,3,0
test/Fruit/Apple/Red-Delicious/Red-Delicious_015.jpg,Red-Delicious,test,3,0
test/Fruit/Apple/Red-Delicious/Red-Delicious_016.jpg,Red-Delicious,test,3,0
test/Fruit/Apple/Red-Delicious/Red-Delicious_017.jpg,Red-Delicious,test,3,0
test/Fruit/Apple/Red-Delicious/Red-Delicious_018.jpg,Red-Delicious,test,3,0
test/Fruit/Apple/Red-Delicious/Red-Delicious_019.jpg,Red-Delicious,test,3,0
test/Fruit/Apple/Red-Delicious/Red-Delicious_020.jpg,Red-Delicious,test,3,0
test/Fruit/Apple/Red-Delicious/Red-Delicious_021.jpg,Red-Delicious,test,3,0
test/Fruit/Apple/Red-Delicious/Red-Delicious_022.jpg,Red-Delicious,test,3,0
test/Fruit/Apple/Red-Delicious/Red-Delicious_023.jpg,Red-Delicious,test,3,0
test/Fruit/Apple/Red-Delicious/Red-Delicious_024.jpg,Red-Delicious,test,3,0
test/Fruit/Apple/Red-Delicious/Red-Delicious_025.jpg,Red-Delicious,test,3,0
test/Fruit/Apple/Red-Delicious/Red-Delicious_026.jpg,Red-Delicious,test,3,0
test/Fruit/Apple/Red-Delicious/Red-Delicious_027.jpg,Red-Delicious,test,3,0
test/Fruit/Apple/Red-Delicious/Red-Delicious_028.jpg,Red-Delicious,test,3,0
test/Fruit/Apple/Red-Delicious/Red-Delicious_029.jpg,Red-Delicious,test,3,0
test/Fruit/Apple/Red-Delicious/Red-Delicious_030.jpg,Red-Delicious,test,3,0
test/Fruit/Apple/Red-Delicious/Red-Delicious_031.jpg,Red-Delicious,test,3,0
test/Fruit/Apple/Red-Delicious/Red-Delicious_032.jpg,Red-Delicious,test,3,0
test/Fruit/Apple/Red-Delicious/Red-Delicious_033.jpg,Red-Delicious,test,3,0
test/Fruit/Apple/Red-Delicious/Red-Delicious_034.jpg,Red-Delicious,test,3,0
test/Fruit/Apple/Red-Delicious/Red-Delicious_035.jpg,Red-Delicious,test,3,0
test/Fruit/Apple/Red-Delicious/Red-Delicious_036.jpg,Red-Delicious,test,3,0
test/Fruit/Apple/Red-Delicious/Red-Delicious_037.jpg,Red-Delicious,test,3,0
test/Fruit/Apple/Red-Delicious/Red-Delicious_038.jpg,Red-Delicious,test,3,0
test/Fruit/Apple/Red-Delicious/Red-Delicious_039.jpg,Red-Delicious,test,3,0
test/Fruit/Apple/Red-Delicious/Red-Delicious_040.jpg,Red-Delicious,test,3,0
test/Fruit/Apple/Red-Delicious/Red-Delicious_041.jpg,Red-Delicious,test,3,0
test/Fruit/Apple/Red-Delicious/Red-Delicious_042.jpg,Red-Delicious,test,3,0
test/Fruit/Apple/Red-Delicious/Red-Delicious_043.jpg,Red-Delicious,test,3,0
test/Fruit/Apple/Red-Delicious/Red-Delicious_044.jpg,Red-Delicious,test,3,0
test/Fruit/Apple/Red-Delicious/Red-Delicious_045.jpg,Red-Delicious,test,3,0
test/Fruit/Apple/Red-Delicious/Red-Delicious_046.jpg,Red-Delicious,test,3,0
test/Fruit/Apple/Red-Delicious/Red-Delicious_047.jpg,Red-Delicious,test,3,0
test/Fruit/Apple/Red-Delicious/Red-Delicious_048.jpg,Red-Delicious,test,3,0
test/Fruit/Apple/Red-Delicious/Red-Delicious_049.jpg,Red-Delicious,test,3,0
test/Fruit/Apple/Red-Delicious/Red-Delicious_050.jpg,Red-Delicious,test,3,0
test/Fruit/Apple/Royal-Gala/Royal-Gala_001.jpg,Royal-Gala,test,4,0
test/Fruit/Apple/Royal-Gala/Royal-Gala_002.jpg,Royal-Gala,test,4,0
test/Fruit/Apple/Royal-Gala/Royal-Gala_003.jpg,Royal-Gala,test,4,0
test/Fruit/Apple/Royal-Gala/Royal-Gala_004.jpg,Royal-Gala,test,4,0
test/Fruit/Apple/Royal-Gala/Royal-Gala_005.jpg,Royal-Gala,test,4,0
test/Fruit/Apple/Royal-Gala/Royal-Gala_006.jpg,Royal-Gala,test,4,0
test/Fruit/Apple/Royal-Gala/Royal-Gala_007.jpg,Royal-Gala,test,4,0
test/Fruit/Apple/Royal-Gala/Royal-Gala_008.jpg,Royal-Gala,test,4,0
test/Fruit/Apple/Royal-Gala/Royal-Gala_009.jpg,Royal-Gala,test,4,0
test/Fruit/Apple/Royal-Gala/Royal-Gala_010.jpg,Royal-Gala,test,4,0
test/Fruit/Apple/Royal-Gala/Royal-Gala_011.jpg,Royal-Gala,test,4,0
test/Fruit/Apple/Royal-Gala/Royal-Gala_012.jpg,Royal-Gala,test,4,0
test/Fruit/Apple/Royal-Gala/Royal-Gala_013.jpg,Royal-Gala,test,4,0
test/Fruit/Apple/Royal-Gala/Royal-Gala_014.jpg,Royal-Gala,test,4,0
test/Fruit/Apple/Royal-Gala/Royal-Gala_015.jpg,Royal-Gala,test,4,0
test/Fruit/Apple/Royal-Gala/Royal-Gala_016.jpg,Royal-Gala,test,4,0
test/Fruit/Apple/Royal-Gala/Royal-Gala_017.jpg,Royal-Gala,test,4,0
test/Fruit/Apple/Royal-Gala/Royal-Gala_018.jpg,Royal-Gala,test,4,0
test/Fruit/Apple/Royal-Gala/Royal-Gala_019.jpg,Royal-Gala,test,4,0
test/Fruit/Apple/Royal-Gala/Royal-Gala_020.jpg,Royal-Gala,test,4,0
test/Fruit/Apple/Royal-Gala/Royal-Gala_021.jpg,Royal-Gala,test,4,0
test/Fruit/Apple/Royal-Gala/Royal-Gala_022.jpg,Royal-Gala,test,4,0
test/Fruit/Apple/Royal-Gala/Royal-Gala_023.jpg,Royal-Gala,test,4,0
test/Fruit/Apple/Royal-Gala/Royal-Gala_024.jpg,Royal-Gala,test,4,0
test/Fruit/Apple/Royal-Gala/Royal-Gala_025.jpg,Royal-Gala,test,4,0
test/Fruit/Apple/Royal-Gala/Royal-Gala_026.jpg,Royal-Gala,test,4,0
test/Fruit/Apple/Royal-Gala/Royal-Gala_027.jpg,Royal-Gala,test,4,0
test/Fruit/Apple/Royal-Gala/Royal-Gala_028.jpg,Royal-Gala,test,4,0
test/Fruit/Apple/Royal-Gala/Royal-Gala_029.jpg,Royal-Gala,test,4,0
test/Fruit/Apple/Royal-Gala/Royal-Gala_030.jpg,Royal-Gala,test,4,0
test/Fruit/Apple/Royal-Gala/Royal-Gala_031.jpg,Royal-Gala,test,4,0
test/Fruit/Apple/Royal-Gala/Royal-Gala_032.jpg,Royal-Gala,test,4,0
test/Fruit/Apple/Royal-Gala/Royal-Gala_033.jpg,Royal-Gala,test,4,0
test/Fruit/Apple/Royal-Gala/Royal-Gala_034.jpg,Royal-Gala,test,4,0
test/Fruit/Apple/Royal-Gala/Royal-Gala_035.jpg,Royal-Gala,test,4,0
test/Fruit/Apple/Royal-Gala/Royal-Gala_036.jpg,Royal-Gala,test,4,0
test/Fruit/Apple/Royal-Gala/Royal-Gala_037.jpg,Royal-Gala,test,4,0
test/Fruit/Apple/Royal-Gala/Royal-Gala_038.jpg,Royal-Gala,test,4,0
test/Fruit/Apple/Royal-Gala/Royal-Gala_039.jpg,Royal-Gala,test,4,0
test/Fruit/Apple/Royal-Gala/Royal-Gala_040.jpg,Royal-Gala,test,4,0
test/Fruit/Apple/Royal-Gala/Royal-Gala_041.jpg,Royal-Gala,test,4,0
test/Fruit/Apple/Royal-Gala/Royal-Gala_042.jpg,Royal-Gala,test,4,0
test/Fruit/Apple/Royal-Gala/Royal-Gala_043.jpg,Royal-Gala,test,4,0
test/Fruit/Apple/Royal-Gala/Royal-Gala_044.jpg,Royal-Gala,test,4,0
test/Fruit/Apple/Royal-Gala/Royal-Gala_045.jpg,Royal-Gala,test,4,0
test/Fruit/Apple/Royal-Gala/Royal-Gala_046.jpg,Royal-Gala,test,4,0
test/Fruit/Apple/Royal-Gala/Royal-Gala_047.jpg,Royal-Gala,test,4,0
test/Fruit/Apple/Royal-Gala/Royal-Gala_048.jpg,Royal-Gala,test,4,0
test/Fruit/Apple/Royal-Gala/Royal-Gala_049.jpg,Royal-Gala,test,4,0
test/Fruit/Apple/Royal-Gala/Royal-Gala_050.jpg,Royal-Gala,test,4,0
test/Fruit/Apple/Royal-Gala/Royal-Gala_051.jpg,Royal-Gala,test,4,0
test/Fruit/Apple/Royal-Gala/Royal-Gala_052.jpg,Royal-Gala,test,4,0
test/Fruit/Apple/Royal-Gala/Royal-Gala_053.jpg,Royal-Gala,test,4,0
test/Fruit/Apple/Royal-Gala/Royal-Gala_054.jpg,Royal-Gala,test,4,0
test/Fruit/Apple/Royal-Gala/Royal-Gala_055.jpg,Royal-Gala,test,4,0
test/Fruit/Apple/Royal-Gala/Royal-Gala_056.jpg,Royal-Gala,test,4,0
test/Fruit/Apple/Royal-Gala/Royal-Gala_057.jpg,Royal-Gala,test,4,0
test/Fruit/Apple/Royal-Gala/Royal-Gala_058.jpg,Royal-Gala,test,4,0
test/Fruit/Apple/Royal-Gala/Royal-Gala_059.jpg,Royal-Gala,test,4,0
test/Fruit/Apple/Royal-Gala/Royal-Gala_060.jpg,Royal-Gala,test,4,0
test/Fruit/Apple/Royal-Gala/Royal-Gala_061.jpg,Royal-Gala,test,4,0
test/Fruit/Apple/Royal-Gala/Royal-Gala_062.jpg,Royal-Gala,test,4,0
test/Fruit/Apple/Royal-Gala/Royal-Gala_063.jpg,Royal-Gala,test,4,0
test/Fruit/Apple/Royal-Gala/Royal-Gala_064.jpg,Royal-Gala,test,4,0
test/Fruit/Avocado/Avocado_001.jpg,Avocado,test,5,1
test/Fruit/Avocado/Avocado_002.jpg,Avocado,test,5,1
test/Fruit/Avocado/Avocado_003.jpg,Avocado,test,5,1
test/Fruit/Avocado/Avocado_004.jpg,Avocado,test,5,1
test/Fruit/Avocado/Avocado_005.jpg,Avocado,test,5,1
test/Fruit/Avocado/Avocado_006.jpg,Avocado,test,5,1
test/Fruit/Avocado/Avocado_007.jpg,Avocado,test,5,1
test/Fruit/Avocado/Avocado_008.jpg,Avocado,test,5,1
test/Fruit/Avocado/Avocado_009.jpg,Avocado,test,5,1
test/Fruit/Avocado/Avocado_010.jpg,Avocado,test,5,1
test/Fruit/Avocado/Avocado_011.jpg,Avocado,test,5,1
test/Fruit/Avocado/Avocado_012.jpg,Avocado,test,5,1
test/Fruit/Avocado/Avocado_013.jpg,Avocado,test,5,1
test/Fruit/Avocado/Avocado_014.jpg,Avocado,test,5,1
test/Fruit/Avocado/Avocado_015.jpg,Avocado,test,5,1
test/Fruit/Avocado/Avocado_016.jpg,Avocado,test,5,1
test/Fruit/Avocado/Avocado_017.jpg,Avocado,test,5,1
test/Fruit/Avocado/Avocado_018.jpg,Avocado,test,5,1
test/Fruit/Avocado/Avocado_019.jpg,Avocado,test,5,1
test/Fruit/Avocado/Avocado_020.jpg,Avocado,test,5,1
test/Fruit/Avocado/Avocado_021.jpg,Avocado,test,5,1
test/Fruit/Avocado/Avocado_022.jpg,Avocado,test,5,1
test/Fruit/Avocado/Avocado_023.jpg,Avocado,test,5,1
test/Fruit/Avocado/Avocado_024.jpg,Avocado,test,5,1
test/Fruit/Avocado/Avocado_025.jpg,Avocado,test,5,1
test/Fruit/Avocado/Avocado_026.jpg,Avocado,test,5,1
test/Fruit/Avocado/Avocado_027.jpg,Avocado,test,5,1
test/Fruit/Avocado/Avocado_028.jpg,Avocado,test,5,1
test/Fruit/Avocado/Avocado_029.jpg,Avocado,test,5,1
test/Fruit/Avocado/Avocado_030.jpg,Avocado,test,5,1
test/Fruit/Avocado/Avocado_031.jpg,Avocado,test,5,1
test/Fruit/Avocado/Avocado_032.jpg,Avocado,test,5,1
test/Fruit/Avocado/Avocado_033.jpg,Avocado,test,5,1
test/Fruit/Avocado/Avocado_034.jpg,Avocado,test,5,1
test/Fruit/Avocado/Avocado_035.jpg,Avocado,test,5,1
test/Fruit/Avocado/Avocado_036.jpg,Avocado,test,5,1
test/Fruit/Avocado/Avocado_037.jpg,Avocado,test,5,1
test/Fruit/Avocado/Avocado_038.jpg,Avocado,test,5,1
test/Fruit/Avocado/Avocado_039.jpg,Avocado,test,5,1
test/Fruit/Avocado/Avocado_040.jpg,Avocado,test,5,1
test/Fruit/Banana/Banana_001.jpg,Banana,test,6,2
test/Fruit/Banana/Banana_002.jpg,Banana,test,6,2
test/Fruit/Banana/Banana_003.jpg,Banana,test,6,2
test/Fruit/Banana/Banana_004.jpg,Banana,test,6,2
test/Fruit/Banana/Banana_005.jpg,Banana,test,6,2
test/Fruit/Banana/Banana_006.jpg,Banana,test,6,2
test/Fruit/Banana/Banana_007.jpg,Banana,test,6,2
test/Fruit/Banana/Banana_008.jpg,Banana,test,6,2
test/Fruit/Banana/Banana_009.jpg,Banana,test,6,2
test/Fruit/Banana/Banana_010.jpg,Banana,test,6,2
test/Fruit/Banana/Banana_011.jpg,Banana,test,6,2
test/Fruit/Banana/Banana_012.jpg,Banana,test,6,2
test/Fruit/Banana/Banana_013.jpg,Banana,test,6,2
test/Fruit/Banana/Banana_014.jpg,Banana,test,6,2
test/Fruit/Banana/Banana_015.jpg,Banana,test,6,2
test/Fruit/Banana/Banana_016.jpg,Banana,test,6,2
test/Fruit/Banana/Banana_017.jpg,Banana,test,6,2
test/Fruit/Banana/Banana_018.jpg,Banana,test,6,2
test/Fruit/Banana/Banana_019.jpg,Banana,test,6,2
test/Fruit/Banana/Banana_020.jpg,Banana,test,6,2
test/Fruit/Banana/Banana_021.jpg,Banana,test,6,2
test/Fruit/Banana/Banana_022.jpg,Banana,test,6,2
test/Fruit/Banana/Banana_023.jpg,Banana,test,6,2
test/Fruit/Banana/Banana_024.jpg,Banana,test,6,2
test/Fruit/Banana/Banana_025.jpg,Banana,test,6,2
test/Fruit/Banana/Banana_026.jpg,Banana,test,6,2
test/Fruit/Banana/Banana_027.jpg,Banana,test,6,2
test/Fruit/Banana/Banana_028.jpg,Banana,test,6,2
test/Fruit/Banana/Banana_029.jpg,Banana,test,6,2
test/Fruit/Banana/Banana_030.jpg,Banana,test,6,2
test/Fruit/Banana/Banana_031.jpg,Banana,test,6,2
test/Fruit/Banana/Banana_032.jpg,Banana,test,6,2
test/Fruit/Banana/Banana_033.jpg,Banana,test,6,2
test/Fruit/Banana/Banana_034.jpg,Banana,test,6,2
test/Fruit/Banana/Banana_035.jpg,Banana,test,6,2
test/Fruit/Banana/Banana_036.jpg,Banana,test,6,2
test/Fruit/Banana/Banana_037.jpg,Banana,test,6,2
test/Fruit/Banana/Banana_038.jpg,Banana,test,6,2
test/Fruit/Banana/Banana_039.jpg,Banana,test,6,2
test/Fruit/Banana/Banana_040.jpg,Banana,test,6,2
test/Fruit/Banana/Banana_041.jpg,Banana,test,6,2
test/Fruit/Banana/Banana_042.jpg,Banana,test,6,2
test/Fruit/Banana/Banana_043.jpg,Banana,test,6,2
test/Fruit/Banana/Banana_044.jpg,Banana,test,6,2
test/Fruit/Kiwi/Kiwi_001.jpg,Kiwi,test,7,3
test/Fruit/Kiwi/Kiwi_002.jpg,Kiwi,test,7,3
test/Fruit/Kiwi/Kiwi_003.jpg,Kiwi,test,7,3
test/Fruit/Kiwi/Kiwi_004.jpg,Kiwi,test,7,3
test/Fruit/Kiwi/Kiwi_005.jpg,Kiwi,test,7,3
test/Fruit/Kiwi/Kiwi_006.jpg,Kiwi,test,7,3
test/Fruit/Kiwi/Kiwi_007.jpg,Kiwi,test,7,3
test/Fruit/Kiwi/Kiwi_008.jpg,Kiwi,test,7,3
test/Fruit/Kiwi/Kiwi_009.jpg,Kiwi,test,7,3
test/Fruit/Kiwi/Kiwi_010.jpg,Kiwi,test,7,3
test/Fruit/Kiwi/Kiwi_011.jpg,Kiwi,test,7,3
test/Fruit/Kiwi/Kiwi_012.jpg,Kiwi,test,7,3
test/Fruit/Kiwi/Kiwi_013.jpg,Kiwi,test,7,3
test/Fruit/Kiwi/Kiwi_014.jpg,Kiwi,test,7,3
test/Fruit/Kiwi/Kiwi_015.jpg,Kiwi,test,7,3
test/Fruit/Kiwi/Kiwi_016.jpg,Kiwi,test,7,3
test/Fruit/Kiwi/Kiwi_017.jpg,Kiwi,test,7,3
test/Fruit/Kiwi/Kiwi_018.jpg,Kiwi,test,7,3
test/Fruit/Kiwi/Kiwi_019.jpg,Kiwi,test,7,3
test/Fruit/Kiwi/Kiwi_020.jpg,Kiwi,test,7,3
test/Fruit/Kiwi/Kiwi_021.jpg,Kiwi,test,7,3
test/Fruit/Kiwi/Kiwi_022.jpg,Kiwi,test,7,3
test/Fruit/Kiwi/Kiwi_023.jpg,Kiwi,test,7,3
test/Fruit/Kiwi/Kiwi_024.jpg,Kiwi,test,7,3
test/Fruit/Kiwi/Kiwi_025.jpg,Kiwi,test,7,3
test/Fruit/Kiwi/Kiwi_026.jpg,Kiwi,test,7,3
test/Fruit/Kiwi/Kiwi_027.jpg,Kiwi,test,7,3
test/Fruit/Kiwi/Kiwi_028.jpg,Kiwi,test,7,3
test/Fruit/Kiwi/Kiwi_029.jpg,Kiwi,test,7,3
test/Fruit/Kiwi/Kiwi_030.jpg,Kiwi,test,7,3
test/Fruit/Kiwi/Kiwi_031.jpg,Kiwi,test,7,3
test/Fruit/Kiwi/Kiwi_032.jpg,Kiwi,test,7,3
test/Fruit/Kiwi/Kiwi_033.jpg,Kiwi,test,7,3
test/Fruit/Kiwi/Kiwi_034.jpg,Kiwi,test,7,3
test/Fruit/Kiwi/Kiwi_035.jpg,Kiwi,test,7,3
test/Fruit/Kiwi/Kiwi_036.jpg,Kiwi,test,7,3
test/Fruit/Kiwi/Kiwi_037.jpg,Kiwi,test,7,3
test/Fruit/Kiwi/Kiwi_038.jpg,Kiwi,test,7,3
test/Fruit/Kiwi/Kiwi_039.jpg,Kiwi,test,7,3
test/Fruit/Kiwi/Kiwi_040.jpg,Kiwi,test,7,3
test/Fruit/Kiwi/Kiwi_041.jpg,Kiwi,test,7,3
test/Fruit/Kiwi/Kiwi_042.jpg,Kiwi,test,7,3
test/Fruit/Kiwi/Kiwi_043.jpg,Kiwi,test,7,3
test/Fruit/Kiwi/Kiwi_044.jpg,Kiwi,test,7,3
test/Fruit/Kiwi/Kiwi_045.jpg,Kiwi,test,7,3
test/Fruit/Lemon/Lemon_001.jpg,Lemon,test,8,4
test/Fruit/Lemon/Lemon_002.jpg,Lemon,test,8,4
test/Fruit/Lemon/Lemon_003.jpg,Lemon,test,8,4
test/Fruit/Lemon/Lemon_004.jpg,Lemon,test,8,4
test/Fruit/Lemon/Lemon_005.jpg,Lemon,test,8,4
test/Fruit/Lemon/Lemon_006.jpg,Lemon,test,8,4
test/Fruit/Lemon/Lemon_007.jpg,Lemon,test,8,4
test/Fruit/Lemon/Lemon_008.jpg,Lemon,test,8,4
test/Fruit/Lemon/Lemon_009.jpg,Lemon,test,8,4
test/Fruit/Lemon/Lemon_010.jpg,Lemon,test,8,4
test/Fruit/Lemon/Lemon_011.jpg,Lemon,test,8,4
test/Fruit/Lemon/Lemon_012.jpg,Lemon,test,8,4
test/Fruit/Lemon/Lemon_013.jpg,Lemon,test,8,4
test/Fruit/Lemon/Lemon_014.jpg,Lemon,test,8,4
test/Fruit/Lemon/Lemon_015.jpg,Lemon,test,8,4
test/Fruit/Lemon/Lemon_016.jpg,Lemon,test,8,4
test/Fruit/Lemon/Lemon_017.jpg,Lemon,test,8,4
test/Fruit/Lemon/Lemon_018.jpg,Lemon,test,8,4
test/Fruit/Lemon/Lemon_019.jpg,Lemon,test,8,4
test/Fruit/Lemon/Lemon_020.jpg,Lemon,test,8,4
test/Fruit/Lemon/Lemon_021.jpg,Lemon,test,8,4
test/Fruit/Lemon/Lemon_022.jpg,Lemon,test,8,4
test/Fruit/Lemon/Lemon_023.jpg,Lemon,test,8,4
test/Fruit/Lemon/Lemon_024.jpg,Lemon,test,8,4
test/Fruit/Lemon/Lemon_025.jpg,Lemon,test,8,4
test/Fruit/Lemon/Lemon_026.jpg,Lemon,test,8,4
test/Fruit/Lemon/Lemon_027.jpg,Lemon,test,8,4
test/Fruit/Lemon/Lemon_028.jpg,Lemon,test,8,4
test/Fruit/Lemon/Lemon_029.jpg,Lemon,test,8,4
test/Fruit/Lemon/Lemon_030.jpg,Lemon,test,8,4
test/Fruit/Lemon/Lemon_031.jpg,Lemon,test,8,4
test/Fruit/Lemon/Lemon_032.jpg,Lemon,test,8,4
test/Fruit/Lemon/Lemon_033.jpg,Lemon,test,8,4
test/Fruit/Lemon/Lemon_034.jpg,Lemon,test,8,4
test/Fruit/Lemon/Lemon_035.jpg,Lemon,test,8,4
test/Fruit/Lemon/Lemon_036.jpg,Lemon,test,8,4
test/Fruit/Lemon/Lemon_037.jpg,Lemon,test,8,4
test/Fruit/Lemon/Lemon_038.jpg,Lemon,test,8,4
test/Fruit/Lemon/Lemon_039.jpg,Lemon,test,8,4
test/Fruit/Lemon/Lemon_040.jpg,Lemon,test,8,4
test/Fruit/Lemon/Lemon_041.jpg,Lemon,test,8,4
test/Fruit/Lime/Lime_001.jpg,Lime,test,9,5
test/Fruit/Lime/Lime_002.jpg,Lime,test,9,5
test/Fruit/Lime/Lime_003.jpg,Lime,test,9,5
test/Fruit/Lime/Lime_004.jpg,Lime,test,9,5
test/Fruit/Lime/Lime_005.jpg,Lime,test,9,5
test/Fruit/Lime/Lime_006.jpg,Lime,test,9,5
test/Fruit/Lime/Lime_007.jpg,Lime,test,9,5
test/Fruit/Lime/Lime_008.jpg,Lime,test,9,5
test/Fruit/Lime/Lime_009.jpg,Lime,test,9,5
test/Fruit/Lime/Lime_010.jpg,Lime,test,9,5
test/Fruit/Lime/Lime_011.jpg,Lime,test,9,5
test/Fruit/Lime/Lime_012.jpg,Lime,test,9,5
test/Fruit/Lime/Lime_013.jpg,Lime,test,9,5
test/Fruit/Lime/Lime_014.jpg,Lime,test,9,5
test/Fruit/Lime/Lime_015.jpg,Lime,test,9,5
test/Fruit/Lime/Lime_016.jpg,Lime,test,9,5
test/Fruit/Lime/Lime_017.jpg,Lime,test,9,5
test/Fruit/Lime/Lime_018.jpg,Lime,test,9,5
test/Fruit/Lime/Lime_019.jpg,Lime,test,9,5
test/Fruit/Lime/Lime_020.jpg,Lime,test,9,5
test/Fruit/Lime/Lime_021.jpg,Lime,test,9,5
test/Fruit/Lime/Lime_022.jpg,Lime,test,9,5
test/Fruit/Lime/Lime_023.jpg,Lime,test,9,5
test/Fruit/Lime/Lime_024.jpg,Lime,test,9,5
test/Fruit/Lime/Lime_025.jpg,Lime,test,9,5
test/Fruit/Lime/Lime_026.jpg,Lime,test,9,5
test/Fruit/Lime/Lime_027.jpg,Lime,test,9,5
test/Fruit/Lime/Lime_028.jpg,Lime,test,9,5
test/Fruit/Lime/Lime_029.jpg,Lime,test,9,5
test/Fruit/Lime/Lime_030.jpg,Lime,test,9,5
test/Fruit/Mango/Mango_001.jpg,Mango,test,10,6
test/Fruit/Mango/Mango_002.jpg,Mango,test,10,6
test/Fruit/Mango/Mango_003.jpg,Mango,test,10,6
test/Fruit/Mango/Mango_004.jpg,Mango,test,10,6
test/Fruit/Mango/Mango_005.jpg,Mango,test,10,6
test/Fruit/Mango/Mango_006.jpg,Mango,test,10,6
test/Fruit/Mango/Mango_007.jpg,Mango,test,10,6
test/Fruit/Mango/Mango_008.jpg,Mango,test,10,6
test/Fruit/Mango/Mango_009.jpg,Mango,test,10,6
test/Fruit/Mango/Mango_010.jpg,Mango,test,10,6
test/Fruit/Mango/Mango_011.jpg,Mango,test,10,6
test/Fruit/Mango/Mango_012.jpg,Mango,test,10,6
test/Fruit/Mango/Mango_013.jpg,Mango,test,10,6
test/Fruit/Mango/Mango_014.jpg,Mango,test,10,6
test/Fruit/Mango/Mango_015.jpg,Mango,test,10,6
test/Fruit/Mango/Mango_016.jpg,Mango,test,10,6
test/Fruit/Mango/Mango_017.jpg,Mango,test,10,6
test/Fruit/Mango/Mango_018.jpg,Mango,test,10,6
test/Fruit/Mango/Mango_019.jpg,Mango,test,10,6
test/Fruit/Mango/Mango_020.jpg,Mango,test,10,6
test/Fruit/Mango/Mango_021.jpg,Mango,test,10,6
test/Fruit/Mango/Mango_022.jpg,Mango,test,10,6
test/Fruit/Mango/Mango_023.jpg,Mango,test,10,6
test/Fruit/Mango/Mango_024.jpg,Mango,test,10,6
test/Fruit/Mango/Mango_025.jpg,Mango,test,10,6
test/Fruit/Mango/Mango_026.jpg,Mango,test,10,6
test/Fruit/Mango/Mango_027.jpg,Mango,test,10,6
test/Fruit/Mango/Mango_028.jpg,Mango,test,10,6
test/Fruit/Mango/Mango_029.jpg,Mango,test,10,6
test/Fruit/Mango/Mango_030.jpg,Mango,test,10,6
test/Fruit/Mango/Mango_031.jpg,Mango,test,10,6
test/Fruit/Melon/Cantaloupe/Cantaloupe_001.jpg,Cantaloupe,test,11,7
test/Fruit/Melon/Cantaloupe/Cantaloupe_002.jpg,Cantaloupe,test,11,7
test/Fruit/Melon/Cantaloupe/Cantaloupe_003.jpg,Cantaloupe,test,11,7
test/Fruit/Melon/Cantaloupe/Cantaloupe_004.jpg,Cantaloupe,test,11,7
test/Fruit/Melon/Cantaloupe/Cantaloupe_005.jpg,Cantaloupe,test,11,7
test/Fruit/Melon/Cantaloupe/Cantaloupe_006.jpg,Cantaloupe,test,11,7
test/Fruit/Melon/Cantaloupe/Cantaloupe_007.jpg,Cantaloupe,test,11,7
test/Fruit/Melon/Cantaloupe/Cantaloupe_008.jpg,Cantaloupe,test,11,7
test/Fruit/Melon/Cantaloupe/Cantaloupe_009.jpg,Cantaloupe,test,11,7
test/Fruit/Melon/Cantaloupe/Cantaloupe_010.jpg,Cantaloupe,test,11,7
test/Fruit/Melon/Cantaloupe/Cantaloupe_011.jpg,Cantaloupe,test,11,7
test/Fruit/Melon/Cantaloupe/Cantaloupe_012.jpg,Cantaloupe,test,11,7
test/Fruit/Melon/Cantaloupe/Cantaloupe_013.jpg,Cantaloupe,test,11,7
test/Fruit/Melon/Cantaloupe/Cantaloupe_014.jpg,Cantaloupe,test,11,7
test/Fruit/Melon/Cantaloupe/Cantaloupe_015.jpg,Cantaloupe,test,11,7
test/Fruit/Melon/Cantaloupe/Cantaloupe_016.jpg,Cantaloupe,test,11,7
test/Fruit/Melon/Cantaloupe/Cantaloupe_017.jpg,Cantaloupe,test,11,7
test/Fruit/Melon/Cantaloupe/Cantaloupe_018.jpg,Cantaloupe,test,11,7
test/Fruit/Melon/Cantaloupe/Cantaloupe_019.jpg,Cantaloupe,test,11,7
test/Fruit/Melon/Cantaloupe/Cantaloupe_020.jpg,Cantaloupe,test,11,7
test/Fruit/Melon/Cantaloupe/Cantaloupe_021.jpg,Cantaloupe,test,11,7
test/Fruit/Melon/Cantaloupe/Cantaloupe_022.jpg,Cantaloupe,test,11,7
test/Fruit/Melon/Cantaloupe/Cantaloupe_023.jpg,Cantaloupe,test,11,7
test/Fruit/Melon/Cantaloupe/Cantaloupe_024.jpg,Cantaloupe,test,11,7
test/Fruit/Melon/Cantaloupe/Cantaloupe_025.jpg,Cantaloupe,test,11,7
test/Fruit/Melon/Cantaloupe/Cantaloupe_026.jpg,Cantaloupe,test,11,7
test/Fruit/Melon/Cantaloupe/Cantaloupe_027.jpg,Cantaloupe,test,11,7
test/Fruit/Melon/Cantaloupe/Cantaloupe_028.jpg,Cantaloupe,test,11,7
test/Fruit/Melon/Cantaloupe/Cantaloupe_029.jpg,Cantaloupe,test,11,7
test/Fruit/Melon/Cantaloupe/Cantaloupe_030.jpg,Cantaloupe,test,11,7
test/Fruit/Melon/Cantaloupe/Cantaloupe_031.jpg,Cantaloupe,test,11,7
test/Fruit/Melon/Cantaloupe/Cantaloupe_032.jpg,Cantaloupe,test,11,7
test/Fruit/Melon/Cantaloupe/Cantaloupe_033.jpg,Cantaloupe,test,11,7
test/Fruit/Melon/Cantaloupe/Cantaloupe_034.jpg,Cantaloupe,test,11,7
test/Fruit/Melon/Cantaloupe/Cantaloupe_035.jpg,Cantaloupe,test,11,7
test/Fruit/Melon/Cantaloupe/Cantaloupe_036.jpg,Cantaloupe,test,11,7
test/Fruit/Melon/Cantaloupe/Cantaloupe_037.jpg,Cantaloupe,test,11,7
test/Fruit/Melon/Cantaloupe/Cantaloupe_038.jpg,Cantaloupe,test,11,7
test/Fruit/Melon/Cantaloupe/Cantaloupe_039.jpg,Cantaloupe,test,11,7
test/Fruit/Melon/Galia-Melon/Galia-Melon_001.jpg,Galia-Melon,test,12,7
test/Fruit/Melon/Galia-Melon/Galia-Melon_002.jpg,Galia-Melon,test,12,7
test/Fruit/Melon/Galia-Melon/Galia-Melon_003.jpg,Galia-Melon,test,12,7
test/Fruit/Melon/Galia-Melon/Galia-Melon_004.jpg,Galia-Melon,test,12,7
test/Fruit/Melon/Galia-Melon/Galia-Melon_005.jpg,Galia-Melon,test,12,7
test/Fruit/Melon/Galia-Melon/Galia-Melon_006.jpg,Galia-Melon,test,12,7
test/Fruit/Melon/Galia-Melon/Galia-Melon_007.jpg,Galia-Melon,test,12,7
test/Fruit/Melon/Galia-Melon/Galia-Melon_008.jpg,Galia-Melon,test,12,7
test/Fruit/Melon/Galia-Melon/Galia-Melon_009.jpg,Galia-Melon,test,12,7
test/Fruit/Melon/Galia-Melon/Galia-Melon_010.jpg,Galia-Melon,test,12,7
test/Fruit/Melon/Galia-Melon/Galia-Melon_011.jpg,Galia-Melon,test,12,7
test/Fruit/Melon/Galia-Melon/Galia-Melon_012.jpg,Galia-Melon,test,12,7
test/Fruit/Melon/Galia-Melon/Galia-Melon_013.jpg,Galia-Melon,test,12,7
test/Fruit/Melon/Galia-Melon/Galia-Melon_014.jpg,Galia-Melon,test,12,7
test/Fruit/Melon/Galia-Melon/Galia-Melon_015.jpg,Galia-Melon,test,12,7
test/Fruit/Melon/Galia-Melon/Galia-Melon_016.jpg,Galia-Melon,test,12,7
test/Fruit/Melon/Galia-Melon/Galia-Melon_017.jpg,Galia-Melon,test,12,7
test/Fruit/Melon/Galia-Melon/Galia-Melon_018.jpg,Galia-Melon,test,12,7
test/Fruit/Melon/Galia-Melon/Galia-Melon_019.jpg,Galia-Melon,test,12,7
test/Fruit/Melon/Galia-Melon/Galia-Melon_020.jpg,Galia-Melon,test,12,7
test/Fruit/Melon/Galia-Melon/Galia-Melon_021.jpg,Galia-Melon,test,12,7
test/Fruit/Melon/Galia-Melon/Galia-Melon_022.jpg,Galia-Melon,test,12,7
test/Fruit/Melon/Galia-Melon/Galia-Melon_023.jpg,Galia-Melon,test,12,7
test/Fruit/Melon/Galia-Melon/Galia-Melon_024.jpg,Galia-Melon,test,12,7
test/Fruit/Melon/Galia-Melon/Galia-Melon_025.jpg,Galia-Melon,test,12,7
test/Fruit/Melon/Galia-Melon/Galia-Melon_026.jpg,Galia-Melon,test,12,7
test/Fruit/Melon/Galia-Melon/Galia-Melon_027.jpg,Galia-Melon,test,12,7
test/Fruit/Melon/Galia-Melon/Galia-Melon_028.jpg,Galia-Melon,test,12,7
test/Fruit/Melon/Galia-Melon/Galia-Melon_029.jpg,Galia-Melon,test,12,7
test/Fruit/Melon/Galia-Melon/Galia-Melon_030.jpg,Galia-Melon,test,12,7
test/Fruit/Melon/Galia-Melon/Galia-Melon_031.jpg,Galia-Melon,test,12,7
test/Fruit/Melon/Galia-Melon/Galia-Melon_032.jpg,Galia-Melon,test,12,7
test/Fruit/Melon/Honeydew-Melon/Honeydew-Melon_001.jpg,Honeydew-Melon,test,13,7
test/Fruit/Melon/Honeydew-Melon/Honeydew-Melon_002.jpg,Honeydew-Melon,test,13,7
test/Fruit/Melon/Honeydew-Melon/Honeydew-Melon_003.jpg,Honeydew-Melon,test,13,7
test/Fruit/Melon/Honeydew-Melon/Honeydew-Melon_004.jpg,Honeydew-Melon,test,13,7
test/Fruit/Melon/Honeydew-Melon/Honeydew-Melon_005.jpg,Honeydew-Melon,test,13,7
test/Fruit/Melon/Honeydew-Melon/Honeydew-Melon_006.jpg,Honeydew-Melon,test,13,7
test/Fruit/Melon/Honeydew-Melon/Honeydew-Melon_007.jpg,Honeydew-Melon,test,13,7
test/Fruit/Melon/Honeydew-Melon/Honeydew-Melon_008.jpg,Honeydew-Melon,test,13,7
test/Fruit/Melon/Honeydew-Melon/Honeydew-Melon_009.jpg,Honeydew-Melon,test,13,7
test/Fruit/Melon/Honeydew-Melon/Honeydew-Melon_010.jpg,Honeydew-Melon,test,13,7
test/Fruit/Melon/Honeydew-Melon/Honeydew-Melon_011.jpg,Honeydew-Melon,test,13,7
test/Fruit/Melon/Honeydew-Melon/Honeydew-Melon_012.jpg,Honeydew-Melon,test,13,7
test/Fruit/Melon/Honeydew-Melon/Honeydew-Melon_013.jpg,Honeydew-Melon,test,13,7
test/Fruit/Melon/Honeydew-Melon/Honeydew-Melon_014.jpg,Honeydew-Melon,test,13,7
test/Fruit/Melon/Honeydew-Melon/Honeydew-Melon_015.jpg,Honeydew-Melon,test,13,7
test/Fruit/Melon/Honeydew-Melon/Honeydew-Melon_016.jpg,Honeydew-Melon,test,13,7
test/Fruit/Melon/Honeydew-Melon/Honeydew-Melon_017.jpg,Honeydew-Melon,test,13,7
test/Fruit/Melon/Honeydew-Melon/Honeydew-Melon_018.jpg,Honeydew-Melon,test,13,7
test/Fruit/Melon/Honeydew-Melon/Honeydew-Melon_019.jpg,Honeydew-Melon,test,13,7
test/Fruit/Melon/Honeydew-Melon/Honeydew-Melon_020.jpg,Honeydew-Melon,test,13,7
test/Fruit/Melon/Honeydew-Melon/Honeydew-Melon_021.jpg,Honeydew-Melon,test,13,7
test/Fruit/Melon/Honeydew-Melon/Honeydew-Melon_022.jpg,Honeydew-Melon,test,13,7
test/Fruit/Melon/Honeydew-Melon/Honeydew-Melon_023.jpg,Honeydew-Melon,test,13,7
test/Fruit/Melon/Honeydew-Melon/Honeydew-Melon_024.jpg,Honeydew-Melon,test,13,7
test/Fruit/Melon/Honeydew-Melon/Honeydew-Melon_025.jpg,Honeydew-Melon,test,13,7
test/Fruit/Melon/Honeydew-Melon/Honeydew-Melon_026.jpg,Honeydew-Melon,test,13,7
test/Fruit/Melon/Honeydew-Melon/Honeydew-Melon_027.jpg,Honeydew-Melon,test,13,7
test/Fruit/Melon/Honeydew-Melon/Honeydew-Melon_028.jpg,Honeydew-Melon,test,13,7
test/Fruit/Melon/Honeydew-Melon/Honeydew-Melon_029.jpg,Honeydew-Melon,test,13,7
test/Fruit/Melon/Honeydew-Melon/Honeydew-Melon_030.jpg,Honeydew-Melon,test,13,7
test/Fruit/Melon/Honeydew-Melon/Honeydew-Melon_031.jpg,Honeydew-Melon,test,13,7
test/Fruit/Melon/Honeydew-Melon/Honeydew-Melon_032.jpg,Honeydew-Melon,test,13,7
test/Fruit/Melon/Honeydew-Melon/Honeydew-Melon_033.jpg,Honeydew-Melon,test,13,7
test/Fruit/Melon/Honeydew-Melon/Honeydew-Melon_034.jpg,Honeydew-Melon,test,13,7
test/Fruit/Melon/Honeydew-Melon/Honeydew-Melon_035.jpg,Honeydew-Melon,test,13,7
test/Fruit/Melon/Honeydew-Melon/Honeydew-Melon_036.jpg,Honeydew-Melon,test,13,7
test/Fruit/Melon/Watermelon/Watermelon_001.jpg,Watermelon,test,14,7
test/Fruit/Melon/Watermelon/Watermelon_002.jpg,Watermelon,test,14,7
test/Fruit/Melon/Watermelon/Watermelon_003.jpg,Watermelon,test,14,7
test/Fruit/Melon/Watermelon/Watermelon_004.jpg,Watermelon,test,14,7
test/Fruit/Melon/Watermelon/Watermelon_005.jpg,Watermelon,test,14,7
test/Fruit/Melon/Watermelon/Watermelon_006.jpg,Watermelon,test,14,7
test/Fruit/Melon/Watermelon/Watermelon_007.jpg,Watermelon,test,14,7
test/Fruit/Melon/Watermelon/Watermelon_008.jpg,Watermelon,test,14,7
test/Fruit/Melon/Watermelon/Watermelon_009.jpg,Watermelon,test,14,7
test/Fruit/Melon/Watermelon/Watermelon_010.jpg,Watermelon,test,14,7
test/Fruit/Melon/Watermelon/Watermelon_011.jpg,Watermelon,test,14,7
test/Fruit/Melon/Watermelon/Watermelon_012.jpg,Watermelon,test,14,7
test/Fruit/Melon/Watermelon/Watermelon_013.jpg,Watermelon,test,14,7
test/Fruit/Melon/Watermelon/Watermelon_014.jpg,Watermelon,test,14,7
test/Fruit/Melon/Watermelon/Watermelon_015.jpg,Watermelon,test,14,7
test/Fruit/Melon/Watermelon/Watermelon_016.jpg,Watermelon,test,14,7
test/Fruit/Melon/Watermelon/Watermelon_017.jpg,Watermelon,test,14,7
test/Fruit/Melon/Watermelon/Watermelon_018.jpg,Watermelon,test,14,7
test/Fruit/Melon/Watermelon/Watermelon_019.jpg,Watermelon,test,14,7
test/Fruit/Melon/Watermelon/Watermelon_020.jpg,Watermelon,test,14,7
test/Fruit/Melon/Watermelon/Watermelon_021.jpg,Watermelon,test,14,7
test/Fruit/Melon/Watermelon/Watermelon_022.jpg,Watermelon,test,14,7
test/Fruit/Melon/Watermelon/Watermelon_023.jpg,Watermelon,test,14,7
test/Fruit/Melon/Watermelon/Watermelon_024.jpg,Watermelon,test,14,7
test/Fruit/Melon/Watermelon/Watermelon_025.jpg,Watermelon,test,14,7
test/Fruit/Melon/Watermelon/Watermelon_026.jpg,Watermelon,test,14,7
test/Fruit/Melon/Watermelon/Watermelon_027.jpg,Watermelon,test,14,7
test/Fruit/Melon/Watermelon/Watermelon_028.jpg,Watermelon,test,14,7
test/Fruit/Melon/Watermelon/Watermelon_029.jpg,Watermelon,test,14,7
test/Fruit/Melon/Watermelon/Watermelon_030.jpg,Watermelon,test,14,7
test/Fruit/Melon/Watermelon/Watermelon_031.jpg,Watermelon,test,14,7
test/Fruit/Melon/Watermelon/Watermelon_032.jpg,Watermelon,test,14,7
test/Fruit/Melon/Watermelon/Watermelon_033.jpg,Watermelon,test,14,7
test/Fruit/Melon/Watermelon/Watermelon_034.jpg,Watermelon,test,14,7
test/Fruit/Melon/Watermelon/Watermelon_035.jpg,Watermelon,test,14,7
test/Fruit/Melon/Watermelon/Watermelon_036.jpg,Watermelon,test,14,7
test/Fruit/Melon/Watermelon/Watermelon_037.jpg,Watermelon,test,14,7
test/Fruit/Melon/Watermelon/Watermelon_038.jpg,Watermelon,test,14,7
test/Fruit/Melon/Watermelon/Watermelon_039.jpg,Watermelon,test,14,7
test/Fruit/Melon/Watermelon/Watermelon_040.jpg,Watermelon,test,14,7
test/Fruit/Melon/Watermelon/Watermelon_041.jpg,Watermelon,test,14,7
test/Fruit/Melon/Watermelon/Watermelon_042.jpg,Watermelon,test,14,7
test/Fruit/Melon/Watermelon/Watermelon_043.jpg,Watermelon,test,14,7
test/Fruit/Melon/Watermelon/Watermelon_044.jpg,Watermelon,test,14,7
test/Fruit/Melon/Watermelon/Watermelon_045.jpg,Watermelon,test,14,7
test/Fruit/Melon/Watermelon/Watermelon_046.jpg,Watermelon,test,14,7
test/Fruit/Nectarine/Nectarine_001.jpg,Nectarine,test,15,8
test/Fruit/Nectarine/Nectarine_002.jpg,Nectarine,test,15,8
test/Fruit/Nectarine/Nectarine_003.jpg,Nectarine,test,15,8
test/Fruit/Nectarine/Nectarine_004.jpg,Nectarine,test,15,8
test/Fruit/Nectarine/Nectarine_005.jpg,Nectarine,test,15,8
test/Fruit/Nectarine/Nectarine_006.jpg,Nectarine,test,15,8
test/Fruit/Nectarine/Nectarine_007.jpg,Nectarine,test,15,8
test/Fruit/Nectarine/Nectarine_008.jpg,Nectarine,test,15,8
test/Fruit/Nectarine/Nectarine_009.jpg,Nectarine,test,15,8
test/Fruit/Nectarine/Nectarine_010.jpg,Nectarine,test,15,8
test/Fruit/Nectarine/Nectarine_011.jpg,Nectarine,test,15,8
test/Fruit/Nectarine/Nectarine_012.jpg,Nectarine,test,15,8
test/Fruit/Nectarine/Nectarine_013.jpg,Nectarine,test,15,8
test/Fruit/Nectarine/Nectarine_014.jpg,Nectarine,test,15,8
test/Fruit/Nectarine/Nectarine_015.jpg,Nectarine,test,15,8
test/Fruit/Nectarine/Nectarine_016.jpg,Nectarine,test,15,8
test/Fruit/Nectarine/Nectarine_017.jpg,Nectarine,test,15,8
test/Fruit/Nectarine/Nectarine_018.jpg,Nectarine,test,15,8
test/Fruit/Nectarine/Nectarine_019.jpg,Nectarine,test,15,8
test/Fruit/Nectarine/Nectarine_020.jpg,Nectarine,test,15,8
test/Fruit/Nectarine/Nectarine_021.jpg,Nectarine,test,15,8
test/Fruit/Nectarine/Nectarine_022.jpg,Nectarine,test,15,8
test/Fruit/Nectarine/Nectarine_023.jpg,Nectarine,test,15,8
test/Fruit/Nectarine/Nectarine_024.jpg,Nectarine,test,15,8
test/Fruit/Nectarine/Nectarine_025.jpg,Nectarine,test,15,8
test/Fruit/Nectarine/Nectarine_026.jpg,Nectarine,test,15,8
test/Fruit/Nectarine/Nectarine_027.jpg,Nectarine,test,15,8
test/Fruit/Nectarine/Nectarine_028.jpg,Nectarine,test,15,8
test/Fruit/Nectarine/Nectarine_029.jpg,Nectarine,test,15,8
test/Fruit/Nectarine/Nectarine_030.jpg,Nectarine,test,15,8
test/Fruit/Nectarine/Nectarine_031.jpg,Nectarine,test,15,8
test/Fruit/Nectarine/Nectarine_032.jpg,Nectarine,test,15,8
test/Fruit/Nectarine/Nectarine_033.jpg,Nectarine,test,15,8
test/Fruit/Nectarine/Nectarine_034.jpg,Nectarine,test,15,8
test/Fruit/Nectarine/Nectarine_035.jpg,Nectarine,test,15,8
test/Fruit/Orange/Orange_001.jpg,Orange,test,16,9
test/Fruit/Orange/Orange_002.jpg,Orange,test,16,9
test/Fruit/Orange/Orange_003.jpg,Orange,test,16,9
test/Fruit/Orange/Orange_004.jpg,Orange,test,16,9
test/Fruit/Orange/Orange_005.jpg,Orange,test,16,9
test/Fruit/Orange/Orange_006.jpg,Orange,test,16,9
test/Fruit/Orange/Orange_007.jpg,Orange,test,16,9
test/Fruit/Orange/Orange_008.jpg,Orange,test,16,9
test/Fruit/Orange/Orange_009.jpg,Orange,test,16,9
test/Fruit/Orange/Orange_010.jpg,Orange,test,16,9
test/Fruit/Orange/Orange_011.jpg,Orange,test,16,9
test/Fruit/Orange/Orange_012.jpg,Orange,test,16,9
test/Fruit/Orange/Orange_013.jpg,Orange,test,16,9
test/Fruit/Orange/Orange_014.jpg,Orange,test,16,9
test/Fruit/Orange/Orange_015.jpg,Orange,test,16,9
test/Fruit/Orange/Orange_016.jpg,Orange,test,16,9
test/Fruit/Orange/Orange_017.jpg,Orange,test,16,9
test/Fruit/Orange/Orange_018.jpg,Orange,test,16,9
test/Fruit/Orange/Orange_019.jpg,Orange,test,16,9
test/Fruit/Orange/Orange_020.jpg,Orange,test,16,9
test/Fruit/Orange/Orange_021.jpg,Orange,test,16,9
test/Fruit/Orange/Orange_022.jpg,Orange,test,16,9
test/Fruit/Orange/Orange_023.jpg,Orange,test,16,9
test/Fruit/Orange/Orange_024.jpg,Orange,test,16,9
test/Fruit/Orange/Orange_025.jpg,Orange,test,16,9
test/Fruit/Orange/Orange_026.jpg,Orange,test,16,9
test/Fruit/Orange/Orange_027.jpg,Orange,test,16,9
test/Fruit/Orange/Orange_028.jpg,Orange,test,16,9
test/Fruit/Orange/Orange_029.jpg,Orange,test,16,9
test/Fruit/Orange/Orange_030.jpg,Orange,test,16,9
test/Fruit/Orange/Orange_031.jpg,Orange,test,16,9
test/Fruit/Orange/Orange_032.jpg,Orange,test,16,9
test/Fruit/Orange/Orange_033.jpg,Orange,test,16,9
test/Fruit/Orange/Orange_034.jpg,Orange,test,16,9
test/Fruit/Orange/Orange_035.jpg,Orange,test,16,9
test/Fruit/Orange/Orange_036.jpg,Orange,test,16,9
test/Fruit/Orange/Orange_037.jpg,Orange,test,16,9
test/Fruit/Orange/Orange_038.jpg,Orange,test,16,9
test/Fruit/Orange/Orange_039.jpg,Orange,test,16,9
test/Fruit/Orange/Orange_040.jpg,Orange,test,16,9
test/Fruit/Orange/Orange_041.jpg,Orange,test,16,9
test/Fruit/Orange/Orange_042.jpg,Orange,test,16,9
test/Fruit/Orange/Orange_043.jpg,Orange,test,16,9
test/Fruit/Orange/Orange_044.jpg,Orange,test,16,9
test/Fruit/Orange/Orange_045.jpg,Orange,test,16,9
test/Fruit/Orange/Orange_046.jpg,Orange,test,16,9
test/Fruit/Orange/Orange_047.jpg,Orange,test,16,9
test/Fruit/Orange/Orange_048.jpg,Orange,test,16,9
test/Fruit/Orange/Orange_049.jpg,Orange,test,16,9
test/Fruit/Orange/Orange_050.jpg,Orange,test,16,9
test/Fruit/Orange/Orange_051.jpg,Orange,test,16,9
test/Fruit/Orange/Orange_052.jpg,Orange,test,16,9
test/Fruit/Orange/Orange_053.jpg,Orange,test,16,9
test/Fruit/Orange/Orange_054.jpg,Orange,test,16,9
test/Fruit/Orange/Orange_055.jpg,Orange,test,16,9
test/Fruit/Orange/Orange_056.jpg,Orange,test,16,9
test/Fruit/Papaya/Papaya_001.jpg,Papaya,test,17,10
test/Fruit/Papaya/Papaya_002.jpg,Papaya,test,17,10
test/Fruit/Papaya/Papaya_003.jpg,Papaya,test,17,10
test/Fruit/Papaya/Papaya_004.jpg,Papaya,test,17,10
test/Fruit/Papaya/Papaya_005.jpg,Papaya,test,17,10
test/Fruit/Papaya/Papaya_006.jpg,Papaya,test,17,10
test/Fruit/Papaya/Papaya_007.jpg,Papaya,test,17,10
test/Fruit/Papaya/Papaya_008.jpg,Papaya,test,17,10
test/Fruit/Papaya/Papaya_009.jpg,Papaya,test,17,10
test/Fruit/Papaya/Papaya_010.jpg,Papaya,test,17,10
test/Fruit/Papaya/Papaya_011.jpg,Papaya,test,17,10
test/Fruit/Papaya/Papaya_012.jpg,Papaya,test,17,10
test/Fruit/Papaya/Papaya_013.jpg,Papaya,test,17,10
test/Fruit/Papaya/Papaya_014.jpg,Papaya,test,17,10
test/Fruit/Papaya/Papaya_015.jpg,Papaya,test,17,10
test/Fruit/Papaya/Papaya_016.jpg,Papaya,test,17,10
test/Fruit/Papaya/Papaya_017.jpg,Papaya,test,17,10
test/Fruit/Papaya/Papaya_018.jpg,Papaya,test,17,10
test/Fruit/Papaya/Papaya_019.jpg,Papaya,test,17,10
test/Fruit/Papaya/Papaya_020.jpg,Papaya,test,17,10
test/Fruit/Papaya/Papaya_021.jpg,Papaya,test,17,10
test/Fruit/Passion-Fruit/Passion-Fruit_001.jpg,Passion-Fruit,test,18,11
test/Fruit/Passion-Fruit/Passion-Fruit_002.jpg,Passion-Fruit,test,18,11
test/Fruit/Passion-Fruit/Passion-Fruit_003.jpg,Passion-Fruit,test,18,11
test/Fruit/Passion-Fruit/Passion-Fruit_004.jpg,Passion-Fruit,test,18,11
test/Fruit/Passion-Fruit/Passion-Fruit_005.jpg,Passion-Fruit,test,18,11
test/Fruit/Passion-Fruit/Passion-Fruit_006.jpg,Passion-Fruit,test,18,11
test/Fruit/Passion-Fruit/Passion-Fruit_007.jpg,Passion-Fruit,test,18,11
test/Fruit/Passion-Fruit/Passion-Fruit_008.jpg,Passion-Fruit,test,18,11
test/Fruit/Passion-Fruit/Passion-Fruit_009.jpg,Passion-Fruit,test,18,11
test/Fruit/Passion-Fruit/Passion-Fruit_010.jpg,Passion-Fruit,test,18,11
test/Fruit/Passion-Fruit/Passion-Fruit_011.jpg,Passion-Fruit,test,18,11
test/Fruit/Passion-Fruit/Passion-Fruit_012.jpg,Passion-Fruit,test,18,11
test/Fruit/Passion-Fruit/Passion-Fruit_013.jpg,Passion-Fruit,test,18,11
test/Fruit/Passion-Fruit/Passion-Fruit_014.jpg,Passion-Fruit,test,18,11
test/Fruit/Passion-Fruit/Passion-Fruit_015.jpg,Passion-Fruit,test,18,11
test/Fruit/Passion-Fruit/Passion-Fruit_016.jpg,Passion-Fruit,test,18,11
test/Fruit/Passion-Fruit/Passion-Fruit_017.jpg,Passion-Fruit,test,18,11
test/Fruit/Passion-Fruit/Passion-Fruit_018.jpg,Passion-Fruit,test,18,11
test/Fruit/Passion-Fruit/Passion-Fruit_019.jpg,Passion-Fruit,test,18,11
test/Fruit/Passion-Fruit/Passion-Fruit_020.jpg,Passion-Fruit,test,18,11
test/Fruit/Passion-Fruit/Passion-Fruit_021.jpg,Passion-Fruit,test,18,11
test/Fruit/Passion-Fruit/Passion-Fruit_022.jpg,Passion-Fruit,test,18,11
test/Fruit/Passion-Fruit/Passion-Fruit_023.jpg,Passion-Fruit,test,18,11
test/Fruit/Passion-Fruit/Passion-Fruit_024.jpg,Passion-Fruit,test,18,11
test/Fruit/Passion-Fruit/Passion-Fruit_025.jpg,Passion-Fruit,test,18,11
test/Fruit/Passion-Fruit/Passion-Fruit_026.jpg,Passion-Fruit,test,18,11
test/Fruit/Passion-Fruit/Passion-Fruit_027.jpg,Passion-Fruit,test,18,11
test/Fruit/Peach/Peach_001.jpg,Peach,test,19,12
test/Fruit/Peach/Peach_002.jpg,Peach,test,19,12
test/Fruit/Peach/Peach_003.jpg,Peach,test,19,12
test/Fruit/Peach/Peach_004.jpg,Peach,test,19,12
test/Fruit/Peach/Peach_005.jpg,Peach,test,19,12
test/Fruit/Peach/Peach_006.jpg,Peach,test,19,12
test/Fruit/Peach/Peach_007.jpg,Peach,test,19,12
test/Fruit/Peach/Peach_008.jpg,Peach,test,19,12
test/Fruit/Peach/Peach_009.jpg,Peach,test,19,12
test/Fruit/Peach/Peach_010.jpg,Peach,test,19,12
test/Fruit/Peach/Peach_011.jpg,Peach,test,19,12
test/Fruit/Peach/Peach_012.jpg,Peach,test,19,12
test/Fruit/Peach/Peach_013.jpg,Peach,test,19,12
test/Fruit/Peach/Peach_014.jpg,Peach,test,19,12
test/Fruit/Peach/Peach_015.jpg,Peach,test,19,12
test/Fruit/Peach/Peach_016.jpg,Peach,test,19,12
test/Fruit/Peach/Peach_017.jpg,Peach,test,19,12
test/Fruit/Peach/Peach_018.jpg,Peach,test,19,12
test/Fruit/Peach/Peach_019.jpg,Peach,test,19,12
test/Fruit/Peach/Peach_020.jpg,Peach,test,19,12
test/Fruit/Peach/Peach_021.jpg,Peach,test,19,12
test/Fruit/Peach/Peach_022.jpg,Peach,test,19,12
test/Fruit/Peach/Peach_023.jpg,Peach,test,19,12
test/Fruit/Peach/Peach_024.jpg,Peach,test,19,12
test/Fruit/Peach/Peach_025.jpg,Peach,test,19,12
test/Fruit/Peach/Peach_026.jpg,Peach,test,19,12
test/Fruit/Peach/Peach_027.jpg,Peach,test,19,12
test/Fruit/Peach/Peach_028.jpg,Peach,test,19,12
test/Fruit/Peach/Peach_029.jpg,Peach,test,19,12
test/Fruit/Peach/Peach_030.jpg,Peach,test,19,12
test/Fruit/Peach/Peach_031.jpg,Peach,test,19,12
test/Fruit/Peach/Peach_032.jpg,Peach,test,19,12
test/Fruit/Peach/Peach_033.jpg,Peach,test,19,12
test/Fruit/Peach/Peach_034.jpg,Peach,test,19,12
test/Fruit/Peach/Peach_035.jpg,Peach,test,19,12
test/Fruit/Peach/Peach_036.jpg,Peach,test,19,12
test/Fruit/Pear/Anjou/Anjou_001.jpg,Anjou,test,20,13
test/Fruit/Pear/Anjou/Anjou_002.jpg,Anjou,test,20,13
test/Fruit/Pear/Anjou/Anjou_003.jpg,Anjou,test,20,13
test/Fruit/Pear/Anjou/Anjou_004.jpg,Anjou,test,20,13
test/Fruit/Pear/Anjou/Anjou_005.jpg,Anjou,test,20,13
test/Fruit/Pear/Anjou/Anjou_006.jpg,Anjou,test,20,13
test/Fruit/Pear/Anjou/Anjou_007.jpg,Anjou,test,20,13
test/Fruit/Pear/Anjou/Anjou_008.jpg,Anjou,test,20,13
test/Fruit/Pear/Anjou/Anjou_009.jpg,Anjou,test,20,13
test/Fruit/Pear/Anjou/Anjou_010.jpg,Anjou,test,20,13
test/Fruit/Pear/Anjou/Anjou_011.jpg,Anjou,test,20,13
test/Fruit/Pear/Anjou/Anjou_012.jpg,Anjou,test,20,13
test/Fruit/Pear/Anjou/Anjou_013.jpg,Anjou,test,20,13
test/Fruit/Pear/Anjou/Anjou_014.jpg,Anjou,test,20,13
test/Fruit/Pear/Anjou/Anjou_015.jpg,Anjou,test,20,13
test/Fruit/Pear/Anjou/Anjou_016.jpg,Anjou,test,20,13
test/Fruit/Pear/Anjou/Anjou_017.jpg,Anjou,test,20,13
test/Fruit/Pear/Anjou/Anjou_018.jpg,Anjou,test,20,13
test/Fruit/Pear/Anjou/Anjou_019.jpg,Anjou,test,20,13
test/Fruit/Pear/Anjou/Anjou_020.jpg,Anjou,test,20,13
test/Fruit/Pear/Anjou/Anjou_021.jpg,Anjou,test,20,13
test/Fruit/Pear/Anjou/Anjou_022.jpg,Anjou,test,20,13
test/Fruit/Pear/Anjou/Anjou_023.jpg,Anjou,test,20,13
test/Fruit/Pear/Anjou/Anjou_024.jpg,Anjou,test,20,13
test/Fruit/Pear/Anjou/Anjou_025.jpg,Anjou,test,20,13
test/Fruit/Pear/Anjou/Anjou_026.jpg,Anjou,test,20,13
test/Fruit/Pear/Anjou/Anjou_027.jpg,Anjou,test,20,13
test/Fruit/Pear/Anjou/Anjou_028.jpg,Anjou,test,20,13
test/Fruit/Pear/Anjou/Anjou_029.jpg,Anjou,test,20,13
test/Fruit/Pear/Anjou/Anjou_030.jpg,Anjou,test,20,13
test/Fruit/Pear/Anjou/Anjou_031.jpg,Anjou,test,20,13
test/Fruit/Pear/Anjou/Anjou_032.jpg,Anjou,test,20,13
test/Fruit/Pear/Anjou/Anjou_033.jpg,Anjou,test,20,13
test/Fruit/Pear/Anjou/Anjou_034.jpg,Anjou,test,20,13
test/Fruit/Pear/Anjou/Anjou_035.jpg,Anjou,test,20,13
test/Fruit/Pear/Conference/Conference_001.jpg,Conference,test,21,13
test/Fruit/Pear/Conference/Conference_002.jpg,Conference,test,21,13
test/Fruit/Pear/Conference/Conference_003.jpg,Conference,test,21,13
test/Fruit/Pear/Conference/Conference_004.jpg,Conference,test,21,13
test/Fruit/Pear/Conference/Conference_005.jpg,Conference,test,21,13
test/Fruit/Pear/Conference/Conference_006.jpg,Conference,test,21,13
test/Fruit/Pear/Conference/Conference_007.jpg,Conference,test,21,13
test/Fruit/Pear/Conference/Conference_008.jpg,Conference,test,21,13
test/Fruit/Pear/Conference/Conference_009.jpg,Conference,test,21,13
test/Fruit/Pear/Conference/Conference_010.jpg,Conference,test,21,13
test/Fruit/Pear/Conference/Conference_011.jpg,Conference,test,21,13
test/Fruit/Pear/Conference/Conference_012.jpg,Conference,test,21,13
test/Fruit/Pear/Conference/Conference_013.jpg,Conference,test,21,13
test/Fruit/Pear/Conference/Conference_014.jpg,Conference,test,21,13
test/Fruit/Pear/Conference/Conference_015.jpg,Conference,test,21,13
test/Fruit/Pear/Conference/Conference_016.jpg,Conference,test,21,13
test/Fruit/Pear/Conference/Conference_017.jpg,Conference,test,21,13
test/Fruit/Pear/Conference/Conference_018.jpg,Conference,test,21,13
test/Fruit/Pear/Conference/Conference_019.jpg,Conference,test,21,13
test/Fruit/Pear/Conference/Conference_020.jpg,Conference,test,21,13
test/Fruit/Pear/Conference/Conference_021.jpg,Conference,test,21,13
test/Fruit/Pear/Conference/Conference_022.jpg,Conference,test,21,13
test/Fruit/Pear/Conference/Conference_023.jpg,Conference,test,21,13
test/Fruit/Pear/Conference/Conference_024.jpg,Conference,test,21,13
test/Fruit/Pear/Conference/Conference_025.jpg,Conference,test,21,13
test/Fruit/Pear/Conference/Conference_026.jpg,Conference,test,21,13
test/Fruit/Pear/Conference/Conference_027.jpg,Conference,test,21,13
test/Fruit/Pear/Conference/Conference_028.jpg,Conference,test,21,13
test/Fruit/Pear/Conference/Conference_029.jpg,Conference,test,21,13
test/Fruit/Pear/Conference/Conference_030.jpg,Conference,test,21,13
test/Fruit/Pear/Conference/Conference_031.jpg,Conference,test,21,13
test/Fruit/Pear/Conference/Conference_032.jpg,Conference,test,21,13
test/Fruit/Pear/Conference/Conference_033.jpg,Conference,test,21,13
test/Fruit/Pear/Conference/Conference_034.jpg,Conference,test,21,13
test/Fruit/Pear/Conference/Conference_035.jpg,Conference,test,21,13
test/Fruit/Pear/Conference/Conference_036.jpg,Conference,test,21,13
test/Fruit/Pear/Conference/Conference_037.jpg,Conference,test,21,13
test/Fruit/Pear/Conference/Conference_038.jpg,Conference,test,21,13
test/Fruit/Pear/Conference/Conference_039.jpg,Conference,test,21,13
test/Fruit/Pear/Conference/Conference_040.jpg,Conference,test,21,13
test/Fruit/Pear/Conference/Conference_041.jpg,Conference,test,21,13
test/Fruit/Pear/Conference/Conference_042.jpg,Conference,test,21,13
test/Fruit/Pear/Conference/Conference_043.jpg,Conference,test,21,13
test/Fruit/Pear/Conference/Conference_044.jpg,Conference,test,21,13
test/Fruit/Pear/Kaiser/Kaiser_001.jpg,Kaiser,test,22,13
test/Fruit/Pear/Kaiser/Kaiser_002.jpg,Kaiser,test,22,13
test/Fruit/Pear/Kaiser/Kaiser_003.jpg,Kaiser,test,22,13
test/Fruit/Pear/Kaiser/Kaiser_004.jpg,Kaiser,test,22,13
test/Fruit/Pear/Kaiser/Kaiser_005.jpg,Kaiser,test,22,13
test/Fruit/Pear/Kaiser/Kaiser_006.jpg,Kaiser,test,22,13
test/Fruit/Pear/Kaiser/Kaiser_007.jpg,Kaiser,test,22,13
test/Fruit/Pear/Kaiser/Kaiser_008.jpg,Kaiser,test,22,13
test/Fruit/Pear/Kaiser/Kaiser_009.jpg,Kaiser,test,22,13
test/Fruit/Pear/Kaiser/Kaiser_010.jpg,Kaiser,test,22,13
test/Fruit/Pear/Kaiser/Kaiser_011.jpg,Kaiser,test,22,13
test/Fruit/Pear/Kaiser/Kaiser_012.jpg,Kaiser,test,22,13
test/Fruit/Pear/Kaiser/Kaiser_013.jpg,Kaiser,test,22,13
test/Fruit/Pear/Kaiser/Kaiser_014.jpg,Kaiser,test,22,13
test/Fruit/Pear/Kaiser/Kaiser_015.jpg,Kaiser,test,22,13
test/Fruit/Pear/Kaiser/Kaiser_016.jpg,Kaiser,test,22,13
test/Fruit/Pear/Kaiser/Kaiser_017.jpg,Kaiser,test,22,13
test/Fruit/Pear/Kaiser/Kaiser_018.jpg,Kaiser,test,22,13
test/Fruit/Pear/Kaiser/Kaiser_019.jpg,Kaiser,test,22,13
test/Fruit/Pear/Kaiser/Kaiser_020.jpg,Kaiser,test,22,13
test/Fruit/Pear/Kaiser/Kaiser_021.jpg,Kaiser,test,22,13
test/Fruit/Pear/Kaiser/Kaiser_022.jpg,Kaiser,test,22,13
test/Fruit/Pear/Kaiser/Kaiser_023.jpg,Kaiser,test,22,13
test/Fruit/Pear/Kaiser/Kaiser_024.jpg,Kaiser,test,22,13
test/Fruit/Pear/Kaiser/Kaiser_025.jpg,Kaiser,test,22,13
test/Fruit/Pear/Kaiser/Kaiser_026.jpg,Kaiser,test,22,13
test/Fruit/Pear/Kaiser/Kaiser_027.jpg,Kaiser,test,22,13
test/Fruit/Pear/Kaiser/Kaiser_028.jpg,Kaiser,test,22,13
test/Fruit/Pear/Kaiser/Kaiser_029.jpg,Kaiser,test,22,13
test/Fruit/Pineapple/Pineapple_001.jpg,Pineapple,test,23,14
test/Fruit/Pineapple/Pineapple_002.jpg,Pineapple,test,23,14
test/Fruit/Pineapple/Pineapple_003.jpg,Pineapple,test,23,14
test/Fruit/Pineapple/Pineapple_004.jpg,Pineapple,test,23,14
test/Fruit/Pineapple/Pineapple_005.jpg,Pineapple,test,23,14
test/Fruit/Pineapple/Pineapple_006.jpg,Pineapple,test,23,14
test/Fruit/Pineapple/Pineapple_007.jpg,Pineapple,test,23,14
test/Fruit/Pineapple/Pineapple_008.jpg,Pineapple,test,23,14
test/Fruit/Pineapple/Pineapple_009.jpg,Pineapple,test,23,14
test/Fruit/Pineapple/Pineapple_010.jpg,Pineapple,test,23,14
test/Fruit/Pineapple/Pineapple_011.jpg,Pineapple,test,23,14
test/Fruit/Pineapple/Pineapple_012.jpg,Pineapple,test,23,14
test/Fruit/Pineapple/Pineapple_013.jpg,Pineapple,test,23,14
test/Fruit/Pineapple/Pineapple_014.jpg,Pineapple,test,23,14
test/Fruit/Pineapple/Pineapple_015.jpg,Pineapple,test,23,14
test/Fruit/Pineapple/Pineapple_016.jpg,Pineapple,test,23,14
test/Fruit/Pineapple/Pineapple_017.jpg,Pineapple,test,23,14
test/Fruit/Pineapple/Pineapple_018.jpg,Pineapple,test,23,14
test/Fruit/Pineapple/Pineapple_019.jpg,Pineapple,test,23,14
test/Fruit/Pineapple/Pineapple_020.jpg,Pineapple,test,23,14
test/Fruit/Pineapple/Pineapple_021.jpg,Pineapple,test,23,14
test/Fruit/Pineapple/Pineapple_022.jpg,Pineapple,test,23,14
test/Fruit/Pineapple/Pineapple_023.jpg,Pineapple,test,23,14
test/Fruit/Pineapple/Pineapple_024.jpg,Pineapple,test,23,14
test/Fruit/Pineapple/Pineapple_025.jpg,Pineapple,test,23,14
test/Fruit/Plum/Plum_001.jpg,Plum,test,24,15
test/Fruit/Plum/Plum_002.jpg,Plum,test,24,15
test/Fruit/Plum/Plum_003.jpg,Plum,test,24,15
test/Fruit/Plum/Plum_004.jpg,Plum,test,24,15
test/Fruit/Plum/Plum_005.jpg,Plum,test,24,15
test/Fruit/Plum/Plum_006.jpg,Plum,test,24,15
test/Fruit/Plum/Plum_007.jpg,Plum,test,24,15
test/Fruit/Plum/Plum_008.jpg,Plum,test,24,15
test/Fruit/Plum/Plum_009.jpg,Plum,test,24,15
test/Fruit/Plum/Plum_010.jpg,Plum,test,24,15
test/Fruit/Plum/Plum_011.jpg,Plum,test,24,15
test/Fruit/Plum/Plum_012.jpg,Plum,test,24,15
test/Fruit/Plum/Plum_013.jpg,Plum,test,24,15
test/Fruit/Plum/Plum_014.jpg,Plum,test,24,15
test/Fruit/Plum/Plum_015.jpg,Plum,test,24,15
test/Fruit/Plum/Plum_016.jpg,Plum,test,24,15
test/Fruit/Plum/Plum_017.jpg,Plum,test,24,15
test/Fruit/Plum/Plum_018.jpg,Plum,test,24,15
test/Fruit/Plum/Plum_019.jpg,Plum,test,24,15
test/Fruit/Plum/Plum_020.jpg,Plum,test,24,15
test/Fruit/Plum/Plum_021.jpg,Plum,test,24,15
test/Fruit/Plum/Plum_022.jpg,Plum,test,24,15
test/Fruit/Pomegranate/Pomegranate_001.jpg,Pomegranate,test,25,16
test/Fruit/Pomegranate/Pomegranate_002.jpg,Pomegranate,test,25,16
test/Fruit/Pomegranate/Pomegranate_003.jpg,Pomegranate,test,25,16
test/Fruit/Pomegranate/Pomegranate_004.jpg,Pomegranate,test,25,16
test/Fruit/Pomegranate/Pomegranate_005.jpg,Pomegranate,test,25,16
test/Fruit/Pomegranate/Pomegranate_006.jpg,Pomegranate,test,25,16
test/Fruit/Pomegranate/Pomegranate_007.jpg,Pomegranate,test,25,16
test/Fruit/Pomegranate/Pomegranate_008.jpg,Pomegranate,test,25,16
test/Fruit/Pomegranate/Pomegranate_009.jpg,Pomegranate,test,25,16
test/Fruit/Pomegranate/Pomegranate_010.jpg,Pomegranate,test,25,16
test/Fruit/Pomegranate/Pomegranate_011.jpg,Pomegranate,test,25,16
test/Fruit/Pomegranate/Pomegranate_012.jpg,Pomegranate,test,25,16
test/Fruit/Pomegranate/Pomegranate_013.jpg,Pomegranate,test,25,16
test/Fruit/Pomegranate/Pomegranate_014.jpg,Pomegranate,test,25,16
test/Fruit/Pomegranate/Pomegranate_015.jpg,Pomegranate,test,25,16
test/Fruit/Pomegranate/Pomegranate_016.jpg,Pomegranate,test,25,16
test/Fruit/Pomegranate/Pomegranate_017.jpg,Pomegranate,test,25,16
test/Fruit/Pomegranate/Pomegranate_018.jpg,Pomegranate,test,25,16
test/Fruit/Pomegranate/Pomegranate_019.jpg,Pomegranate,test,25,16
test/Fruit/Pomegranate/Pomegranate_020.jpg,Pomegranate,test,25,16
test/Fruit/Pomegranate/Pomegranate_021.jpg,Pomegranate,test,25,16
test/Fruit/Pomegranate/Pomegranate_022.jpg,Pomegranate,test,25,16
test/Fruit/Pomegranate/Pomegranate_023.jpg,Pomegranate,test,25,16
test/Fruit/Pomegranate/Pomegranate_024.jpg,Pomegranate,test,25,16
test/Fruit/Pomegranate/Pomegranate_025.jpg,Pomegranate,test,25,16
test/Fruit/Red-Grapefruit/Red-Grapefruit_001.jpg,Red-Grapefruit,test,26,17
test/Fruit/Red-Grapefruit/Red-Grapefruit_002.jpg,Red-Grapefruit,test,26,17
test/Fruit/Red-Grapefruit/Red-Grapefruit_003.jpg,Red-Grapefruit,test,26,17
test/Fruit/Red-Grapefruit/Red-Grapefruit_004.jpg,Red-Grapefruit,test,26,17
test/Fruit/Red-Grapefruit/Red-Grapefruit_005.jpg,Red-Grapefruit,test,26,17
test/Fruit/Red-Grapefruit/Red-Grapefruit_006.jpg,Red-Grapefruit,test,26,17
test/Fruit/Red-Grapefruit/Red-Grapefruit_007.jpg,Red-Grapefruit,test,26,17
test/Fruit/Red-Grapefruit/Red-Grapefruit_008.jpg,Red-Grapefruit,test,26,17
test/Fruit/Red-Grapefruit/Red-Grapefruit_009.jpg,Red-Grapefruit,test,26,17
test/Fruit/Red-Grapefruit/Red-Grapefruit_010.jpg,Red-Grapefruit,test,26,17
test/Fruit/Red-Grapefruit/Red-Grapefruit_011.jpg,Red-Grapefruit,test,26,17
test/Fruit/Red-Grapefruit/Red-Grapefruit_012.jpg,Red-Grapefruit,test,26,17
test/Fruit/Red-Grapefruit/Red-Grapefruit_013.jpg,Red-Grapefruit,test,26,17
test/Fruit/Red-Grapefruit/Red-Grapefruit_014.jpg,Red-Grapefruit,test,26,17
test/Fruit/Red-Grapefruit/Red-Grapefruit_015.jpg,Red-Grapefruit,test,26,17
test/Fruit/Red-Grapefruit/Red-Grapefruit_016.jpg,Red-Grapefruit,test,26,17
test/Fruit/Red-Grapefruit/Red-Grapefruit_017.jpg,Red-Grapefruit,test,26,17
test/Fruit/Red-Grapefruit/Red-Grapefruit_018.jpg,Red-Grapefruit,test,26,17
test/Fruit/Red-Grapefruit/Red-Grapefruit_019.jpg,Red-Grapefruit,test,26,17
test/Fruit/Red-Grapefruit/Red-Grapefruit_020.jpg,Red-Grapefruit,test,26,17
test/Fruit/Red-Grapefruit/Red-Grapefruit_021.jpg,Red-Grapefruit,test,26,17
test/Fruit/Red-Grapefruit/Red-Grapefruit_022.jpg,Red-Grapefruit,test,26,17
test/Fruit/Red-Grapefruit/Red-Grapefruit_023.jpg,Red-Grapefruit,test,26,17
test/Fruit/Red-Grapefruit/Red-Grapefruit_024.jpg,Red-Grapefruit,test,26,17
test/Fruit/Red-Grapefruit/Red-Grapefruit_025.jpg,Red-Grapefruit,test,26,17
test/Fruit/Red-Grapefruit/Red-Grapefruit_026.jpg,Red-Grapefruit,test,26,17
test/Fruit/Red-Grapefruit/Red-Grapefruit_027.jpg,Red-Grapefruit,test,26,17
test/Fruit/Red-Grapefruit/Red-Grapefruit_028.jpg,Red-Grapefruit,test,26,17
test/Fruit/Red-Grapefruit/Red-Grapefruit_029.jpg,Red-Grapefruit,test,26,17
test/Fruit/Red-Grapefruit/Red-Grapefruit_030.jpg,Red-Grapefruit,test,26,17
test/Fruit/Red-Grapefruit/Red-Grapefruit_031.jpg,Red-Grapefruit,test,26,17
test/Fruit/Red-Grapefruit/Red-Grapefruit_032.jpg,Red-Grapefruit,test,26,17
test/Fruit/Red-Grapefruit/Red-Grapefruit_033.jpg,Red-Grapefruit,test,26,17
test/Fruit/Red-Grapefruit/Red-Grapefruit_034.jpg,Red-Grapefruit,test,26,17
test/Fruit/Satsumas/Satsumas_001.jpg,Satsumas,test,27,18
test/Fruit/Satsumas/Satsumas_002.jpg,Satsumas,test,27,18
test/Fruit/Satsumas/Satsumas_003.jpg,Satsumas,test,27,18
test/Fruit/Satsumas/Satsumas_004.jpg,Satsumas,test,27,18
test/Fruit/Satsumas/Satsumas_005.jpg,Satsumas,test,27,18
test/Fruit/Satsumas/Satsumas_006.jpg,Satsumas,test,27,18
test/Fruit/Satsumas/Satsumas_007.jpg,Satsumas,test,27,18
test/Fruit/Satsumas/Satsumas_008.jpg,Satsumas,test,27,18
test/Fruit/Satsumas/Satsumas_009.jpg,Satsumas,test,27,18
test/Fruit/Satsumas/Satsumas_010.jpg,Satsumas,test,27,18
test/Fruit/Satsumas/Satsumas_011.jpg,Satsumas,test,27,18
test/Fruit/Satsumas/Satsumas_012.jpg,Satsumas,test,27,18
test/Fruit/Satsumas/Satsumas_013.jpg,Satsumas,test,27,18
test/Fruit/Satsumas/Satsumas_014.jpg,Satsumas,test,27,18
test/Fruit/Satsumas/Satsumas_015.jpg,Satsumas,test,27,18
test/Fruit/Satsumas/Satsumas_016.jpg,Satsumas,test,27,18
test/Fruit/Satsumas/Satsumas_017.jpg,Satsumas,test,27,18
test/Fruit/Satsumas/Satsumas_018.jpg,Satsumas,test,27,18
test/Fruit/Satsumas/Satsumas_019.jpg,Satsumas,test,27,18
test/Fruit/Satsumas/Satsumas_020.jpg,Satsumas,test,27,18
test/Fruit/Satsumas/Satsumas_021.jpg,Satsumas,test,27,18
test/Fruit/Satsumas/Satsumas_022.jpg,Satsumas,test,27,18
test/Fruit/Satsumas/Satsumas_023.jpg,Satsumas,test,27,18
test/Fruit/Satsumas/Satsumas_024.jpg,Satsumas,test,27,18
test/Fruit/Satsumas/Satsumas_025.jpg,Satsumas,test,27,18
test/Fruit/Satsumas/Satsumas_026.jpg,Satsumas,test,27,18
test/Fruit/Satsumas/Satsumas_027.jpg,Satsumas,test,27,18
test/Fruit/Satsumas/Satsumas_028.jpg,Satsumas,test,27,18
test/Fruit/Satsumas/Satsumas_029.jpg,Satsumas,test,27,18
test/Fruit/Satsumas/Satsumas_030.jpg,Satsumas,test,27,18
test/Fruit/Satsumas/Satsumas_031.jpg,Satsumas,test,27,18
test/Fruit/Satsumas/Satsumas_032.jpg,Satsumas,test,27,18
test/Fruit/Satsumas/Satsumas_033.jpg,Satsumas,test,27,18
test/Fruit/Satsumas/Satsumas_034.jpg,Satsumas,test,27,18
test/Fruit/Satsumas/Satsumas_035.jpg,Satsumas,test,27,18
test/Fruit/Satsumas/Satsumas_036.jpg,Satsumas,test,27,18
test/Fruit/Satsumas/Satsumas_037.jpg,Satsumas,test,27,18
test/Fruit/Satsumas/Satsumas_038.jpg,Satsumas,test,27,18
test/Fruit/Satsumas/Satsumas_039.jpg,Satsumas,test,27,18
test/Fruit/Satsumas/Satsumas_040.jpg,Satsumas,test,27,18
test/Fruit/Satsumas/Satsumas_041.jpg,Satsumas,test,27,18
test/Fruit/Satsumas/Satsumas_042.jpg,Satsumas,test,27,18
test/Fruit/Satsumas/Satsumas_043.jpg,Satsumas,test,27,18
test/Fruit/Satsumas/Satsumas_044.jpg,Satsumas,test,27,18
test/Fruit/Satsumas/Satsumas_045.jpg,Satsumas,test,27,18
test/Fruit/Satsumas/Satsumas_046.jpg,Satsumas,test,27,18
test/Fruit/Satsumas/Satsumas_047.jpg,Satsumas,test,27,18
test/Fruit/Satsumas/Satsumas_048.jpg,Satsumas,test,27,18
test/Fruit/Satsumas/Satsumas_049.jpg,Satsumas,test,27,18
test/Fruit/Satsumas/Satsumas_050.jpg,Satsumas,test,27,18
test/Fruit/Satsumas/Satsumas_051.jpg,Satsumas,test,27,18
test/Fruit/Satsumas/Satsumas_052.jpg,Satsumas,test,27,18
test/Fruit/Satsumas/Satsumas_053.jpg,Satsumas,test,27,18
test/Fruit/Satsumas/Satsumas_054.jpg,Satsumas,test,27,18
test/Fruit/Satsumas/Satsumas_055.jpg,Satsumas,test,27,18
test/Fruit/Satsumas/Satsumas_056.jpg,Satsumas,test,27,18
test/Fruit/Satsumas/Satsumas_057.jpg,Satsumas,test,27,18
test/Fruit/Satsumas/Satsumas_058.jpg,Satsumas,test,27,18
test/Fruit/Satsumas/Satsumas_059.jpg,Satsumas,test,27,18
test/Fruit/Satsumas/Satsumas_060.jpg,Satsumas,test,27,18
test/Fruit/Satsumas/Satsumas_061.jpg,Satsumas,test,27,18
test/Fruit/Satsumas/Satsumas_062.jpg,Satsumas,test,27,18
test/Fruit/Satsumas/Satsumas_063.jpg,Satsumas,test,27,18
test/Fruit/Satsumas/Satsumas_064.jpg,Satsumas,test,27,18
test/Fruit/Satsumas/Satsumas_065.jpg,Satsumas,test,27,18
test/Fruit/Satsumas/Satsumas_066.jpg,Satsumas,test,27,18
test/Fruit/Satsumas/Satsumas_067.jpg,Satsumas,test,27,18
test/Fruit/Satsumas/Satsumas_068.jpg,Satsumas,test,27,18
test/Packages/Juice/Bravo-Apple-Juice/Bravo-Apple-Juice_001.jpg,Bravo-Apple-Juice,test,28,19
test/Packages/Juice/Bravo-Apple-Juice/Bravo-Apple-Juice_002.jpg,Bravo-Apple-Juice,test,28,19
test/Packages/Juice/Bravo-Apple-Juice/Bravo-Apple-Juice_003.jpg,Bravo-Apple-Juice,test,28,19
test/Packages/Juice/Bravo-Apple-Juice/Bravo-Apple-Juice_004.jpg,Bravo-Apple-Juice,test,28,19
test/Packages/Juice/Bravo-Apple-Juice/Bravo-Apple-Juice_005.jpg,Bravo-Apple-Juice,test,28,19
test/Packages/Juice/Bravo-Apple-Juice/Bravo-Apple-Juice_006.jpg,Bravo-Apple-Juice,test,28,19
test/Packages/Juice/Bravo-Apple-Juice/Bravo-Apple-Juice_007.jpg,Bravo-Apple-Juice,test,28,19
test/Packages/Juice/Bravo-Apple-Juice/Bravo-Apple-Juice_008.jpg,Bravo-Apple-Juice,test,28,19
test/Packages/Juice/Bravo-Apple-Juice/Bravo-Apple-Juice_009.jpg,Bravo-Apple-Juice,test,28,19
test/Packages/Juice/Bravo-Apple-Juice/Bravo-Apple-Juice_010.jpg,Bravo-Apple-Juice,test,28,19
test/Packages/Juice/Bravo-Apple-Juice/Bravo-Apple-Juice_011.jpg,Bravo-Apple-Juice,test,28,19
test/Packages/Juice/Bravo-Apple-Juice/Bravo-Apple-Juice_012.jpg,Bravo-Apple-Juice,test,28,19
test/Packages/Juice/Bravo-Apple-Juice/Bravo-Apple-Juice_013.jpg,Bravo-Apple-Juice,test,28,19
test/Packages/Juice/Bravo-Apple-Juice/Bravo-Apple-Juice_014.jpg,Bravo-Apple-Juice,test,28,19
test/Packages/Juice/Bravo-Apple-Juice/Bravo-Apple-Juice_015.jpg,Bravo-Apple-Juice,test,28,19
test/Packages/Juice/Bravo-Apple-Juice/Bravo-Apple-Juice_016.jpg,Bravo-Apple-Juice,test,28,19
test/Packages/Juice/Bravo-Apple-Juice/Bravo-Apple-Juice_017.jpg,Bravo-Apple-Juice,test,28,19
test/Packages/Juice/Bravo-Apple-Juice/Bravo-Apple-Juice_018.jpg,Bravo-Apple-Juice,test,28,19
test/Packages/Juice/Bravo-Apple-Juice/Bravo-Apple-Juice_019.jpg,Bravo-Apple-Juice,test,28,19
test/Packages/Juice/Bravo-Apple-Juice/Bravo-Apple-Juice_020.jpg,Bravo-Apple-Juice,test,28,19
test/Packages/Juice/Bravo-Apple-Juice/Bravo-Apple-Juice_021.jpg,Bravo-Apple-Juice,test,28,19
test/Packages/Juice/Bravo-Apple-Juice/Bravo-Apple-Juice_022.jpg,Bravo-Apple-Juice,test,28,19
test/Packages/Juice/Bravo-Apple-Juice/Bravo-Apple-Juice_023.jpg,Bravo-Apple-Juice,test,28,19
test/Packages/Juice/Bravo-Orange-Juice/Bravo-Orange-Juice_001.jpg,Bravo-Orange-Juice,test,29,19
test/Packages/Juice/Bravo-Orange-Juice/Bravo-Orange-Juice_002.jpg,Bravo-Orange-Juice,test,29,19
test/Packages/Juice/Bravo-Orange-Juice/Bravo-Orange-Juice_003.jpg,Bravo-Orange-Juice,test,29,19
test/Packages/Juice/Bravo-Orange-Juice/Bravo-Orange-Juice_004.jpg,Bravo-Orange-Juice,test,29,19
test/Packages/Juice/Bravo-Orange-Juice/Bravo-Orange-Juice_005.jpg,Bravo-Orange-Juice,test,29,19
test/Packages/Juice/Bravo-Orange-Juice/Bravo-Orange-Juice_006.jpg,Bravo-Orange-Juice,test,29,19
test/Packages/Juice/Bravo-Orange-Juice/Bravo-Orange-Juice_007.jpg,Bravo-Orange-Juice,test,29,19
test/Packages/Juice/Bravo-Orange-Juice/Bravo-Orange-Juice_008.jpg,Bravo-Orange-Juice,test,29,19
test/Packages/Juice/Bravo-Orange-Juice/Bravo-Orange-Juice_009.jpg,Bravo-Orange-Juice,test,29,19
test/Packages/Juice/Bravo-Orange-Juice/Bravo-Orange-Juice_010.jpg,Bravo-Orange-Juice,test,29,19
test/Packages/Juice/Bravo-Orange-Juice/Bravo-Orange-Juice_011.jpg,Bravo-Orange-Juice,test,29,19
test/Packages/Juice/Bravo-Orange-Juice/Bravo-Orange-Juice_012.jpg,Bravo-Orange-Juice,test,29,19
test/Packages/Juice/Bravo-Orange-Juice/Bravo-Orange-Juice_013.jpg,Bravo-Orange-Juice,test,29,19
test/Packages/Juice/Bravo-Orange-Juice/Bravo-Orange-Juice_014.jpg,Bravo-Orange-Juice,test,29,19
test/Packages/Juice/Bravo-Orange-Juice/Bravo-Orange-Juice_015.jpg,Bravo-Orange-Juice,test,29,19
test/Packages/Juice/Bravo-Orange-Juice/Bravo-Orange-Juice_016.jpg,Bravo-Orange-Juice,test,29,19
test/Packages/Juice/Bravo-Orange-Juice/Bravo-Orange-Juice_017.jpg,Bravo-Orange-Juice,test,29,19
test/Packages/Juice/Bravo-Orange-Juice/Bravo-Orange-Juice_018.jpg,Bravo-Orange-Juice,test,29,19
test/Packages/Juice/Bravo-Orange-Juice/Bravo-Orange-Juice_019.jpg,Bravo-Orange-Juice,test,29,19
test/Packages/Juice/Bravo-Orange-Juice/Bravo-Orange-Juice_020.jpg,Bravo-Orange-Juice,test,29,19
test/Packages/Juice/Bravo-Orange-Juice/Bravo-Orange-Juice_021.jpg,Bravo-Orange-Juice,test,29,19
test/Packages/Juice/Bravo-Orange-Juice/Bravo-Orange-Juice_022.jpg,Bravo-Orange-Juice,test,29,19
test/Packages/Juice/Bravo-Orange-Juice/Bravo-Orange-Juice_023.jpg,Bravo-Orange-Juice,test,29,19
test/Packages/Juice/Bravo-Orange-Juice/Bravo-Orange-Juice_024.jpg,Bravo-Orange-Juice,test,29,19
test/Packages/Juice/Bravo-Orange-Juice/Bravo-Orange-Juice_025.jpg,Bravo-Orange-Juice,test,29,19
test/Packages/Juice/Bravo-Orange-Juice/Bravo-Orange-Juice_026.jpg,Bravo-Orange-Juice,test,29,19
test/Packages/Juice/Bravo-Orange-Juice/Bravo-Orange-Juice_027.jpg,Bravo-Orange-Juice,test,29,19
test/Packages/Juice/Bravo-Orange-Juice/Bravo-Orange-Juice_028.jpg,Bravo-Orange-Juice,test,29,19
test/Packages/Juice/Bravo-Orange-Juice/Bravo-Orange-Juice_029.jpg,Bravo-Orange-Juice,test,29,19
test/Packages/Juice/Bravo-Orange-Juice/Bravo-Orange-Juice_030.jpg,Bravo-Orange-Juice,test,29,19
test/Packages/Juice/Bravo-Orange-Juice/Bravo-Orange-Juice_031.jpg,Bravo-Orange-Juice,test,29,19
test/Packages/Juice/God-Morgon-Apple-Juice/God-Morgon-Apple-Juice_001.jpg,God-Morgon-Apple-Juice,test,30,19
test/Packages/Juice/God-Morgon-Apple-Juice/God-Morgon-Apple-Juice_002.jpg,God-Morgon-Apple-Juice,test,30,19
test/Packages/Juice/God-Morgon-Apple-Juice/God-Morgon-Apple-Juice_003.jpg,God-Morgon-Apple-Juice,test,30,19
test/Packages/Juice/God-Morgon-Apple-Juice/God-Morgon-Apple-Juice_004.jpg,God-Morgon-Apple-Juice,test,30,19
test/Packages/Juice/God-Morgon-Apple-Juice/God-Morgon-Apple-Juice_005.jpg,God-Morgon-Apple-Juice,test,30,19
test/Packages/Juice/God-Morgon-Apple-Juice/God-Morgon-Apple-Juice_006.jpg,God-Morgon-Apple-Juice,test,30,19
test/Packages/Juice/God-Morgon-Apple-Juice/God-Morgon-Apple-Juice_007.jpg,God-Morgon-Apple-Juice,test,30,19
test/Packages/Juice/God-Morgon-Apple-Juice/God-Morgon-Apple-Juice_008.jpg,God-Morgon-Apple-Juice,test,30,19
test/Packages/Juice/God-Morgon-Apple-Juice/God-Morgon-Apple-Juice_009.jpg,God-Morgon-Apple-Juice,test,30,19
test/Packages/Juice/God-Morgon-Apple-Juice/God-Morgon-Apple-Juice_010.jpg,God-Morgon-Apple-Juice,test,30,19
test/Packages/Juice/God-Morgon-Apple-Juice/God-Morgon-Apple-Juice_011.jpg,God-Morgon-Apple-Juice,test,30,19
test/Packages/Juice/God-Morgon-Apple-Juice/God-Morgon-Apple-Juice_012.jpg,God-Morgon-Apple-Juice,test,30,19
test/Packages/Juice/God-Morgon-Apple-Juice/God-Morgon-Apple-Juice_013.jpg,God-Morgon-Apple-Juice,test,30,19
test/Packages/Juice/God-Morgon-Apple-Juice/God-Morgon-Apple-Juice_014.jpg,God-Morgon-Apple-Juice,test,30,19
test/Packages/Juice/God-Morgon-Apple-Juice/God-Morgon-Apple-Juice_015.jpg,God-Morgon-Apple-Juice,test,30,19
test/Packages/Juice/God-Morgon-Apple-Juice/God-Morgon-Apple-Juice_016.jpg,God-Morgon-Apple-Juice,test,30,19
test/Packages/Juice/God-Morgon-Apple-Juice/God-Morgon-Apple-Juice_017.jpg,God-Morgon-Apple-Juice,test,30,19
test/Packages/Juice/God-Morgon-Apple-Juice/God-Morgon-Apple-Juice_018.jpg,God-Morgon-Apple-Juice,test,30,19
test/Packages/Juice/God-Morgon-Apple-Juice/God-Morgon-Apple-Juice_019.jpg,God-Morgon-Apple-Juice,test,30,19
test/Packages/Juice/God-Morgon-Orange-Juice/God-Morgon-Orange-Juice_001.jpg,God-Morgon-Orange-Juice,test,31,19
test/Packages/Juice/God-Morgon-Orange-Juice/God-Morgon-Orange-Juice_002.jpg,God-Morgon-Orange-Juice,test,31,19
test/Packages/Juice/God-Morgon-Orange-Juice/God-Morgon-Orange-Juice_003.jpg,God-Morgon-Orange-Juice,test,31,19
test/Packages/Juice/God-Morgon-Orange-Juice/God-Morgon-Orange-Juice_004.jpg,God-Morgon-Orange-Juice,test,31,19
test/Packages/Juice/God-Morgon-Orange-Juice/God-Morgon-Orange-Juice_005.jpg,God-Morgon-Orange-Juice,test,31,19
test/Packages/Juice/God-Morgon-Orange-Juice/God-Morgon-Orange-Juice_006.jpg,God-Morgon-Orange-Juice,test,31,19
test/Packages/Juice/God-Morgon-Orange-Juice/God-Morgon-Orange-Juice_007.jpg,God-Morgon-Orange-Juice,test,31,19
test/Packages/Juice/God-Morgon-Orange-Juice/God-Morgon-Orange-Juice_008.jpg,God-Morgon-Orange-Juice,test,31,19
test/Packages/Juice/God-Morgon-Orange-Juice/God-Morgon-Orange-Juice_009.jpg,God-Morgon-Orange-Juice,test,31,19
test/Packages/Juice/God-Morgon-Orange-Juice/God-Morgon-Orange-Juice_010.jpg,God-Morgon-Orange-Juice,test,31,19
test/Packages/Juice/God-Morgon-Orange-Juice/God-Morgon-Orange-Juice_011.jpg,God-Morgon-Orange-Juice,test,31,19
test/Packages/Juice/God-Morgon-Orange-Juice/God-Morgon-Orange-Juice_012.jpg,God-Morgon-Orange-Juice,test,31,19
test/Packages/Juice/God-Morgon-Orange-Juice/God-Morgon-Orange-Juice_013.jpg,God-Morgon-Orange-Juice,test,31,19
test/Packages/Juice/God-Morgon-Orange-Juice/God-Morgon-Orange-Juice_014.jpg,God-Morgon-Orange-Juice,test,31,19
test/Packages/Juice/God-Morgon-Orange-Juice/God-Morgon-Orange-Juice_015.jpg,God-Morgon-Orange-Juice,test,31,19
test/Packages/Juice/God-Morgon-Orange-Juice/God-Morgon-Orange-Juice_016.jpg,God-Morgon-Orange-Juice,test,31,19
test/Packages/Juice/God-Morgon-Orange-Juice/God-Morgon-Orange-Juice_017.jpg,God-Morgon-Orange-Juice,test,31,19
test/Packages/Juice/God-Morgon-Orange-Juice/God-Morgon-Orange-Juice_018.jpg,God-Morgon-Orange-Juice,test,31,19
test/Packages/Juice/God-Morgon-Orange-Juice/God-Morgon-Orange-Juice_019.jpg,God-Morgon-Orange-Juice,test,31,19
test/Packages/Juice/God-Morgon-Orange-Juice/God-Morgon-Orange-Juice_020.jpg,God-Morgon-Orange-Juice,test,31,19
test/Packages/Juice/God-Morgon-Orange-Juice/God-Morgon-Orange-Juice_021.jpg,God-Morgon-Orange-Juice,test,31,19
test/Packages/Juice/God-Morgon-Orange-Juice/God-Morgon-Orange-Juice_022.jpg,God-Morgon-Orange-Juice,test,31,19
test/Packages/Juice/God-Morgon-Orange-Red-Grapefruit-Juice/God-Morgon-Orange-Red-Grapefruit-Juice_001.jpg,God-Morgon-Orange-Red-Grapefruit-Juice,test,32,19
test/Packages/Juice/God-Morgon-Orange-Red-Grapefruit-Juice/God-Morgon-Orange-Red-Grapefruit-Juice_002.jpg,God-Morgon-Orange-Red-Grapefruit-Juice,test,32,19
test/Packages/Juice/God-Morgon-Orange-Red-Grapefruit-Juice/God-Morgon-Orange-Red-Grapefruit-Juice_003.jpg,God-Morgon-Orange-Red-Grapefruit-Juice,test,32,19
test/Packages/Juice/God-Morgon-Orange-Red-Grapefruit-Juice/God-Morgon-Orange-Red-Grapefruit-Juice_004.jpg,God-Morgon-Orange-Red-Grapefruit-Juice,test,32,19
test/Packages/Juice/God-Morgon-Orange-Red-Grapefruit-Juice/God-Morgon-Orange-Red-Grapefruit-Juice_005.jpg,God-Morgon-Orange-Red-Grapefruit-Juice,test,32,19
test/Packages/Juice/God-Morgon-Orange-Red-Grapefruit-Juice/God-Morgon-Orange-Red-Grapefruit-Juice_006.jpg,God-Morgon-Orange-Red-Grapefruit-Juice,test,32,19
test/Packages/Juice/God-Morgon-Orange-Red-Grapefruit-Juice/God-Morgon-Orange-Red-Grapefruit-Juice_007.jpg,God-Morgon-Orange-Red-Grapefruit-Juice,test,32,19
test/Packages/Juice/God-Morgon-Orange-Red-Grapefruit-Juice/God-Morgon-Orange-Red-Grapefruit-Juice_008.jpg,God-Morgon-Orange-Red-Grapefruit-Juice,test,32,19
test/Packages/Juice/God-Morgon-Orange-Red-Grapefruit-Juice/God-Morgon-Orange-Red-Grapefruit-Juice_009.jpg,God-Morgon-Orange-Red-Grapefruit-Juice,test,32,19
test/Packages/Juice/God-Morgon-Orange-Red-Grapefruit-Juice/God-Morgon-Orange-Red-Grapefruit-Juice_010.jpg,God-Morgon-Orange-Red-Grapefruit-Juice,test,32,19
test/Packages/Juice/God-Morgon-Orange-Red-Grapefruit-Juice/God-Morgon-Orange-Red-Grapefruit-Juice_011.jpg,God-Morgon-Orange-Red-Grapefruit-Juice,test,32,19
test/Packages/Juice/God-Morgon-Orange-Red-Grapefruit-Juice/God-Morgon-Orange-Red-Grapefruit-Juice_012.jpg,God-Morgon-Orange-Red-Grapefruit-Juice,test,32,19
test/Packages/Juice/God-Morgon-Orange-Red-Grapefruit-Juice/God-Morgon-Orange-Red-Grapefruit-Juice_013.jpg,God-Morgon-Orange-Red-Grapefruit-Juice,test,32,19
test/Packages/Juice/God-Morgon-Orange-Red-Grapefruit-Juice/God-Morgon-Orange-Red-Grapefruit-Juice_014.jpg,God-Morgon-Orange-Red-Grapefruit-Juice,test,32,19
test/Packages/Juice/God-Morgon-Orange-Red-Grapefruit-Juice/God-Morgon-Orange-Red-Grapefruit-Juice_015.jpg,God-Morgon-Orange-Red-Grapefruit-Juice,test,32,19
test/Packages/Juice/God-Morgon-Orange-Red-Grapefruit-Juice/God-Morgon-Orange-Red-Grapefruit-Juice_016.jpg,God-Morgon-Orange-Red-Grapefruit-Juice,test,32,19
test/Packages/Juice/God-Morgon-Orange-Red-Grapefruit-Juice/God-Morgon-Orange-Red-Grapefruit-Juice_017.jpg,God-Morgon-Orange-Red-Grapefruit-Juice,test,32,19
test/Packages/Juice/God-Morgon-Orange-Red-Grapefruit-Juice/God-Morgon-Orange-Red-Grapefruit-Juice_018.jpg,God-Morgon-Orange-Red-Grapefruit-Juice,test,32,19
test/Packages/Juice/God-Morgon-Orange-Red-Grapefruit-Juice/God-Morgon-Orange-Red-Grapefruit-Juice_019.jpg,God-Morgon-Orange-Red-Grapefruit-Juice,test,32,19
test/Packages/Juice/God-Morgon-Red-Grapefruit-Juice/God-Morgon-Red-Grapefruit-Juice_001.jpg,God-Morgon-Red-Grapefruit-Juice,test,33,19
test/Packages/Juice/God-Morgon-Red-Grapefruit-Juice/God-Morgon-Red-Grapefruit-Juice_002.jpg,God-Morgon-Red-Grapefruit-Juice,test,33,19
test/Packages/Juice/God-Morgon-Red-Grapefruit-Juice/God-Morgon-Red-Grapefruit-Juice_003.jpg,God-Morgon-Red-Grapefruit-Juice,test,33,19
test/Packages/Juice/God-Morgon-Red-Grapefruit-Juice/God-Morgon-Red-Grapefruit-Juice_004.jpg,God-Morgon-Red-Grapefruit-Juice,test,33,19
test/Packages/Juice/God-Morgon-Red-Grapefruit-Juice/God-Morgon-Red-Grapefruit-Juice_005.jpg,God-Morgon-Red-Grapefruit-Juice,test,33,19
test/Packages/Juice/God-Morgon-Red-Grapefruit-Juice/God-Morgon-Red-Grapefruit-Juice_006.jpg,God-Morgon-Red-Grapefruit-Juice,test,33,19
test/Packages/Juice/God-Morgon-Red-Grapefruit-Juice/God-Morgon-Red-Grapefruit-Juice_007.jpg,God-Morgon-Red-Grapefruit-Juice,test,33,19
test/Packages/Juice/God-Morgon-Red-Grapefruit-Juice/God-Morgon-Red-Grapefruit-Juice_008.jpg,God-Morgon-Red-Grapefruit-Juice,test,33,19
test/Packages/Juice/God-Morgon-Red-Grapefruit-Juice/God-Morgon-Red-Grapefruit-Juice_009.jpg,God-Morgon-Red-Grapefruit-Juice,test,33,19
test/Packages/Juice/God-Morgon-Red-Grapefruit-Juice/God-Morgon-Red-Grapefruit-Juice_010.jpg,God-Morgon-Red-Grapefruit-Juice,test,33,19
test/Packages/Juice/God-Morgon-Red-Grapefruit-Juice/God-Morgon-Red-Grapefruit-Juice_011.jpg,God-Morgon-Red-Grapefruit-Juice,test,33,19
test/Packages/Juice/God-Morgon-Red-Grapefruit-Juice/God-Morgon-Red-Grapefruit-Juice_012.jpg,God-Morgon-Red-Grapefruit-Juice,test,33,19
test/Packages/Juice/God-Morgon-Red-Grapefruit-Juice/God-Morgon-Red-Grapefruit-Juice_013.jpg,God-Morgon-Red-Grapefruit-Juice,test,33,19
test/Packages/Juice/God-Morgon-Red-Grapefruit-Juice/God-Morgon-Red-Grapefruit-Juice_014.jpg,God-Morgon-Red-Grapefruit-Juice,test,33,19
test/Packages/Juice/Tropicana-Apple-Juice/Tropicana-Apple-Juice_001.jpg,Tropicana-Apple-Juice,test,34,19
test/Packages/Juice/Tropicana-Apple-Juice/Tropicana-Apple-Juice_002.jpg,Tropicana-Apple-Juice,test,34,19
test/Packages/Juice/Tropicana-Apple-Juice/Tropicana-Apple-Juice_003.jpg,Tropicana-Apple-Juice,test,34,19
test/Packages/Juice/Tropicana-Apple-Juice/Tropicana-Apple-Juice_004.jpg,Tropicana-Apple-Juice,test,34,19
test/Packages/Juice/Tropicana-Apple-Juice/Tropicana-Apple-Juice_005.jpg,Tropicana-Apple-Juice,test,34,19
test/Packages/Juice/Tropicana-Apple-Juice/Tropicana-Apple-Juice_006.jpg,Tropicana-Apple-Juice,test,34,19
test/Packages/Juice/Tropicana-Apple-Juice/Tropicana-Apple-Juice_007.jpg,Tropicana-Apple-Juice,test,34,19
test/Packages/Juice/Tropicana-Apple-Juice/Tropicana-Apple-Juice_008.jpg,Tropicana-Apple-Juice,test,34,19
test/Packages/Juice/Tropicana-Apple-Juice/Tropicana-Apple-Juice_009.jpg,Tropicana-Apple-Juice,test,34,19
test/Packages/Juice/Tropicana-Apple-Juice/Tropicana-Apple-Juice_010.jpg,Tropicana-Apple-Juice,test,34,19
test/Packages/Juice/Tropicana-Apple-Juice/Tropicana-Apple-Juice_011.jpg,Tropicana-Apple-Juice,test,34,19
test/Packages/Juice/Tropicana-Apple-Juice/Tropicana-Apple-Juice_012.jpg,Tropicana-Apple-Juice,test,34,19
test/Packages/Juice/Tropicana-Apple-Juice/Tropicana-Apple-Juice_013.jpg,Tropicana-Apple-Juice,test,34,19
test/Packages/Juice/Tropicana-Apple-Juice/Tropicana-Apple-Juice_014.jpg,Tropicana-Apple-Juice,test,34,19
test/Packages/Juice/Tropicana-Apple-Juice/Tropicana-Apple-Juice_015.jpg,Tropicana-Apple-Juice,test,34,19
test/Packages/Juice/Tropicana-Apple-Juice/Tropicana-Apple-Juice_016.jpg,Tropicana-Apple-Juice,test,34,19
test/Packages/Juice/Tropicana-Apple-Juice/Tropicana-Apple-Juice_017.jpg,Tropicana-Apple-Juice,test,34,19
test/Packages/Juice/Tropicana-Apple-Juice/Tropicana-Apple-Juice_018.jpg,Tropicana-Apple-Juice,test,34,19
test/Packages/Juice/Tropicana-Apple-Juice/Tropicana-Apple-Juice_019.jpg,Tropicana-Apple-Juice,test,34,19
test/Packages/Juice/Tropicana-Apple-Juice/Tropicana-Apple-Juice_020.jpg,Tropicana-Apple-Juice,test,34,19
test/Packages/Juice/Tropicana-Apple-Juice/Tropicana-Apple-Juice_021.jpg,Tropicana-Apple-Juice,test,34,19
test/Packages/Juice/Tropicana-Apple-Juice/Tropicana-Apple-Juice_022.jpg,Tropicana-Apple-Juice,test,34,19
test/Packages/Juice/Tropicana-Apple-Juice/Tropicana-Apple-Juice_023.jpg,Tropicana-Apple-Juice,test,34,19
test/Packages/Juice/Tropicana-Apple-Juice/Tropicana-Apple-Juice_024.jpg,Tropicana-Apple-Juice,test,34,19
test/Packages/Juice/Tropicana-Apple-Juice/Tropicana-Apple-Juice_025.jpg,Tropicana-Apple-Juice,test,34,19
test/Packages/Juice/Tropicana-Apple-Juice/Tropicana-Apple-Juice_026.jpg,Tropicana-Apple-Juice,test,34,19
test/Packages/Juice/Tropicana-Apple-Juice/Tropicana-Apple-Juice_027.jpg,Tropicana-Apple-Juice,test,34,19
test/Packages/Juice/Tropicana-Apple-Juice/Tropicana-Apple-Juice_028.jpg,Tropicana-Apple-Juice,test,34,19
test/Packages/Juice/Tropicana-Golden-Grapefruit/Tropicana-Golden-Grapefruit_001.jpg,Tropicana-Golden-Grapefruit,test,35,19
test/Packages/Juice/Tropicana-Golden-Grapefruit/Tropicana-Golden-Grapefruit_002.jpg,Tropicana-Golden-Grapefruit,test,35,19
test/Packages/Juice/Tropicana-Golden-Grapefruit/Tropicana-Golden-Grapefruit_003.jpg,Tropicana-Golden-Grapefruit,test,35,19
test/Packages/Juice/Tropicana-Golden-Grapefruit/Tropicana-Golden-Grapefruit_004.jpg,Tropicana-Golden-Grapefruit,test,35,19
test/Packages/Juice/Tropicana-Golden-Grapefruit/Tropicana-Golden-Grapefruit_005.jpg,Tropicana-Golden-Grapefruit,test,35,19
test/Packages/Juice/Tropicana-Golden-Grapefruit/Tropicana-Golden-Grapefruit_006.jpg,Tropicana-Golden-Grapefruit,test,35,19
test/Packages/Juice/Tropicana-Golden-Grapefruit/Tropicana-Golden-Grapefruit_007.jpg,Tropicana-Golden-Grapefruit,test,35,19
test/Packages/Juice/Tropicana-Golden-Grapefruit/Tropicana-Golden-Grapefruit_008.jpg,Tropicana-Golden-Grapefruit,test,35,19
test/Packages/Juice/Tropicana-Golden-Grapefruit/Tropicana-Golden-Grapefruit_009.jpg,Tropicana-Golden-Grapefruit,test,35,19
test/Packages/Juice/Tropicana-Golden-Grapefruit/Tropicana-Golden-Grapefruit_010.jpg,Tropicana-Golden-Grapefruit,test,35,19
test/Packages/Juice/Tropicana-Golden-Grapefruit/Tropicana-Golden-Grapefruit_011.jpg,Tropicana-Golden-Grapefruit,test,35,19
test/Packages/Juice/Tropicana-Golden-Grapefruit/Tropicana-Golden-Grapefruit_012.jpg,Tropicana-Golden-Grapefruit,test,35,19
test/Packages/Juice/Tropicana-Golden-Grapefruit/Tropicana-Golden-Grapefruit_013.jpg,Tropicana-Golden-Grapefruit,test,35,19
test/Packages/Juice/Tropicana-Golden-Grapefruit/Tropicana-Golden-Grapefruit_014.jpg,Tropicana-Golden-Grapefruit,test,35,19
test/Packages/Juice/Tropicana-Golden-Grapefruit/Tropicana-Golden-Grapefruit_015.jpg,Tropicana-Golden-Grapefruit,test,35,19
test/Packages/Juice/Tropicana-Golden-Grapefruit/Tropicana-Golden-Grapefruit_016.jpg,Tropicana-Golden-Grapefruit,test,35,19
test/Packages/Juice/Tropicana-Golden-Grapefruit/Tropicana-Golden-Grapefruit_017.jpg,Tropicana-Golden-Grapefruit,test,35,19
test/Packages/Juice/Tropicana-Golden-Grapefruit/Tropicana-Golden-Grapefruit_018.jpg,Tropicana-Golden-Grapefruit,test,35,19
test/Packages/Juice/Tropicana-Golden-Grapefruit/Tropicana-Golden-Grapefruit_019.jpg,Tropicana-Golden-Grapefruit,test,35,19
test/Packages/Juice/Tropicana-Juice-Smooth/Tropicana-Juice-Smooth_001.jpg,Tropicana-Juice-Smooth,test,36,19
test/Packages/Juice/Tropicana-Juice-Smooth/Tropicana-Juice-Smooth_002.jpg,Tropicana-Juice-Smooth,test,36,19
test/Packages/Juice/Tropicana-Juice-Smooth/Tropicana-Juice-Smooth_003.jpg,Tropicana-Juice-Smooth,test,36,19
test/Packages/Juice/Tropicana-Juice-Smooth/Tropicana-Juice-Smooth_004.jpg,Tropicana-Juice-Smooth,test,36,19
test/Packages/Juice/Tropicana-Juice-Smooth/Tropicana-Juice-Smooth_005.jpg,Tropicana-Juice-Smooth,test,36,19
test/Packages/Juice/Tropicana-Juice-Smooth/Tropicana-Juice-Smooth_006.jpg,Tropicana-Juice-Smooth,test,36,19
test/Packages/Juice/Tropicana-Juice-Smooth/Tropicana-Juice-Smooth_007.jpg,Tropicana-Juice-Smooth,test,36,19
test/Packages/Juice/Tropicana-Juice-Smooth/Tropicana-Juice-Smooth_008.jpg,Tropicana-Juice-Smooth,test,36,19
test/Packages/Juice/Tropicana-Juice-Smooth/Tropicana-Juice-Smooth_009.jpg,Tropicana-Juice-Smooth,test,36,19
test/Packages/Juice/Tropicana-Juice-Smooth/Tropicana-Juice-Smooth_010.jpg,Tropicana-Juice-Smooth,test,36,19
test/Packages/Juice/Tropicana-Juice-Smooth/Tropicana-Juice-Smooth_011.jpg,Tropicana-Juice-Smooth,test,36,19
test/Packages/Juice/Tropicana-Juice-Smooth/Tropicana-Juice-Smooth_012.jpg,Tropicana-Juice-Smooth,test,36,19
test/Packages/Juice/Tropicana-Juice-Smooth/Tropicana-Juice-Smooth_013.jpg,Tropicana-Juice-Smooth,test,36,19
test/Packages/Juice/Tropicana-Juice-Smooth/Tropicana-Juice-Smooth_014.jpg,Tropicana-Juice-Smooth,test,36,19
test/Packages/Juice/Tropicana-Juice-Smooth/Tropicana-Juice-Smooth_015.jpg,Tropicana-Juice-Smooth,test,36,19
test/Packages/Juice/Tropicana-Juice-Smooth/Tropicana-Juice-Smooth_016.jpg,Tropicana-Juice-Smooth,test,36,19
test/Packages/Juice/Tropicana-Juice-Smooth/Tropicana-Juice-Smooth_017.jpg,Tropicana-Juice-Smooth,test,36,19
test/Packages/Juice/Tropicana-Juice-Smooth/Tropicana-Juice-Smooth_018.jpg,Tropicana-Juice-Smooth,test,36,19
test/Packages/Juice/Tropicana-Juice-Smooth/Tropicana-Juice-Smooth_019.jpg,Tropicana-Juice-Smooth,test,36,19
test/Packages/Juice/Tropicana-Juice-Smooth/Tropicana-Juice-Smooth_020.jpg,Tropicana-Juice-Smooth,test,36,19
test/Packages/Juice/Tropicana-Juice-Smooth/Tropicana-Juice-Smooth_021.jpg,Tropicana-Juice-Smooth,test,36,19
test/Packages/Juice/Tropicana-Juice-Smooth/Tropicana-Juice-Smooth_022.jpg,Tropicana-Juice-Smooth,test,36,19
test/Packages/Juice/Tropicana-Juice-Smooth/Tropicana-Juice-Smooth_023.jpg,Tropicana-Juice-Smooth,test,36,19
test/Packages/Juice/Tropicana-Juice-Smooth/Tropicana-Juice-Smooth_024.jpg,Tropicana-Juice-Smooth,test,36,19
test/Packages/Juice/Tropicana-Mandarin-Morning/Tropicana-Mandarin-Morning_001.jpg,Tropicana-Mandarin-Morning,test,37,19
test/Packages/Juice/Tropicana-Mandarin-Morning/Tropicana-Mandarin-Morning_002.jpg,Tropicana-Mandarin-Morning,test,37,19
test/Packages/Juice/Tropicana-Mandarin-Morning/Tropicana-Mandarin-Morning_003.jpg,Tropicana-Mandarin-Morning,test,37,19
test/Packages/Juice/Tropicana-Mandarin-Morning/Tropicana-Mandarin-Morning_004.jpg,Tropicana-Mandarin-Morning,test,37,19
test/Packages/Juice/Tropicana-Mandarin-Morning/Tropicana-Mandarin-Morning_005.jpg,Tropicana-Mandarin-Morning,test,37,19
test/Packages/Juice/Tropicana-Mandarin-Morning/Tropicana-Mandarin-Morning_006.jpg,Tropicana-Mandarin-Morning,test,37,19
test/Packages/Juice/Tropicana-Mandarin-Morning/Tropicana-Mandarin-Morning_007.jpg,Tropicana-Mandarin-Morning,test,37,19
test/Packages/Juice/Tropicana-Mandarin-Morning/Tropicana-Mandarin-Morning_008.jpg,Tropicana-Mandarin-Morning,test,37,19
test/Packages/Juice/Tropicana-Mandarin-Morning/Tropicana-Mandarin-Morning_009.jpg,Tropicana-Mandarin-Morning,test,37,19
test/Packages/Juice/Tropicana-Mandarin-Morning/Tropicana-Mandarin-Morning_010.jpg,Tropicana-Mandarin-Morning,test,37,19
test/Packages/Juice/Tropicana-Mandarin-Morning/Tropicana-Mandarin-Morning_011.jpg,Tropicana-Mandarin-Morning,test,37,19
test/Packages/Juice/Tropicana-Mandarin-Morning/Tropicana-Mandarin-Morning_012.jpg,Tropicana-Mandarin-Morning,test,37,19
test/Packages/Juice/Tropicana-Mandarin-Morning/Tropicana-Mandarin-Morning_013.jpg,Tropicana-Mandarin-Morning,test,37,19
test/Packages/Juice/Tropicana-Mandarin-Morning/Tropicana-Mandarin-Morning_014.jpg,Tropicana-Mandarin-Morning,test,37,19
test/Packages/Juice/Tropicana-Mandarin-Morning/Tropicana-Mandarin-Morning_015.jpg,Tropicana-Mandarin-Morning,test,37,19
test/Packages/Juice/Tropicana-Mandarin-Morning/Tropicana-Mandarin-Morning_016.jpg,Tropicana-Mandarin-Morning,test,37,19
test/Packages/Juice/Tropicana-Mandarin-Morning/Tropicana-Mandarin-Morning_017.jpg,Tropicana-Mandarin-Morning,test,37,19
test/Packages/Juice/Tropicana-Mandarin-Morning/Tropicana-Mandarin-Morning_018.jpg,Tropicana-Mandarin-Morning,test,37,19
test/Packages/Juice/Tropicana-Mandarin-Morning/Tropicana-Mandarin-Morning_019.jpg,Tropicana-Mandarin-Morning,test,37,19
test/Packages/Juice/Tropicana-Mandarin-Morning/Tropicana-Mandarin-Morning_020.jpg,Tropicana-Mandarin-Morning,test,37,19
test/Packages/Milk/Arla-Ecological-Medium-Fat-Milk/Arla-Ecological-Medium-Fat-Milk_001.jpg,Arla-Ecological-Medium-Fat-Milk,test,38,20
test/Packages/Milk/Arla-Ecological-Medium-Fat-Milk/Arla-Ecological-Medium-Fat-Milk_002.jpg,Arla-Ecological-Medium-Fat-Milk,test,38,20
test/Packages/Milk/Arla-Ecological-Medium-Fat-Milk/Arla-Ecological-Medium-Fat-Milk_003.jpg,Arla-Ecological-Medium-Fat-Milk,test,38,20
test/Packages/Milk/Arla-Ecological-Medium-Fat-Milk/Arla-Ecological-Medium-Fat-Milk_004.jpg,Arla-Ecological-Medium-Fat-Milk,test,38,20
test/Packages/Milk/Arla-Ecological-Medium-Fat-Milk/Arla-Ecological-Medium-Fat-Milk_005.jpg,Arla-Ecological-Medium-Fat-Milk,test,38,20
test/Packages/Milk/Arla-Ecological-Medium-Fat-Milk/Arla-Ecological-Medium-Fat-Milk_006.jpg,Arla-Ecological-Medium-Fat-Milk,test,38,20
test/Packages/Milk/Arla-Ecological-Medium-Fat-Milk/Arla-Ecological-Medium-Fat-Milk_007.jpg,Arla-Ecological-Medium-Fat-Milk,test,38,20
test/Packages/Milk/Arla-Ecological-Medium-Fat-Milk/Arla-Ecological-Medium-Fat-Milk_008.jpg,Arla-Ecological-Medium-Fat-Milk,test,38,20
test/Packages/Milk/Arla-Ecological-Medium-Fat-Milk/Arla-Ecological-Medium-Fat-Milk_009.jpg,Arla-Ecological-Medium-Fat-Milk,test,38,20
test/Packages/Milk/Arla-Ecological-Medium-Fat-Milk/Arla-Ecological-Medium-Fat-Milk_010.jpg,Arla-Ecological-Medium-Fat-Milk,test,38,20
test/Packages/Milk/Arla-Ecological-Medium-Fat-Milk/Arla-Ecological-Medium-Fat-Milk_011.jpg,Arla-Ecological-Medium-Fat-Milk,test,38,20
test/Packages/Milk/Arla-Ecological-Medium-Fat-Milk/Arla-Ecological-Medium-Fat-Milk_012.jpg,Arla-Ecological-Medium-Fat-Milk,test,38,20
test/Packages/Milk/Arla-Ecological-Medium-Fat-Milk/Arla-Ecological-Medium-Fat-Milk_013.jpg,Arla-Ecological-Medium-Fat-Milk,test,38,20
test/Packages/Milk/Arla-Ecological-Medium-Fat-Milk/Arla-Ecological-Medium-Fat-Milk_014.jpg,Arla-Ecological-Medium-Fat-Milk,test,38,20
test/Packages/Milk/Arla-Ecological-Medium-Fat-Milk/Arla-Ecological-Medium-Fat-Milk_015.jpg,Arla-Ecological-Medium-Fat-Milk,test,38,20
test/Packages/Milk/Arla-Ecological-Medium-Fat-Milk/Arla-Ecological-Medium-Fat-Milk_016.jpg,Arla-Ecological-Medium-Fat-Milk,test,38,20
test/Packages/Milk/Arla-Ecological-Medium-Fat-Milk/Arla-Ecological-Medium-Fat-Milk_017.jpg,Arla-Ecological-Medium-Fat-Milk,test,38,20
test/Packages/Milk/Arla-Ecological-Medium-Fat-Milk/Arla-Ecological-Medium-Fat-Milk_018.jpg,Arla-Ecological-Medium-Fat-Milk,test,38,20
test/Packages/Milk/Arla-Ecological-Medium-Fat-Milk/Arla-Ecological-Medium-Fat-Milk_019.jpg,Arla-Ecological-Medium-Fat-Milk,test,38,20
test/Packages/Milk/Arla-Ecological-Medium-Fat-Milk/Arla-Ecological-Medium-Fat-Milk_020.jpg,Arla-Ecological-Medium-Fat-Milk,test,38,20
test/Packages/Milk/Arla-Ecological-Medium-Fat-Milk/Arla-Ecological-Medium-Fat-Milk_021.jpg,Arla-Ecological-Medium-Fat-Milk,test,38,20
test/Packages/Milk/Arla-Ecological-Medium-Fat-Milk/Arla-Ecological-Medium-Fat-Milk_022.jpg,Arla-Ecological-Medium-Fat-Milk,test,38,20
test/Packages/Milk/Arla-Ecological-Medium-Fat-Milk/Arla-Ecological-Medium-Fat-Milk_023.jpg,Arla-Ecological-Medium-Fat-Milk,test,38,20
test/Packages/Milk/Arla-Ecological-Medium-Fat-Milk/Arla-Ecological-Medium-Fat-Milk_024.jpg,Arla-Ecological-Medium-Fat-Milk,test,38,20
test/Packages/Milk/Arla-Ecological-Medium-Fat-Milk/Arla-Ecological-Medium-Fat-Milk_025.jpg,Arla-Ecological-Medium-Fat-Milk,test,38,20
test/Packages/Milk/Arla-Ecological-Medium-Fat-Milk/Arla-Ecological-Medium-Fat-Milk_026.jpg,Arla-Ecological-Medium-Fat-Milk,test,38,20
test/Packages/Milk/Arla-Ecological-Medium-Fat-Milk/Arla-Ecological-Medium-Fat-Milk_027.jpg,Arla-Ecological-Medium-Fat-Milk,test,38,20
test/Packages/Milk/Arla-Ecological-Medium-Fat-Milk/Arla-Ecological-Medium-Fat-Milk_028.jpg,Arla-Ecological-Medium-Fat-Milk,test,38,20
test/Packages/Milk/Arla-Ecological-Medium-Fat-Milk/Arla-Ecological-Medium-Fat-Milk_029.jpg,Arla-Ecological-Medium-Fat-Milk,test,38,20
test/Packages/Milk/Arla-Lactose-Medium-Fat-Milk/Arla-Lactose-Medium-Fat-Milk_001.jpg,Arla-Lactose-Medium-Fat-Milk,test,39,20
test/Packages/Milk/Arla-Lactose-Medium-Fat-Milk/Arla-Lactose-Medium-Fat-Milk_002.jpg,Arla-Lactose-Medium-Fat-Milk,test,39,20
test/Packages/Milk/Arla-Lactose-Medium-Fat-Milk/Arla-Lactose-Medium-Fat-Milk_003.jpg,Arla-Lactose-Medium-Fat-Milk,test,39,20
test/Packages/Milk/Arla-Lactose-Medium-Fat-Milk/Arla-Lactose-Medium-Fat-Milk_004.jpg,Arla-Lactose-Medium-Fat-Milk,test,39,20
test/Packages/Milk/Arla-Lactose-Medium-Fat-Milk/Arla-Lactose-Medium-Fat-Milk_005.jpg,Arla-Lactose-Medium-Fat-Milk,test,39,20
test/Packages/Milk/Arla-Lactose-Medium-Fat-Milk/Arla-Lactose-Medium-Fat-Milk_006.jpg,Arla-Lactose-Medium-Fat-Milk,test,39,20
test/Packages/Milk/Arla-Lactose-Medium-Fat-Milk/Arla-Lactose-Medium-Fat-Milk_007.jpg,Arla-Lactose-Medium-Fat-Milk,test,39,20
test/Packages/Milk/Arla-Lactose-Medium-Fat-Milk/Arla-Lactose-Medium-Fat-Milk_008.jpg,Arla-Lactose-Medium-Fat-Milk,test,39,20
test/Packages/Milk/Arla-Lactose-Medium-Fat-Milk/Arla-Lactose-Medium-Fat-Milk_009.jpg,Arla-Lactose-Medium-Fat-Milk,test,39,20
test/Packages/Milk/Arla-Lactose-Medium-Fat-Milk/Arla-Lactose-Medium-Fat-Milk_010.jpg,Arla-Lactose-Medium-Fat-Milk,test,39,20
test/Packages/Milk/Arla-Lactose-Medium-Fat-Milk/Arla-Lactose-Medium-Fat-Milk_011.jpg,Arla-Lactose-Medium-Fat-Milk,test,39,20
test/Packages/Milk/Arla-Lactose-Medium-Fat-Milk/Arla-Lactose-Medium-Fat-Milk_012.jpg,Arla-Lactose-Medium-Fat-Milk,test,39,20
test/Packages/Milk/Arla-Lactose-Medium-Fat-Milk/Arla-Lactose-Medium-Fat-Milk_013.jpg,Arla-Lactose-Medium-Fat-Milk,test,39,20
test/Packages/Milk/Arla-Lactose-Medium-Fat-Milk/Arla-Lactose-Medium-Fat-Milk_014.jpg,Arla-Lactose-Medium-Fat-Milk,test,39,20
test/Packages/Milk/Arla-Lactose-Medium-Fat-Milk/Arla-Lactose-Medium-Fat-Milk_015.jpg,Arla-Lactose-Medium-Fat-Milk,test,39,20
test/Packages/Milk/Arla-Lactose-Medium-Fat-Milk/Arla-Lactose-Medium-Fat-Milk_016.jpg,Arla-Lactose-Medium-Fat-Milk,test,39,20
test/Packages/Milk/Arla-Lactose-Medium-Fat-Milk/Arla-Lactose-Medium-Fat-Milk_017.jpg,Arla-Lactose-Medium-Fat-Milk,test,39,20
test/Packages/Milk/Arla-Lactose-Medium-Fat-Milk/Arla-Lactose-Medium-Fat-Milk_018.jpg,Arla-Lactose-Medium-Fat-Milk,test,39,20
test/Packages/Milk/Arla-Lactose-Medium-Fat-Milk/Arla-Lactose-Medium-Fat-Milk_019.jpg,Arla-Lactose-Medium-Fat-Milk,test,39,20
test/Packages/Milk/Arla-Lactose-Medium-Fat-Milk/Arla-Lactose-Medium-Fat-Milk_020.jpg,Arla-Lactose-Medium-Fat-Milk,test,39,20
test/Packages/Milk/Arla-Lactose-Medium-Fat-Milk/Arla-Lactose-Medium-Fat-Milk_021.jpg,Arla-Lactose-Medium-Fat-Milk,test,39,20
test/Packages/Milk/Arla-Lactose-Medium-Fat-Milk/Arla-Lactose-Medium-Fat-Milk_022.jpg,Arla-Lactose-Medium-Fat-Milk,test,39,20
test/Packages/Milk/Arla-Lactose-Medium-Fat-Milk/Arla-Lactose-Medium-Fat-Milk_023.jpg,Arla-Lactose-Medium-Fat-Milk,test,39,20
test/Packages/Milk/Arla-Lactose-Medium-Fat-Milk/Arla-Lactose-Medium-Fat-Milk_024.jpg,Arla-Lactose-Medium-Fat-Milk,test,39,20
test/Packages/Milk/Arla-Lactose-Medium-Fat-Milk/Arla-Lactose-Medium-Fat-Milk_025.jpg,Arla-Lactose-Medium-Fat-Milk,test,39,20
test/Packages/Milk/Arla-Medium-Fat-Milk/Arla-Medium-Fat-Milk_001.jpg,Arla-Medium-Fat-Milk,test,40,20
test/Packages/Milk/Arla-Medium-Fat-Milk/Arla-Medium-Fat-Milk_002.jpg,Arla-Medium-Fat-Milk,test,40,20
test/Packages/Milk/Arla-Medium-Fat-Milk/Arla-Medium-Fat-Milk_003.jpg,Arla-Medium-Fat-Milk,test,40,20
test/Packages/Milk/Arla-Medium-Fat-Milk/Arla-Medium-Fat-Milk_004.jpg,Arla-Medium-Fat-Milk,test,40,20
test/Packages/Milk/Arla-Medium-Fat-Milk/Arla-Medium-Fat-Milk_005.jpg,Arla-Medium-Fat-Milk,test,40,20
test/Packages/Milk/Arla-Medium-Fat-Milk/Arla-Medium-Fat-Milk_006.jpg,Arla-Medium-Fat-Milk,test,40,20
test/Packages/Milk/Arla-Medium-Fat-Milk/Arla-Medium-Fat-Milk_007.jpg,Arla-Medium-Fat-Milk,test,40,20
test/Packages/Milk/Arla-Medium-Fat-Milk/Arla-Medium-Fat-Milk_008.jpg,Arla-Medium-Fat-Milk,test,40,20
test/Packages/Milk/Arla-Medium-Fat-Milk/Arla-Medium-Fat-Milk_009.jpg,Arla-Medium-Fat-Milk,test,40,20
test/Packages/Milk/Arla-Medium-Fat-Milk/Arla-Medium-Fat-Milk_010.jpg,Arla-Medium-Fat-Milk,test,40,20
test/Packages/Milk/Arla-Medium-Fat-Milk/Arla-Medium-Fat-Milk_011.jpg,Arla-Medium-Fat-Milk,test,40,20
test/Packages/Milk/Arla-Medium-Fat-Milk/Arla-Medium-Fat-Milk_012.jpg,Arla-Medium-Fat-Milk,test,40,20
test/Packages/Milk/Arla-Medium-Fat-Milk/Arla-Medium-Fat-Milk_013.jpg,Arla-Medium-Fat-Milk,test,40,20
test/Packages/Milk/Arla-Medium-Fat-Milk/Arla-Medium-Fat-Milk_014.jpg,Arla-Medium-Fat-Milk,test,40,20
test/Packages/Milk/Arla-Medium-Fat-Milk/Arla-Medium-Fat-Milk_015.jpg,Arla-Medium-Fat-Milk,test,40,20
test/Packages/Milk/Arla-Medium-Fat-Milk/Arla-Medium-Fat-Milk_016.jpg,Arla-Medium-Fat-Milk,test,40,20
test/Packages/Milk/Arla-Medium-Fat-Milk/Arla-Medium-Fat-Milk_017.jpg,Arla-Medium-Fat-Milk,test,40,20
test/Packages/Milk/Arla-Medium-Fat-Milk/Arla-Medium-Fat-Milk_018.jpg,Arla-Medium-Fat-Milk,test,40,20
test/Packages/Milk/Arla-Medium-Fat-Milk/Arla-Medium-Fat-Milk_019.jpg,Arla-Medium-Fat-Milk,test,40,20
test/Packages/Milk/Arla-Medium-Fat-Milk/Arla-Medium-Fat-Milk_020.jpg,Arla-Medium-Fat-Milk,test,40,20
test/Packages/Milk/Arla-Medium-Fat-Milk/Arla-Medium-Fat-Milk_021.jpg,Arla-Medium-Fat-Milk,test,40,20
test/Packages/Milk/Arla-Medium-Fat-Milk/Arla-Medium-Fat-Milk_022.jpg,Arla-Medium-Fat-Milk,test,40,20
test/Packages/Milk/Arla-Medium-Fat-Milk/Arla-Medium-Fat-Milk_023.jpg,Arla-Medium-Fat-Milk,test,40,20
test/Packages/Milk/Arla-Medium-Fat-Milk/Arla-Medium-Fat-Milk_024.jpg,Arla-Medium-Fat-Milk,test,40,20
test/Packages/Milk/Arla-Medium-Fat-Milk/Arla-Medium-Fat-Milk_025.jpg,Arla-Medium-Fat-Milk,test,40,20
test/Packages/Milk/Arla-Medium-Fat-Milk/Arla-Medium-Fat-Milk_026.jpg,Arla-Medium-Fat-Milk,test,40,20
test/Packages/Milk/Arla-Medium-Fat-Milk/Arla-Medium-Fat-Milk_027.jpg,Arla-Medium-Fat-Milk,test,40,20
test/Packages/Milk/Arla-Medium-Fat-Milk/Arla-Medium-Fat-Milk_028.jpg,Arla-Medium-Fat-Milk,test,40,20
test/Packages/Milk/Arla-Medium-Fat-Milk/Arla-Medium-Fat-Milk_029.jpg,Arla-Medium-Fat-Milk,test,40,20
test/Packages/Milk/Arla-Medium-Fat-Milk/Arla-Medium-Fat-Milk_030.jpg,Arla-Medium-Fat-Milk,test,40,20
test/Packages/Milk/Arla-Medium-Fat-Milk/Arla-Medium-Fat-Milk_031.jpg,Arla-Medium-Fat-Milk,test,40,20
test/Packages/Milk/Arla-Medium-Fat-Milk/Arla-Medium-Fat-Milk_032.jpg,Arla-Medium-Fat-Milk,test,40,20
test/Packages/Milk/Arla-Medium-Fat-Milk/Arla-Medium-Fat-Milk_033.jpg,Arla-Medium-Fat-Milk,test,40,20
test/Packages/Milk/Arla-Medium-Fat-Milk/Arla-Medium-Fat-Milk_034.jpg,Arla-Medium-Fat-Milk,test,40,20
test/Packages/Milk/Arla-Standard-Milk/Arla-Standard-Milk_001.jpg,Arla-Standard-Milk,test,41,20
test/Packages/Milk/Arla-Standard-Milk/Arla-Standard-Milk_002.jpg,Arla-Standard-Milk,test,41,20
test/Packages/Milk/Arla-Standard-Milk/Arla-Standard-Milk_003.jpg,Arla-Standard-Milk,test,41,20
test/Packages/Milk/Arla-Standard-Milk/Arla-Standard-Milk_004.jpg,Arla-Standard-Milk,test,41,20
test/Packages/Milk/Arla-Standard-Milk/Arla-Standard-Milk_005.jpg,Arla-Standard-Milk,test,41,20
test/Packages/Milk/Arla-Standard-Milk/Arla-Standard-Milk_006.jpg,Arla-Standard-Milk,test,41,20
test/Packages/Milk/Arla-Standard-Milk/Arla-Standard-Milk_007.jpg,Arla-Standard-Milk,test,41,20
test/Packages/Milk/Arla-Standard-Milk/Arla-Standard-Milk_008.jpg,Arla-Standard-Milk,test,41,20
test/Packages/Milk/Arla-Standard-Milk/Arla-Standard-Milk_009.jpg,Arla-Standard-Milk,test,41,20
test/Packages/Milk/Arla-Standard-Milk/Arla-Standard-Milk_010.jpg,Arla-Standard-Milk,test,41,20
test/Packages/Milk/Arla-Standard-Milk/Arla-Standard-Milk_011.jpg,Arla-Standard-Milk,test,41,20
test/Packages/Milk/Arla-Standard-Milk/Arla-Standard-Milk_012.jpg,Arla-Standard-Milk,test,41,20
test/Packages/Milk/Arla-Standard-Milk/Arla-Standard-Milk_013.jpg,Arla-Standard-Milk,test,41,20
test/Packages/Milk/Arla-Standard-Milk/Arla-Standard-Milk_014.jpg,Arla-Standard-Milk,test,41,20
test/Packages/Milk/Arla-Standard-Milk/Arla-Standard-Milk_015.jpg,Arla-Standard-Milk,test,41,20
test/Packages/Milk/Arla-Standard-Milk/Arla-Standard-Milk_016.jpg,Arla-Standard-Milk,test,41,20
test/Packages/Milk/Arla-Standard-Milk/Arla-Standard-Milk_017.jpg,Arla-Standard-Milk,test,41,20
test/Packages/Milk/Arla-Standard-Milk/Arla-Standard-Milk_018.jpg,Arla-Standard-Milk,test,41,20
test/Packages/Milk/Arla-Standard-Milk/Arla-Standard-Milk_019.jpg,Arla-Standard-Milk,test,41,20
test/Packages/Milk/Arla-Standard-Milk/Arla-Standard-Milk_020.jpg,Arla-Standard-Milk,test,41,20
test/Packages/Milk/Arla-Standard-Milk/Arla-Standard-Milk_021.jpg,Arla-Standard-Milk,test,41,20
test/Packages/Milk/Arla-Standard-Milk/Arla-Standard-Milk_022.jpg,Arla-Standard-Milk,test,41,20
test/Packages/Milk/Arla-Standard-Milk/Arla-Standard-Milk_023.jpg,Arla-Standard-Milk,test,41,20
test/Packages/Milk/Arla-Standard-Milk/Arla-Standard-Milk_024.jpg,Arla-Standard-Milk,test,41,20
test/Packages/Milk/Arla-Standard-Milk/Arla-Standard-Milk_025.jpg,Arla-Standard-Milk,test,41,20
test/Packages/Milk/Arla-Standard-Milk/Arla-Standard-Milk_026.jpg,Arla-Standard-Milk,test,41,20
test/Packages/Milk/Arla-Standard-Milk/Arla-Standard-Milk_027.jpg,Arla-Standard-Milk,test,41,20
test/Packages/Milk/Arla-Standard-Milk/Arla-Standard-Milk_028.jpg,Arla-Standard-Milk,test,41,20
test/Packages/Milk/Arla-Standard-Milk/Arla-Standard-Milk_029.jpg,Arla-Standard-Milk,test,41,20
test/Packages/Milk/Arla-Standard-Milk/Arla-Standard-Milk_030.jpg,Arla-Standard-Milk,test,41,20
test/Packages/Milk/Garant-Ecological-Medium-Fat-Milk/Garant-Ecological-Medium-Fat-Milk_001.jpg,Garant-Ecological-Medium-Fat-Milk,test,42,20
test/Packages/Milk/Garant-Ecological-Medium-Fat-Milk/Garant-Ecological-Medium-Fat-Milk_002.jpg,Garant-Ecological-Medium-Fat-Milk,test,42,20
test/Packages/Milk/Garant-Ecological-Medium-Fat-Milk/Garant-Ecological-Medium-Fat-Milk_003.jpg,Garant-Ecological-Medium-Fat-Milk,test,42,20
test/Packages/Milk/Garant-Ecological-Medium-Fat-Milk/Garant-Ecological-Medium-Fat-Milk_004.jpg,Garant-Ecological-Medium-Fat-Milk,test,42,20
test/Packages/Milk/Garant-Ecological-Medium-Fat-Milk/Garant-Ecological-Medium-Fat-Milk_005.jpg,Garant-Ecological-Medium-Fat-Milk,test,42,20
test/Packages/Milk/Garant-Ecological-Medium-Fat-Milk/Garant-Ecological-Medium-Fat-Milk_006.jpg,Garant-Ecological-Medium-Fat-Milk,test,42,20
test/Packages/Milk/Garant-Ecological-Medium-Fat-Milk/Garant-Ecological-Medium-Fat-Milk_007.jpg,Garant-Ecological-Medium-Fat-Milk,test,42,20
test/Packages/Milk/Garant-Ecological-Medium-Fat-Milk/Garant-Ecological-Medium-Fat-Milk_008.jpg,Garant-Ecological-Medium-Fat-Milk,test,42,20
test/Packages/Milk/Garant-Ecological-Medium-Fat-Milk/Garant-Ecological-Medium-Fat-Milk_009.jpg,Garant-Ecological-Medium-Fat-Milk,test,42,20
test/Packages/Milk/Garant-Ecological-Medium-Fat-Milk/Garant-Ecological-Medium-Fat-Milk_010.jpg,Garant-Ecological-Medium-Fat-Milk,test,42,20
test/Packages/Milk/Garant-Ecological-Medium-Fat-Milk/Garant-Ecological-Medium-Fat-Milk_011.jpg,Garant-Ecological-Medium-Fat-Milk,test,42,20
test/Packages/Milk/Garant-Ecological-Medium-Fat-Milk/Garant-Ecological-Medium-Fat-Milk_012.jpg,Garant-Ecological-Medium-Fat-Milk,test,42,20
test/Packages/Milk/Garant-Ecological-Medium-Fat-Milk/Garant-Ecological-Medium-Fat-Milk_013.jpg,Garant-Ecological-Medium-Fat-Milk,test,42,20
test/Packages/Milk/Garant-Ecological-Medium-Fat-Milk/Garant-Ecological-Medium-Fat-Milk_014.jpg,Garant-Ecological-Medium-Fat-Milk,test,42,20
test/Packages/Milk/Garant-Ecological-Medium-Fat-Milk/Garant-Ecological-Medium-Fat-Milk_015.jpg,Garant-Ecological-Medium-Fat-Milk,test,42,20
test/Packages/Milk/Garant-Ecological-Medium-Fat-Milk/Garant-Ecological-Medium-Fat-Milk_016.jpg,Garant-Ecological-Medium-Fat-Milk,test,42,20
test/Packages/Milk/Garant-Ecological-Medium-Fat-Milk/Garant-Ecological-Medium-Fat-Milk_017.jpg,Garant-Ecological-Medium-Fat-Milk,test,42,20
test/Packages/Milk/Garant-Ecological-Medium-Fat-Milk/Garant-Ecological-Medium-Fat-Milk_018.jpg,Garant-Ecological-Medium-Fat-Milk,test,42,20
test/Packages/Milk/Garant-Ecological-Medium-Fat-Milk/Garant-Ecological-Medium-Fat-Milk_019.jpg,Garant-Ecological-Medium-Fat-Milk,test,42,20
test/Packages/Milk/Garant-Ecological-Medium-Fat-Milk/Garant-Ecological-Medium-Fat-Milk_020.jpg,Garant-Ecological-Medium-Fat-Milk,test,42,20
test/Packages/Milk/Garant-Ecological-Medium-Fat-Milk/Garant-Ecological-Medium-Fat-Milk_021.jpg,Garant-Ecological-Medium-Fat-Milk,test,42,20
test/Packages/Milk/Garant-Ecological-Medium-Fat-Milk/Garant-Ecological-Medium-Fat-Milk_022.jpg,Garant-Ecological-Medium-Fat-Milk,test,42,20
test/Packages/Milk/Garant-Ecological-Medium-Fat-Milk/Garant-Ecological-Medium-Fat-Milk_023.jpg,Garant-Ecological-Medium-Fat-Milk,test,42,20
test/Packages/Milk/Garant-Ecological-Medium-Fat-Milk/Garant-Ecological-Medium-Fat-Milk_024.jpg,Garant-Ecological-Medium-Fat-Milk,test,42,20
test/Packages/Milk/Garant-Ecological-Medium-Fat-Milk/Garant-Ecological-Medium-Fat-Milk_025.jpg,Garant-Ecological-Medium-Fat-Milk,test,42,20
test/Packages/Milk/Garant-Ecological-Medium-Fat-Milk/Garant-Ecological-Medium-Fat-Milk_026.jpg,Garant-Ecological-Medium-Fat-Milk,test,42,20
test/Packages/Milk/Garant-Ecological-Medium-Fat-Milk/Garant-Ecological-Medium-Fat-Milk_027.jpg,Garant-Ecological-Medium-Fat-Milk,test,42,20
test/Packages/Milk/Garant-Ecological-Medium-Fat-Milk/Garant-Ecological-Medium-Fat-Milk_028.jpg,Garant-Ecological-Medium-Fat-Milk,test,42,20
test/Packages/Milk/Garant-Ecological-Medium-Fat-Milk/Garant-Ecological-Medium-Fat-Milk_029.jpg,Garant-Ecological-Medium-Fat-Milk,test,42,20
test/Packages/Milk/Garant-Ecological-Medium-Fat-Milk/Garant-Ecological-Medium-Fat-Milk_030.jpg,Garant-Ecological-Medium-Fat-Milk,test,42,20
test/Packages/Milk/Garant-Ecological-Medium-Fat-Milk/Garant-Ecological-Medium-Fat-Milk_031.jpg,Garant-Ecological-Medium-Fat-Milk,test,42,20
test/Packages/Milk/Garant-Ecological-Medium-Fat-Milk/Garant-Ecological-Medium-Fat-Milk_032.jpg,Garant-Ecological-Medium-Fat-Milk,test,42,20
test/Packages/Milk/Garant-Ecological-Medium-Fat-Milk/Garant-Ecological-Medium-Fat-Milk_033.jpg,Garant-Ecological-Medium-Fat-Milk,test,42,20
test/Packages/Milk/Garant-Ecological-Medium-Fat-Milk/Garant-Ecological-Medium-Fat-Milk_034.jpg,Garant-Ecological-Medium-Fat-Milk,test,42,20
test/Packages/Milk/Garant-Ecological-Medium-Fat-Milk/Garant-Ecological-Medium-Fat-Milk_035.jpg,Garant-Ecological-Medium-Fat-Milk,test,42,20
test/Packages/Milk/Garant-Ecological-Standard-Milk/Garant-Ecological-Standard-Milk_001.jpg,Garant-Ecological-Standard-Milk,test,43,20
test/Packages/Milk/Garant-Ecological-Standard-Milk/Garant-Ecological-Standard-Milk_002.jpg,Garant-Ecological-Standard-Milk,test,43,20
test/Packages/Milk/Garant-Ecological-Standard-Milk/Garant-Ecological-Standard-Milk_003.jpg,Garant-Ecological-Standard-Milk,test,43,20
test/Packages/Milk/Garant-Ecological-Standard-Milk/Garant-Ecological-Standard-Milk_004.jpg,Garant-Ecological-Standard-Milk,test,43,20
test/Packages/Milk/Garant-Ecological-Standard-Milk/Garant-Ecological-Standard-Milk_005.jpg,Garant-Ecological-Standard-Milk,test,43,20
test/Packages/Milk/Garant-Ecological-Standard-Milk/Garant-Ecological-Standard-Milk_006.jpg,Garant-Ecological-Standard-Milk,test,43,20
test/Packages/Milk/Garant-Ecological-Standard-Milk/Garant-Ecological-Standard-Milk_007.jpg,Garant-Ecological-Standard-Milk,test,43,20
test/Packages/Milk/Garant-Ecological-Standard-Milk/Garant-Ecological-Standard-Milk_008.jpg,Garant-Ecological-Standard-Milk,test,43,20
test/Packages/Milk/Garant-Ecological-Standard-Milk/Garant-Ecological-Standard-Milk_009.jpg,Garant-Ecological-Standard-Milk,test,43,20
test/Packages/Milk/Garant-Ecological-Standard-Milk/Garant-Ecological-Standard-Milk_010.jpg,Garant-Ecological-Standard-Milk,test,43,20
test/Packages/Milk/Garant-Ecological-Standard-Milk/Garant-Ecological-Standard-Milk_011.jpg,Garant-Ecological-Standard-Milk,test,43,20
test/Packages/Oatghurt/Oatly-Natural-Oatghurt/Oatly-Natural-Oatghurt_001.jpg,Oatly-Natural-Oatghurt,test,44,21
test/Packages/Oatghurt/Oatly-Natural-Oatghurt/Oatly-Natural-Oatghurt_002.jpg,Oatly-Natural-Oatghurt,test,44,21
test/Packages/Oatghurt/Oatly-Natural-Oatghurt/Oatly-Natural-Oatghurt_003.jpg,Oatly-Natural-Oatghurt,test,44,21
test/Packages/Oatghurt/Oatly-Natural-Oatghurt/Oatly-Natural-Oatghurt_004.jpg,Oatly-Natural-Oatghurt,test,44,21
test/Packages/Oatghurt/Oatly-Natural-Oatghurt/Oatly-Natural-Oatghurt_005.jpg,Oatly-Natural-Oatghurt,test,44,21
test/Packages/Oatghurt/Oatly-Natural-Oatghurt/Oatly-Natural-Oatghurt_006.jpg,Oatly-Natural-Oatghurt,test,44,21
test/Packages/Oatghurt/Oatly-Natural-Oatghurt/Oatly-Natural-Oatghurt_007.jpg,Oatly-Natural-Oatghurt,test,44,21
test/Packages/Oatghurt/Oatly-Natural-Oatghurt/Oatly-Natural-Oatghurt_008.jpg,Oatly-Natural-Oatghurt,test,44,21
test/Packages/Oatghurt/Oatly-Natural-Oatghurt/Oatly-Natural-Oatghurt_009.jpg,Oatly-Natural-Oatghurt,test,44,21
test/Packages/Oatghurt/Oatly-Natural-Oatghurt/Oatly-Natural-Oatghurt_010.jpg,Oatly-Natural-Oatghurt,test,44,21
test/Packages/Oatghurt/Oatly-Natural-Oatghurt/Oatly-Natural-Oatghurt_011.jpg,Oatly-Natural-Oatghurt,test,44,21
test/Packages/Oatghurt/Oatly-Natural-Oatghurt/Oatly-Natural-Oatghurt_012.jpg,Oatly-Natural-Oatghurt,test,44,21
test/Packages/Oatghurt/Oatly-Natural-Oatghurt/Oatly-Natural-Oatghurt_013.jpg,Oatly-Natural-Oatghurt,test,44,21
test/Packages/Oatghurt/Oatly-Natural-Oatghurt/Oatly-Natural-Oatghurt_014.jpg,Oatly-Natural-Oatghurt,test,44,21
test/Packages/Oatghurt/Oatly-Natural-Oatghurt/Oatly-Natural-Oatghurt_015.jpg,Oatly-Natural-Oatghurt,test,44,21
test/Packages/Oatghurt/Oatly-Natural-Oatghurt/Oatly-Natural-Oatghurt_016.jpg,Oatly-Natural-Oatghurt,test,44,21
test/Packages/Oatghurt/Oatly-Natural-Oatghurt/Oatly-Natural-Oatghurt_017.jpg,Oatly-Natural-Oatghurt,test,44,21
test/Packages/Oatghurt/Oatly-Natural-Oatghurt/Oatly-Natural-Oatghurt_018.jpg,Oatly-Natural-Oatghurt,test,44,21
test/Packages/Oatghurt/Oatly-Natural-Oatghurt/Oatly-Natural-Oatghurt_019.jpg,Oatly-Natural-Oatghurt,test,44,21
test/Packages/Oatghurt/Oatly-Natural-Oatghurt/Oatly-Natural-Oatghurt_020.jpg,Oatly-Natural-Oatghurt,test,44,21
test/Packages/Oatghurt/Oatly-Natural-Oatghurt/Oatly-Natural-Oatghurt_021.jpg,Oatly-Natural-Oatghurt,test,44,21
test/Packages/Oatghurt/Oatly-Natural-Oatghurt/Oatly-Natural-Oatghurt_022.jpg,Oatly-Natural-Oatghurt,test,44,21
test/Packages/Oatghurt/Oatly-Natural-Oatghurt/Oatly-Natural-Oatghurt_023.jpg,Oatly-Natural-Oatghurt,test,44,21
test/Packages/Oatghurt/Oatly-Natural-Oatghurt/Oatly-Natural-Oatghurt_024.jpg,Oatly-Natural-Oatghurt,test,44,21
test/Packages/Oatghurt/Oatly-Natural-Oatghurt/Oatly-Natural-Oatghurt_025.jpg,Oatly-Natural-Oatghurt,test,44,21
test/Packages/Oatghurt/Oatly-Natural-Oatghurt/Oatly-Natural-Oatghurt_026.jpg,Oatly-Natural-Oatghurt,test,44,21
test/Packages/Oatghurt/Oatly-Natural-Oatghurt/Oatly-Natural-Oatghurt_027.jpg,Oatly-Natural-Oatghurt,test,44,21
test/Packages/Oatghurt/Oatly-Natural-Oatghurt/Oatly-Natural-Oatghurt_028.jpg,Oatly-Natural-Oatghurt,test,44,21
test/Packages/Oatghurt/Oatly-Natural-Oatghurt/Oatly-Natural-Oatghurt_029.jpg,Oatly-Natural-Oatghurt,test,44,21
test/Packages/Oatghurt/Oatly-Natural-Oatghurt/Oatly-Natural-Oatghurt_030.jpg,Oatly-Natural-Oatghurt,test,44,21
test/Packages/Oat-Milk/Oatly-Oat-Milk/Oatly-Oat-Milk_001.jpg,Oatly-Oat-Milk,test,45,22
test/Packages/Oat-Milk/Oatly-Oat-Milk/Oatly-Oat-Milk_002.jpg,Oatly-Oat-Milk,test,45,22
test/Packages/Oat-Milk/Oatly-Oat-Milk/Oatly-Oat-Milk_003.jpg,Oatly-Oat-Milk,test,45,22
test/Packages/Oat-Milk/Oatly-Oat-Milk/Oatly-Oat-Milk_004.jpg,Oatly-Oat-Milk,test,45,22
test/Packages/Oat-Milk/Oatly-Oat-Milk/Oatly-Oat-Milk_005.jpg,Oatly-Oat-Milk,test,45,22
test/Packages/Oat-Milk/Oatly-Oat-Milk/Oatly-Oat-Milk_006.jpg,Oatly-Oat-Milk,test,45,22
test/Packages/Oat-Milk/Oatly-Oat-Milk/Oatly-Oat-Milk_007.jpg,Oatly-Oat-Milk,test,45,22
test/Packages/Oat-Milk/Oatly-Oat-Milk/Oatly-Oat-Milk_008.jpg,Oatly-Oat-Milk,test,45,22
test/Packages/Oat-Milk/Oatly-Oat-Milk/Oatly-Oat-Milk_009.jpg,Oatly-Oat-Milk,test,45,22
test/Packages/Oat-Milk/Oatly-Oat-Milk/Oatly-Oat-Milk_010.jpg,Oatly-Oat-Milk,test,45,22
test/Packages/Oat-Milk/Oatly-Oat-Milk/Oatly-Oat-Milk_011.jpg,Oatly-Oat-Milk,test,45,22
test/Packages/Oat-Milk/Oatly-Oat-Milk/Oatly-Oat-Milk_012.jpg,Oatly-Oat-Milk,test,45,22
test/Packages/Oat-Milk/Oatly-Oat-Milk/Oatly-Oat-Milk_013.jpg,Oatly-Oat-Milk,test,45,22
test/Packages/Oat-Milk/Oatly-Oat-Milk/Oatly-Oat-Milk_014.jpg,Oatly-Oat-Milk,test,45,22
test/Packages/Oat-Milk/Oatly-Oat-Milk/Oatly-Oat-Milk_015.jpg,Oatly-Oat-Milk,test,45,22
test/Packages/Oat-Milk/Oatly-Oat-Milk/Oatly-Oat-Milk_016.jpg,Oatly-Oat-Milk,test,45,22
test/Packages/Oat-Milk/Oatly-Oat-Milk/Oatly-Oat-Milk_017.jpg,Oatly-Oat-Milk,test,45,22
test/Packages/Oat-Milk/Oatly-Oat-Milk/Oatly-Oat-Milk_018.jpg,Oatly-Oat-Milk,test,45,22
test/Packages/Oat-Milk/Oatly-Oat-Milk/Oatly-Oat-Milk_019.jpg,Oatly-Oat-Milk,test,45,22
test/Packages/Oat-Milk/Oatly-Oat-Milk/Oatly-Oat-Milk_020.jpg,Oatly-Oat-Milk,test,45,22
test/Packages/Oat-Milk/Oatly-Oat-Milk/Oatly-Oat-Milk_021.jpg,Oatly-Oat-Milk,test,45,22
test/Packages/Oat-Milk/Oatly-Oat-Milk/Oatly-Oat-Milk_022.jpg,Oatly-Oat-Milk,test,45,22
test/Packages/Oat-Milk/Oatly-Oat-Milk/Oatly-Oat-Milk_023.jpg,Oatly-Oat-Milk,test,45,22
test/Packages/Oat-Milk/Oatly-Oat-Milk/Oatly-Oat-Milk_024.jpg,Oatly-Oat-Milk,test,45,22
test/Packages/Oat-Milk/Oatly-Oat-Milk/Oatly-Oat-Milk_025.jpg,Oatly-Oat-Milk,test,45,22
test/Packages/Oat-Milk/Oatly-Oat-Milk/Oatly-Oat-Milk_026.jpg,Oatly-Oat-Milk,test,45,22
test/Packages/Oat-Milk/Oatly-Oat-Milk/Oatly-Oat-Milk_027.jpg,Oatly-Oat-Milk,test,45,22
test/Packages/Oat-Milk/Oatly-Oat-Milk/Oatly-Oat-Milk_028.jpg,Oatly-Oat-Milk,test,45,22
test/Packages/Oat-Milk/Oatly-Oat-Milk/Oatly-Oat-Milk_029.jpg,Oatly-Oat-Milk,test,45,22
test/Packages/Oat-Milk/Oatly-Oat-Milk/Oatly-Oat-Milk_030.jpg,Oatly-Oat-Milk,test,45,22
test/Packages/Oat-Milk/Oatly-Oat-Milk/Oatly-Oat-Milk_031.jpg,Oatly-Oat-Milk,test,45,22
test/Packages/Sour-Cream/Arla-Ecological-Sour-Cream/Arla-Ecological-Sour-Cream_001.jpg,Arla-Ecological-Sour-Cream,test,46,23
test/Packages/Sour-Cream/Arla-Ecological-Sour-Cream/Arla-Ecological-Sour-Cream_002.jpg,Arla-Ecological-Sour-Cream,test,46,23
test/Packages/Sour-Cream/Arla-Ecological-Sour-Cream/Arla-Ecological-Sour-Cream_003.jpg,Arla-Ecological-Sour-Cream,test,46,23
test/Packages/Sour-Cream/Arla-Ecological-Sour-Cream/Arla-Ecological-Sour-Cream_004.jpg,Arla-Ecological-Sour-Cream,test,46,23
test/Packages/Sour-Cream/Arla-Ecological-Sour-Cream/Arla-Ecological-Sour-Cream_005.jpg,Arla-Ecological-Sour-Cream,test,46,23
test/Packages/Sour-Cream/Arla-Ecological-Sour-Cream/Arla-Ecological-Sour-Cream_006.jpg,Arla-Ecological-Sour-Cream,test,46,23
test/Packages/Sour-Cream/Arla-Ecological-Sour-Cream/Arla-Ecological-Sour-Cream_007.jpg,Arla-Ecological-Sour-Cream,test,46,23
test/Packages/Sour-Cream/Arla-Ecological-Sour-Cream/Arla-Ecological-Sour-Cream_008.jpg,Arla-Ecological-Sour-Cream,test,46,23
test/Packages/Sour-Cream/Arla-Ecological-Sour-Cream/Arla-Ecological-Sour-Cream_009.jpg,Arla-Ecological-Sour-Cream,test,46,23
test/Packages/Sour-Cream/Arla-Ecological-Sour-Cream/Arla-Ecological-Sour-Cream_010.jpg,Arla-Ecological-Sour-Cream,test,46,23
test/Packages/Sour-Cream/Arla-Ecological-Sour-Cream/Arla-Ecological-Sour-Cream_011.jpg,Arla-Ecological-Sour-Cream,test,46,23
test/Packages/Sour-Cream/Arla-Ecological-Sour-Cream/Arla-Ecological-Sour-Cream_012.jpg,Arla-Ecological-Sour-Cream,test,46,23
test/Packages/Sour-Cream/Arla-Ecological-Sour-Cream/Arla-Ecological-Sour-Cream_013.jpg,Arla-Ecological-Sour-Cream,test,46,23
test/Packages/Sour-Cream/Arla-Ecological-Sour-Cream/Arla-Ecological-Sour-Cream_014.jpg,Arla-Ecological-Sour-Cream,test,46,23
test/Packages/Sour-Cream/Arla-Ecological-Sour-Cream/Arla-Ecological-Sour-Cream_015.jpg,Arla-Ecological-Sour-Cream,test,46,23
test/Packages/Sour-Cream/Arla-Ecological-Sour-Cream/Arla-Ecological-Sour-Cream_016.jpg,Arla-Ecological-Sour-Cream,test,46,23
test/Packages/Sour-Cream/Arla-Ecological-Sour-Cream/Arla-Ecological-Sour-Cream_017.jpg,Arla-Ecological-Sour-Cream,test,46,23
test/Packages/Sour-Cream/Arla-Ecological-Sour-Cream/Arla-Ecological-Sour-Cream_018.jpg,Arla-Ecological-Sour-Cream,test,46,23
test/Packages/Sour-Cream/Arla-Ecological-Sour-Cream/Arla-Ecological-Sour-Cream_019.jpg,Arla-Ecological-Sour-Cream,test,46,23
test/Packages/Sour-Cream/Arla-Ecological-Sour-Cream/Arla-Ecological-Sour-Cream_020.jpg,Arla-Ecological-Sour-Cream,test,46,23
test/Packages/Sour-Cream/Arla-Ecological-Sour-Cream/Arla-Ecological-Sour-Cream_021.jpg,Arla-Ecological-Sour-Cream,test,46,23
test/Packages/Sour-Cream/Arla-Ecological-Sour-Cream/Arla-Ecological-Sour-Cream_022.jpg,Arla-Ecological-Sour-Cream,test,46,23
test/Packages/Sour-Cream/Arla-Ecological-Sour-Cream/Arla-Ecological-Sour-Cream_023.jpg,Arla-Ecological-Sour-Cream,test,46,23
test/Packages/Sour-Cream/Arla-Sour-Cream/Arla-Sour-Cream_001.jpg,Arla-Sour-Cream,test,47,23
test/Packages/Sour-Cream/Arla-Sour-Cream/Arla-Sour-Cream_002.jpg,Arla-Sour-Cream,test,47,23
test/Packages/Sour-Cream/Arla-Sour-Cream/Arla-Sour-Cream_003.jpg,Arla-Sour-Cream,test,47,23
test/Packages/Sour-Cream/Arla-Sour-Cream/Arla-Sour-Cream_004.jpg,Arla-Sour-Cream,test,47,23
test/Packages/Sour-Cream/Arla-Sour-Cream/Arla-Sour-Cream_005.jpg,Arla-Sour-Cream,test,47,23
test/Packages/Sour-Cream/Arla-Sour-Cream/Arla-Sour-Cream_006.jpg,Arla-Sour-Cream,test,47,23
test/Packages/Sour-Cream/Arla-Sour-Cream/Arla-Sour-Cream_007.jpg,Arla-Sour-Cream,test,47,23
test/Packages/Sour-Cream/Arla-Sour-Cream/Arla-Sour-Cream_008.jpg,Arla-Sour-Cream,test,47,23
test/Packages/Sour-Cream/Arla-Sour-Cream/Arla-Sour-Cream_009.jpg,Arla-Sour-Cream,test,47,23
test/Packages/Sour-Cream/Arla-Sour-Cream/Arla-Sour-Cream_010.jpg,Arla-Sour-Cream,test,47,23
test/Packages/Sour-Cream/Arla-Sour-Cream/Arla-Sour-Cream_011.jpg,Arla-Sour-Cream,test,47,23
test/Packages/Sour-Cream/Arla-Sour-Cream/Arla-Sour-Cream_012.jpg,Arla-Sour-Cream,test,47,23
test/Packages/Sour-Cream/Arla-Sour-Cream/Arla-Sour-Cream_013.jpg,Arla-Sour-Cream,test,47,23
test/Packages/Sour-Cream/Arla-Sour-Cream/Arla-Sour-Cream_014.jpg,Arla-Sour-Cream,test,47,23
test/Packages/Sour-Cream/Arla-Sour-Cream/Arla-Sour-Cream_015.jpg,Arla-Sour-Cream,test,47,23
test/Packages/Sour-Cream/Arla-Sour-Cream/Arla-Sour-Cream_016.jpg,Arla-Sour-Cream,test,47,23
test/Packages/Sour-Cream/Arla-Sour-Cream/Arla-Sour-Cream_017.jpg,Arla-Sour-Cream,test,47,23
test/Packages/Sour-Cream/Arla-Sour-Cream/Arla-Sour-Cream_018.jpg,Arla-Sour-Cream,test,47,23
test/Packages/Sour-Milk/Arla-Sour-Milk/Arla-Sour-Milk_001.jpg,Arla-Sour-Milk,test,48,24
test/Packages/Sour-Milk/Arla-Sour-Milk/Arla-Sour-Milk_002.jpg,Arla-Sour-Milk,test,48,24
test/Packages/Sour-Milk/Arla-Sour-Milk/Arla-Sour-Milk_003.jpg,Arla-Sour-Milk,test,48,24
test/Packages/Sour-Milk/Arla-Sour-Milk/Arla-Sour-Milk_004.jpg,Arla-Sour-Milk,test,48,24
test/Packages/Sour-Milk/Arla-Sour-Milk/Arla-Sour-Milk_005.jpg,Arla-Sour-Milk,test,48,24
test/Packages/Sour-Milk/Arla-Sour-Milk/Arla-Sour-Milk_006.jpg,Arla-Sour-Milk,test,48,24
test/Packages/Sour-Milk/Arla-Sour-Milk/Arla-Sour-Milk_007.jpg,Arla-Sour-Milk,test,48,24
test/Packages/Sour-Milk/Arla-Sour-Milk/Arla-Sour-Milk_008.jpg,Arla-Sour-Milk,test,48,24
test/Packages/Sour-Milk/Arla-Sour-Milk/Arla-Sour-Milk_009.jpg,Arla-Sour-Milk,test,48,24
test/Packages/Sour-Milk/Arla-Sour-Milk/Arla-Sour-Milk_010.jpg,Arla-Sour-Milk,test,48,24
test/Packages/Sour-Milk/Arla-Sour-Milk/Arla-Sour-Milk_011.jpg,Arla-Sour-Milk,test,48,24
test/Packages/Sour-Milk/Arla-Sour-Milk/Arla-Sour-Milk_012.jpg,Arla-Sour-Milk,test,48,24
test/Packages/Sour-Milk/Arla-Sour-Milk/Arla-Sour-Milk_013.jpg,Arla-Sour-Milk,test,48,24
test/Packages/Sour-Milk/Arla-Sour-Milk/Arla-Sour-Milk_014.jpg,Arla-Sour-Milk,test,48,24
test/Packages/Sour-Milk/Arla-Sour-Milk/Arla-Sour-Milk_015.jpg,Arla-Sour-Milk,test,48,24
test/Packages/Sour-Milk/Arla-Sour-Milk/Arla-Sour-Milk_016.jpg,Arla-Sour-Milk,test,48,24
test/Packages/Sour-Milk/Arla-Sour-Milk/Arla-Sour-Milk_017.jpg,Arla-Sour-Milk,test,48,24
test/Packages/Sour-Milk/Arla-Sour-Milk/Arla-Sour-Milk_018.jpg,Arla-Sour-Milk,test,48,24
test/Packages/Sour-Milk/Arla-Sour-Milk/Arla-Sour-Milk_019.jpg,Arla-Sour-Milk,test,48,24
test/Packages/Soyghurt/Alpro-Blueberry-Soyghurt/Alpro-Blueberry-Soyghurt_001.jpg,Alpro-Blueberry-Soyghurt,test,49,25
test/Packages/Soyghurt/Alpro-Blueberry-Soyghurt/Alpro-Blueberry-Soyghurt_002.jpg,Alpro-Blueberry-Soyghurt,test,49,25
test/Packages/Soyghurt/Alpro-Blueberry-Soyghurt/Alpro-Blueberry-Soyghurt_003.jpg,Alpro-Blueberry-Soyghurt,test,49,25
test/Packages/Soyghurt/Alpro-Blueberry-Soyghurt/Alpro-Blueberry-Soyghurt_004.jpg,Alpro-Blueberry-Soyghurt,test,49,25
test/Packages/Soyghurt/Alpro-Blueberry-Soyghurt/Alpro-Blueberry-Soyghurt_005.jpg,Alpro-Blueberry-Soyghurt,test,49,25
test/Packages/Soyghurt/Alpro-Blueberry-Soyghurt/Alpro-Blueberry-Soyghurt_006.jpg,Alpro-Blueberry-Soyghurt,test,49,25
test/Packages/Soyghurt/Alpro-Blueberry-Soyghurt/Alpro-Blueberry-Soyghurt_007.jpg,Alpro-Blueberry-Soyghurt,test,49,25
test/Packages/Soyghurt/Alpro-Blueberry-Soyghurt/Alpro-Blueberry-Soyghurt_008.jpg,Alpro-Blueberry-Soyghurt,test,49,25
test/Packages/Soyghurt/Alpro-Blueberry-Soyghurt/Alpro-Blueberry-Soyghurt_009.jpg,Alpro-Blueberry-Soyghurt,test,49,25
test/Packages/Soyghurt/Alpro-Blueberry-Soyghurt/Alpro-Blueberry-Soyghurt_010.jpg,Alpro-Blueberry-Soyghurt,test,49,25
test/Packages/Soyghurt/Alpro-Blueberry-Soyghurt/Alpro-Blueberry-Soyghurt_011.jpg,Alpro-Blueberry-Soyghurt,test,49,25
test/Packages/Soyghurt/Alpro-Blueberry-Soyghurt/Alpro-Blueberry-Soyghurt_012.jpg,Alpro-Blueberry-Soyghurt,test,49,25
test/Packages/Soyghurt/Alpro-Blueberry-Soyghurt/Alpro-Blueberry-Soyghurt_013.jpg,Alpro-Blueberry-Soyghurt,test,49,25
test/Packages/Soyghurt/Alpro-Blueberry-Soyghurt/Alpro-Blueberry-Soyghurt_014.jpg,Alpro-Blueberry-Soyghurt,test,49,25
test/Packages/Soyghurt/Alpro-Blueberry-Soyghurt/Alpro-Blueberry-Soyghurt_015.jpg,Alpro-Blueberry-Soyghurt,test,49,25
test/Packages/Soyghurt/Alpro-Blueberry-Soyghurt/Alpro-Blueberry-Soyghurt_016.jpg,Alpro-Blueberry-Soyghurt,test,49,25
test/Packages/Soyghurt/Alpro-Blueberry-Soyghurt/Alpro-Blueberry-Soyghurt_017.jpg,Alpro-Blueberry-Soyghurt,test,49,25
test/Packages/Soyghurt/Alpro-Blueberry-Soyghurt/Alpro-Blueberry-Soyghurt_018.jpg,Alpro-Blueberry-Soyghurt,test,49,25
test/Packages/Soyghurt/Alpro-Blueberry-Soyghurt/Alpro-Blueberry-Soyghurt_019.jpg,Alpro-Blueberry-Soyghurt,test,49,25
test/Packages/Soyghurt/Alpro-Blueberry-Soyghurt/Alpro-Blueberry-Soyghurt_020.jpg,Alpro-Blueberry-Soyghurt,test,49,25
test/Packages/Soyghurt/Alpro-Blueberry-Soyghurt/Alpro-Blueberry-Soyghurt_021.jpg,Alpro-Blueberry-Soyghurt,test,49,25
test/Packages/Soyghurt/Alpro-Blueberry-Soyghurt/Alpro-Blueberry-Soyghurt_022.jpg,Alpro-Blueberry-Soyghurt,test,49,25
test/Packages/Soyghurt/Alpro-Blueberry-Soyghurt/Alpro-Blueberry-Soyghurt_023.jpg,Alpro-Blueberry-Soyghurt,test,49,25
test/Packages/Soyghurt/Alpro-Blueberry-Soyghurt/Alpro-Blueberry-Soyghurt_024.jpg,Alpro-Blueberry-Soyghurt,test,49,25
test/Packages/Soyghurt/Alpro-Blueberry-Soyghurt/Alpro-Blueberry-Soyghurt_025.jpg,Alpro-Blueberry-Soyghurt,test,49,25
test/Packages/Soyghurt/Alpro-Blueberry-Soyghurt/Alpro-Blueberry-Soyghurt_026.jpg,Alpro-Blueberry-Soyghurt,test,49,25
test/Packages/Soyghurt/Alpro-Blueberry-Soyghurt/Alpro-Blueberry-Soyghurt_027.jpg,Alpro-Blueberry-Soyghurt,test,49,25
test/Packages/Soyghurt/Alpro-Blueberry-Soyghurt/Alpro-Blueberry-Soyghurt_028.jpg,Alpro-Blueberry-Soyghurt,test,49,25
test/Packages/Soyghurt/Alpro-Vanilla-Soyghurt/Alpro-Vanilla-Soyghurt_001.jpg,Alpro-Vanilla-Soyghurt,test,50,25
test/Packages/Soyghurt/Alpro-Vanilla-Soyghurt/Alpro-Vanilla-Soyghurt_002.jpg,Alpro-Vanilla-Soyghurt,test,50,25
test/Packages/Soyghurt/Alpro-Vanilla-Soyghurt/Alpro-Vanilla-Soyghurt_003.jpg,Alpro-Vanilla-Soyghurt,test,50,25
test/Packages/Soyghurt/Alpro-Vanilla-Soyghurt/Alpro-Vanilla-Soyghurt_004.jpg,Alpro-Vanilla-Soyghurt,test,50,25
test/Packages/Soyghurt/Alpro-Vanilla-Soyghurt/Alpro-Vanilla-Soyghurt_005.jpg,Alpro-Vanilla-Soyghurt,test,50,25
test/Packages/Soyghurt/Alpro-Vanilla-Soyghurt/Alpro-Vanilla-Soyghurt_006.jpg,Alpro-Vanilla-Soyghurt,test,50,25
test/Packages/Soyghurt/Alpro-Vanilla-Soyghurt/Alpro-Vanilla-Soyghurt_007.jpg,Alpro-Vanilla-Soyghurt,test,50,25
test/Packages/Soyghurt/Alpro-Vanilla-Soyghurt/Alpro-Vanilla-Soyghurt_008.jpg,Alpro-Vanilla-Soyghurt,test,50,25
test/Packages/Soyghurt/Alpro-Vanilla-Soyghurt/Alpro-Vanilla-Soyghurt_009.jpg,Alpro-Vanilla-Soyghurt,test,50,25
test/Packages/Soyghurt/Alpro-Vanilla-Soyghurt/Alpro-Vanilla-Soyghurt_010.jpg,Alpro-Vanilla-Soyghurt,test,50,25
test/Packages/Soyghurt/Alpro-Vanilla-Soyghurt/Alpro-Vanilla-Soyghurt_011.jpg,Alpro-Vanilla-Soyghurt,test,50,25
test/Packages/Soyghurt/Alpro-Vanilla-Soyghurt/Alpro-Vanilla-Soyghurt_012.jpg,Alpro-Vanilla-Soyghurt,test,50,25
test/Packages/Soyghurt/Alpro-Vanilla-Soyghurt/Alpro-Vanilla-Soyghurt_013.jpg,Alpro-Vanilla-Soyghurt,test,50,25
test/Packages/Soyghurt/Alpro-Vanilla-Soyghurt/Alpro-Vanilla-Soyghurt_014.jpg,Alpro-Vanilla-Soyghurt,test,50,25
test/Packages/Soyghurt/Alpro-Vanilla-Soyghurt/Alpro-Vanilla-Soyghurt_015.jpg,Alpro-Vanilla-Soyghurt,test,50,25
test/Packages/Soyghurt/Alpro-Vanilla-Soyghurt/Alpro-Vanilla-Soyghurt_016.jpg,Alpro-Vanilla-Soyghurt,test,50,25
test/Packages/Soyghurt/Alpro-Vanilla-Soyghurt/Alpro-Vanilla-Soyghurt_017.jpg,Alpro-Vanilla-Soyghurt,test,50,25
test/Packages/Soyghurt/Alpro-Vanilla-Soyghurt/Alpro-Vanilla-Soyghurt_018.jpg,Alpro-Vanilla-Soyghurt,test,50,25
test/Packages/Soyghurt/Alpro-Vanilla-Soyghurt/Alpro-Vanilla-Soyghurt_019.jpg,Alpro-Vanilla-Soyghurt,test,50,25
test/Packages/Soy-Milk/Alpro-Fresh-Soy-Milk/Alpro-Fresh-Soy-Milk_001.jpg,Alpro-Fresh-Soy-Milk,test,51,26
test/Packages/Soy-Milk/Alpro-Fresh-Soy-Milk/Alpro-Fresh-Soy-Milk_002.jpg,Alpro-Fresh-Soy-Milk,test,51,26
test/Packages/Soy-Milk/Alpro-Fresh-Soy-Milk/Alpro-Fresh-Soy-Milk_003.jpg,Alpro-Fresh-Soy-Milk,test,51,26
test/Packages/Soy-Milk/Alpro-Fresh-Soy-Milk/Alpro-Fresh-Soy-Milk_004.jpg,Alpro-Fresh-Soy-Milk,test,51,26
test/Packages/Soy-Milk/Alpro-Fresh-Soy-Milk/Alpro-Fresh-Soy-Milk_005.jpg,Alpro-Fresh-Soy-Milk,test,51,26
test/Packages/Soy-Milk/Alpro-Fresh-Soy-Milk/Alpro-Fresh-Soy-Milk_006.jpg,Alpro-Fresh-Soy-Milk,test,51,26
test/Packages/Soy-Milk/Alpro-Fresh-Soy-Milk/Alpro-Fresh-Soy-Milk_007.jpg,Alpro-Fresh-Soy-Milk,test,51,26
test/Packages/Soy-Milk/Alpro-Fresh-Soy-Milk/Alpro-Fresh-Soy-Milk_008.jpg,Alpro-Fresh-Soy-Milk,test,51,26
test/Packages/Soy-Milk/Alpro-Fresh-Soy-Milk/Alpro-Fresh-Soy-Milk_009.jpg,Alpro-Fresh-Soy-Milk,test,51,26
test/Packages/Soy-Milk/Alpro-Fresh-Soy-Milk/Alpro-Fresh-Soy-Milk_010.jpg,Alpro-Fresh-Soy-Milk,test,51,26
test/Packages/Soy-Milk/Alpro-Fresh-Soy-Milk/Alpro-Fresh-Soy-Milk_011.jpg,Alpro-Fresh-Soy-Milk,test,51,26
test/Packages/Soy-Milk/Alpro-Fresh-Soy-Milk/Alpro-Fresh-Soy-Milk_012.jpg,Alpro-Fresh-Soy-Milk,test,51,26
test/Packages/Soy-Milk/Alpro-Fresh-Soy-Milk/Alpro-Fresh-Soy-Milk_013.jpg,Alpro-Fresh-Soy-Milk,test,51,26
test/Packages/Soy-Milk/Alpro-Fresh-Soy-Milk/Alpro-Fresh-Soy-Milk_014.jpg,Alpro-Fresh-Soy-Milk,test,51,26
test/Packages/Soy-Milk/Alpro-Fresh-Soy-Milk/Alpro-Fresh-Soy-Milk_015.jpg,Alpro-Fresh-Soy-Milk,test,51,26
test/Packages/Soy-Milk/Alpro-Fresh-Soy-Milk/Alpro-Fresh-Soy-Milk_016.jpg,Alpro-Fresh-Soy-Milk,test,51,26
test/Packages/Soy-Milk/Alpro-Fresh-Soy-Milk/Alpro-Fresh-Soy-Milk_017.jpg,Alpro-Fresh-Soy-Milk,test,51,26
test/Packages/Soy-Milk/Alpro-Fresh-Soy-Milk/Alpro-Fresh-Soy-Milk_018.jpg,Alpro-Fresh-Soy-Milk,test,51,26
test/Packages/Soy-Milk/Alpro-Fresh-Soy-Milk/Alpro-Fresh-Soy-Milk_019.jpg,Alpro-Fresh-Soy-Milk,test,51,26
test/Packages/Soy-Milk/Alpro-Fresh-Soy-Milk/Alpro-Fresh-Soy-Milk_020.jpg,Alpro-Fresh-Soy-Milk,test,51,26
test/Packages/Soy-Milk/Alpro-Fresh-Soy-Milk/Alpro-Fresh-Soy-Milk_021.jpg,Alpro-Fresh-Soy-Milk,test,51,26
test/Packages/Soy-Milk/Alpro-Fresh-Soy-Milk/Alpro-Fresh-Soy-Milk_022.jpg,Alpro-Fresh-Soy-Milk,test,51,26
test/Packages/Soy-Milk/Alpro-Fresh-Soy-Milk/Alpro-Fresh-Soy-Milk_023.jpg,Alpro-Fresh-Soy-Milk,test,51,26
test/Packages/Soy-Milk/Alpro-Fresh-Soy-Milk/Alpro-Fresh-Soy-Milk_024.jpg,Alpro-Fresh-Soy-Milk,test,51,26
test/Packages/Soy-Milk/Alpro-Fresh-Soy-Milk/Alpro-Fresh-Soy-Milk_025.jpg,Alpro-Fresh-Soy-Milk,test,51,26
test/Packages/Soy-Milk/Alpro-Fresh-Soy-Milk/Alpro-Fresh-Soy-Milk_026.jpg,Alpro-Fresh-Soy-Milk,test,51,26
test/Packages/Soy-Milk/Alpro-Fresh-Soy-Milk/Alpro-Fresh-Soy-Milk_027.jpg,Alpro-Fresh-Soy-Milk,test,51,26
test/Packages/Soy-Milk/Alpro-Fresh-Soy-Milk/Alpro-Fresh-Soy-Milk_028.jpg,Alpro-Fresh-Soy-Milk,test,51,26
test/Packages/Soy-Milk/Alpro-Shelf-Soy-Milk/Alpro-Shelf-Soy-Milk_001.jpg,Alpro-Shelf-Soy-Milk,test,52,26
test/Packages/Soy-Milk/Alpro-Shelf-Soy-Milk/Alpro-Shelf-Soy-Milk_002.jpg,Alpro-Shelf-Soy-Milk,test,52,26
test/Packages/Soy-Milk/Alpro-Shelf-Soy-Milk/Alpro-Shelf-Soy-Milk_003.jpg,Alpro-Shelf-Soy-Milk,test,52,26
test/Packages/Soy-Milk/Alpro-Shelf-Soy-Milk/Alpro-Shelf-Soy-Milk_004.jpg,Alpro-Shelf-Soy-Milk,test,52,26
test/Packages/Soy-Milk/Alpro-Shelf-Soy-Milk/Alpro-Shelf-Soy-Milk_005.jpg,Alpro-Shelf-Soy-Milk,test,52,26
test/Packages/Soy-Milk/Alpro-Shelf-Soy-Milk/Alpro-Shelf-Soy-Milk_006.jpg,Alpro-Shelf-Soy-Milk,test,52,26
test/Packages/Soy-Milk/Alpro-Shelf-Soy-Milk/Alpro-Shelf-Soy-Milk_007.jpg,Alpro-Shelf-Soy-Milk,test,52,26
test/Packages/Soy-Milk/Alpro-Shelf-Soy-Milk/Alpro-Shelf-Soy-Milk_008.jpg,Alpro-Shelf-Soy-Milk,test,52,26
test/Packages/Soy-Milk/Alpro-Shelf-Soy-Milk/Alpro-Shelf-Soy-Milk_009.jpg,Alpro-Shelf-Soy-Milk,test,52,26
test/Packages/Soy-Milk/Alpro-Shelf-Soy-Milk/Alpro-Shelf-Soy-Milk_010.jpg,Alpro-Shelf-Soy-Milk,test,52,26
test/Packages/Soy-Milk/Alpro-Shelf-Soy-Milk/Alpro-Shelf-Soy-Milk_011.jpg,Alpro-Shelf-Soy-Milk,test,52,26
test/Packages/Soy-Milk/Alpro-Shelf-Soy-Milk/Alpro-Shelf-Soy-Milk_012.jpg,Alpro-Shelf-Soy-Milk,test,52,26
test/Packages/Soy-Milk/Alpro-Shelf-Soy-Milk/Alpro-Shelf-Soy-Milk_013.jpg,Alpro-Shelf-Soy-Milk,test,52,26
test/Packages/Soy-Milk/Alpro-Shelf-Soy-Milk/Alpro-Shelf-Soy-Milk_014.jpg,Alpro-Shelf-Soy-Milk,test,52,26
test/Packages/Soy-Milk/Alpro-Shelf-Soy-Milk/Alpro-Shelf-Soy-Milk_015.jpg,Alpro-Shelf-Soy-Milk,test,52,26
test/Packages/Soy-Milk/Alpro-Shelf-Soy-Milk/Alpro-Shelf-Soy-Milk_016.jpg,Alpro-Shelf-Soy-Milk,test,52,26
test/Packages/Soy-Milk/Alpro-Shelf-Soy-Milk/Alpro-Shelf-Soy-Milk_017.jpg,Alpro-Shelf-Soy-Milk,test,52,26
test/Packages/Soy-Milk/Alpro-Shelf-Soy-Milk/Alpro-Shelf-Soy-Milk_018.jpg,Alpro-Shelf-Soy-Milk,test,52,26
test/Packages/Soy-Milk/Alpro-Shelf-Soy-Milk/Alpro-Shelf-Soy-Milk_019.jpg,Alpro-Shelf-Soy-Milk,test,52,26
test/Packages/Soy-Milk/Alpro-Shelf-Soy-Milk/Alpro-Shelf-Soy-Milk_020.jpg,Alpro-Shelf-Soy-Milk,test,52,26
test/Packages/Soy-Milk/Alpro-Shelf-Soy-Milk/Alpro-Shelf-Soy-Milk_021.jpg,Alpro-Shelf-Soy-Milk,test,52,26
test/Packages/Soy-Milk/Alpro-Shelf-Soy-Milk/Alpro-Shelf-Soy-Milk_022.jpg,Alpro-Shelf-Soy-Milk,test,52,26
test/Packages/Soy-Milk/Alpro-Shelf-Soy-Milk/Alpro-Shelf-Soy-Milk_023.jpg,Alpro-Shelf-Soy-Milk,test,52,26
test/Packages/Soy-Milk/Alpro-Shelf-Soy-Milk/Alpro-Shelf-Soy-Milk_024.jpg,Alpro-Shelf-Soy-Milk,test,52,26
test/Packages/Soy-Milk/Alpro-Shelf-Soy-Milk/Alpro-Shelf-Soy-Milk_025.jpg,Alpro-Shelf-Soy-Milk,test,52,26
test/Packages/Soy-Milk/Alpro-Shelf-Soy-Milk/Alpro-Shelf-Soy-Milk_026.jpg,Alpro-Shelf-Soy-Milk,test,52,26
test/Packages/Soy-Milk/Alpro-Shelf-Soy-Milk/Alpro-Shelf-Soy-Milk_027.jpg,Alpro-Shelf-Soy-Milk,test,52,26
test/Packages/Soy-Milk/Alpro-Shelf-Soy-Milk/Alpro-Shelf-Soy-Milk_028.jpg,Alpro-Shelf-Soy-Milk,test,52,26
test/Packages/Soy-Milk/Alpro-Shelf-Soy-Milk/Alpro-Shelf-Soy-Milk_029.jpg,Alpro-Shelf-Soy-Milk,test,52,26
test/Packages/Soy-Milk/Alpro-Shelf-Soy-Milk/Alpro-Shelf-Soy-Milk_030.jpg,Alpro-Shelf-Soy-Milk,test,52,26
test/Packages/Yoghurt/Arla-Mild-Vanilla-Yoghurt/Arla-Mild-Vanilla-Yoghurt_001.jpg,Arla-Mild-Vanilla-Yoghurt,test,53,27
test/Packages/Yoghurt/Arla-Mild-Vanilla-Yoghurt/Arla-Mild-Vanilla-Yoghurt_002.jpg,Arla-Mild-Vanilla-Yoghurt,test,53,27
test/Packages/Yoghurt/Arla-Mild-Vanilla-Yoghurt/Arla-Mild-Vanilla-Yoghurt_003.jpg,Arla-Mild-Vanilla-Yoghurt,test,53,27
test/Packages/Yoghurt/Arla-Mild-Vanilla-Yoghurt/Arla-Mild-Vanilla-Yoghurt_004.jpg,Arla-Mild-Vanilla-Yoghurt,test,53,27
test/Packages/Yoghurt/Arla-Mild-Vanilla-Yoghurt/Arla-Mild-Vanilla-Yoghurt_005.jpg,Arla-Mild-Vanilla-Yoghurt,test,53,27
test/Packages/Yoghurt/Arla-Mild-Vanilla-Yoghurt/Arla-Mild-Vanilla-Yoghurt_006.jpg,Arla-Mild-Vanilla-Yoghurt,test,53,27
test/Packages/Yoghurt/Arla-Mild-Vanilla-Yoghurt/Arla-Mild-Vanilla-Yoghurt_007.jpg,Arla-Mild-Vanilla-Yoghurt,test,53,27
test/Packages/Yoghurt/Arla-Mild-Vanilla-Yoghurt/Arla-Mild-Vanilla-Yoghurt_008.jpg,Arla-Mild-Vanilla-Yoghurt,test,53,27
test/Packages/Yoghurt/Arla-Mild-Vanilla-Yoghurt/Arla-Mild-Vanilla-Yoghurt_009.jpg,Arla-Mild-Vanilla-Yoghurt,test,53,27
test/Packages/Yoghurt/Arla-Mild-Vanilla-Yoghurt/Arla-Mild-Vanilla-Yoghurt_010.jpg,Arla-Mild-Vanilla-Yoghurt,test,53,27
test/Packages/Yoghurt/Arla-Mild-Vanilla-Yoghurt/Arla-Mild-Vanilla-Yoghurt_011.jpg,Arla-Mild-Vanilla-Yoghurt,test,53,27
test/Packages/Yoghurt/Arla-Mild-Vanilla-Yoghurt/Arla-Mild-Vanilla-Yoghurt_012.jpg,Arla-Mild-Vanilla-Yoghurt,test,53,27
test/Packages/Yoghurt/Arla-Mild-Vanilla-Yoghurt/Arla-Mild-Vanilla-Yoghurt_013.jpg,Arla-Mild-Vanilla-Yoghurt,test,53,27
test/Packages/Yoghurt/Arla-Mild-Vanilla-Yoghurt/Arla-Mild-Vanilla-Yoghurt_014.jpg,Arla-Mild-Vanilla-Yoghurt,test,53,27
test/Packages/Yoghurt/Arla-Mild-Vanilla-Yoghurt/Arla-Mild-Vanilla-Yoghurt_015.jpg,Arla-Mild-Vanilla-Yoghurt,test,53,27
test/Packages/Yoghurt/Arla-Mild-Vanilla-Yoghurt/Arla-Mild-Vanilla-Yoghurt_016.jpg,Arla-Mild-Vanilla-Yoghurt,test,53,27
test/Packages/Yoghurt/Arla-Mild-Vanilla-Yoghurt/Arla-Mild-Vanilla-Yoghurt_017.jpg,Arla-Mild-Vanilla-Yoghurt,test,53,27
test/Packages/Yoghurt/Arla-Mild-Vanilla-Yoghurt/Arla-Mild-Vanilla-Yoghurt_018.jpg,Arla-Mild-Vanilla-Yoghurt,test,53,27
test/Packages/Yoghurt/Arla-Mild-Vanilla-Yoghurt/Arla-Mild-Vanilla-Yoghurt_019.jpg,Arla-Mild-Vanilla-Yoghurt,test,53,27
test/Packages/Yoghurt/Arla-Mild-Vanilla-Yoghurt/Arla-Mild-Vanilla-Yoghurt_020.jpg,Arla-Mild-Vanilla-Yoghurt,test,53,27
test/Packages/Yoghurt/Arla-Mild-Vanilla-Yoghurt/Arla-Mild-Vanilla-Yoghurt_021.jpg,Arla-Mild-Vanilla-Yoghurt,test,53,27
test/Packages/Yoghurt/Arla-Mild-Vanilla-Yoghurt/Arla-Mild-Vanilla-Yoghurt_022.jpg,Arla-Mild-Vanilla-Yoghurt,test,53,27
test/Packages/Yoghurt/Arla-Mild-Vanilla-Yoghurt/Arla-Mild-Vanilla-Yoghurt_023.jpg,Arla-Mild-Vanilla-Yoghurt,test,53,27
test/Packages/Yoghurt/Arla-Mild-Vanilla-Yoghurt/Arla-Mild-Vanilla-Yoghurt_024.jpg,Arla-Mild-Vanilla-Yoghurt,test,53,27
test/Packages/Yoghurt/Arla-Mild-Vanilla-Yoghurt/Arla-Mild-Vanilla-Yoghurt_025.jpg,Arla-Mild-Vanilla-Yoghurt,test,53,27
test/Packages/Yoghurt/Arla-Mild-Vanilla-Yoghurt/Arla-Mild-Vanilla-Yoghurt_026.jpg,Arla-Mild-Vanilla-Yoghurt,test,53,27
test/Packages/Yoghurt/Arla-Mild-Vanilla-Yoghurt/Arla-Mild-Vanilla-Yoghurt_027.jpg,Arla-Mild-Vanilla-Yoghurt,test,53,27
test/Packages/Yoghurt/Arla-Natural-Mild-Low-Fat-Yoghurt/Arla-Natural-Mild-Low-Fat-Yoghurt_001.jpg,Arla-Natural-Mild-Low-Fat-Yoghurt,test,54,27
test/Packages/Yoghurt/Arla-Natural-Mild-Low-Fat-Yoghurt/Arla-Natural-Mild-Low-Fat-Yoghurt_002.jpg,Arla-Natural-Mild-Low-Fat-Yoghurt,test,54,27
test/Packages/Yoghurt/Arla-Natural-Mild-Low-Fat-Yoghurt/Arla-Natural-Mild-Low-Fat-Yoghurt_003.jpg,Arla-Natural-Mild-Low-Fat-Yoghurt,test,54,27
test/Packages/Yoghurt/Arla-Natural-Mild-Low-Fat-Yoghurt/Arla-Natural-Mild-Low-Fat-Yoghurt_004.jpg,Arla-Natural-Mild-Low-Fat-Yoghurt,test,54,27
test/Packages/Yoghurt/Arla-Natural-Mild-Low-Fat-Yoghurt/Arla-Natural-Mild-Low-Fat-Yoghurt_005.jpg,Arla-Natural-Mild-Low-Fat-Yoghurt,test,54,27
test/Packages/Yoghurt/Arla-Natural-Mild-Low-Fat-Yoghurt/Arla-Natural-Mild-Low-Fat-Yoghurt_006.jpg,Arla-Natural-Mild-Low-Fat-Yoghurt,test,54,27
test/Packages/Yoghurt/Arla-Natural-Mild-Low-Fat-Yoghurt/Arla-Natural-Mild-Low-Fat-Yoghurt_007.jpg,Arla-Natural-Mild-Low-Fat-Yoghurt,test,54,27
test/Packages/Yoghurt/Arla-Natural-Mild-Low-Fat-Yoghurt/Arla-Natural-Mild-Low-Fat-Yoghurt_008.jpg,Arla-Natural-Mild-Low-Fat-Yoghurt,test,54,27
test/Packages/Yoghurt/Arla-Natural-Mild-Low-Fat-Yoghurt/Arla-Natural-Mild-Low-Fat-Yoghurt_009.jpg,Arla-Natural-Mild-Low-Fat-Yoghurt,test,54,27
test/Packages/Yoghurt/Arla-Natural-Mild-Low-Fat-Yoghurt/Arla-Natural-Mild-Low-Fat-Yoghurt_010.jpg,Arla-Natural-Mild-Low-Fat-Yoghurt,test,54,27
test/Packages/Yoghurt/Arla-Natural-Mild-Low-Fat-Yoghurt/Arla-Natural-Mild-Low-Fat-Yoghurt_011.jpg,Arla-Natural-Mild-Low-Fat-Yoghurt,test,54,27
test/Packages/Yoghurt/Arla-Natural-Mild-Low-Fat-Yoghurt/Arla-Natural-Mild-Low-Fat-Yoghurt_012.jpg,Arla-Natural-Mild-Low-Fat-Yoghurt,test,54,27
test/Packages/Yoghurt/Arla-Natural-Mild-Low-Fat-Yoghurt/Arla-Natural-Mild-Low-Fat-Yoghurt_013.jpg,Arla-Natural-Mild-Low-Fat-Yoghurt,test,54,27
test/Packages/Yoghurt/Arla-Natural-Mild-Low-Fat-Yoghurt/Arla-Natural-Mild-Low-Fat-Yoghurt_014.jpg,Arla-Natural-Mild-Low-Fat-Yoghurt,test,54,27
test/Packages/Yoghurt/Arla-Natural-Mild-Low-Fat-Yoghurt/Arla-Natural-Mild-Low-Fat-Yoghurt_015.jpg,Arla-Natural-Mild-Low-Fat-Yoghurt,test,54,27
test/Packages/Yoghurt/Arla-Natural-Mild-Low-Fat-Yoghurt/Arla-Natural-Mild-Low-Fat-Yoghurt_016.jpg,Arla-Natural-Mild-Low-Fat-Yoghurt,test,54,27
test/Packages/Yoghurt/Arla-Natural-Mild-Low-Fat-Yoghurt/Arla-Natural-Mild-Low-Fat-Yoghurt_017.jpg,Arla-Natural-Mild-Low-Fat-Yoghurt,test,54,27
test/Packages/Yoghurt/Arla-Natural-Mild-Low-Fat-Yoghurt/Arla-Natural-Mild-Low-Fat-Yoghurt_018.jpg,Arla-Natural-Mild-Low-Fat-Yoghurt,test,54,27
test/Packages/Yoghurt/Arla-Natural-Mild-Low-Fat-Yoghurt/Arla-Natural-Mild-Low-Fat-Yoghurt_019.jpg,Arla-Natural-Mild-Low-Fat-Yoghurt,test,54,27
test/Packages/Yoghurt/Arla-Natural-Mild-Low-Fat-Yoghurt/Arla-Natural-Mild-Low-Fat-Yoghurt_020.jpg,Arla-Natural-Mild-Low-Fat-Yoghurt,test,54,27
test/Packages/Yoghurt/Arla-Natural-Mild-Low-Fat-Yoghurt/Arla-Natural-Mild-Low-Fat-Yoghurt_021.jpg,Arla-Natural-Mild-Low-Fat-Yoghurt,test,54,27
test/Packages/Yoghurt/Arla-Natural-Mild-Low-Fat-Yoghurt/Arla-Natural-Mild-Low-Fat-Yoghurt_022.jpg,Arla-Natural-Mild-Low-Fat-Yoghurt,test,54,27
test/Packages/Yoghurt/Arla-Natural-Mild-Low-Fat-Yoghurt/Arla-Natural-Mild-Low-Fat-Yoghurt_023.jpg,Arla-Natural-Mild-Low-Fat-Yoghurt,test,54,27
test/Packages/Yoghurt/Arla-Natural-Yoghurt/Arla-Natural-Yoghurt_001.jpg,Arla-Natural-Yoghurt,test,55,27
test/Packages/Yoghurt/Arla-Natural-Yoghurt/Arla-Natural-Yoghurt_002.jpg,Arla-Natural-Yoghurt,test,55,27
test/Packages/Yoghurt/Arla-Natural-Yoghurt/Arla-Natural-Yoghurt_003.jpg,Arla-Natural-Yoghurt,test,55,27
test/Packages/Yoghurt/Arla-Natural-Yoghurt/Arla-Natural-Yoghurt_004.jpg,Arla-Natural-Yoghurt,test,55,27
test/Packages/Yoghurt/Arla-Natural-Yoghurt/Arla-Natural-Yoghurt_005.jpg,Arla-Natural-Yoghurt,test,55,27
test/Packages/Yoghurt/Arla-Natural-Yoghurt/Arla-Natural-Yoghurt_006.jpg,Arla-Natural-Yoghurt,test,55,27
test/Packages/Yoghurt/Arla-Natural-Yoghurt/Arla-Natural-Yoghurt_007.jpg,Arla-Natural-Yoghurt,test,55,27
test/Packages/Yoghurt/Arla-Natural-Yoghurt/Arla-Natural-Yoghurt_008.jpg,Arla-Natural-Yoghurt,test,55,27
test/Packages/Yoghurt/Arla-Natural-Yoghurt/Arla-Natural-Yoghurt_009.jpg,Arla-Natural-Yoghurt,test,55,27
test/Packages/Yoghurt/Arla-Natural-Yoghurt/Arla-Natural-Yoghurt_010.jpg,Arla-Natural-Yoghurt,test,55,27
test/Packages/Yoghurt/Arla-Natural-Yoghurt/Arla-Natural-Yoghurt_011.jpg,Arla-Natural-Yoghurt,test,55,27
test/Packages/Yoghurt/Arla-Natural-Yoghurt/Arla-Natural-Yoghurt_012.jpg,Arla-Natural-Yoghurt,test,55,27
test/Packages/Yoghurt/Arla-Natural-Yoghurt/Arla-Natural-Yoghurt_013.jpg,Arla-Natural-Yoghurt,test,55,27
test/Packages/Yoghurt/Arla-Natural-Yoghurt/Arla-Natural-Yoghurt_014.jpg,Arla-Natural-Yoghurt,test,55,27
test/Packages/Yoghurt/Arla-Natural-Yoghurt/Arla-Natural-Yoghurt_015.jpg,Arla-Natural-Yoghurt,test,55,27
test/Packages/Yoghurt/Arla-Natural-Yoghurt/Arla-Natural-Yoghurt_016.jpg,Arla-Natural-Yoghurt,test,55,27
test/Packages/Yoghurt/Arla-Natural-Yoghurt/Arla-Natural-Yoghurt_017.jpg,Arla-Natural-Yoghurt,test,55,27
test/Packages/Yoghurt/Arla-Natural-Yoghurt/Arla-Natural-Yoghurt_018.jpg,Arla-Natural-Yoghurt,test,55,27
test/Packages/Yoghurt/Arla-Natural-Yoghurt/Arla-Natural-Yoghurt_019.jpg,Arla-Natural-Yoghurt,test,55,27
test/Packages/Yoghurt/Arla-Natural-Yoghurt/Arla-Natural-Yoghurt_020.jpg,Arla-Natural-Yoghurt,test,55,27
test/Packages/Yoghurt/Arla-Natural-Yoghurt/Arla-Natural-Yoghurt_021.jpg,Arla-Natural-Yoghurt,test,55,27
test/Packages/Yoghurt/Arla-Natural-Yoghurt/Arla-Natural-Yoghurt_022.jpg,Arla-Natural-Yoghurt,test,55,27
test/Packages/Yoghurt/Arla-Natural-Yoghurt/Arla-Natural-Yoghurt_023.jpg,Arla-Natural-Yoghurt,test,55,27
test/Packages/Yoghurt/Arla-Natural-Yoghurt/Arla-Natural-Yoghurt_024.jpg,Arla-Natural-Yoghurt,test,55,27
test/Packages/Yoghurt/Arla-Natural-Yoghurt/Arla-Natural-Yoghurt_025.jpg,Arla-Natural-Yoghurt,test,55,27
test/Packages/Yoghurt/Arla-Natural-Yoghurt/Arla-Natural-Yoghurt_026.jpg,Arla-Natural-Yoghurt,test,55,27
test/Packages/Yoghurt/Arla-Natural-Yoghurt/Arla-Natural-Yoghurt_027.jpg,Arla-Natural-Yoghurt,test,55,27
test/Packages/Yoghurt/Arla-Natural-Yoghurt/Arla-Natural-Yoghurt_028.jpg,Arla-Natural-Yoghurt,test,55,27
test/Packages/Yoghurt/Arla-Natural-Yoghurt/Arla-Natural-Yoghurt_029.jpg,Arla-Natural-Yoghurt,test,55,27
test/Packages/Yoghurt/Arla-Natural-Yoghurt/Arla-Natural-Yoghurt_030.jpg,Arla-Natural-Yoghurt,test,55,27
test/Packages/Yoghurt/Arla-Natural-Yoghurt/Arla-Natural-Yoghurt_031.jpg,Arla-Natural-Yoghurt,test,55,27
test/Packages/Yoghurt/Arla-Natural-Yoghurt/Arla-Natural-Yoghurt_032.jpg,Arla-Natural-Yoghurt,test,55,27
test/Packages/Yoghurt/Arla-Natural-Yoghurt/Arla-Natural-Yoghurt_033.jpg,Arla-Natural-Yoghurt,test,55,27
test/Packages/Yoghurt/Arla-Natural-Yoghurt/Arla-Natural-Yoghurt_034.jpg,Arla-Natural-Yoghurt,test,55,27
test/Packages/Yoghurt/Arla-Natural-Yoghurt/Arla-Natural-Yoghurt_035.jpg,Arla-Natural-Yoghurt,test,55,27
test/Packages/Yoghurt/Arla-Natural-Yoghurt/Arla-Natural-Yoghurt_036.jpg,Arla-Natural-Yoghurt,test,55,27
test/Packages/Yoghurt/Arla-Natural-Yoghurt/Arla-Natural-Yoghurt_037.jpg,Arla-Natural-Yoghurt,test,55,27
test/Packages/Yoghurt/Arla-Natural-Yoghurt/Arla-Natural-Yoghurt_038.jpg,Arla-Natural-Yoghurt,test,55,27
test/Packages/Yoghurt/Arla-Natural-Yoghurt/Arla-Natural-Yoghurt_039.jpg,Arla-Natural-Yoghurt,test,55,27
test/Packages/Yoghurt/Arla-Natural-Yoghurt/Arla-Natural-Yoghurt_040.jpg,Arla-Natural-Yoghurt,test,55,27
test/Packages/Yoghurt/Arla-Natural-Yoghurt/Arla-Natural-Yoghurt_041.jpg,Arla-Natural-Yoghurt,test,55,27
test/Packages/Yoghurt/Valio-Vanilla-Yoghurt/Valio-Vanilla-Yoghurt_001.jpg,Valio-Vanilla-Yoghurt,test,56,27
test/Packages/Yoghurt/Valio-Vanilla-Yoghurt/Valio-Vanilla-Yoghurt_002.jpg,Valio-Vanilla-Yoghurt,test,56,27
test/Packages/Yoghurt/Valio-Vanilla-Yoghurt/Valio-Vanilla-Yoghurt_003.jpg,Valio-Vanilla-Yoghurt,test,56,27
test/Packages/Yoghurt/Valio-Vanilla-Yoghurt/Valio-Vanilla-Yoghurt_004.jpg,Valio-Vanilla-Yoghurt,test,56,27
test/Packages/Yoghurt/Valio-Vanilla-Yoghurt/Valio-Vanilla-Yoghurt_005.jpg,Valio-Vanilla-Yoghurt,test,56,27
test/Packages/Yoghurt/Valio-Vanilla-Yoghurt/Valio-Vanilla-Yoghurt_006.jpg,Valio-Vanilla-Yoghurt,test,56,27
test/Packages/Yoghurt/Valio-Vanilla-Yoghurt/Valio-Vanilla-Yoghurt_007.jpg,Valio-Vanilla-Yoghurt,test,56,27
test/Packages/Yoghurt/Valio-Vanilla-Yoghurt/Valio-Vanilla-Yoghurt_008.jpg,Valio-Vanilla-Yoghurt,test,56,27
test/Packages/Yoghurt/Valio-Vanilla-Yoghurt/Valio-Vanilla-Yoghurt_009.jpg,Valio-Vanilla-Yoghurt,test,56,27
test/Packages/Yoghurt/Valio-Vanilla-Yoghurt/Valio-Vanilla-Yoghurt_010.jpg,Valio-Vanilla-Yoghurt,test,56,27
test/Packages/Yoghurt/Valio-Vanilla-Yoghurt/Valio-Vanilla-Yoghurt_011.jpg,Valio-Vanilla-Yoghurt,test,56,27
test/Packages/Yoghurt/Valio-Vanilla-Yoghurt/Valio-Vanilla-Yoghurt_012.jpg,Valio-Vanilla-Yoghurt,test,56,27
test/Packages/Yoghurt/Valio-Vanilla-Yoghurt/Valio-Vanilla-Yoghurt_013.jpg,Valio-Vanilla-Yoghurt,test,56,27
test/Packages/Yoghurt/Valio-Vanilla-Yoghurt/Valio-Vanilla-Yoghurt_014.jpg,Valio-Vanilla-Yoghurt,test,56,27
test/Packages/Yoghurt/Valio-Vanilla-Yoghurt/Valio-Vanilla-Yoghurt_015.jpg,Valio-Vanilla-Yoghurt,test,56,27
test/Packages/Yoghurt/Valio-Vanilla-Yoghurt/Valio-Vanilla-Yoghurt_016.jpg,Valio-Vanilla-Yoghurt,test,56,27
test/Packages/Yoghurt/Valio-Vanilla-Yoghurt/Valio-Vanilla-Yoghurt_017.jpg,Valio-Vanilla-Yoghurt,test,56,27
test/Packages/Yoghurt/Valio-Vanilla-Yoghurt/Valio-Vanilla-Yoghurt_018.jpg,Valio-Vanilla-Yoghurt,test,56,27
test/Packages/Yoghurt/Valio-Vanilla-Yoghurt/Valio-Vanilla-Yoghurt_019.jpg,Valio-Vanilla-Yoghurt,test,56,27
test/Packages/Yoghurt/Valio-Vanilla-Yoghurt/Valio-Vanilla-Yoghurt_020.jpg,Valio-Vanilla-Yoghurt,test,56,27
test/Packages/Yoghurt/Valio-Vanilla-Yoghurt/Valio-Vanilla-Yoghurt_021.jpg,Valio-Vanilla-Yoghurt,test,56,27
test/Packages/Yoghurt/Valio-Vanilla-Yoghurt/Valio-Vanilla-Yoghurt_022.jpg,Valio-Vanilla-Yoghurt,test,56,27
test/Packages/Yoghurt/Valio-Vanilla-Yoghurt/Valio-Vanilla-Yoghurt_023.jpg,Valio-Vanilla-Yoghurt,test,56,27
test/Packages/Yoghurt/Valio-Vanilla-Yoghurt/Valio-Vanilla-Yoghurt_024.jpg,Valio-Vanilla-Yoghurt,test,56,27
test/Packages/Yoghurt/Valio-Vanilla-Yoghurt/Valio-Vanilla-Yoghurt_025.jpg,Valio-Vanilla-Yoghurt,test,56,27
test/Packages/Yoghurt/Valio-Vanilla-Yoghurt/Valio-Vanilla-Yoghurt_026.jpg,Valio-Vanilla-Yoghurt,test,56,27
test/Packages/Yoghurt/Valio-Vanilla-Yoghurt/Valio-Vanilla-Yoghurt_027.jpg,Valio-Vanilla-Yoghurt,test,56,27
test/Packages/Yoghurt/Valio-Vanilla-Yoghurt/Valio-Vanilla-Yoghurt_028.jpg,Valio-Vanilla-Yoghurt,test,56,27
test/Packages/Yoghurt/Valio-Vanilla-Yoghurt/Valio-Vanilla-Yoghurt_029.jpg,Valio-Vanilla-Yoghurt,test,56,27
test/Packages/Yoghurt/Valio-Vanilla-Yoghurt/Valio-Vanilla-Yoghurt_030.jpg,Valio-Vanilla-Yoghurt,test,56,27
test/Packages/Yoghurt/Valio-Vanilla-Yoghurt/Valio-Vanilla-Yoghurt_031.jpg,Valio-Vanilla-Yoghurt,test,56,27
test/Packages/Yoghurt/Yoggi-Strawberry-Yoghurt/Yoggi-Strawberry-Yoghurt_001.jpg,Yoggi-Strawberry-Yoghurt,test,57,27
test/Packages/Yoghurt/Yoggi-Strawberry-Yoghurt/Yoggi-Strawberry-Yoghurt_002.jpg,Yoggi-Strawberry-Yoghurt,test,57,27
test/Packages/Yoghurt/Yoggi-Strawberry-Yoghurt/Yoggi-Strawberry-Yoghurt_003.jpg,Yoggi-Strawberry-Yoghurt,test,57,27
test/Packages/Yoghurt/Yoggi-Strawberry-Yoghurt/Yoggi-Strawberry-Yoghurt_004.jpg,Yoggi-Strawberry-Yoghurt,test,57,27
test/Packages/Yoghurt/Yoggi-Strawberry-Yoghurt/Yoggi-Strawberry-Yoghurt_005.jpg,Yoggi-Strawberry-Yoghurt,test,57,27
test/Packages/Yoghurt/Yoggi-Strawberry-Yoghurt/Yoggi-Strawberry-Yoghurt_006.jpg,Yoggi-Strawberry-Yoghurt,test,57,27
test/Packages/Yoghurt/Yoggi-Strawberry-Yoghurt/Yoggi-Strawberry-Yoghurt_007.jpg,Yoggi-Strawberry-Yoghurt,test,57,27
test/Packages/Yoghurt/Yoggi-Strawberry-Yoghurt/Yoggi-Strawberry-Yoghurt_008.jpg,Yoggi-Strawberry-Yoghurt,test,57,27
test/Packages/Yoghurt/Yoggi-Strawberry-Yoghurt/Yoggi-Strawberry-Yoghurt_009.jpg,Yoggi-Strawberry-Yoghurt,test,57,27
test/Packages/Yoghurt/Yoggi-Strawberry-Yoghurt/Yoggi-Strawberry-Yoghurt_010.jpg,Yoggi-Strawberry-Yoghurt,test,57,27
test/Packages/Yoghurt/Yoggi-Strawberry-Yoghurt/Yoggi-Strawberry-Yoghurt_011.jpg,Yoggi-Strawberry-Yoghurt,test,57,27
test/Packages/Yoghurt/Yoggi-Strawberry-Yoghurt/Yoggi-Strawberry-Yoghurt_012.jpg,Yoggi-Strawberry-Yoghurt,test,57,27
test/Packages/Yoghurt/Yoggi-Strawberry-Yoghurt/Yoggi-Strawberry-Yoghurt_013.jpg,Yoggi-Strawberry-Yoghurt,test,57,27
test/Packages/Yoghurt/Yoggi-Strawberry-Yoghurt/Yoggi-Strawberry-Yoghurt_014.jpg,Yoggi-Strawberry-Yoghurt,test,57,27
test/Packages/Yoghurt/Yoggi-Strawberry-Yoghurt/Yoggi-Strawberry-Yoghurt_015.jpg,Yoggi-Strawberry-Yoghurt,test,57,27
test/Packages/Yoghurt/Yoggi-Strawberry-Yoghurt/Yoggi-Strawberry-Yoghurt_016.jpg,Yoggi-Strawberry-Yoghurt,test,57,27
test/Packages/Yoghurt/Yoggi-Strawberry-Yoghurt/Yoggi-Strawberry-Yoghurt_017.jpg,Yoggi-Strawberry-Yoghurt,test,57,27
test/Packages/Yoghurt/Yoggi-Strawberry-Yoghurt/Yoggi-Strawberry-Yoghurt_018.jpg,Yoggi-Strawberry-Yoghurt,test,57,27
test/Packages/Yoghurt/Yoggi-Strawberry-Yoghurt/Yoggi-Strawberry-Yoghurt_019.jpg,Yoggi-Strawberry-Yoghurt,test,57,27
test/Packages/Yoghurt/Yoggi-Strawberry-Yoghurt/Yoggi-Strawberry-Yoghurt_020.jpg,Yoggi-Strawberry-Yoghurt,test,57,27
test/Packages/Yoghurt/Yoggi-Strawberry-Yoghurt/Yoggi-Strawberry-Yoghurt_021.jpg,Yoggi-Strawberry-Yoghurt,test,57,27
test/Packages/Yoghurt/Yoggi-Strawberry-Yoghurt/Yoggi-Strawberry-Yoghurt_022.jpg,Yoggi-Strawberry-Yoghurt,test,57,27
test/Packages/Yoghurt/Yoggi-Strawberry-Yoghurt/Yoggi-Strawberry-Yoghurt_023.jpg,Yoggi-Strawberry-Yoghurt,test,57,27
test/Packages/Yoghurt/Yoggi-Strawberry-Yoghurt/Yoggi-Strawberry-Yoghurt_024.jpg,Yoggi-Strawberry-Yoghurt,test,57,27
test/Packages/Yoghurt/Yoggi-Strawberry-Yoghurt/Yoggi-Strawberry-Yoghurt_025.jpg,Yoggi-Strawberry-Yoghurt,test,57,27
test/Packages/Yoghurt/Yoggi-Strawberry-Yoghurt/Yoggi-Strawberry-Yoghurt_026.jpg,Yoggi-Strawberry-Yoghurt,test,57,27
test/Packages/Yoghurt/Yoggi-Strawberry-Yoghurt/Yoggi-Strawberry-Yoghurt_027.jpg,Yoggi-Strawberry-Yoghurt,test,57,27
test/Packages/Yoghurt/Yoggi-Strawberry-Yoghurt/Yoggi-Strawberry-Yoghurt_028.jpg,Yoggi-Strawberry-Yoghurt,test,57,27
test/Packages/Yoghurt/Yoggi-Strawberry-Yoghurt/Yoggi-Strawberry-Yoghurt_029.jpg,Yoggi-Strawberry-Yoghurt,test,57,27
test/Packages/Yoghurt/Yoggi-Strawberry-Yoghurt/Yoggi-Strawberry-Yoghurt_030.jpg,Yoggi-Strawberry-Yoghurt,test,57,27
test/Packages/Yoghurt/Yoggi-Strawberry-Yoghurt/Yoggi-Strawberry-Yoghurt_031.jpg,Yoggi-Strawberry-Yoghurt,test,57,27
test/Packages/Yoghurt/Yoggi-Strawberry-Yoghurt/Yoggi-Strawberry-Yoghurt_032.jpg,Yoggi-Strawberry-Yoghurt,test,57,27
test/Packages/Yoghurt/Yoggi-Vanilla-Yoghurt/Yoggi-Vanilla-Yoghurt_001.jpg,Yoggi-Vanilla-Yoghurt,test,58,27
test/Packages/Yoghurt/Yoggi-Vanilla-Yoghurt/Yoggi-Vanilla-Yoghurt_002.jpg,Yoggi-Vanilla-Yoghurt,test,58,27
test/Packages/Yoghurt/Yoggi-Vanilla-Yoghurt/Yoggi-Vanilla-Yoghurt_003.jpg,Yoggi-Vanilla-Yoghurt,test,58,27
test/Packages/Yoghurt/Yoggi-Vanilla-Yoghurt/Yoggi-Vanilla-Yoghurt_004.jpg,Yoggi-Vanilla-Yoghurt,test,58,27
test/Packages/Yoghurt/Yoggi-Vanilla-Yoghurt/Yoggi-Vanilla-Yoghurt_005.jpg,Yoggi-Vanilla-Yoghurt,test,58,27
test/Packages/Yoghurt/Yoggi-Vanilla-Yoghurt/Yoggi-Vanilla-Yoghurt_006.jpg,Yoggi-Vanilla-Yoghurt,test,58,27
test/Packages/Yoghurt/Yoggi-Vanilla-Yoghurt/Yoggi-Vanilla-Yoghurt_007.jpg,Yoggi-Vanilla-Yoghurt,test,58,27
test/Packages/Yoghurt/Yoggi-Vanilla-Yoghurt/Yoggi-Vanilla-Yoghurt_008.jpg,Yoggi-Vanilla-Yoghurt,test,58,27
test/Packages/Yoghurt/Yoggi-Vanilla-Yoghurt/Yoggi-Vanilla-Yoghurt_009.jpg,Yoggi-Vanilla-Yoghurt,test,58,27
test/Packages/Yoghurt/Yoggi-Vanilla-Yoghurt/Yoggi-Vanilla-Yoghurt_010.jpg,Yoggi-Vanilla-Yoghurt,test,58,27
test/Packages/Yoghurt/Yoggi-Vanilla-Yoghurt/Yoggi-Vanilla-Yoghurt_011.jpg,Yoggi-Vanilla-Yoghurt,test,58,27
test/Packages/Yoghurt/Yoggi-Vanilla-Yoghurt/Yoggi-Vanilla-Yoghurt_012.jpg,Yoggi-Vanilla-Yoghurt,test,58,27
test/Packages/Yoghurt/Yoggi-Vanilla-Yoghurt/Yoggi-Vanilla-Yoghurt_013.jpg,Yoggi-Vanilla-Yoghurt,test,58,27
test/Packages/Yoghurt/Yoggi-Vanilla-Yoghurt/Yoggi-Vanilla-Yoghurt_014.jpg,Yoggi-Vanilla-Yoghurt,test,58,27
test/Packages/Yoghurt/Yoggi-Vanilla-Yoghurt/Yoggi-Vanilla-Yoghurt_015.jpg,Yoggi-Vanilla-Yoghurt,test,58,27
test/Packages/Yoghurt/Yoggi-Vanilla-Yoghurt/Yoggi-Vanilla-Yoghurt_016.jpg,Yoggi-Vanilla-Yoghurt,test,58,27
test/Packages/Yoghurt/Yoggi-Vanilla-Yoghurt/Yoggi-Vanilla-Yoghurt_017.jpg,Yoggi-Vanilla-Yoghurt,test,58,27
test/Packages/Yoghurt/Yoggi-Vanilla-Yoghurt/Yoggi-Vanilla-Yoghurt_018.jpg,Yoggi-Vanilla-Yoghurt,test,58,27
test/Vegetables/Asparagus/Asparagus_001.jpg,Asparagus,test,59,28
test/Vegetables/Asparagus/Asparagus_002.jpg,Asparagus,test,59,28
test/Vegetables/Asparagus/Asparagus_003.jpg,Asparagus,test,59,28
test/Vegetables/Asparagus/Asparagus_004.jpg,Asparagus,test,59,28
test/Vegetables/Asparagus/Asparagus_005.jpg,Asparagus,test,59,28
test/Vegetables/Asparagus/Asparagus_006.jpg,Asparagus,test,59,28
test/Vegetables/Asparagus/Asparagus_007.jpg,Asparagus,test,59,28
test/Vegetables/Asparagus/Asparagus_008.jpg,Asparagus,test,59,28
test/Vegetables/Asparagus/Asparagus_009.jpg,Asparagus,test,59,28
test/Vegetables/Asparagus/Asparagus_010.jpg,Asparagus,test,59,28
test/Vegetables/Asparagus/Asparagus_011.jpg,Asparagus,test,59,28
test/Vegetables/Asparagus/Asparagus_012.jpg,Asparagus,test,59,28
test/Vegetables/Asparagus/Asparagus_013.jpg,Asparagus,test,59,28
test/Vegetables/Asparagus/Asparagus_014.jpg,Asparagus,test,59,28
test/Vegetables/Aubergine/Aubergine_001.jpg,Aubergine,test,60,29
test/Vegetables/Aubergine/Aubergine_002.jpg,Aubergine,test,60,29
test/Vegetables/Aubergine/Aubergine_003.jpg,Aubergine,test,60,29
test/Vegetables/Aubergine/Aubergine_004.jpg,Aubergine,test,60,29
test/Vegetables/Aubergine/Aubergine_005.jpg,Aubergine,test,60,29
test/Vegetables/Aubergine/Aubergine_006.jpg,Aubergine,test,60,29
test/Vegetables/Aubergine/Aubergine_007.jpg,Aubergine,test,60,29
test/Vegetables/Aubergine/Aubergine_008.jpg,Aubergine,test,60,29
test/Vegetables/Aubergine/Aubergine_009.jpg,Aubergine,test,60,29
test/Vegetables/Aubergine/Aubergine_010.jpg,Aubergine,test,60,29
test/Vegetables/Aubergine/Aubergine_011.jpg,Aubergine,test,60,29
test/Vegetables/Aubergine/Aubergine_012.jpg,Aubergine,test,60,29
test/Vegetables/Aubergine/Aubergine_013.jpg,Aubergine,test,60,29
test/Vegetables/Aubergine/Aubergine_014.jpg,Aubergine,test,60,29
test/Vegetables/Aubergine/Aubergine_015.jpg,Aubergine,test,60,29
test/Vegetables/Aubergine/Aubergine_016.jpg,Aubergine,test,60,29
test/Vegetables/Aubergine/Aubergine_017.jpg,Aubergine,test,60,29
test/Vegetables/Aubergine/Aubergine_018.jpg,Aubergine,test,60,29
test/Vegetables/Aubergine/Aubergine_019.jpg,Aubergine,test,60,29
test/Vegetables/Aubergine/Aubergine_020.jpg,Aubergine,test,60,29
test/Vegetables/Aubergine/Aubergine_021.jpg,Aubergine,test,60,29
test/Vegetables/Aubergine/Aubergine_022.jpg,Aubergine,test,60,29
test/Vegetables/Cabbage/Cabbage_001.jpg,Cabbage,test,61,30
test/Vegetables/Cabbage/Cabbage_002.jpg,Cabbage,test,61,30
test/Vegetables/Cabbage/Cabbage_003.jpg,Cabbage,test,61,30
test/Vegetables/Cabbage/Cabbage_004.jpg,Cabbage,test,61,30
test/Vegetables/Cabbage/Cabbage_005.jpg,Cabbage,test,61,30
test/Vegetables/Cabbage/Cabbage_006.jpg,Cabbage,test,61,30
test/Vegetables/Cabbage/Cabbage_007.jpg,Cabbage,test,61,30
test/Vegetables/Cabbage/Cabbage_008.jpg,Cabbage,test,61,30
test/Vegetables/Cabbage/Cabbage_009.jpg,Cabbage,test,61,30
test/Vegetables/Cabbage/Cabbage_010.jpg,Cabbage,test,61,30
test/Vegetables/Cabbage/Cabbage_011.jpg,Cabbage,test,61,30
test/Vegetables/Cabbage/Cabbage_012.jpg,Cabbage,test,61,30
test/Vegetables/Cabbage/Cabbage_013.jpg,Cabbage,test,61,30
test/Vegetables/Cabbage/Cabbage_014.jpg,Cabbage,test,61,30
test/Vegetables/Cabbage/Cabbage_015.jpg,Cabbage,test,61,30
test/Vegetables/Cabbage/Cabbage_016.jpg,Cabbage,test,61,30
test/Vegetables/Cabbage/Cabbage_017.jpg,Cabbage,test,61,30
test/Vegetables/Cabbage/Cabbage_018.jpg,Cabbage,test,61,30
test/Vegetables/Cabbage/Cabbage_019.jpg,Cabbage,test,61,30
test/Vegetables/Carrots/Carrots_001.jpg,Carrots,test,62,31
test/Vegetables/Carrots/Carrots_002.jpg,Carrots,test,62,31
test/Vegetables/Carrots/Carrots_003.jpg,Carrots,test,62,31
test/Vegetables/Carrots/Carrots_004.jpg,Carrots,test,62,31
test/Vegetables/Carrots/Carrots_005.jpg,Carrots,test,62,31
test/Vegetables/Carrots/Carrots_006.jpg,Carrots,test,62,31
test/Vegetables/Carrots/Carrots_007.jpg,Carrots,test,62,31
test/Vegetables/Carrots/Carrots_008.jpg,Carrots,test,62,31
test/Vegetables/Carrots/Carrots_009.jpg,Carrots,test,62,31
test/Vegetables/Carrots/Carrots_010.jpg,Carrots,test,62,31
test/Vegetables/Carrots/Carrots_011.jpg,Carrots,test,62,31
test/Vegetables/Carrots/Carrots_012.jpg,Carrots,test,62,31
test/Vegetables/Carrots/Carrots_013.jpg,Carrots,test,62,31
test/Vegetables/Carrots/Carrots_014.jpg,Carrots,test,62,31
test/Vegetables/Carrots/Carrots_015.jpg,Carrots,test,62,31
test/Vegetables/Carrots/Carrots_016.jpg,Carrots,test,62,31
test/Vegetables/Carrots/Carrots_017.jpg,Carrots,test,62,31
test/Vegetables/Carrots/Carrots_018.jpg,Carrots,test,62,31
test/Vegetables/Carrots/Carrots_019.jpg,Carrots,test,62,31
test/Vegetables/Carrots/Carrots_020.jpg,Carrots,test,62,31
test/Vegetables/Carrots/Carrots_021.jpg,Carrots,test,62,31
test/Vegetables/Carrots/Carrots_022.jpg,Carrots,test,62,31
test/Vegetables/Carrots/Carrots_023.jpg,Carrots,test,62,31
test/Vegetables/Carrots/Carrots_024.jpg,Carrots,test,62,31
test/Vegetables/Carrots/Carrots_025.jpg,Carrots,test,62,31
test/Vegetables/Carrots/Carrots_026.jpg,Carrots,test,62,31
test/Vegetables/Carrots/Carrots_027.jpg,Carrots,test,62,31
test/Vegetables/Carrots/Carrots_028.jpg,Carrots,test,62,31
test/Vegetables/Carrots/Carrots_029.jpg,Carrots,test,62,31
test/Vegetables/Carrots/Carrots_030.jpg,Carrots,test,62,31
test/Vegetables/Carrots/Carrots_031.jpg,Carrots,test,62,31
test/Vegetables/Carrots/Carrots_032.jpg,Carrots,test,62,31
test/Vegetables/Carrots/Carrots_033.jpg,Carrots,test,62,31
test/Vegetables/Carrots/Carrots_034.jpg,Carrots,test,62,31
test/Vegetables/Carrots/Carrots_035.jpg,Carrots,test,62,31
test/Vegetables/Carrots/Carrots_036.jpg,Carrots,test,62,31
test/Vegetables/Carrots/Carrots_037.jpg,Carrots,test,62,31
test/Vegetables/Carrots/Carrots_038.jpg,Carrots,test,62,31
test/Vegetables/Carrots/Carrots_039.jpg,Carrots,test,62,31
test/Vegetables/Carrots/Carrots_040.jpg,Carrots,test,62,31
test/Vegetables/Carrots/Carrots_041.jpg,Carrots,test,62,31
test/Vegetables/Carrots/Carrots_042.jpg,Carrots,test,62,31
test/Vegetables/Cucumber/Cucumber_001.jpg,Cucumber,test,63,32
test/Vegetables/Cucumber/Cucumber_002.jpg,Cucumber,test,63,32
test/Vegetables/Cucumber/Cucumber_003.jpg,Cucumber,test,63,32
test/Vegetables/Cucumber/Cucumber_004.jpg,Cucumber,test,63,32
test/Vegetables/Cucumber/Cucumber_005.jpg,Cucumber,test,63,32
test/Vegetables/Cucumber/Cucumber_006.jpg,Cucumber,test,63,32
test/Vegetables/Cucumber/Cucumber_007.jpg,Cucumber,test,63,32
test/Vegetables/Cucumber/Cucumber_008.jpg,Cucumber,test,63,32
test/Vegetables/Cucumber/Cucumber_009.jpg,Cucumber,test,63,32
test/Vegetables/Cucumber/Cucumber_010.jpg,Cucumber,test,63,32
test/Vegetables/Cucumber/Cucumber_011.jpg,Cucumber,test,63,32
test/Vegetables/Cucumber/Cucumber_012.jpg,Cucumber,test,63,32
test/Vegetables/Cucumber/Cucumber_013.jpg,Cucumber,test,63,32
test/Vegetables/Cucumber/Cucumber_014.jpg,Cucumber,test,63,32
test/Vegetables/Cucumber/Cucumber_015.jpg,Cucumber,test,63,32
test/Vegetables/Cucumber/Cucumber_016.jpg,Cucumber,test,63,32
test/Vegetables/Cucumber/Cucumber_017.jpg,Cucumber,test,63,32
test/Vegetables/Cucumber/Cucumber_018.jpg,Cucumber,test,63,32
test/Vegetables/Cucumber/Cucumber_019.jpg,Cucumber,test,63,32
test/Vegetables/Cucumber/Cucumber_020.jpg,Cucumber,test,63,32
test/Vegetables/Cucumber/Cucumber_021.jpg,Cucumber,test,63,32
test/Vegetables/Cucumber/Cucumber_022.jpg,Cucumber,test,63,32
test/Vegetables/Cucumber/Cucumber_023.jpg,Cucumber,test,63,32
test/Vegetables/Cucumber/Cucumber_024.jpg,Cucumber,test,63,32
test/Vegetables/Cucumber/Cucumber_025.jpg,Cucumber,test,63,32
test/Vegetables/Cucumber/Cucumber_026.jpg,Cucumber,test,63,32
test/Vegetables/Cucumber/Cucumber_027.jpg,Cucumber,test,63,32
test/Vegetables/Garlic/Garlic_001.jpg,Garlic,test,64,33
test/Vegetables/Garlic/Garlic_002.jpg,Garlic,test,64,33
test/Vegetables/Garlic/Garlic_003.jpg,Garlic,test,64,33
test/Vegetables/Garlic/Garlic_004.jpg,Garlic,test,64,33
test/Vegetables/Garlic/Garlic_005.jpg,Garlic,test,64,33
test/Vegetables/Garlic/Garlic_006.jpg,Garlic,test,64,33
test/Vegetables/Garlic/Garlic_007.jpg,Garlic,test,64,33
test/Vegetables/Garlic/Garlic_008.jpg,Garlic,test,64,33
test/Vegetables/Garlic/Garlic_009.jpg,Garlic,test,64,33
test/Vegetables/Garlic/Garlic_010.jpg,Garlic,test,64,33
test/Vegetables/Garlic/Garlic_011.jpg,Garlic,test,64,33
test/Vegetables/Garlic/Garlic_012.jpg,Garlic,test,64,33
test/Vegetables/Garlic/Garlic_013.jpg,Garlic,test,64,33
test/Vegetables/Garlic/Garlic_014.jpg,Garlic,test,64,33
test/Vegetables/Garlic/Garlic_015.jpg,Garlic,test,64,33
test/Vegetables/Garlic/Garlic_016.jpg,Garlic,test,64,33
test/Vegetables/Garlic/Garlic_017.jpg,Garlic,test,64,33
test/Vegetables/Garlic/Garlic_018.jpg,Garlic,test,64,33
test/Vegetables/Garlic/Garlic_019.jpg,Garlic,test,64,33
test/Vegetables/Garlic/Garlic_020.jpg,Garlic,test,64,33
test/Vegetables/Garlic/Garlic_021.jpg,Garlic,test,64,33
test/Vegetables/Garlic/Garlic_022.jpg,Garlic,test,64,33
test/Vegetables/Garlic/Garlic_023.jpg,Garlic,test,64,33
test/Vegetables/Garlic/Garlic_024.jpg,Garlic,test,64,33
test/Vegetables/Garlic/Garlic_025.jpg,Garlic,test,64,33
test/Vegetables/Ginger/Ginger_001.jpg,Ginger,test,65,34
test/Vegetables/Ginger/Ginger_002.jpg,Ginger,test,65,34
test/Vegetables/Ginger/Ginger_003.jpg,Ginger,test,65,34
test/Vegetables/Ginger/Ginger_004.jpg,Ginger,test,65,34
test/Vegetables/Ginger/Ginger_005.jpg,Ginger,test,65,34
test/Vegetables/Ginger/Ginger_006.jpg,Ginger,test,65,34
test/Vegetables/Ginger/Ginger_007.jpg,Ginger,test,65,34
test/Vegetables/Ginger/Ginger_008.jpg,Ginger,test,65,34
test/Vegetables/Ginger/Ginger_009.jpg,Ginger,test,65,34
test/Vegetables/Ginger/Ginger_010.jpg,Ginger,test,65,34
test/Vegetables/Ginger/Ginger_011.jpg,Ginger,test,65,34
test/Vegetables/Ginger/Ginger_012.jpg,Ginger,test,65,34
test/Vegetables/Ginger/Ginger_013.jpg,Ginger,test,65,34
test/Vegetables/Ginger/Ginger_014.jpg,Ginger,test,65,34
test/Vegetables/Ginger/Ginger_015.jpg,Ginger,test,65,34
test/Vegetables/Leek/Leek_001.jpg,Leek,test,66,35
test/Vegetables/Leek/Leek_002.jpg,Leek,test,66,35
test/Vegetables/Leek/Leek_003.jpg,Leek,test,66,35
test/Vegetables/Leek/Leek_004.jpg,Leek,test,66,35
test/Vegetables/Leek/Leek_005.jpg,Leek,test,66,35
test/Vegetables/Leek/Leek_006.jpg,Leek,test,66,35
test/Vegetables/Leek/Leek_007.jpg,Leek,test,66,35
test/Vegetables/Leek/Leek_008.jpg,Leek,test,66,35
test/Vegetables/Leek/Leek_009.jpg,Leek,test,66,35
test/Vegetables/Leek/Leek_010.jpg,Leek,test,66,35
test/Vegetables/Leek/Leek_011.jpg,Leek,test,66,35
test/Vegetables/Leek/Leek_012.jpg,Leek,test,66,35
test/Vegetables/Leek/Leek_013.jpg,Leek,test,66,35
test/Vegetables/Leek/Leek_014.jpg,Leek,test,66,35
test/Vegetables/Leek/Leek_015.jpg,Leek,test,66,35
test/Vegetables/Leek/Leek_016.jpg,Leek,test,66,35
test/Vegetables/Leek/Leek_017.jpg,Leek,test,66,35
test/Vegetables/Leek/Leek_018.jpg,Leek,test,66,35
test/Vegetables/Leek/Leek_019.jpg,Leek,test,66,35
test/Vegetables/Leek/Leek_020.jpg,Leek,test,66,35
test/Vegetables/Leek/Leek_021.jpg,Leek,test,66,35
test/Vegetables/Mushroom/Brown-Cap-Mushroom/Brown-Cap-Mushroom_001.jpg,Brown-Cap-Mushroom,test,67,36
test/Vegetables/Mushroom/Brown-Cap-Mushroom/Brown-Cap-Mushroom_002.jpg,Brown-Cap-Mushroom,test,67,36
test/Vegetables/Mushroom/Brown-Cap-Mushroom/Brown-Cap-Mushroom_003.jpg,Brown-Cap-Mushroom,test,67,36
test/Vegetables/Mushroom/Brown-Cap-Mushroom/Brown-Cap-Mushroom_004.jpg,Brown-Cap-Mushroom,test,67,36
test/Vegetables/Mushroom/Brown-Cap-Mushroom/Brown-Cap-Mushroom_005.jpg,Brown-Cap-Mushroom,test,67,36
test/Vegetables/Mushroom/Brown-Cap-Mushroom/Brown-Cap-Mushroom_006.jpg,Brown-Cap-Mushroom,test,67,36
test/Vegetables/Mushroom/Brown-Cap-Mushroom/Brown-Cap-Mushroom_007.jpg,Brown-Cap-Mushroom,test,67,36
test/Vegetables/Mushroom/Brown-Cap-Mushroom/Brown-Cap-Mushroom_008.jpg,Brown-Cap-Mushroom,test,67,36
test/Vegetables/Mushroom/Brown-Cap-Mushroom/Brown-Cap-Mushroom_009.jpg,Brown-Cap-Mushroom,test,67,36
test/Vegetables/Mushroom/Brown-Cap-Mushroom/Brown-Cap-Mushroom_010.jpg,Brown-Cap-Mushroom,test,67,36
test/Vegetables/Mushroom/Brown-Cap-Mushroom/Brown-Cap-Mushroom_011.jpg,Brown-Cap-Mushroom,test,67,36
test/Vegetables/Mushroom/Brown-Cap-Mushroom/Brown-Cap-Mushroom_012.jpg,Brown-Cap-Mushroom,test,67,36
test/Vegetables/Mushroom/Brown-Cap-Mushroom/Brown-Cap-Mushroom_013.jpg,Brown-Cap-Mushroom,test,67,36
test/Vegetables/Mushroom/Brown-Cap-Mushroom/Brown-Cap-Mushroom_014.jpg,Brown-Cap-Mushroom,test,67,36
test/Vegetables/Mushroom/Brown-Cap-Mushroom/Brown-Cap-Mushroom_015.jpg,Brown-Cap-Mushroom,test,67,36
test/Vegetables/Mushroom/Brown-Cap-Mushroom/Brown-Cap-Mushroom_016.jpg,Brown-Cap-Mushroom,test,67,36
test/Vegetables/Mushroom/Brown-Cap-Mushroom/Brown-Cap-Mushroom_017.jpg,Brown-Cap-Mushroom,test,67,36
test/Vegetables/Mushroom/Brown-Cap-Mushroom/Brown-Cap-Mushroom_018.jpg,Brown-Cap-Mushroom,test,67,36
test/Vegetables/Mushroom/Brown-Cap-Mushroom/Brown-Cap-Mushroom_019.jpg,Brown-Cap-Mushroom,test,67,36
test/Vegetables/Mushroom/Brown-Cap-Mushroom/Brown-Cap-Mushroom_020.jpg,Brown-Cap-Mushroom,test,67,36
test/Vegetables/Mushroom/Brown-Cap-Mushroom/Brown-Cap-Mushroom_021.jpg,Brown-Cap-Mushroom,test,67,36
test/Vegetables/Mushroom/Brown-Cap-Mushroom/Brown-Cap-Mushroom_022.jpg,Brown-Cap-Mushroom,test,67,36
test/Vegetables/Mushroom/Brown-Cap-Mushroom/Brown-Cap-Mushroom_023.jpg,Brown-Cap-Mushroom,test,67,36
test/Vegetables/Mushroom/Brown-Cap-Mushroom/Brown-Cap-Mushroom_024.jpg,Brown-Cap-Mushroom,test,67,36
test/Vegetables/Mushroom/Brown-Cap-Mushroom/Brown-Cap-Mushroom_025.jpg,Brown-Cap-Mushroom,test,67,36
test/Vegetables/Mushroom/Brown-Cap-Mushroom/Brown-Cap-Mushroom_026.jpg,Brown-Cap-Mushroom,test,67,36
test/Vegetables/Mushroom/Brown-Cap-Mushroom/Brown-Cap-Mushroom_027.jpg,Brown-Cap-Mushroom,test,67,36
test/Vegetables/Mushroom/Brown-Cap-Mushroom/Brown-Cap-Mushroom_028.jpg,Brown-Cap-Mushroom,test,67,36
test/Vegetables/Mushroom/Brown-Cap-Mushroom/Brown-Cap-Mushroom_029.jpg,Brown-Cap-Mushroom,test,67,36
test/Vegetables/Mushroom/Brown-Cap-Mushroom/Brown-Cap-Mushroom_030.jpg,Brown-Cap-Mushroom,test,67,36
test/Vegetables/Mushroom/Brown-Cap-Mushroom/Brown-Cap-Mushroom_031.jpg,Brown-Cap-Mushroom,test,67,36
test/Vegetables/Mushroom/Brown-Cap-Mushroom/Brown-Cap-Mushroom_032.jpg,Brown-Cap-Mushroom,test,67,36
test/Vegetables/Mushroom/Brown-Cap-Mushroom/Brown-Cap-Mushroom_033.jpg,Brown-Cap-Mushroom,test,67,36
test/Vegetables/Mushroom/Brown-Cap-Mushroom/Brown-Cap-Mushroom_034.jpg,Brown-Cap-Mushroom,test,67,36
test/Vegetables/Mushroom/Brown-Cap-Mushroom/Brown-Cap-Mushroom_035.jpg,Brown-Cap-Mushroom,test,67,36
test/Vegetables/Mushroom/Brown-Cap-Mushroom/Brown-Cap-Mushroom_036.jpg,Brown-Cap-Mushroom,test,67,36
test/Vegetables/Mushroom/Brown-Cap-Mushroom/Brown-Cap-Mushroom_037.jpg,Brown-Cap-Mushroom,test,67,36
test/Vegetables/Mushroom/Brown-Cap-Mushroom/Brown-Cap-Mushroom_038.jpg,Brown-Cap-Mushroom,test,67,36
test/Vegetables/Mushroom/Brown-Cap-Mushroom/Brown-Cap-Mushroom_039.jpg,Brown-Cap-Mushroom,test,67,36
test/Vegetables/Onion/Yellow-Onion/Yellow-Onion_001.jpg,Yellow-Onion,test,68,37
test/Vegetables/Onion/Yellow-Onion/Yellow-Onion_002.jpg,Yellow-Onion,test,68,37
test/Vegetables/Onion/Yellow-Onion/Yellow-Onion_003.jpg,Yellow-Onion,test,68,37
test/Vegetables/Onion/Yellow-Onion/Yellow-Onion_004.jpg,Yellow-Onion,test,68,37
test/Vegetables/Onion/Yellow-Onion/Yellow-Onion_005.jpg,Yellow-Onion,test,68,37
test/Vegetables/Onion/Yellow-Onion/Yellow-Onion_006.jpg,Yellow-Onion,test,68,37
test/Vegetables/Onion/Yellow-Onion/Yellow-Onion_007.jpg,Yellow-Onion,test,68,37
test/Vegetables/Onion/Yellow-Onion/Yellow-Onion_008.jpg,Yellow-Onion,test,68,37
test/Vegetables/Onion/Yellow-Onion/Yellow-Onion_009.jpg,Yellow-Onion,test,68,37
test/Vegetables/Onion/Yellow-Onion/Yellow-Onion_010.jpg,Yellow-Onion,test,68,37
test/Vegetables/Onion/Yellow-Onion/Yellow-Onion_011.jpg,Yellow-Onion,test,68,37
test/Vegetables/Onion/Yellow-Onion/Yellow-Onion_012.jpg,Yellow-Onion,test,68,37
test/Vegetables/Onion/Yellow-Onion/Yellow-Onion_013.jpg,Yellow-Onion,test,68,37
test/Vegetables/Onion/Yellow-Onion/Yellow-Onion_014.jpg,Yellow-Onion,test,68,37
test/Vegetables/Onion/Yellow-Onion/Yellow-Onion_015.jpg,Yellow-Onion,test,68,37
test/Vegetables/Onion/Yellow-Onion/Yellow-Onion_016.jpg,Yellow-Onion,test,68,37
test/Vegetables/Onion/Yellow-Onion/Yellow-Onion_017.jpg,Yellow-Onion,test,68,37
test/Vegetables/Onion/Yellow-Onion/Yellow-Onion_018.jpg,Yellow-Onion,test,68,37
test/Vegetables/Onion/Yellow-Onion/Yellow-Onion_019.jpg,Yellow-Onion,test,68,37
test/Vegetables/Onion/Yellow-Onion/Yellow-Onion_020.jpg,Yellow-Onion,test,68,37
test/Vegetables/Onion/Yellow-Onion/Yellow-Onion_021.jpg,Yellow-Onion,test,68,37
test/Vegetables/Onion/Yellow-Onion/Yellow-Onion_022.jpg,Yellow-Onion,test,68,37
test/Vegetables/Onion/Yellow-Onion/Yellow-Onion_023.jpg,Yellow-Onion,test,68,37
test/Vegetables/Onion/Yellow-Onion/Yellow-Onion_024.jpg,Yellow-Onion,test,68,37
test/Vegetables/Onion/Yellow-Onion/Yellow-Onion_025.jpg,Yellow-Onion,test,68,37
test/Vegetables/Onion/Yellow-Onion/Yellow-Onion_026.jpg,Yellow-Onion,test,68,37
test/Vegetables/Onion/Yellow-Onion/Yellow-Onion_027.jpg,Yellow-Onion,test,68,37
test/Vegetables/Onion/Yellow-Onion/Yellow-Onion_028.jpg,Yellow-Onion,test,68,37
test/Vegetables/Onion/Yellow-Onion/Yellow-Onion_029.jpg,Yellow-Onion,test,68,37
test/Vegetables/Onion/Yellow-Onion/Yellow-Onion_030.jpg,Yellow-Onion,test,68,37
test/Vegetables/Onion/Yellow-Onion/Yellow-Onion_031.jpg,Yellow-Onion,test,68,37
test/Vegetables/Onion/Yellow-Onion/Yellow-Onion_032.jpg,Yellow-Onion,test,68,37
test/Vegetables/Onion/Yellow-Onion/Yellow-Onion_033.jpg,Yellow-Onion,test,68,37
test/Vegetables/Onion/Yellow-Onion/Yellow-Onion_034.jpg,Yellow-Onion,test,68,37
test/Vegetables/Onion/Yellow-Onion/Yellow-Onion_035.jpg,Yellow-Onion,test,68,37
test/Vegetables/Onion/Yellow-Onion/Yellow-Onion_036.jpg,Yellow-Onion,test,68,37
test/Vegetables/Onion/Yellow-Onion/Yellow-Onion_037.jpg,Yellow-Onion,test,68,37
test/Vegetables/Pepper/Green-Bell-Pepper/Green-Bell-Pepper_001.jpg,Green-Bell-Pepper,test,69,38
test/Vegetables/Pepper/Green-Bell-Pepper/Green-Bell-Pepper_002.jpg,Green-Bell-Pepper,test,69,38
test/Vegetables/Pepper/Green-Bell-Pepper/Green-Bell-Pepper_003.jpg,Green-Bell-Pepper,test,69,38
test/Vegetables/Pepper/Green-Bell-Pepper/Green-Bell-Pepper_004.jpg,Green-Bell-Pepper,test,69,38
test/Vegetables/Pepper/Green-Bell-Pepper/Green-Bell-Pepper_005.jpg,Green-Bell-Pepper,test,69,38
test/Vegetables/Pepper/Green-Bell-Pepper/Green-Bell-Pepper_006.jpg,Green-Bell-Pepper,test,69,38
test/Vegetables/Pepper/Green-Bell-Pepper/Green-Bell-Pepper_007.jpg,Green-Bell-Pepper,test,69,38
test/Vegetables/Pepper/Green-Bell-Pepper/Green-Bell-Pepper_008.jpg,Green-Bell-Pepper,test,69,38
test/Vegetables/Pepper/Green-Bell-Pepper/Green-Bell-Pepper_009.jpg,Green-Bell-Pepper,test,69,38
test/Vegetables/Pepper/Green-Bell-Pepper/Green-Bell-Pepper_010.jpg,Green-Bell-Pepper,test,69,38
test/Vegetables/Pepper/Green-Bell-Pepper/Green-Bell-Pepper_011.jpg,Green-Bell-Pepper,test,69,38
test/Vegetables/Pepper/Green-Bell-Pepper/Green-Bell-Pepper_012.jpg,Green-Bell-Pepper,test,69,38
test/Vegetables/Pepper/Green-Bell-Pepper/Green-Bell-Pepper_013.jpg,Green-Bell-Pepper,test,69,38
test/Vegetables/Pepper/Green-Bell-Pepper/Green-Bell-Pepper_014.jpg,Green-Bell-Pepper,test,69,38
test/Vegetables/Pepper/Green-Bell-Pepper/Green-Bell-Pepper_015.jpg,Green-Bell-Pepper,test,69,38
test/Vegetables/Pepper/Green-Bell-Pepper/Green-Bell-Pepper_016.jpg,Green-Bell-Pepper,test,69,38
test/Vegetables/Pepper/Green-Bell-Pepper/Green-Bell-Pepper_017.jpg,Green-Bell-Pepper,test,69,38
test/Vegetables/Pepper/Green-Bell-Pepper/Green-Bell-Pepper_018.jpg,Green-Bell-Pepper,test,69,38
test/Vegetables/Pepper/Green-Bell-Pepper/Green-Bell-Pepper_019.jpg,Green-Bell-Pepper,test,69,38
test/Vegetables/Pepper/Green-Bell-Pepper/Green-Bell-Pepper_020.jpg,Green-Bell-Pepper,test,69,38
test/Vegetables/Pepper/Green-Bell-Pepper/Green-Bell-Pepper_021.jpg,Green-Bell-Pepper,test,69,38
test/Vegetables/Pepper/Green-Bell-Pepper/Green-Bell-Pepper_022.jpg,Green-Bell-Pepper,test,69,38
test/Vegetables/Pepper/Green-Bell-Pepper/Green-Bell-Pepper_023.jpg,Green-Bell-Pepper,test,69,38
test/Vegetables/Pepper/Green-Bell-Pepper/Green-Bell-Pepper_024.jpg,Green-Bell-Pepper,test,69,38
test/Vegetables/Pepper/Green-Bell-Pepper/Green-Bell-Pepper_025.jpg,Green-Bell-Pepper,test,69,38
test/Vegetables/Pepper/Orange-Bell-Pepper/Orange-Bell-Pepper_001.jpg,Orange-Bell-Pepper,test,70,38
test/Vegetables/Pepper/Orange-Bell-Pepper/Orange-Bell-Pepper_002.jpg,Orange-Bell-Pepper,test,70,38
test/Vegetables/Pepper/Orange-Bell-Pepper/Orange-Bell-Pepper_003.jpg,Orange-Bell-Pepper,test,70,38
test/Vegetables/Pepper/Orange-Bell-Pepper/Orange-Bell-Pepper_004.jpg,Orange-Bell-Pepper,test,70,38
test/Vegetables/Pepper/Orange-Bell-Pepper/Orange-Bell-Pepper_005.jpg,Orange-Bell-Pepper,test,70,38
test/Vegetables/Pepper/Orange-Bell-Pepper/Orange-Bell-Pepper_006.jpg,Orange-Bell-Pepper,test,70,38
test/Vegetables/Pepper/Orange-Bell-Pepper/Orange-Bell-Pepper_007.jpg,Orange-Bell-Pepper,test,70,38
test/Vegetables/Pepper/Orange-Bell-Pepper/Orange-Bell-Pepper_008.jpg,Orange-Bell-Pepper,test,70,38
test/Vegetables/Pepper/Orange-Bell-Pepper/Orange-Bell-Pepper_009.jpg,Orange-Bell-Pepper,test,70,38
test/Vegetables/Pepper/Orange-Bell-Pepper/Orange-Bell-Pepper_010.jpg,Orange-Bell-Pepper,test,70,38
test/Vegetables/Pepper/Orange-Bell-Pepper/Orange-Bell-Pepper_011.jpg,Orange-Bell-Pepper,test,70,38
test/Vegetables/Pepper/Orange-Bell-Pepper/Orange-Bell-Pepper_012.jpg,Orange-Bell-Pepper,test,70,38
test/Vegetables/Pepper/Orange-Bell-Pepper/Orange-Bell-Pepper_013.jpg,Orange-Bell-Pepper,test,70,38
test/Vegetables/Pepper/Orange-Bell-Pepper/Orange-Bell-Pepper_014.jpg,Orange-Bell-Pepper,test,70,38
test/Vegetables/Pepper/Orange-Bell-Pepper/Orange-Bell-Pepper_015.jpg,Orange-Bell-Pepper,test,70,38
test/Vegetables/Pepper/Orange-Bell-Pepper/Orange-Bell-Pepper_016.jpg,Orange-Bell-Pepper,test,70,38
test/Vegetables/Pepper/Orange-Bell-Pepper/Orange-Bell-Pepper_017.jpg,Orange-Bell-Pepper,test,70,38
test/Vegetables/Pepper/Orange-Bell-Pepper/Orange-Bell-Pepper_018.jpg,Orange-Bell-Pepper,test,70,38
test/Vegetables/Pepper/Orange-Bell-Pepper/Orange-Bell-Pepper_019.jpg,Orange-Bell-Pepper,test,70,38
test/Vegetables/Pepper/Orange-Bell-Pepper/Orange-Bell-Pepper_020.jpg,Orange-Bell-Pepper,test,70,38
test/Vegetables/Pepper/Orange-Bell-Pepper/Orange-Bell-Pepper_021.jpg,Orange-Bell-Pepper,test,70,38
test/Vegetables/Pepper/Orange-Bell-Pepper/Orange-Bell-Pepper_022.jpg,Orange-Bell-Pepper,test,70,38
test/Vegetables/Pepper/Orange-Bell-Pepper/Orange-Bell-Pepper_023.jpg,Orange-Bell-Pepper,test,70,38
test/Vegetables/Pepper/Orange-Bell-Pepper/Orange-Bell-Pepper_024.jpg,Orange-Bell-Pepper,test,70,38
test/Vegetables/Pepper/Orange-Bell-Pepper/Orange-Bell-Pepper_025.jpg,Orange-Bell-Pepper,test,70,38
test/Vegetables/Pepper/Orange-Bell-Pepper/Orange-Bell-Pepper_026.jpg,Orange-Bell-Pepper,test,70,38
test/Vegetables/Pepper/Red-Bell-Pepper/Red-Bell-Pepper_001.jpg,Red-Bell-Pepper,test,71,38
test/Vegetables/Pepper/Red-Bell-Pepper/Red-Bell-Pepper_002.jpg,Red-Bell-Pepper,test,71,38
test/Vegetables/Pepper/Red-Bell-Pepper/Red-Bell-Pepper_003.jpg,Red-Bell-Pepper,test,71,38
test/Vegetables/Pepper/Red-Bell-Pepper/Red-Bell-Pepper_004.jpg,Red-Bell-Pepper,test,71,38
test/Vegetables/Pepper/Red-Bell-Pepper/Red-Bell-Pepper_005.jpg,Red-Bell-Pepper,test,71,38
test/Vegetables/Pepper/Red-Bell-Pepper/Red-Bell-Pepper_006.jpg,Red-Bell-Pepper,test,71,38
test/Vegetables/Pepper/Red-Bell-Pepper/Red-Bell-Pepper_007.jpg,Red-Bell-Pepper,test,71,38
test/Vegetables/Pepper/Red-Bell-Pepper/Red-Bell-Pepper_008.jpg,Red-Bell-Pepper,test,71,38
test/Vegetables/Pepper/Red-Bell-Pepper/Red-Bell-Pepper_009.jpg,Red-Bell-Pepper,test,71,38
test/Vegetables/Pepper/Red-Bell-Pepper/Red-Bell-Pepper_010.jpg,Red-Bell-Pepper,test,71,38
test/Vegetables/Pepper/Red-Bell-Pepper/Red-Bell-Pepper_011.jpg,Red-Bell-Pepper,test,71,38
test/Vegetables/Pepper/Red-Bell-Pepper/Red-Bell-Pepper_012.jpg,Red-Bell-Pepper,test,71,38
test/Vegetables/Pepper/Red-Bell-Pepper/Red-Bell-Pepper_013.jpg,Red-Bell-Pepper,test,71,38
test/Vegetables/Pepper/Red-Bell-Pepper/Red-Bell-Pepper_014.jpg,Red-Bell-Pepper,test,71,38
test/Vegetables/Pepper/Red-Bell-Pepper/Red-Bell-Pepper_015.jpg,Red-Bell-Pepper,test,71,38
test/Vegetables/Pepper/Red-Bell-Pepper/Red-Bell-Pepper_016.jpg,Red-Bell-Pepper,test,71,38
test/Vegetables/Pepper/Red-Bell-Pepper/Red-Bell-Pepper_017.jpg,Red-Bell-Pepper,test,71,38
test/Vegetables/Pepper/Red-Bell-Pepper/Red-Bell-Pepper_018.jpg,Red-Bell-Pepper,test,71,38
test/Vegetables/Pepper/Red-Bell-Pepper/Red-Bell-Pepper_019.jpg,Red-Bell-Pepper,test,71,38
test/Vegetables/Pepper/Red-Bell-Pepper/Red-Bell-Pepper_020.jpg,Red-Bell-Pepper,test,71,38
test/Vegetables/Pepper/Red-Bell-Pepper/Red-Bell-Pepper_021.jpg,Red-Bell-Pepper,test,71,38
test/Vegetables/Pepper/Red-Bell-Pepper/Red-Bell-Pepper_022.jpg,Red-Bell-Pepper,test,71,38
test/Vegetables/Pepper/Red-Bell-Pepper/Red-Bell-Pepper_023.jpg,Red-Bell-Pepper,test,71,38
test/Vegetables/Pepper/Red-Bell-Pepper/Red-Bell-Pepper_024.jpg,Red-Bell-Pepper,test,71,38
test/Vegetables/Pepper/Red-Bell-Pepper/Red-Bell-Pepper_025.jpg,Red-Bell-Pepper,test,71,38
test/Vegetables/Pepper/Red-Bell-Pepper/Red-Bell-Pepper_026.jpg,Red-Bell-Pepper,test,71,38
test/Vegetables/Pepper/Red-Bell-Pepper/Red-Bell-Pepper_027.jpg,Red-Bell-Pepper,test,71,38
test/Vegetables/Pepper/Red-Bell-Pepper/Red-Bell-Pepper_028.jpg,Red-Bell-Pepper,test,71,38
test/Vegetables/Pepper/Red-Bell-Pepper/Red-Bell-Pepper_029.jpg,Red-Bell-Pepper,test,71,38
test/Vegetables/Pepper/Red-Bell-Pepper/Red-Bell-Pepper_030.jpg,Red-Bell-Pepper,test,71,38
test/Vegetables/Pepper/Red-Bell-Pepper/Red-Bell-Pepper_031.jpg,Red-Bell-Pepper,test,71,38
test/Vegetables/Pepper/Red-Bell-Pepper/Red-Bell-Pepper_032.jpg,Red-Bell-Pepper,test,71,38
test/Vegetables/Pepper/Red-Bell-Pepper/Red-Bell-Pepper_033.jpg,Red-Bell-Pepper,test,71,38
test/Vegetables/Pepper/Yellow-Bell-Pepper/Yellow-Bell-Pepper_001.jpg,Yellow-Bell-Pepper,test,72,38
test/Vegetables/Pepper/Yellow-Bell-Pepper/Yellow-Bell-Pepper_002.jpg,Yellow-Bell-Pepper,test,72,38
test/Vegetables/Pepper/Yellow-Bell-Pepper/Yellow-Bell-Pepper_003.jpg,Yellow-Bell-Pepper,test,72,38
test/Vegetables/Pepper/Yellow-Bell-Pepper/Yellow-Bell-Pepper_004.jpg,Yellow-Bell-Pepper,test,72,38
test/Vegetables/Pepper/Yellow-Bell-Pepper/Yellow-Bell-Pepper_005.jpg,Yellow-Bell-Pepper,test,72,38
test/Vegetables/Pepper/Yellow-Bell-Pepper/Yellow-Bell-Pepper_006.jpg,Yellow-Bell-Pepper,test,72,38
test/Vegetables/Pepper/Yellow-Bell-Pepper/Yellow-Bell-Pepper_007.jpg,Yellow-Bell-Pepper,test,72,38
test/Vegetables/Pepper/Yellow-Bell-Pepper/Yellow-Bell-Pepper_008.jpg,Yellow-Bell-Pepper,test,72,38
test/Vegetables/Pepper/Yellow-Bell-Pepper/Yellow-Bell-Pepper_009.jpg,Yellow-Bell-Pepper,test,72,38
test/Vegetables/Pepper/Yellow-Bell-Pepper/Yellow-Bell-Pepper_010.jpg,Yellow-Bell-Pepper,test,72,38
test/Vegetables/Pepper/Yellow-Bell-Pepper/Yellow-Bell-Pepper_011.jpg,Yellow-Bell-Pepper,test,72,38
test/Vegetables/Pepper/Yellow-Bell-Pepper/Yellow-Bell-Pepper_012.jpg,Yellow-Bell-Pepper,test,72,38
test/Vegetables/Pepper/Yellow-Bell-Pepper/Yellow-Bell-Pepper_013.jpg,Yellow-Bell-Pepper,test,72,38
test/Vegetables/Pepper/Yellow-Bell-Pepper/Yellow-Bell-Pepper_014.jpg,Yellow-Bell-Pepper,test,72,38
test/Vegetables/Pepper/Yellow-Bell-Pepper/Yellow-Bell-Pepper_015.jpg,Yellow-Bell-Pepper,test,72,38
test/Vegetables/Pepper/Yellow-Bell-Pepper/Yellow-Bell-Pepper_016.jpg,Yellow-Bell-Pepper,test,72,38
test/Vegetables/Pepper/Yellow-Bell-Pepper/Yellow-Bell-Pepper_017.jpg,Yellow-Bell-Pepper,test,72,38
test/Vegetables/Pepper/Yellow-Bell-Pepper/Yellow-Bell-Pepper_018.jpg,Yellow-Bell-Pepper,test,72,38
test/Vegetables/Pepper/Yellow-Bell-Pepper/Yellow-Bell-Pepper_019.jpg,Yellow-Bell-Pepper,test,72,38
test/Vegetables/Pepper/Yellow-Bell-Pepper/Yellow-Bell-Pepper_020.jpg,Yellow-Bell-Pepper,test,72,38
test/Vegetables/Pepper/Yellow-Bell-Pepper/Yellow-Bell-Pepper_021.jpg,Yellow-Bell-Pepper,test,72,38
test/Vegetables/Pepper/Yellow-Bell-Pepper/Yellow-Bell-Pepper_022.jpg,Yellow-Bell-Pepper,test,72,38
test/Vegetables/Pepper/Yellow-Bell-Pepper/Yellow-Bell-Pepper_023.jpg,Yellow-Bell-Pepper,test,72,38
test/Vegetables/Pepper/Yellow-Bell-Pepper/Yellow-Bell-Pepper_024.jpg,Yellow-Bell-Pepper,test,72,38
test/Vegetables/Pepper/Yellow-Bell-Pepper/Yellow-Bell-Pepper_025.jpg,Yellow-Bell-Pepper,test,72,38
test/Vegetables/Pepper/Yellow-Bell-Pepper/Yellow-Bell-Pepper_026.jpg,Yellow-Bell-Pepper,test,72,38
test/Vegetables/Potato/Floury-Potato/Floury-Potato_001.jpg,Floury-Potato,test,73,39
test/Vegetables/Potato/Floury-Potato/Floury-Potato_002.jpg,Floury-Potato,test,73,39
test/Vegetables/Potato/Floury-Potato/Floury-Potato_003.jpg,Floury-Potato,test,73,39
test/Vegetables/Potato/Floury-Potato/Floury-Potato_004.jpg,Floury-Potato,test,73,39
test/Vegetables/Potato/Floury-Potato/Floury-Potato_005.jpg,Floury-Potato,test,73,39
test/Vegetables/Potato/Floury-Potato/Floury-Potato_006.jpg,Floury-Potato,test,73,39
test/Vegetables/Potato/Floury-Potato/Floury-Potato_007.jpg,Floury-Potato,test,73,39
test/Vegetables/Potato/Floury-Potato/Floury-Potato_008.jpg,Floury-Potato,test,73,39
test/Vegetables/Potato/Floury-Potato/Floury-Potato_009.jpg,Floury-Potato,test,73,39
test/Vegetables/Potato/Floury-Potato/Floury-Potato_010.jpg,Floury-Potato,test,73,39
test/Vegetables/Potato/Floury-Potato/Floury-Potato_011.jpg,Floury-Potato,test,73,39
test/Vegetables/Potato/Floury-Potato/Floury-Potato_012.jpg,Floury-Potato,test,73,39
test/Vegetables/Potato/Floury-Potato/Floury-Potato_013.jpg,Floury-Potato,test,73,39
test/Vegetables/Potato/Floury-Potato/Floury-Potato_014.jpg,Floury-Potato,test,73,39
test/Vegetables/Potato/Floury-Potato/Floury-Potato_015.jpg,Floury-Potato,test,73,39
test/Vegetables/Potato/Floury-Potato/Floury-Potato_016.jpg,Floury-Potato,test,73,39
test/Vegetables/Potato/Solid-Potato/Solid-Potato_001.jpg,Solid-Potato,test,74,39
test/Vegetables/Potato/Solid-Potato/Solid-Potato_002.jpg,Solid-Potato,test,74,39
test/Vegetables/Potato/Solid-Potato/Solid-Potato_003.jpg,Solid-Potato,test,74,39
test/Vegetables/Potato/Solid-Potato/Solid-Potato_004.jpg,Solid-Potato,test,74,39
test/Vegetables/Potato/Solid-Potato/Solid-Potato_005.jpg,Solid-Potato,test,74,39
test/Vegetables/Potato/Solid-Potato/Solid-Potato_006.jpg,Solid-Potato,test,74,39
test/Vegetables/Potato/Solid-Potato/Solid-Potato_007.jpg,Solid-Potato,test,74,39
test/Vegetables/Potato/Solid-Potato/Solid-Potato_008.jpg,Solid-Potato,test,74,39
test/Vegetables/Potato/Solid-Potato/Solid-Potato_009.jpg,Solid-Potato,test,74,39
test/Vegetables/Potato/Solid-Potato/Solid-Potato_010.jpg,Solid-Potato,test,74,39
test/Vegetables/Potato/Solid-Potato/Solid-Potato_011.jpg,Solid-Potato,test,74,39
test/Vegetables/Potato/Solid-Potato/Solid-Potato_012.jpg,Solid-Potato,test,74,39
test/Vegetables/Potato/Solid-Potato/Solid-Potato_013.jpg,Solid-Potato,test,74,39
test/Vegetables/Potato/Solid-Potato/Solid-Potato_014.jpg,Solid-Potato,test,74,39
test/Vegetables/Potato/Solid-Potato/Solid-Potato_015.jpg,Solid-Potato,test,74,39
test/Vegetables/Potato/Solid-Potato/Solid-Potato_016.jpg,Solid-Potato,test,74,39
test/Vegetables/Potato/Solid-Potato/Solid-Potato_017.jpg,Solid-Potato,test,74,39
test/Vegetables/Potato/Solid-Potato/Solid-Potato_018.jpg,Solid-Potato,test,74,39
test/Vegetables/Potato/Solid-Potato/Solid-Potato_019.jpg,Solid-Potato,test,74,39
test/Vegetables/Potato/Solid-Potato/Solid-Potato_020.jpg,Solid-Potato,test,74,39
test/Vegetables/Potato/Solid-Potato/Solid-Potato_021.jpg,Solid-Potato,test,74,39
test/Vegetables/Potato/Solid-Potato/Solid-Potato_022.jpg,Solid-Potato,test,74,39
test/Vegetables/Potato/Solid-Potato/Solid-Potato_023.jpg,Solid-Potato,test,74,39
test/Vegetables/Potato/Solid-Potato/Solid-Potato_024.jpg,Solid-Potato,test,74,39
test/Vegetables/Potato/Solid-Potato/Solid-Potato_025.jpg,Solid-Potato,test,74,39
test/Vegetables/Potato/Solid-Potato/Solid-Potato_026.jpg,Solid-Potato,test,74,39
test/Vegetables/Potato/Solid-Potato/Solid-Potato_027.jpg,Solid-Potato,test,74,39
test/Vegetables/Potato/Sweet-Potato/Sweet-Potato_001.jpg,Sweet-Potato,test,75,39
test/Vegetables/Potato/Sweet-Potato/Sweet-Potato_002.jpg,Sweet-Potato,test,75,39
test/Vegetables/Potato/Sweet-Potato/Sweet-Potato_003.jpg,Sweet-Potato,test,75,39
test/Vegetables/Potato/Sweet-Potato/Sweet-Potato_004.jpg,Sweet-Potato,test,75,39
test/Vegetables/Potato/Sweet-Potato/Sweet-Potato_005.jpg,Sweet-Potato,test,75,39
test/Vegetables/Potato/Sweet-Potato/Sweet-Potato_006.jpg,Sweet-Potato,test,75,39
test/Vegetables/Potato/Sweet-Potato/Sweet-Potato_007.jpg,Sweet-Potato,test,75,39
test/Vegetables/Potato/Sweet-Potato/Sweet-Potato_008.jpg,Sweet-Potato,test,75,39
test/Vegetables/Potato/Sweet-Potato/Sweet-Potato_009.jpg,Sweet-Potato,test,75,39
test/Vegetables/Potato/Sweet-Potato/Sweet-Potato_010.jpg,Sweet-Potato,test,75,39
test/Vegetables/Potato/Sweet-Potato/Sweet-Potato_011.jpg,Sweet-Potato,test,75,39
test/Vegetables/Potato/Sweet-Potato/Sweet-Potato_012.jpg,Sweet-Potato,test,75,39
test/Vegetables/Potato/Sweet-Potato/Sweet-Potato_013.jpg,Sweet-Potato,test,75,39
test/Vegetables/Potato/Sweet-Potato/Sweet-Potato_014.jpg,Sweet-Potato,test,75,39
test/Vegetables/Potato/Sweet-Potato/Sweet-Potato_015.jpg,Sweet-Potato,test,75,39
test/Vegetables/Potato/Sweet-Potato/Sweet-Potato_016.jpg,Sweet-Potato,test,75,39
test/Vegetables/Potato/Sweet-Potato/Sweet-Potato_017.jpg,Sweet-Potato,test,75,39
test/Vegetables/Potato/Sweet-Potato/Sweet-Potato_018.jpg,Sweet-Potato,test,75,39
test/Vegetables/Potato/Sweet-Potato/Sweet-Potato_019.jpg,Sweet-Potato,test,75,39
test/Vegetables/Potato/Sweet-Potato/Sweet-Potato_020.jpg,Sweet-Potato,test,75,39
test/Vegetables/Potato/Sweet-Potato/Sweet-Potato_021.jpg,Sweet-Potato,test,75,39
test/Vegetables/Potato/Sweet-Potato/Sweet-Potato_022.jpg,Sweet-Potato,test,75,39
test/Vegetables/Potato/Sweet-Potato/Sweet-Potato_023.jpg,Sweet-Potato,test,75,39
test/Vegetables/Potato/Sweet-Potato/Sweet-Potato_024.jpg,Sweet-Potato,test,75,39
test/Vegetables/Potato/Sweet-Potato/Sweet-Potato_025.jpg,Sweet-Potato,test,75,39
test/Vegetables/Potato/Sweet-Potato/Sweet-Potato_026.jpg,Sweet-Potato,test,75,39
test/Vegetables/Potato/Sweet-Potato/Sweet-Potato_027.jpg,Sweet-Potato,test,75,39
test/Vegetables/Red-Beet/Red-Beet_001.jpg,Red-Beet,test,76,40
test/Vegetables/Red-Beet/Red-Beet_002.jpg,Red-Beet,test,76,40
test/Vegetables/Red-Beet/Red-Beet_003.jpg,Red-Beet,test,76,40
test/Vegetables/Red-Beet/Red-Beet_004.jpg,Red-Beet,test,76,40
test/Vegetables/Red-Beet/Red-Beet_005.jpg,Red-Beet,test,76,40
test/Vegetables/Red-Beet/Red-Beet_006.jpg,Red-Beet,test,76,40
test/Vegetables/Red-Beet/Red-Beet_007.jpg,Red-Beet,test,76,40
test/Vegetables/Red-Beet/Red-Beet_008.jpg,Red-Beet,test,76,40
test/Vegetables/Red-Beet/Red-Beet_009.jpg,Red-Beet,test,76,40
test/Vegetables/Red-Beet/Red-Beet_010.jpg,Red-Beet,test,76,40
test/Vegetables/Red-Beet/Red-Beet_011.jpg,Red-Beet,test,76,40
test/Vegetables/Red-Beet/Red-Beet_012.jpg,Red-Beet,test,76,40
test/Vegetables/Red-Beet/Red-Beet_013.jpg,Red-Beet,test,76,40
test/Vegetables/Red-Beet/Red-Beet_014.jpg,Red-Beet,test,76,40
test/Vegetables/Red-Beet/Red-Beet_015.jpg,Red-Beet,test,76,40
test/Vegetables/Red-Beet/Red-Beet_016.jpg,Red-Beet,test,76,40
test/Vegetables/Red-Beet/Red-Beet_017.jpg,Red-Beet,test,76,40
test/Vegetables/Tomato/Beef-Tomato/Beef-Tomato_001.jpg,Beef-Tomato,test,77,41
test/Vegetables/Tomato/Beef-Tomato/Beef-Tomato_002.jpg,Beef-Tomato,test,77,41
test/Vegetables/Tomato/Beef-Tomato/Beef-Tomato_003.jpg,Beef-Tomato,test,77,41
test/Vegetables/Tomato/Beef-Tomato/Beef-Tomato_004.jpg,Beef-Tomato,test,77,41
test/Vegetables/Tomato/Beef-Tomato/Beef-Tomato_005.jpg,Beef-Tomato,test,77,41
test/Vegetables/Tomato/Beef-Tomato/Beef-Tomato_006.jpg,Beef-Tomato,test,77,41
test/Vegetables/Tomato/Beef-Tomato/Beef-Tomato_007.jpg,Beef-Tomato,test,77,41
test/Vegetables/Tomato/Beef-Tomato/Beef-Tomato_008.jpg,Beef-Tomato,test,77,41
test/Vegetables/Tomato/Beef-Tomato/Beef-Tomato_009.jpg,Beef-Tomato,test,77,41
test/Vegetables/Tomato/Beef-Tomato/Beef-Tomato_010.jpg,Beef-Tomato,test,77,41
test/Vegetables/Tomato/Regular-Tomato/Regular-Tomato_001.jpg,Regular-Tomato,test,78,41
test/Vegetables/Tomato/Regular-Tomato/Regular-Tomato_002.jpg,Regular-Tomato,test,78,41
test/Vegetables/Tomato/Regular-Tomato/Regular-Tomato_003.jpg,Regular-Tomato,test,78,41
test/Vegetables/Tomato/Regular-Tomato/Regular-Tomato_004.jpg,Regular-Tomato,test,78,41
test/Vegetables/Tomato/Regular-Tomato/Regular-Tomato_005.jpg,Regular-Tomato,test,78,41
test/Vegetables/Tomato/Regular-Tomato/Regular-Tomato_006.jpg,Regular-Tomato,test,78,41
test/Vegetables/Tomato/Regular-Tomato/Regular-Tomato_007.jpg,Regular-Tomato,test,78,41
test/Vegetables/Tomato/Regular-Tomato/Regular-Tomato_008.jpg,Regular-Tomato,test,78,41
test/Vegetables/Tomato/Regular-Tomato/Regular-Tomato_009.jpg,Regular-Tomato,test,78,41
test/Vegetables/Tomato/Regular-Tomato/Regular-Tomato_010.jpg,Regular-Tomato,test,78,41
test/Vegetables/Tomato/Regular-Tomato/Regular-Tomato_011.jpg,Regular-Tomato,test,78,41
test/Vegetables/Tomato/Regular-Tomato/Regular-Tomato_012.jpg,Regular-Tomato,test,78,41
test/Vegetables/Tomato/Regular-Tomato/Regular-Tomato_013.jpg,Regular-Tomato,test,78,41
test/Vegetables/Tomato/Regular-Tomato/Regular-Tomato_014.jpg,Regular-Tomato,test,78,41
test/Vegetables/Tomato/Regular-Tomato/Regular-Tomato_015.jpg,Regular-Tomato,test,78,41
test/Vegetables/Tomato/Regular-Tomato/Regular-Tomato_016.jpg,Regular-Tomato,test,78,41
test/Vegetables/Tomato/Regular-Tomato/Regular-Tomato_017.jpg,Regular-Tomato,test,78,41
test/Vegetables/Tomato/Regular-Tomato/Regular-Tomato_018.jpg,Regular-Tomato,test,78,41
test/Vegetables/Tomato/Regular-Tomato/Regular-Tomato_019.jpg,Regular-Tomato,test,78,41
test/Vegetables/Tomato/Regular-Tomato/Regular-Tomato_020.jpg,Regular-Tomato,test,78,41
test/Vegetables/Tomato/Regular-Tomato/Regular-Tomato_021.jpg,Regular-Tomato,test,78,41
test/Vegetables/Tomato/Regular-Tomato/Regular-Tomato_022.jpg,Regular-Tomato,test,78,41
test/Vegetables/Tomato/Regular-Tomato/Regular-Tomato_023.jpg,Regular-Tomato,test,78,41
test/Vegetables/Tomato/Regular-Tomato/Regular-Tomato_024.jpg,Regular-Tomato,test,78,41
test/Vegetables/Tomato/Regular-Tomato/Regular-Tomato_025.jpg,Regular-Tomato,test,78,41
test/Vegetables/Tomato/Regular-Tomato/Regular-Tomato_026.jpg,Regular-Tomato,test,78,41
test/Vegetables/Tomato/Regular-Tomato/Regular-Tomato_027.jpg,Regular-Tomato,test,78,41
test/Vegetables/Tomato/Regular-Tomato/Regular-Tomato_028.jpg,Regular-Tomato,test,78,41
test/Vegetables/Tomato/Regular-Tomato/Regular-Tomato_029.jpg,Regular-Tomato,test,78,41
test/Vegetables/Tomato/Regular-Tomato/Regular-Tomato_030.jpg,Regular-Tomato,test,78,41
test/Vegetables/Tomato/Regular-Tomato/Regular-Tomato_031.jpg,Regular-Tomato,test,78,41
test/Vegetables/Tomato/Regular-Tomato/Regular-Tomato_032.jpg,Regular-Tomato,test,78,41
test/Vegetables/Tomato/Regular-Tomato/Regular-Tomato_033.jpg,Regular-Tomato,test,78,41
test/Vegetables/Tomato/Regular-Tomato/Regular-Tomato_034.jpg,Regular-Tomato,test,78,41
test/Vegetables/Tomato/Regular-Tomato/Regular-Tomato_035.jpg,Regular-Tomato,test,78,41
test/Vegetables/Tomato/Regular-Tomato/Regular-Tomato_036.jpg,Regular-Tomato,test,78,41
test/Vegetables/Tomato/Regular-Tomato/Regular-Tomato_037.jpg,Regular-Tomato,test,78,41
test/Vegetables/Tomato/Regular-Tomato/Regular-Tomato_038.jpg,Regular-Tomato,test,78,41
test/Vegetables/Tomato/Regular-Tomato/Regular-Tomato_039.jpg,Regular-Tomato,test,78,41
test/Vegetables/Tomato/Regular-Tomato/Regular-Tomato_040.jpg,Regular-Tomato,test,78,41
test/Vegetables/Tomato/Regular-Tomato/Regular-Tomato_041.jpg,Regular-Tomato,test,78,41
test/Vegetables/Tomato/Regular-Tomato/Regular-Tomato_042.jpg,Regular-Tomato,test,78,41
test/Vegetables/Tomato/Regular-Tomato/Regular-Tomato_043.jpg,Regular-Tomato,test,78,41
test/Vegetables/Tomato/Regular-Tomato/Regular-Tomato_044.jpg,Regular-Tomato,test,78,41
test/Vegetables/Tomato/Regular-Tomato/Regular-Tomato_045.jpg,Regular-Tomato,test,78,41
test/Vegetables/Tomato/Regular-Tomato/Regular-Tomato_046.jpg,Regular-Tomato,test,78,41
test/Vegetables/Tomato/Regular-Tomato/Regular-Tomato_047.jpg,Regular-Tomato,test,78,41
test/Vegetables/Tomato/Vine-Tomato/Vine-Tomato_001.jpg,Vine-Tomato,test,79,41
test/Vegetables/Tomato/Vine-Tomato/Vine-Tomato_002.jpg,Vine-Tomato,test,79,41
test/Vegetables/Tomato/Vine-Tomato/Vine-Tomato_003.jpg,Vine-Tomato,test,79,41
test/Vegetables/Tomato/Vine-Tomato/Vine-Tomato_004.jpg,Vine-Tomato,test,79,41
test/Vegetables/Tomato/Vine-Tomato/Vine-Tomato_005.jpg,Vine-Tomato,test,79,41
test/Vegetables/Tomato/Vine-Tomato/Vine-Tomato_006.jpg,Vine-Tomato,test,79,41
test/Vegetables/Tomato/Vine-Tomato/Vine-Tomato_007.jpg,Vine-Tomato,test,79,41
test/Vegetables/Tomato/Vine-Tomato/Vine-Tomato_008.jpg,Vine-Tomato,test,79,41
test/Vegetables/Tomato/Vine-Tomato/Vine-Tomato_009.jpg,Vine-Tomato,test,79,41
test/Vegetables/Tomato/Vine-Tomato/Vine-Tomato_010.jpg,Vine-Tomato,test,79,41
test/Vegetables/Tomato/Vine-Tomato/Vine-Tomato_011.jpg,Vine-Tomato,test,79,41
test/Vegetables/Tomato/Vine-Tomato/Vine-Tomato_012.jpg,Vine-Tomato,test,79,41
test/Vegetables/Tomato/Vine-Tomato/Vine-Tomato_013.jpg,Vine-Tomato,test,79,41
test/Vegetables/Tomato/Vine-Tomato/Vine-Tomato_014.jpg,Vine-Tomato,test,79,41
test/Vegetables/Tomato/Vine-Tomato/Vine-Tomato_015.jpg,Vine-Tomato,test,79,41
test/Vegetables/Tomato/Vine-Tomato/Vine-Tomato_016.jpg,Vine-Tomato,test,79,41
test/Vegetables/Tomato/Vine-Tomato/Vine-Tomato_017.jpg,Vine-Tomato,test,79,41
test/Vegetables/Tomato/Vine-Tomato/Vine-Tomato_018.jpg,Vine-Tomato,test,79,41
test/Vegetables/Tomato/Vine-Tomato/Vine-Tomato_019.jpg,Vine-Tomato,test,79,41
test/Vegetables/Tomato/Vine-Tomato/Vine-Tomato_020.jpg,Vine-Tomato,test,79,41
test/Vegetables/Tomato/Vine-Tomato/Vine-Tomato_021.jpg,Vine-Tomato,test,79,41
test/Vegetables/Tomato/Vine-Tomato/Vine-Tomato_022.jpg,Vine-Tomato,test,79,41
test/Vegetables/Tomato/Vine-Tomato/Vine-Tomato_023.jpg,Vine-Tomato,test,79,41
test/Vegetables/Tomato/Vine-Tomato/Vine-Tomato_024.jpg,Vine-Tomato,test,79,41
test/Vegetables/Tomato/Vine-Tomato/Vine-Tomato_025.jpg,Vine-Tomato,test,79,41
test/Vegetables/Tomato/Vine-Tomato/Vine-Tomato_026.jpg,Vine-Tomato,test,79,41
test/Vegetables/Tomato/Vine-Tomato/Vine-Tomato_027.jpg,Vine-Tomato,test,79,41
test/Vegetables/Tomato/Vine-Tomato/Vine-Tomato_028.jpg,Vine-Tomato,test,79,41
test/Vegetables/Tomato/Vine-Tomato/Vine-Tomato_029.jpg,Vine-Tomato,test,79,41
test/Vegetables/Tomato/Vine-Tomato/Vine-Tomato_030.jpg,Vine-Tomato,test,79,41
test/Vegetables/Tomato/Vine-Tomato/Vine-Tomato_031.jpg,Vine-Tomato,test,79,41
test/Vegetables/Tomato/Vine-Tomato/Vine-Tomato_032.jpg,Vine-Tomato,test,79,41
test/Vegetables/Tomato/Vine-Tomato/Vine-Tomato_033.jpg,Vine-Tomato,test,79,41
test/Vegetables/Tomato/Vine-Tomato/Vine-Tomato_034.jpg,Vine-Tomato,test,79,41
test/Vegetables/Tomato/Vine-Tomato/Vine-Tomato_035.jpg,Vine-Tomato,test,79,41
test/Vegetables/Tomato/Vine-Tomato/Vine-Tomato_036.jpg,Vine-Tomato,test,79,41
test/Vegetables/Tomato/Vine-Tomato/Vine-Tomato_037.jpg,Vine-Tomato,test,79,41
test/Vegetables/Tomato/Vine-Tomato/Vine-Tomato_038.jpg,Vine-Tomato,test,79,41
test/Vegetables/Tomato/Vine-Tomato/Vine-Tomato_039.jpg,Vine-Tomato,test,79,41
test/Vegetables/Tomato/Vine-Tomato/Vine-Tomato_040.jpg,Vine-Tomato,test,79,41
test/Vegetables/Tomato/Vine-Tomato/Vine-Tomato_041.jpg,Vine-Tomato,test,79,41
test/Vegetables/Tomato/Vine-Tomato/Vine-Tomato_042.jpg,Vine-Tomato,test,79,41
test/Vegetables/Tomato/Vine-Tomato/Vine-Tomato_043.jpg,Vine-Tomato,test,79,41
test/Vegetables/Zucchini/Zucchini_001.jpg,Zucchini,test,80,42
test/Vegetables/Zucchini/Zucchini_002.jpg,Zucchini,test,80,42
test/Vegetables/Zucchini/Zucchini_003.jpg,Zucchini,test,80,42
test/Vegetables/Zucchini/Zucchini_004.jpg,Zucchini,test,80,42
test/Vegetables/Zucchini/Zucchini_005.jpg,Zucchini,test,80,42
test/Vegetables/Zucchini/Zucchini_006.jpg,Zucchini,test,80,42
test/Vegetables/Zucchini/Zucchini_007.jpg,Zucchini,test,80,42
test/Vegetables/Zucchini/Zucchini_008.jpg,Zucchini,test,80,42
test/Vegetables/Zucchini/Zucchini_009.jpg,Zucchini,test,80,42
test/Vegetables/Zucchini/Zucchini_010.jpg,Zucchini,test,80,42
test/Vegetables/Zucchini/Zucchini_011.jpg,Zucchini,test,80,42
test/Vegetables/Zucchini/Zucchini_012.jpg,Zucchini,test,80,42
test/Vegetables/Zucchini/Zucchini_013.jpg,Zucchini,test,80,42
test/Vegetables/Zucchini/Zucchini_014.jpg,Zucchini,test,80,42
test/Vegetables/Zucchini/Zucchini_015.jpg,Zucchini,test,80,42
test/Vegetables/Zucchini/Zucchini_016.jpg,Zucchini,test,80,42
test/Vegetables/Zucchini/Zucchini_017.jpg,Zucchini,test,80,42
test/Vegetables/Zucchini/Zucchini_018.jpg,Zucchini,test,80,42
test/Vegetables/Zucchini/Zucchini_019.jpg,Zucchini,test,80,42
test/Vegetables/Zucchini/Zucchini_020.jpg,Zucchini,test,80,42
test/Vegetables/Zucchini/Zucchini_021.jpg,Zucchini,test,80,42
test/Vegetables/Zucchini/Zucchini_022.jpg,Zucchini,test,80,42
test/Vegetables/Zucchini/Zucchini_023.jpg,Zucchini,test,80,42
test/Vegetables/Zucchini/Zucchini_024.jpg,Zucchini,test,80,42
test/Vegetables/Zucchini/Zucchini_025.jpg,Zucchini,test,80,42
test/Vegetables/Zucchini/Zucchini_026.jpg,Zucchini,test,80,42
test/Vegetables/Zucchini/Zucchini_027.jpg,Zucchini,test,80,42
test/Vegetables/Zucchini/Zucchini_028.jpg,Zucchini,test,80,42
test/Vegetables/Zucchini/Zucchini_029.jpg,Zucchini,test,80,42
