image_id,product_id,split,source
8a3f58d261516185,Oatly-Natural-Oatghurt,test,GroceryStoreDataset_Klasson2019
29e6ab7f24e5e428,Oatly-Natural-Oatghurt,test,GroceryStoreDataset_Klasson2019
6afa5ebc9e46b38f,Oatly-Natural-Oatghurt,test,GroceryStoreDataset_Klasson2019
69d1d1545d0e3f72,Oatly-Natural-Oatghurt,test,GroceryStoreDataset_Klasson2019
ad4fb3864427a3fd,Oatly-Natural-Oatghurt,test,GroceryStoreDataset_Klasson2019
57d1b1f91f5a1901,Oatly-Natural-Oatghurt,test,GroceryStoreDataset_Klasson2019
b1837da4ec82ded3,Oatly-Natural-Oatghurt,test,GroceryStoreDataset_Klasson2019
482c40e5921e547e,Oatly-Natural-Oatghurt,test,GroceryStoreDataset_Klasson2019
235b12aaaf1569d8,Oatly-Natural-Oatghurt,test,GroceryStoreDataset_Klasson2019
6fa2a1825c49de68,Oatly-Natural-Oatghurt,test,GroceryStoreDataset_Klasson2019
a7f200184bfa743d,Oatly-Natural-Oatghurt,test,GroceryStoreDataset_Klasson2019
12073a5d0e30e08d,Oatly-Natural-Oatghurt,test,GroceryStoreDataset_Klasson2019
640d9b766a0d7ca2,Oatly-Natural-Oatghurt,test,GroceryStoreDataset_Klasson2019
cd9e8b61c6f40236,Oatly-Natural-Oatghurt,test,GroceryStoreDataset_Klasson2019
1fa2612a717aec68,Oatly-Natural-Oatghurt,test,GroceryStoreDataset_Klasson2019
bee1616f88d83cc2,Oatly-Natural-Oatghurt,test,GroceryStoreDataset_Klasson2019
06d6f8a343032b2b,Oatly-Natural-Oatghurt,test,GroceryStoreDataset_Klasson2019
c9022d3b2defd8b8,Oatly-Natural-Oatghurt,test,GroceryStoreDataset_Klasson2019
87317d0a43f7a985,Oatly-Natural-Oatghurt,test,GroceryStoreDataset_Klasson2019
495c25e3299f7dd3,Oatly-Natural-Oatghurt,test,GroceryStoreDataset_Klasson2019
2b99b51f79332a92,Oatly-Natural-Oatghurt,test,GroceryStoreDataset_Klasson2019
c78188c91fc45c42,Oatly-Natural-Oatghurt,test,GroceryStoreDataset_Klasson2019
19786650cfc93d4f,Oatly-Natural-Oatghurt,test,GroceryStoreDataset_Klasson2019
e247a5b195f97516,Oatly-Natural-Oatghurt,test,GroceryStoreDataset_Klasson2019
eb4ab71bff825d4f,Oatly-Natural-Oatghurt,test,GroceryStoreDataset_Klasson2019
84560f92759c71da,Oatly-Natural-Oatghurt,test,GroceryStoreDataset_Klasson2019
3511adc7f930869c,Oatly-Natural-Oatghurt,test,GroceryStoreDataset_Klasson2019
afa1aa1a326a04b8,Oatly-Natural-Oatghurt,test,GroceryStoreDataset_Klasson2019
bd3e46855902341f,Oatly-Natural-Oatghurt,test,GroceryStoreDataset_Klasson2019
77eef684fbe8387e,Oatly-Natural-Oatghurt,test,GroceryStoreDataset_Klasson2019
9d8b7e5e1c1064b8,Oatly-Natural-Oatghurt,test,GroceryStoreDataset_Klasson2019
a71610ae205958aa,Oatly-Natural-Oatghurt,test,GroceryStoreDataset_Klasson2019
c2745ff79dee34af,Oatly-Natural-Oatghurt,test,GroceryStoreDataset_Klasson2019
982f6d04f131ee42,Arla-Sour-Milk,train,GroceryStoreDataset_Klasson2019
0eec3f4dd9d05539,Arla-Sour-Milk,train,GroceryStoreDataset_Klasson2019
e7d8cfa976427dca,Arla-Sour-Milk,train,GroceryStoreDataset_Klasson2019
5a6786e63b18073a,Arla-Sour-Milk,train,GroceryStoreDataset_Klasson2019
b55ee1705cebaf18,Arla-Sour-Milk,train,GroceryStoreDataset_Klasson2019
03e75b263a78a110,Arla-Sour-Milk,train,GroceryStoreDataset_Klasson2019
e3d6a87a2301061e,Arla-Sour-Milk,train,GroceryStoreDataset_Klasson2019
fce9229558cd0479,Arla-Sour-Milk,train,GroceryStoreDataset_Klasson2019
685613088453305e,Arla-Sour-Milk,train,GroceryStoreDataset_Klasson2019
9aa33bb9426ef29c,Arla-Sour-Milk,train,GroceryStoreDataset_Klasson2019
b417682f7ebfb4ec,Arla-Sour-Milk,train,GroceryStoreDataset_Klasson2019
f42d09cb5f6a4f97,Arla-Sour-Milk,train,GroceryStoreDataset_Klasson2019
7ef254d0f3f17212,Arla-Sour-Milk,train,GroceryStoreDataset_Klasson2019
06bd4ab37704ffd8,Arla-Sour-Milk,train,GroceryStoreDataset_Klasson2019
9dbe13d3d6d2c0ef,Arla-Sour-Milk,train,GroceryStoreDataset_Klasson2019
23ee5136ac3b9889,Arla-Sour-Milk,train,GroceryStoreDataset_Klasson2019
700d668026631f11,Arla-Sour-Milk,train,GroceryStoreDataset_Klasson2019
a359d0b43a198f0c,Arla-Sour-Milk,train,GroceryStoreDataset_Klasson2019
abf25b6227b8d500,Arla-Sour-Milk,train,GroceryStoreDataset_Klasson2019
95437bca98099124,Arla-Sour-Milk,train,GroceryStoreDataset_Klasson2019
f2cf31d93cf11104,Arla-Sour-Milk,train,GroceryStoreDataset_Klasson2019
ab707204d4a472f7,Arla-Sour-Milk,train,GroceryStoreDataset_Klasson2019
0bbf57552801694f,Arla-Sour-Milk,train,GroceryStoreDataset_Klasson2019
0a121cc377ec427b,Arla-Sour-Milk,train,GroceryStoreDataset_Klasson2019
dfd8370e32e6358a,Arla-Sour-Milk,train,GroceryStoreDataset_Klasson2019
e784f518ba69151e,Arla-Sour-Milk,train,GroceryStoreDataset_Klasson2019
f2326a3f48c8f18c,Arla-Sour-Milk,train,GroceryStoreDataset_Klasson2019
72961d36e0fa4f9a,Arla-Sour-Milk,train,GroceryStoreDataset_Klasson2019
c7b9d0630b3d7959,Arla-Sour-Milk,train,GroceryStoreDataset_Klasson2019
553df61b49223f4d,Arla-Sour-Milk,train,GroceryStoreDataset_Klasson2019
5f96cc1f44457c1c,Tropicana-Mandarin-Morning,train,GroceryStoreDataset_Klasson2019
05b469c5e660fe63,Tropicana-Mandarin-Morning,train,GroceryStoreDataset_Klasson2019
2953937ffb3e8161,Tropicana-Mandarin-Morning,train,GroceryStoreDataset_Klasson2019
3e7744467e51bc0c,Tropicana-Mandarin-Morning,train,GroceryStoreDataset_Klasson2019
9f028f2a125a86ea,Tropicana-Mandarin-Morning,train,GroceryStoreDataset_Klasson2019
4b839cdaf991f354,Tropicana-Mandarin-Morning,train,GroceryStoreDataset_Klasson2019
a950d62b48ab970f,Tropicana-Mandarin-Morning,train,GroceryStoreDataset_Klasson2019
1ec7d9e4fe132d82,Tropicana-Mandarin-Morning,train,GroceryStoreDataset_Klasson2019
dec357febe692831,Tropicana-Mandarin-Morning,train,GroceryStoreDataset_Klasson2019
46db73f6964916f9,Tropicana-Mandarin-Morning,train,GroceryStoreDataset_Klasson2019
219b6493162499bf,Tropicana-Mandarin-Morning,train,GroceryStoreDataset_Klasson2019
dbc52f905be59606,Tropicana-Mandarin-Morning,train,GroceryStoreDataset_Klasson2019
944ced0461ac3186,Tropicana-Mandarin-Morning,train,GroceryStoreDataset_Klasson2019
6a8584d02e7c74cc,Tropicana-Mandarin-Morning,train,GroceryStoreDataset_Klasson2019
1f08ce87dc03b316,Tropicana-Mandarin-Morning,train,GroceryStoreDataset_Klasson2019
12697481ce2c7013,Tropicana-Mandarin-Morning,train,GroceryStoreDataset_Klasson2019
3417dbbbf18a8db1,Tropicana-Mandarin-Morning,train,GroceryStoreDataset_Klasson2019
576d7f2ff09b40e3,Tropicana-Mandarin-Morning,train,GroceryStoreDataset_Klasson2019
09e8b77aabac6356,Tropicana-Mandarin-Morning,train,GroceryStoreDataset_Klasson2019
267d130a15d1fe3c,Tropicana-Mandarin-Morning,train,GroceryStoreDataset_Klasson2019
ac1ef22c8e1334d8,Tropicana-Apple-Juice,train,GroceryStoreDataset_Klasson2019
046e229498c60736,Tropicana-Apple-Juice,train,GroceryStoreDataset_Klasson2019
6b39e15b1fc9e41f,Tropicana-Apple-Juice,train,GroceryStoreDataset_Klasson2019
17123811d5263ed0,Tropicana-Apple-Juice,train,GroceryStoreDataset_Klasson2019
745fec50ae9f4d01,Tropicana-Apple-Juice,train,GroceryStoreDataset_Klasson2019
33d43166a7b89e0e,Tropicana-Apple-Juice,train,GroceryStoreDataset_Klasson2019
eae93176ab3f4595,Tropicana-Apple-Juice,train,GroceryStoreDataset_Klasson2019
4233f6da388545ac,Tropicana-Apple-Juice,train,GroceryStoreDataset_Klasson2019
6f29f12d1528f184,Tropicana-Apple-Juice,train,GroceryStoreDataset_Klasson2019
2d567d47b1fcbcc3,Tropicana-Apple-Juice,train,GroceryStoreDataset_Klasson2019
c33a0764f1ed191b,Tropicana-Apple-Juice,train,GroceryStoreDataset_Klasson2019
c0a5e75ab85e3052,Tropicana-Apple-Juice,train,GroceryStoreDataset_Klasson2019
241932aaf514af7f,Tropicana-Apple-Juice,train,GroceryStoreDataset_Klasson2019
93acb5f106c7c76c,Tropicana-Apple-Juice,train,GroceryStoreDataset_Klasson2019
c82d672b4ec70832,Tropicana-Apple-Juice,train,GroceryStoreDataset_Klasson2019
e58f850122e91520,Tropicana-Apple-Juice,train,GroceryStoreDataset_Klasson2019
725a63c1da722314,Tropicana-Apple-Juice,train,GroceryStoreDataset_Klasson2019
231fbe4bd2925e15,Tropicana-Apple-Juice,train,GroceryStoreDataset_Klasson2019
ba4818b3b03e0d09,Tropicana-Apple-Juice,train,GroceryStoreDataset_Klasson2019
2b5edfc26be2b564,Tropicana-Apple-Juice,train,GroceryStoreDataset_Klasson2019
4822139475468a55,Tropicana-Apple-Juice,train,GroceryStoreDataset_Klasson2019
f951a34d8baf44ce,Tropicana-Apple-Juice,train,GroceryStoreDataset_Klasson2019
4e5388d2f8d257ae,Tropicana-Apple-Juice,train,GroceryStoreDataset_Klasson2019
85fa77d885718689,Tropicana-Apple-Juice,train,GroceryStoreDataset_Klasson2019
1c50830d25224158,Tropicana-Apple-Juice,train,GroceryStoreDataset_Klasson2019
d0a6c5f17f91e289,Tropicana-Apple-Juice,train,GroceryStoreDataset_Klasson2019
483faab9f6805af4,Tropicana-Apple-Juice,train,GroceryStoreDataset_Klasson2019
5491c1f341c6306d,Tropicana-Apple-Juice,train,GroceryStoreDataset_Klasson2019
085d4ca98b2fe0c7,Tropicana-Apple-Juice,train,GroceryStoreDataset_Klasson2019
453004400204b6b2,Tropicana-Apple-Juice,train,GroceryStoreDataset_Klasson2019
c13770eb1c3af2df,Tropicana-Apple-Juice,train,GroceryStoreDataset_Klasson2019
e1031267d9bee75d,God-Morgon-Orange-Red-Grapefruit-Juice,train,GroceryStoreDataset_Klasson2019
7451842ec52b6eb9,God-Morgon-Orange-Red-Grapefruit-Juice,train,GroceryStoreDataset_Klasson2019
034a76a15c4cdab8,God-Morgon-Orange-Red-Grapefruit-Juice,train,GroceryStoreDataset_Klasson2019
f3fac7931d3cb730,God-Morgon-Orange-Red-Grapefruit-Juice,train,GroceryStoreDataset_Klasson2019
d7ec810cd4ef8359,God-Morgon-Orange-Red-Grapefruit-Juice,train,GroceryStoreDataset_Klasson2019
ec0da7f20c82ba13,God-Morgon-Orange-Red-Grapefruit-Juice,train,GroceryStoreDataset_Klasson2019
f07e95967425a1e6,God-Morgon-Orange-Red-Grapefruit-Juice,train,GroceryStoreDataset_Klasson2019
4b758ef7cb720d04,God-Morgon-Orange-Red-Grapefruit-Juice,train,GroceryStoreDataset_Klasson2019
f510e228ad22ce30,God-Morgon-Orange-Red-Grapefruit-Juice,train,GroceryStoreDataset_Klasson2019
f6a791a7c968c308,God-Morgon-Orange-Red-Grapefruit-Juice,train,GroceryStoreDataset_Klasson2019
a0ee5b8e35526ba2,God-Morgon-Orange-Red-Grapefruit-Juice,train,GroceryStoreDataset_Klasson2019
273636ab1b1f2714,God-Morgon-Orange-Red-Grapefruit-Juice,train,GroceryStoreDataset_Klasson2019
28e22a0c68ea8f55,God-Morgon-Orange-Red-Grapefruit-Juice,train,GroceryStoreDataset_Klasson2019
4a3b45e09d5ee40a,God-Morgon-Orange-Red-Grapefruit-Juice,train,GroceryStoreDataset_Klasson2019
9857fc96141b16ee,God-Morgon-Orange-Red-Grapefruit-Juice,train,GroceryStoreDataset_Klasson2019
b2f09fe927a35a2d,God-Morgon-Orange-Red-Grapefruit-Juice,train,GroceryStoreDataset_Klasson2019
17f30b0313346cd2,God-Morgon-Orange-Red-Grapefruit-Juice,train,GroceryStoreDataset_Klasson2019
8bd45f1d3e1ce73b,God-Morgon-Orange-Red-Grapefruit-Juice,train,GroceryStoreDataset_Klasson2019
1421fed41c404019,God-Morgon-Orange-Red-Grapefruit-Juice,train,GroceryStoreDataset_Klasson2019
1619cc4d02af49c9,God-Morgon-Orange-Red-Grapefruit-Juice,train,GroceryStoreDataset_Klasson2019
d8d2c20dff012ec0,Bravo-Apple-Juice,train,GroceryStoreDataset_Klasson2019
8f365eddaa0d7a85,Bravo-Apple-Juice,train,GroceryStoreDataset_Klasson2019
fd059758513058f1,Bravo-Apple-Juice,train,GroceryStoreDataset_Klasson2019
3191d5d0272cc6f3,Bravo-Apple-Juice,train,GroceryStoreDataset_Klasson2019
daf39039cca694d2,Bravo-Apple-Juice,train,GroceryStoreDataset_Klasson2019
49e931f8c72f8ba0,Bravo-Apple-Juice,train,GroceryStoreDataset_Klasson2019
3e9a8d49f9dc95b0,Bravo-Apple-Juice,train,GroceryStoreDataset_Klasson2019
8bed141624022d7e,Bravo-Apple-Juice,train,GroceryStoreDataset_Klasson2019
7a902966e2b0397c,Bravo-Apple-Juice,train,GroceryStoreDataset_Klasson2019
0c5fc8bc4cd63c7a,Bravo-Apple-Juice,train,GroceryStoreDataset_Klasson2019
8f3870634f60b844,Bravo-Apple-Juice,train,GroceryStoreDataset_Klasson2019
fb2a0a56da1f9068,Bravo-Apple-Juice,train,GroceryStoreDataset_Klasson2019
93b795d25ef102df,Bravo-Apple-Juice,train,GroceryStoreDataset_Klasson2019
4669b43b5e3acb04,Bravo-Apple-Juice,train,GroceryStoreDataset_Klasson2019
f71672fa3cd52048,Bravo-Apple-Juice,train,GroceryStoreDataset_Klasson2019
329e82e1affb9159,Bravo-Apple-Juice,train,GroceryStoreDataset_Klasson2019
9592cdd514982bd2,Bravo-Apple-Juice,train,GroceryStoreDataset_Klasson2019
a8f1bf4ea212d98f,Bravo-Apple-Juice,train,GroceryStoreDataset_Klasson2019
c2d851f5be71926a,Bravo-Apple-Juice,train,GroceryStoreDataset_Klasson2019
c9af7e327b9dce0f,Bravo-Apple-Juice,train,GroceryStoreDataset_Klasson2019
8f3e8f04005dcff9,Bravo-Apple-Juice,train,GroceryStoreDataset_Klasson2019
0d730e4211aeb325,Bravo-Apple-Juice,train,GroceryStoreDataset_Klasson2019
65527d396ba01ee3,Bravo-Apple-Juice,train,GroceryStoreDataset_Klasson2019
f6998012a44cd52f,Bravo-Apple-Juice,train,GroceryStoreDataset_Klasson2019
bedb6802f69e4116,Bravo-Apple-Juice,train,GroceryStoreDataset_Klasson2019
4e662f182fee0684,Bravo-Orange-Juice,train,GroceryStoreDataset_Klasson2019
340a9cd820cfe217,Bravo-Orange-Juice,train,GroceryStoreDataset_Klasson2019
bbb952fae239a0c2,Bravo-Orange-Juice,train,GroceryStoreDataset_Klasson2019
ef755feb0c7f30a1,Bravo-Orange-Juice,train,GroceryStoreDataset_Klasson2019
71c65b20641418bf,Bravo-Orange-Juice,train,GroceryStoreDataset_Klasson2019
29e2386226114530,Bravo-Orange-Juice,train,GroceryStoreDataset_Klasson2019
245449ccdf4a4ff2,Bravo-Orange-Juice,train,GroceryStoreDataset_Klasson2019
3a753a000c1b0a79,Bravo-Orange-Juice,train,GroceryStoreDataset_Klasson2019
c447c9880cdd620c,Bravo-Orange-Juice,train,GroceryStoreDataset_Klasson2019
41e81721200a7b18,Bravo-Orange-Juice,train,GroceryStoreDataset_Klasson2019
b5712c894c5e02ba,Bravo-Orange-Juice,train,GroceryStoreDataset_Klasson2019
236952fef3f18e97,Bravo-Orange-Juice,train,GroceryStoreDataset_Klasson2019
890e8d33853d3a6c,Bravo-Orange-Juice,train,GroceryStoreDataset_Klasson2019
2f2549d1d1378ede,Bravo-Orange-Juice,train,GroceryStoreDataset_Klasson2019
88dfd2ae55911af8,Bravo-Orange-Juice,train,GroceryStoreDataset_Klasson2019
1651c1de082b8227,Bravo-Orange-Juice,train,GroceryStoreDataset_Klasson2019
b2bc6edd815a4e12,Bravo-Orange-Juice,train,GroceryStoreDataset_Klasson2019
e80c39b5eddee3f6,Bravo-Orange-Juice,train,GroceryStoreDataset_Klasson2019
566fd6ddbc72c5ba,Bravo-Orange-Juice,train,GroceryStoreDataset_Klasson2019
a9c06339e56d4473,Bravo-Orange-Juice,train,GroceryStoreDataset_Klasson2019
bec811f7460cf8f1,Bravo-Orange-Juice,train,GroceryStoreDataset_Klasson2019
51314321945ee938,Bravo-Orange-Juice,train,GroceryStoreDataset_Klasson2019
7973251339604ea8,Bravo-Orange-Juice,train,GroceryStoreDataset_Klasson2019
3f9e163222c961da,Bravo-Orange-Juice,train,GroceryStoreDataset_Klasson2019
5c0a8d1106ad290c,Bravo-Orange-Juice,train,GroceryStoreDataset_Klasson2019
e641f0139cf7779d,Bravo-Orange-Juice,train,GroceryStoreDataset_Klasson2019
c8502ff9ca2db238,Bravo-Orange-Juice,train,GroceryStoreDataset_Klasson2019
63f913744d15ab86,Bravo-Orange-Juice,train,GroceryStoreDataset_Klasson2019
a6959c41c77be1d9,Bravo-Orange-Juice,train,GroceryStoreDataset_Klasson2019
64782b29b5e7bf48,Bravo-Orange-Juice,train,GroceryStoreDataset_Klasson2019
3ec20beee4174675,Bravo-Orange-Juice,train,GroceryStoreDataset_Klasson2019
75c3da5ae19958df,Bravo-Orange-Juice,train,GroceryStoreDataset_Klasson2019
ecc2d976059c4213,Tropicana-Golden-Grapefruit,val,GroceryStoreDataset_Klasson2019
c7d4408a635cfc15,Tropicana-Golden-Grapefruit,val,GroceryStoreDataset_Klasson2019
eb8369f6f3e31fe6,Tropicana-Golden-Grapefruit,val,GroceryStoreDataset_Klasson2019
f06cb46b32878a8c,Tropicana-Golden-Grapefruit,val,GroceryStoreDataset_Klasson2019
3b300eee196258f2,Tropicana-Golden-Grapefruit,val,GroceryStoreDataset_Klasson2019
b47d3afe040e7792,Tropicana-Golden-Grapefruit,val,GroceryStoreDataset_Klasson2019
46422351352bb41c,Tropicana-Golden-Grapefruit,val,GroceryStoreDataset_Klasson2019
692987aca135da7f,Tropicana-Golden-Grapefruit,val,GroceryStoreDataset_Klasson2019
84ee007b9e7c2e6a,Tropicana-Golden-Grapefruit,val,GroceryStoreDataset_Klasson2019
1c2774cf3590db8e,Tropicana-Golden-Grapefruit,val,GroceryStoreDataset_Klasson2019
c6b58d18762ccb7e,Tropicana-Golden-Grapefruit,val,GroceryStoreDataset_Klasson2019
87168985bca631ba,Tropicana-Golden-Grapefruit,val,GroceryStoreDataset_Klasson2019
0e2f0f88e30f3521,Tropicana-Golden-Grapefruit,val,GroceryStoreDataset_Klasson2019
e6d88430bfa2e92d,Tropicana-Golden-Grapefruit,val,GroceryStoreDataset_Klasson2019
0573573d13dce3a3,Tropicana-Golden-Grapefruit,val,GroceryStoreDataset_Klasson2019
51369bd8b56311a3,Tropicana-Golden-Grapefruit,val,GroceryStoreDataset_Klasson2019
581bba8c289af3e2,Tropicana-Golden-Grapefruit,val,GroceryStoreDataset_Klasson2019
af89691e891c24d2,Tropicana-Golden-Grapefruit,val,GroceryStoreDataset_Klasson2019
4a17f84a451eb624,Tropicana-Golden-Grapefruit,val,GroceryStoreDataset_Klasson2019
b97cd344f0586488,Tropicana-Golden-Grapefruit,val,GroceryStoreDataset_Klasson2019
26219e1fc4824310,Tropicana-Golden-Grapefruit,val,GroceryStoreDataset_Klasson2019
776fc883c88c9c91,Tropicana-Golden-Grapefruit,val,GroceryStoreDataset_Klasson2019
ab2391e6c18b1765,Tropicana-Golden-Grapefruit,val,GroceryStoreDataset_Klasson2019
c3049c3519e49c51,Tropicana-Golden-Grapefruit,val,GroceryStoreDataset_Klasson2019
0c35009bb4b76a6c,Tropicana-Golden-Grapefruit,val,GroceryStoreDataset_Klasson2019
5fc2398e02aad85e,God-Morgon-Orange-Juice,test,GroceryStoreDataset_Klasson2019
c1ffcb6ee4fee065,God-Morgon-Orange-Juice,test,GroceryStoreDataset_Klasson2019
64f136ac199e66d8,God-Morgon-Orange-Juice,test,GroceryStoreDataset_Klasson2019
c64fff5dca291dce,God-Morgon-Orange-Juice,test,GroceryStoreDataset_Klasson2019
c256c54378aff68e,God-Morgon-Orange-Juice,test,GroceryStoreDataset_Klasson2019
6bbb8859561e18a3,God-Morgon-Orange-Juice,test,GroceryStoreDataset_Klasson2019
cd1fe3495cbd79e6,God-Morgon-Orange-Juice,test,GroceryStoreDataset_Klasson2019
47a9d598a269ee6f,God-Morgon-Orange-Juice,test,GroceryStoreDataset_Klasson2019
7cfde51e63e1e9e5,God-Morgon-Orange-Juice,test,GroceryStoreDataset_Klasson2019
1bdbba1df693d87e,God-Morgon-Orange-Juice,test,GroceryStoreDataset_Klasson2019
83d616e3dec86e76,God-Morgon-Orange-Juice,test,GroceryStoreDataset_Klasson2019
4f4a6f44c9648eea,God-Morgon-Orange-Juice,test,GroceryStoreDataset_Klasson2019
b1e3571a2c57ec73,God-Morgon-Orange-Juice,test,GroceryStoreDataset_Klasson2019
81e5c6f52cad84f0,God-Morgon-Orange-Juice,test,GroceryStoreDataset_Klasson2019
e814a68994c9122a,God-Morgon-Orange-Juice,test,GroceryStoreDataset_Klasson2019
7f10042e41d40078,God-Morgon-Orange-Juice,test,GroceryStoreDataset_Klasson2019
306c219262475697,God-Morgon-Orange-Juice,test,GroceryStoreDataset_Klasson2019
de29f246805ae986,God-Morgon-Orange-Juice,test,GroceryStoreDataset_Klasson2019
9f269ef37e8d695a,God-Morgon-Orange-Juice,test,GroceryStoreDataset_Klasson2019
279b98430844e1ee,God-Morgon-Orange-Juice,test,GroceryStoreDataset_Klasson2019
f3ec37e3a5aae741,God-Morgon-Orange-Juice,test,GroceryStoreDataset_Klasson2019
86886ebc4abd80e6,God-Morgon-Orange-Juice,test,GroceryStoreDataset_Klasson2019
25c603e0562dbe39,God-Morgon-Orange-Juice,test,GroceryStoreDataset_Klasson2019
fd9d5e13331793f4,Tropicana-Juice-Smooth,train,GroceryStoreDataset_Klasson2019
68b839939872878f,Tropicana-Juice-Smooth,train,GroceryStoreDataset_Klasson2019
1ade133e02e958d9,Tropicana-Juice-Smooth,train,GroceryStoreDataset_Klasson2019
7e382ff22f219fac,Tropicana-Juice-Smooth,train,GroceryStoreDataset_Klasson2019
6e185d880877225f,Tropicana-Juice-Smooth,train,GroceryStoreDataset_Klasson2019
1d386c6970aa936b,Tropicana-Juice-Smooth,train,GroceryStoreDataset_Klasson2019
2ef71242fba276db,Tropicana-Juice-Smooth,train,GroceryStoreDataset_Klasson2019
5ffc1e8f913cf3ae,Tropicana-Juice-Smooth,train,GroceryStoreDataset_Klasson2019
cb3ac20187ac7683,Tropicana-Juice-Smooth,train,GroceryStoreDataset_Klasson2019
5a9df880ca692760,Tropicana-Juice-Smooth,train,GroceryStoreDataset_Klasson2019
cf55a2ffc3e2be3b,Tropicana-Juice-Smooth,train,GroceryStoreDataset_Klasson2019
387795d619f4c87e,Tropicana-Juice-Smooth,train,GroceryStoreDataset_Klasson2019
9560f59cb9374a6d,Tropicana-Juice-Smooth,train,GroceryStoreDataset_Klasson2019
e0c1c92dbfaa87a7,Tropicana-Juice-Smooth,train,GroceryStoreDataset_Klasson2019
00aef1f6c89c3627,Tropicana-Juice-Smooth,train,GroceryStoreDataset_Klasson2019
e2ba096778ad5cc4,Tropicana-Juice-Smooth,train,GroceryStoreDataset_Klasson2019
b07990dc2ac14407,Tropicana-Juice-Smooth,train,GroceryStoreDataset_Klasson2019
f7701f1e4ecb6624,Tropicana-Juice-Smooth,train,GroceryStoreDataset_Klasson2019
2ad45882afcf1878,Tropicana-Juice-Smooth,train,GroceryStoreDataset_Klasson2019
b6b48c0c73b4fe3c,Tropicana-Juice-Smooth,train,GroceryStoreDataset_Klasson2019
50c33d3b2d5a80a7,Tropicana-Juice-Smooth,train,GroceryStoreDataset_Klasson2019
1e88b654cb8e3042,Tropicana-Juice-Smooth,train,GroceryStoreDataset_Klasson2019
151c1d1afe30ab98,Tropicana-Juice-Smooth,train,GroceryStoreDataset_Klasson2019
c3193c0282ba0e3b,Tropicana-Juice-Smooth,train,GroceryStoreDataset_Klasson2019
2974d6cd945a96ba,Tropicana-Juice-Smooth,train,GroceryStoreDataset_Klasson2019
9e36f67ae7a7f1e8,Tropicana-Juice-Smooth,train,GroceryStoreDataset_Klasson2019
25f6aa7a9bace8de,God-Morgon-Apple-Juice,val,GroceryStoreDataset_Klasson2019
76d3814b81efa731,God-Morgon-Apple-Juice,val,GroceryStoreDataset_Klasson2019
45e29ec9338cccd6,God-Morgon-Apple-Juice,val,GroceryStoreDataset_Klasson2019
8bee6054a6405723,God-Morgon-Apple-Juice,val,GroceryStoreDataset_Klasson2019
1e576025b07f3ffa,God-Morgon-Apple-Juice,val,GroceryStoreDataset_Klasson2019
bf2402e3fd50455d,God-Morgon-Apple-Juice,val,GroceryStoreDataset_Klasson2019
5a37b3a246336cba,God-Morgon-Apple-Juice,val,GroceryStoreDataset_Klasson2019
627aa7f0b2833ab7,God-Morgon-Apple-Juice,val,GroceryStoreDataset_Klasson2019
0a45f1630bc1bd57,God-Morgon-Apple-Juice,val,GroceryStoreDataset_Klasson2019
87778721754cf970,God-Morgon-Apple-Juice,val,GroceryStoreDataset_Klasson2019
a3ae0f0ac26dce4b,God-Morgon-Apple-Juice,val,GroceryStoreDataset_Klasson2019
d861dd77afb4dd09,God-Morgon-Apple-Juice,val,GroceryStoreDataset_Klasson2019
27210352a3d51db9,God-Morgon-Apple-Juice,val,GroceryStoreDataset_Klasson2019
f985fb4a3e613264,God-Morgon-Apple-Juice,val,GroceryStoreDataset_Klasson2019
565efa0f241a3d37,God-Morgon-Apple-Juice,val,GroceryStoreDataset_Klasson2019
77aea328c2488b7a,God-Morgon-Apple-Juice,val,GroceryStoreDataset_Klasson2019
37f7d3feb5b872a1,God-Morgon-Apple-Juice,val,GroceryStoreDataset_Klasson2019
82050beed6ebbfd6,God-Morgon-Apple-Juice,val,GroceryStoreDataset_Klasson2019
aea3fa06720e15f2,God-Morgon-Apple-Juice,val,GroceryStoreDataset_Klasson2019
f24005cb58dcabba,God-Morgon-Red-Grapefruit-Juice,train,GroceryStoreDataset_Klasson2019
35893633097a03d7,God-Morgon-Red-Grapefruit-Juice,train,GroceryStoreDataset_Klasson2019
a858a69046032f6c,God-Morgon-Red-Grapefruit-Juice,train,GroceryStoreDataset_Klasson2019
4df7f485f07622a9,God-Morgon-Red-Grapefruit-Juice,train,GroceryStoreDataset_Klasson2019
7fc28f38b6860f43,God-Morgon-Red-Grapefruit-Juice,train,GroceryStoreDataset_Klasson2019
ba0547f969810200,God-Morgon-Red-Grapefruit-Juice,train,GroceryStoreDataset_Klasson2019
a47d5dda71d741e7,God-Morgon-Red-Grapefruit-Juice,train,GroceryStoreDataset_Klasson2019
b7b19aea24e5612f,God-Morgon-Red-Grapefruit-Juice,train,GroceryStoreDataset_Klasson2019
cf15d00333bf8a8a,God-Morgon-Red-Grapefruit-Juice,train,GroceryStoreDataset_Klasson2019
dba79726d7642d43,God-Morgon-Red-Grapefruit-Juice,train,GroceryStoreDataset_Klasson2019
3cfa8c040e637f77,God-Morgon-Red-Grapefruit-Juice,train,GroceryStoreDataset_Klasson2019
718db11a30d7bd95,God-Morgon-Red-Grapefruit-Juice,train,GroceryStoreDataset_Klasson2019
fcbe567075722826,God-Morgon-Red-Grapefruit-Juice,train,GroceryStoreDataset_Klasson2019
a49b5beff722669d,God-Morgon-Red-Grapefruit-Juice,train,GroceryStoreDataset_Klasson2019
cfdbb14af2eac0e0,God-Morgon-Red-Grapefruit-Juice,train,GroceryStoreDataset_Klasson2019
c67d5b9acc219634,God-Morgon-Red-Grapefruit-Juice,train,GroceryStoreDataset_Klasson2019
810a2e2e21761fc9,God-Morgon-Red-Grapefruit-Juice,train,GroceryStoreDataset_Klasson2019
e72bf2b64bbec39f,God-Morgon-Red-Grapefruit-Juice,train,GroceryStoreDataset_Klasson2019
56f0b66c7fe93947,God-Morgon-Red-Grapefruit-Juice,train,GroceryStoreDataset_Klasson2019
d33c40dc6778163f,God-Morgon-Red-Grapefruit-Juice,train,GroceryStoreDataset_Klasson2019
9f4eb4896a6db0bc,God-Morgon-Red-Grapefruit-Juice,train,GroceryStoreDataset_Klasson2019
4cc7e775bd000288,God-Morgon-Red-Grapefruit-Juice,train,GroceryStoreDataset_Klasson2019
c2f0e7be0a0ff626,God-Morgon-Red-Grapefruit-Juice,train,GroceryStoreDataset_Klasson2019
98a367b7bd8d11de,God-Morgon-Red-Grapefruit-Juice,train,GroceryStoreDataset_Klasson2019
ae1a30b8ed1fb940,God-Morgon-Red-Grapefruit-Juice,train,GroceryStoreDataset_Klasson2019
69a9befbf6b4ecf8,God-Morgon-Red-Grapefruit-Juice,train,GroceryStoreDataset_Klasson2019
096a678be2f084ec,Alpro-Shelf-Soy-Milk,train,GroceryStoreDataset_Klasson2019
28ac654be4f4977d,Alpro-Shelf-Soy-Milk,train,GroceryStoreDataset_Klasson2019
495e0e0a923b61c6,Alpro-Shelf-Soy-Milk,train,GroceryStoreDataset_Klasson2019
8b50fc1e15fcc9f4,Alpro-Shelf-Soy-Milk,train,GroceryStoreDataset_Klasson2019
bd0945af49c20efb,Alpro-Shelf-Soy-Milk,train,GroceryStoreDataset_Klasson2019
91c7e024759e7abe,Alpro-Shelf-Soy-Milk,train,GroceryStoreDataset_Klasson2019
c21a47913efea4c1,Alpro-Shelf-Soy-Milk,train,GroceryStoreDataset_Klasson2019
129b725518406f2c,Alpro-Shelf-Soy-Milk,train,GroceryStoreDataset_Klasson2019
f6d49dffbf19f0d3,Alpro-Shelf-Soy-Milk,train,GroceryStoreDataset_Klasson2019
4aba02f94bdeb7c6,Alpro-Shelf-Soy-Milk,train,GroceryStoreDataset_Klasson2019
2e96bae99630c7f6,Alpro-Shelf-Soy-Milk,train,GroceryStoreDataset_Klasson2019
3a8647cef1343674,Alpro-Shelf-Soy-Milk,train,GroceryStoreDataset_Klasson2019
3acd7039ce559cfe,Alpro-Shelf-Soy-Milk,train,GroceryStoreDataset_Klasson2019
44c2f70142d520ba,Alpro-Shelf-Soy-Milk,train,GroceryStoreDataset_Klasson2019
e3fb1a6471e08d08,Alpro-Shelf-Soy-Milk,train,GroceryStoreDataset_Klasson2019
c1453b51ebe6fcec,Alpro-Shelf-Soy-Milk,train,GroceryStoreDataset_Klasson2019
2702cb60262a1ab6,Alpro-Shelf-Soy-Milk,train,GroceryStoreDataset_Klasson2019
c57d8270696e1ea9,Alpro-Shelf-Soy-Milk,train,GroceryStoreDataset_Klasson2019
ee0d2bb5cc4c50e4,Alpro-Shelf-Soy-Milk,train,GroceryStoreDataset_Klasson2019
c43eea3578787f75,Alpro-Shelf-Soy-Milk,train,GroceryStoreDataset_Klasson2019
fac86108002f9906,Alpro-Shelf-Soy-Milk,train,GroceryStoreDataset_Klasson2019
ad1797a946e59bb4,Alpro-Shelf-Soy-Milk,train,GroceryStoreDataset_Klasson2019
59d0575fef97d1ac,Alpro-Shelf-Soy-Milk,train,GroceryStoreDataset_Klasson2019
3fc7b91a30549dd6,Alpro-Shelf-Soy-Milk,train,GroceryStoreDataset_Klasson2019
a90632b2b49f8006,Alpro-Shelf-Soy-Milk,train,GroceryStoreDataset_Klasson2019
911a5d007598c573,Alpro-Shelf-Soy-Milk,train,GroceryStoreDataset_Klasson2019
3f3357fbc6c64a43,Alpro-Shelf-Soy-Milk,train,GroceryStoreDataset_Klasson2019
1c226c4ff6bba48b,Alpro-Shelf-Soy-Milk,train,GroceryStoreDataset_Klasson2019
00f4a68917974765,Alpro-Shelf-Soy-Milk,train,GroceryStoreDataset_Klasson2019
801a5a0b2e0d1afe,Alpro-Shelf-Soy-Milk,train,GroceryStoreDataset_Klasson2019
e76140d5e6c00776,Alpro-Fresh-Soy-Milk,train,GroceryStoreDataset_Klasson2019
7b81245b1a7c9d49,Alpro-Fresh-Soy-Milk,train,GroceryStoreDataset_Klasson2019
37fd6e72b6aefc67,Alpro-Fresh-Soy-Milk,train,GroceryStoreDataset_Klasson2019
4354c92c83a7d061,Alpro-Fresh-Soy-Milk,train,GroceryStoreDataset_Klasson2019
da22fa7892e3da02,Alpro-Fresh-Soy-Milk,train,GroceryStoreDataset_Klasson2019
5fe6ecbc9acd6cef,Alpro-Fresh-Soy-Milk,train,GroceryStoreDataset_Klasson2019
cda1b5a8e6157d09,Alpro-Fresh-Soy-Milk,train,GroceryStoreDataset_Klasson2019
c08f82de5f93c1bf,Alpro-Fresh-Soy-Milk,train,GroceryStoreDataset_Klasson2019
4e108761d66c7faf,Alpro-Fresh-Soy-Milk,train,GroceryStoreDataset_Klasson2019
0811ccf6f93a09ad,Alpro-Fresh-Soy-Milk,train,GroceryStoreDataset_Klasson2019
fb8e9ff85e96a6ac,Alpro-Fresh-Soy-Milk,train,GroceryStoreDataset_Klasson2019
2fc621459fda8628,Alpro-Fresh-Soy-Milk,train,GroceryStoreDataset_Klasson2019
679530b6e74213fc,Alpro-Fresh-Soy-Milk,train,GroceryStoreDataset_Klasson2019
783b2a568958469c,Alpro-Fresh-Soy-Milk,train,GroceryStoreDataset_Klasson2019
c11160d062bb6227,Alpro-Fresh-Soy-Milk,train,GroceryStoreDataset_Klasson2019
a5a8fc369839f853,Alpro-Fresh-Soy-Milk,train,GroceryStoreDataset_Klasson2019
317ac95cfaa66a0b,Alpro-Fresh-Soy-Milk,train,GroceryStoreDataset_Klasson2019
45e3142f1cfd55a6,Alpro-Fresh-Soy-Milk,train,GroceryStoreDataset_Klasson2019
cfc30ba4c34678e1,Alpro-Fresh-Soy-Milk,train,GroceryStoreDataset_Klasson2019
2a31ca7973f0c11f,Alpro-Fresh-Soy-Milk,train,GroceryStoreDataset_Klasson2019
eb9a0e80c0b45956,Alpro-Fresh-Soy-Milk,train,GroceryStoreDataset_Klasson2019
77ed3f87039dc8a6,Alpro-Fresh-Soy-Milk,train,GroceryStoreDataset_Klasson2019
6660f3cf84b3c4c0,Alpro-Fresh-Soy-Milk,train,GroceryStoreDataset_Klasson2019
b1ef49858d9d4ddf,Alpro-Fresh-Soy-Milk,train,GroceryStoreDataset_Klasson2019
d8d209eb19e6b2fd,Alpro-Fresh-Soy-Milk,train,GroceryStoreDataset_Klasson2019
9945f767475132a8,Alpro-Fresh-Soy-Milk,train,GroceryStoreDataset_Klasson2019
e8f14c76ac5ff2de,Alpro-Fresh-Soy-Milk,train,GroceryStoreDataset_Klasson2019
5e2d8af7a02f0e4a,Alpro-Fresh-Soy-Milk,train,GroceryStoreDataset_Klasson2019
5e36af4667fb7746,Alpro-Fresh-Soy-Milk,train,GroceryStoreDataset_Klasson2019
5730f8265b9cf6b6,Alpro-Fresh-Soy-Milk,train,GroceryStoreDataset_Klasson2019
3c06d28109017819,Alpro-Blueberry-Soyghurt,train,GroceryStoreDataset_Klasson2019
4588d3449013929f,Alpro-Blueberry-Soyghurt,train,GroceryStoreDataset_Klasson2019
e5e773588a0f0c24,Alpro-Blueberry-Soyghurt,train,GroceryStoreDataset_Klasson2019
64153c07289b7670,Alpro-Blueberry-Soyghurt,train,GroceryStoreDataset_Klasson2019
52e8bf0527930761,Alpro-Blueberry-Soyghurt,train,GroceryStoreDataset_Klasson2019
53014387ea056dee,Alpro-Blueberry-Soyghurt,train,GroceryStoreDataset_Klasson2019
a2fb2c1c67d9702b,Alpro-Blueberry-Soyghurt,train,GroceryStoreDataset_Klasson2019
d430778a581795e9,Alpro-Blueberry-Soyghurt,train,GroceryStoreDataset_Klasson2019
bcc8e8cb0dccde9d,Alpro-Blueberry-Soyghurt,train,GroceryStoreDataset_Klasson2019
5fd10420c47a8ca6,Alpro-Blueberry-Soyghurt,train,GroceryStoreDataset_Klasson2019
62393ad3804f9456,Alpro-Blueberry-Soyghurt,train,GroceryStoreDataset_Klasson2019
c4d0ce3ee429307d,Alpro-Blueberry-Soyghurt,train,GroceryStoreDataset_Klasson2019
db4ccd3718cfafd3,Alpro-Blueberry-Soyghurt,train,GroceryStoreDataset_Klasson2019
8ff03be54f1a93b3,Alpro-Blueberry-Soyghurt,train,GroceryStoreDataset_Klasson2019
456870524fbfce5f,Alpro-Blueberry-Soyghurt,train,GroceryStoreDataset_Klasson2019
52887462b4d74135,Alpro-Blueberry-Soyghurt,train,GroceryStoreDataset_Klasson2019
8a9932ea141363a3,Alpro-Blueberry-Soyghurt,train,GroceryStoreDataset_Klasson2019
5aa2ee2c06557922,Alpro-Blueberry-Soyghurt,train,GroceryStoreDataset_Klasson2019
a150a0d35ce7fdb9,Alpro-Blueberry-Soyghurt,train,GroceryStoreDataset_Klasson2019
5fc963d78b225e61,Alpro-Blueberry-Soyghurt,train,GroceryStoreDataset_Klasson2019
c2299902c9897bec,Alpro-Blueberry-Soyghurt,train,GroceryStoreDataset_Klasson2019
a548c8e949112536,Alpro-Blueberry-Soyghurt,train,GroceryStoreDataset_Klasson2019
9c79dba58c6d9e3a,Alpro-Blueberry-Soyghurt,train,GroceryStoreDataset_Klasson2019
7818399624cc07b5,Alpro-Blueberry-Soyghurt,train,GroceryStoreDataset_Klasson2019
8cd61bb0847e35ff,Alpro-Blueberry-Soyghurt,train,GroceryStoreDataset_Klasson2019
ce93c9287f5585cd,Alpro-Blueberry-Soyghurt,train,GroceryStoreDataset_Klasson2019
a97bf65676645e12,Alpro-Blueberry-Soyghurt,train,GroceryStoreDataset_Klasson2019
3df7ed69d2718628,Alpro-Blueberry-Soyghurt,train,GroceryStoreDataset_Klasson2019
2181373deb0aed66,Alpro-Vanilla-Soyghurt,train,GroceryStoreDataset_Klasson2019
a2d4d1d8e7290dbc,Alpro-Vanilla-Soyghurt,train,GroceryStoreDataset_Klasson2019
eebac19ef784b74d,Alpro-Vanilla-Soyghurt,train,GroceryStoreDataset_Klasson2019
c846d438d441192f,Alpro-Vanilla-Soyghurt,train,GroceryStoreDataset_Klasson2019
7c6ebcc9b217fed0,Alpro-Vanilla-Soyghurt,train,GroceryStoreDataset_Klasson2019
14ac20f0457ae664,Alpro-Vanilla-Soyghurt,train,GroceryStoreDataset_Klasson2019
f8bb2f073ee283cb,Alpro-Vanilla-Soyghurt,train,GroceryStoreDataset_Klasson2019
c7f1189b0184fd03,Alpro-Vanilla-Soyghurt,train,GroceryStoreDataset_Klasson2019
bb72eecb2aba1c26,Alpro-Vanilla-Soyghurt,train,GroceryStoreDataset_Klasson2019
4d3f02aab5b6ce0f,Alpro-Vanilla-Soyghurt,train,GroceryStoreDataset_Klasson2019
2323fec66ab00f12,Alpro-Vanilla-Soyghurt,train,GroceryStoreDataset_Klasson2019
31e21a557dae5298,Alpro-Vanilla-Soyghurt,train,GroceryStoreDataset_Klasson2019
384db085b2e483c0,Alpro-Vanilla-Soyghurt,train,GroceryStoreDataset_Klasson2019
9953523086463e14,Alpro-Vanilla-Soyghurt,train,GroceryStoreDataset_Klasson2019
fab60c09ae9960bc,Alpro-Vanilla-Soyghurt,train,GroceryStoreDataset_Klasson2019
091edbd1ee2fb3aa,Alpro-Vanilla-Soyghurt,train,GroceryStoreDataset_Klasson2019
f311b8124acd04f2,Alpro-Vanilla-Soyghurt,train,GroceryStoreDataset_Klasson2019
4432716708229e3c,Alpro-Vanilla-Soyghurt,train,GroceryStoreDataset_Klasson2019
3e080f415d709e4a,Alpro-Vanilla-Soyghurt,train,GroceryStoreDataset_Klasson2019
154d82e441883acb,Alpro-Vanilla-Soyghurt,train,GroceryStoreDataset_Klasson2019
8329cc9905783587,Alpro-Vanilla-Soyghurt,train,GroceryStoreDataset_Klasson2019
c9332c1a7f96e3d2,Alpro-Vanilla-Soyghurt,train,GroceryStoreDataset_Klasson2019
ad5a0b8f571e83d8,Alpro-Vanilla-Soyghurt,train,GroceryStoreDataset_Klasson2019
6eb92d71d85066c8,Arla-Ecological-Sour-Cream,val,GroceryStoreDataset_Klasson2019
cf753d96192fb27f,Arla-Ecological-Sour-Cream,val,GroceryStoreDataset_Klasson2019
d879a8c700914784,Arla-Ecological-Sour-Cream,val,GroceryStoreDataset_Klasson2019
a18f1f027f492928,Arla-Ecological-Sour-Cream,val,GroceryStoreDataset_Klasson2019
a5ae58da2601e206,Arla-Ecological-Sour-Cream,val,GroceryStoreDataset_Klasson2019
71bd1da3bfc53075,Arla-Ecological-Sour-Cream,val,GroceryStoreDataset_Klasson2019
b7bb3231501a5612,Arla-Ecological-Sour-Cream,val,GroceryStoreDataset_Klasson2019
d79e4fe11913a333,Arla-Ecological-Sour-Cream,val,GroceryStoreDataset_Klasson2019
2566072fa142d29c,Arla-Ecological-Sour-Cream,val,GroceryStoreDataset_Klasson2019
159d6a47cec9c173,Arla-Ecological-Sour-Cream,val,GroceryStoreDataset_Klasson2019
9122879fc61bb487,Arla-Ecological-Sour-Cream,val,GroceryStoreDataset_Klasson2019
3d714e494c10f653,Arla-Ecological-Sour-Cream,val,GroceryStoreDataset_Klasson2019
546f7b8b691bd1f3,Arla-Ecological-Sour-Cream,val,GroceryStoreDataset_Klasson2019
6b7d664df9861674,Arla-Ecological-Sour-Cream,val,GroceryStoreDataset_Klasson2019
408278d56ce7ad41,Arla-Ecological-Sour-Cream,val,GroceryStoreDataset_Klasson2019
db14559134dbe3a9,Arla-Ecological-Sour-Cream,val,GroceryStoreDataset_Klasson2019
839fb52f55d8aa80,Arla-Ecological-Sour-Cream,val,GroceryStoreDataset_Klasson2019
892610c3bd82cdd9,Arla-Ecological-Sour-Cream,val,GroceryStoreDataset_Klasson2019
471a2b52f6354c51,Arla-Ecological-Sour-Cream,val,GroceryStoreDataset_Klasson2019
b14933f453b04589,Arla-Ecological-Sour-Cream,val,GroceryStoreDataset_Klasson2019
ea80c963d793c1f4,Arla-Ecological-Sour-Cream,val,GroceryStoreDataset_Klasson2019
ff03b1e304a0ef5e,Arla-Ecological-Sour-Cream,val,GroceryStoreDataset_Klasson2019
5fe23518fd167a0d,Arla-Ecological-Sour-Cream,val,GroceryStoreDataset_Klasson2019
9788e1233508830d,Arla-Ecological-Sour-Cream,val,GroceryStoreDataset_Klasson2019
38cce791dba90265,Arla-Ecological-Sour-Cream,val,GroceryStoreDataset_Klasson2019
587efd65412f0fd7,Arla-Ecological-Sour-Cream,val,GroceryStoreDataset_Klasson2019
e5fba0395b2c6a0a,Arla-Ecological-Sour-Cream,val,GroceryStoreDataset_Klasson2019
9ef24a72350aa3f4,Arla-Ecological-Sour-Cream,val,GroceryStoreDataset_Klasson2019
d7082c319f66b7a2,Arla-Ecological-Sour-Cream,val,GroceryStoreDataset_Klasson2019
50d28f931c1326e6,Arla-Sour-Cream,val,GroceryStoreDataset_Klasson2019
56a5fe28aa337ffc,Arla-Sour-Cream,val,GroceryStoreDataset_Klasson2019
e42ac68d9115c506,Arla-Sour-Cream,val,GroceryStoreDataset_Klasson2019
9e89aca3f23b6aaa,Arla-Sour-Cream,val,GroceryStoreDataset_Klasson2019
57e04f4339c38208,Arla-Sour-Cream,val,GroceryStoreDataset_Klasson2019
048e52dbef5abf09,Arla-Sour-Cream,val,GroceryStoreDataset_Klasson2019
b7fb2faa9a576c83,Arla-Sour-Cream,val,GroceryStoreDataset_Klasson2019
bb89e0df49d9b3c0,Arla-Sour-Cream,val,GroceryStoreDataset_Klasson2019
b3ee081b1744ac45,Arla-Sour-Cream,val,GroceryStoreDataset_Klasson2019
945bf0a11405e67b,Arla-Sour-Cream,val,GroceryStoreDataset_Klasson2019
f0a7eb32e6bdda82,Arla-Sour-Cream,val,GroceryStoreDataset_Klasson2019
9a81697f936eddd3,Arla-Sour-Cream,val,GroceryStoreDataset_Klasson2019
23e868727b221104,Arla-Sour-Cream,val,GroceryStoreDataset_Klasson2019
3b52a8f4598c6399,Arla-Sour-Cream,val,GroceryStoreDataset_Klasson2019
cce21162413a930c,Arla-Sour-Cream,val,GroceryStoreDataset_Klasson2019
ee06fcc4ea06bd90,Arla-Sour-Cream,val,GroceryStoreDataset_Klasson2019
b5da3a85eaf16796,Arla-Sour-Cream,val,GroceryStoreDataset_Klasson2019
6f2035b86d4cbc15,Arla-Sour-Cream,val,GroceryStoreDataset_Klasson2019
85f6779c51d15c0f,Arla-Sour-Cream,val,GroceryStoreDataset_Klasson2019
c73c4204e7063c12,Garant-Ecological-Standard-Milk,test,GroceryStoreDataset_Klasson2019
b7878ca1d027d4a2,Garant-Ecological-Standard-Milk,test,GroceryStoreDataset_Klasson2019
bb3dcdfebf5c6d70,Garant-Ecological-Standard-Milk,test,GroceryStoreDataset_Klasson2019
5aa702e6d02242d7,Garant-Ecological-Standard-Milk,test,GroceryStoreDataset_Klasson2019
2a9bd6e09e5291d7,Garant-Ecological-Standard-Milk,test,GroceryStoreDataset_Klasson2019
076078553157ce98,Garant-Ecological-Standard-Milk,test,GroceryStoreDataset_Klasson2019
c00256b6414c2bcb,Garant-Ecological-Standard-Milk,test,GroceryStoreDataset_Klasson2019
bd874b379ec97dea,Garant-Ecological-Standard-Milk,test,GroceryStoreDataset_Klasson2019
7374f721ee9ba574,Garant-Ecological-Standard-Milk,test,GroceryStoreDataset_Klasson2019
32bba670a67f3830,Garant-Ecological-Standard-Milk,test,GroceryStoreDataset_Klasson2019
c3e82316ab6a7a41,Garant-Ecological-Standard-Milk,test,GroceryStoreDataset_Klasson2019
0a70f61780b3dde4,Garant-Ecological-Standard-Milk,test,GroceryStoreDataset_Klasson2019
e874bc56029d41c3,Garant-Ecological-Standard-Milk,test,GroceryStoreDataset_Klasson2019
072f71edfc84a38a,Garant-Ecological-Standard-Milk,test,GroceryStoreDataset_Klasson2019
23485f685024d9ae,Garant-Ecological-Standard-Milk,test,GroceryStoreDataset_Klasson2019
21dba33280602b91,Garant-Ecological-Standard-Milk,test,GroceryStoreDataset_Klasson2019
ae17bb62999ff60f,Garant-Ecological-Standard-Milk,test,GroceryStoreDataset_Klasson2019
447dab5956a81122,Garant-Ecological-Standard-Milk,test,GroceryStoreDataset_Klasson2019
05a5d692eb9e3b13,Garant-Ecological-Standard-Milk,test,GroceryStoreDataset_Klasson2019
ba302766f99ae6fd,Garant-Ecological-Standard-Milk,test,GroceryStoreDataset_Klasson2019
f8226e4b49d9666b,Garant-Ecological-Standard-Milk,test,GroceryStoreDataset_Klasson2019
99bd01729cc4f41e,Garant-Ecological-Standard-Milk,test,GroceryStoreDataset_Klasson2019
de34eb7265a8aab5,Garant-Ecological-Standard-Milk,test,GroceryStoreDataset_Klasson2019
52255b370ba5dc55,Garant-Ecological-Standard-Milk,test,GroceryStoreDataset_Klasson2019
c7f11d98fcd61d43,Garant-Ecological-Standard-Milk,test,GroceryStoreDataset_Klasson2019
abc96fb0970c1b86,Garant-Ecological-Standard-Milk,test,GroceryStoreDataset_Klasson2019
30fb9d6d350ff048,Garant-Ecological-Standard-Milk,test,GroceryStoreDataset_Klasson2019
7e0eb99c2a3602fa,Garant-Ecological-Standard-Milk,test,GroceryStoreDataset_Klasson2019
36593d1c941e52be,Arla-Lactose-Medium-Fat-Milk,train,GroceryStoreDataset_Klasson2019
473630603ffa1d92,Arla-Lactose-Medium-Fat-Milk,train,GroceryStoreDataset_Klasson2019
e94bedd10ecc5354,Arla-Lactose-Medium-Fat-Milk,train,GroceryStoreDataset_Klasson2019
3c1a89351357e871,Arla-Lactose-Medium-Fat-Milk,train,GroceryStoreDataset_Klasson2019
535615e133a54ade,Arla-Lactose-Medium-Fat-Milk,train,GroceryStoreDataset_Klasson2019
9e907831d95b55b9,Arla-Lactose-Medium-Fat-Milk,train,GroceryStoreDataset_Klasson2019
5641b12a5a4da638,Arla-Lactose-Medium-Fat-Milk,train,GroceryStoreDataset_Klasson2019
31d6d876b9c362ce,Arla-Lactose-Medium-Fat-Milk,train,GroceryStoreDataset_Klasson2019
ced345abb5a59446,Arla-Lactose-Medium-Fat-Milk,train,GroceryStoreDataset_Klasson2019
4146052be2c4bb7b,Arla-Lactose-Medium-Fat-Milk,train,GroceryStoreDataset_Klasson2019
e1a1d829d70c078a,Arla-Lactose-Medium-Fat-Milk,train,GroceryStoreDataset_Klasson2019
015ccf831afd44fa,Arla-Lactose-Medium-Fat-Milk,train,GroceryStoreDataset_Klasson2019
bebff83b38b643e8,Arla-Lactose-Medium-Fat-Milk,train,GroceryStoreDataset_Klasson2019
35d9ba3bab0bc79c,Arla-Lactose-Medium-Fat-Milk,train,GroceryStoreDataset_Klasson2019
9628c25763ee5840,Arla-Lactose-Medium-Fat-Milk,train,GroceryStoreDataset_Klasson2019
83561fde443451ee,Arla-Lactose-Medium-Fat-Milk,train,GroceryStoreDataset_Klasson2019
c5ddb8634fd1cb21,Arla-Lactose-Medium-Fat-Milk,train,GroceryStoreDataset_Klasson2019
8423847e2e032f86,Arla-Lactose-Medium-Fat-Milk,train,GroceryStoreDataset_Klasson2019
52a29ada5a8e3196,Arla-Lactose-Medium-Fat-Milk,train,GroceryStoreDataset_Klasson2019
769a2cec2be7df35,Arla-Lactose-Medium-Fat-Milk,train,GroceryStoreDataset_Klasson2019
d68c56e019382cef,Arla-Lactose-Medium-Fat-Milk,train,GroceryStoreDataset_Klasson2019
a275c7b6a0441389,Arla-Lactose-Medium-Fat-Milk,train,GroceryStoreDataset_Klasson2019
63f2c14d8065e8d9,Arla-Lactose-Medium-Fat-Milk,train,GroceryStoreDataset_Klasson2019
ebd7812c1e6e7e5e,Arla-Lactose-Medium-Fat-Milk,train,GroceryStoreDataset_Klasson2019
0d30c3b7438a90ef,Arla-Lactose-Medium-Fat-Milk,train,GroceryStoreDataset_Klasson2019
92b3a5f6ce687cd6,Arla-Lactose-Medium-Fat-Milk,train,GroceryStoreDataset_Klasson2019
b2de424e2b4c444f,Garant-Ecological-Medium-Fat-Milk,train,GroceryStoreDataset_Klasson2019
85091fbab5b5c0fa,Garant-Ecological-Medium-Fat-Milk,train,GroceryStoreDataset_Klasson2019
d2af64195e31cc00,Garant-Ecological-Medium-Fat-Milk,train,GroceryStoreDataset_Klasson2019
3919e52b8f6af228,Garant-Ecological-Medium-Fat-Milk,train,GroceryStoreDataset_Klasson2019
81c2a8a46e937a61,Garant-Ecological-Medium-Fat-Milk,train,GroceryStoreDataset_Klasson2019
ae72cc4b211187cd,Garant-Ecological-Medium-Fat-Milk,train,GroceryStoreDataset_Klasson2019
689d48fa52bcab21,Garant-Ecological-Medium-Fat-Milk,train,GroceryStoreDataset_Klasson2019
39d86caeaeebd94f,Garant-Ecological-Medium-Fat-Milk,train,GroceryStoreDataset_Klasson2019
401292de6cf3d510,Garant-Ecological-Medium-Fat-Milk,train,GroceryStoreDataset_Klasson2019
98199c4bba023309,Garant-Ecological-Medium-Fat-Milk,train,GroceryStoreDataset_Klasson2019
ef7efeb842a809dc,Garant-Ecological-Medium-Fat-Milk,train,GroceryStoreDataset_Klasson2019
44c93fff62c3e2c7,Garant-Ecological-Medium-Fat-Milk,train,GroceryStoreDataset_Klasson2019
3a2d58a37a061c3a,Garant-Ecological-Medium-Fat-Milk,train,GroceryStoreDataset_Klasson2019
2323c143cbc13eb6,Garant-Ecological-Medium-Fat-Milk,train,GroceryStoreDataset_Klasson2019
6befba94e66b328c,Garant-Ecological-Medium-Fat-Milk,train,GroceryStoreDataset_Klasson2019
b3db94a812ae80ac,Garant-Ecological-Medium-Fat-Milk,train,GroceryStoreDataset_Klasson2019
a4108243382e182e,Garant-Ecological-Medium-Fat-Milk,train,GroceryStoreDataset_Klasson2019
9683876910a7dab1,Garant-Ecological-Medium-Fat-Milk,train,GroceryStoreDataset_Klasson2019
f17706033f1a1d6d,Garant-Ecological-Medium-Fat-Milk,train,GroceryStoreDataset_Klasson2019
38253bbd991c8223,Garant-Ecological-Medium-Fat-Milk,train,GroceryStoreDataset_Klasson2019
e8acef43c54570fb,Garant-Ecological-Medium-Fat-Milk,train,GroceryStoreDataset_Klasson2019
9ba6921479ceee30,Garant-Ecological-Medium-Fat-Milk,train,GroceryStoreDataset_Klasson2019
cee86a928af3c51e,Garant-Ecological-Medium-Fat-Milk,train,GroceryStoreDataset_Klasson2019
a08e2ba2c6e16178,Garant-Ecological-Medium-Fat-Milk,train,GroceryStoreDataset_Klasson2019
d86dcf8d030335bb,Garant-Ecological-Medium-Fat-Milk,train,GroceryStoreDataset_Klasson2019
551faf3a72b302f0,Garant-Ecological-Medium-Fat-Milk,train,GroceryStoreDataset_Klasson2019
f0c8d0cb2fbd4253,Garant-Ecological-Medium-Fat-Milk,train,GroceryStoreDataset_Klasson2019
6f243d69507649fc,Garant-Ecological-Medium-Fat-Milk,train,GroceryStoreDataset_Klasson2019
af6711e5af918bc2,Garant-Ecological-Medium-Fat-Milk,train,GroceryStoreDataset_Klasson2019
d8352aa467a2239b,Garant-Ecological-Medium-Fat-Milk,train,GroceryStoreDataset_Klasson2019
8c8b0fbe253da068,Garant-Ecological-Medium-Fat-Milk,train,GroceryStoreDataset_Klasson2019
ed6b86f5d244db79,Garant-Ecological-Medium-Fat-Milk,train,GroceryStoreDataset_Klasson2019
69e385112a488309,Garant-Ecological-Medium-Fat-Milk,train,GroceryStoreDataset_Klasson2019
40d861fa8c7e7956,Garant-Ecological-Medium-Fat-Milk,train,GroceryStoreDataset_Klasson2019
0f25b825a4af195d,Garant-Ecological-Medium-Fat-Milk,train,GroceryStoreDataset_Klasson2019
0a83e5734bce97c2,Arla-Standard-Milk,train,GroceryStoreDataset_Klasson2019
59f1aa68a522d9b3,Arla-Standard-Milk,train,GroceryStoreDataset_Klasson2019
518922d7527da015,Arla-Standard-Milk,train,GroceryStoreDataset_Klasson2019
de921b44743c310f,Arla-Standard-Milk,train,GroceryStoreDataset_Klasson2019
04a9aeca9ed8ca2c,Arla-Standard-Milk,train,GroceryStoreDataset_Klasson2019
f50af8f9a1208219,Arla-Standard-Milk,train,GroceryStoreDataset_Klasson2019
60e0ed7a3bce0387,Arla-Standard-Milk,train,GroceryStoreDataset_Klasson2019
4b72b93f1e2e221c,Arla-Standard-Milk,train,GroceryStoreDataset_Klasson2019
6b1985fa06f7ef9b,Arla-Standard-Milk,train,GroceryStoreDataset_Klasson2019
aac758e9597e49e6,Arla-Standard-Milk,train,GroceryStoreDataset_Klasson2019
4ed438c4e24a9cb7,Arla-Standard-Milk,train,GroceryStoreDataset_Klasson2019
a996dd4bdb155035,Arla-Standard-Milk,train,GroceryStoreDataset_Klasson2019
c7d0b20d0c9c6eac,Arla-Standard-Milk,train,GroceryStoreDataset_Klasson2019
e1d25e3948c5ecd5,Arla-Standard-Milk,train,GroceryStoreDataset_Klasson2019
2b21d5e45f60ebac,Arla-Standard-Milk,train,GroceryStoreDataset_Klasson2019
56b878b406861c7e,Arla-Standard-Milk,train,GroceryStoreDataset_Klasson2019
3b0bd0c5c2fe3462,Arla-Standard-Milk,train,GroceryStoreDataset_Klasson2019
b06f136804b64de1,Arla-Standard-Milk,train,GroceryStoreDataset_Klasson2019
b3c7c535671bcbcf,Arla-Standard-Milk,train,GroceryStoreDataset_Klasson2019
9d532f12677b0f71,Arla-Standard-Milk,train,GroceryStoreDataset_Klasson2019
8bf8c0271d568be7,Arla-Standard-Milk,train,GroceryStoreDataset_Klasson2019
829f9da7c6446f91,Arla-Standard-Milk,train,GroceryStoreDataset_Klasson2019
239c8013988a65ff,Arla-Standard-Milk,train,GroceryStoreDataset_Klasson2019
994dcbe939b338f5,Arla-Standard-Milk,train,GroceryStoreDataset_Klasson2019
fdfaa8c048646b52,Arla-Standard-Milk,train,GroceryStoreDataset_Klasson2019
1dee80d57bd18524,Arla-Standard-Milk,train,GroceryStoreDataset_Klasson2019
2642191cd5621463,Arla-Standard-Milk,train,GroceryStoreDataset_Klasson2019
701ffbe1c365c6cd,Arla-Standard-Milk,train,GroceryStoreDataset_Klasson2019
17bc18c168f06583,Arla-Standard-Milk,train,GroceryStoreDataset_Klasson2019
3a74391056499cb1,Arla-Standard-Milk,train,GroceryStoreDataset_Klasson2019
8980670ec7aac39f,Arla-Ecological-Medium-Fat-Milk,train,GroceryStoreDataset_Klasson2019
090fdc8db222f0ac,Arla-Ecological-Medium-Fat-Milk,train,GroceryStoreDataset_Klasson2019
477fd184423b2220,Arla-Ecological-Medium-Fat-Milk,train,GroceryStoreDataset_Klasson2019
b9574e0d8dfe3e43,Arla-Ecological-Medium-Fat-Milk,train,GroceryStoreDataset_Klasson2019
292976a7dde440de,Arla-Ecological-Medium-Fat-Milk,train,GroceryStoreDataset_Klasson2019
aa1dac87510f45a7,Arla-Ecological-Medium-Fat-Milk,train,GroceryStoreDataset_Klasson2019
cc975339fe4f03e8,Arla-Ecological-Medium-Fat-Milk,train,GroceryStoreDataset_Klasson2019
47605366b19381a8,Arla-Ecological-Medium-Fat-Milk,train,GroceryStoreDataset_Klasson2019
3b2d338e172de374,Arla-Ecological-Medium-Fat-Milk,train,GroceryStoreDataset_Klasson2019
8759dfe334345551,Arla-Ecological-Medium-Fat-Milk,train,GroceryStoreDataset_Klasson2019
f8460c32ce21f5f7,Arla-Ecological-Medium-Fat-Milk,train,GroceryStoreDataset_Klasson2019
68ae6e2491b52ed5,Arla-Ecological-Medium-Fat-Milk,train,GroceryStoreDataset_Klasson2019
3c3fedcb0cd6b850,Arla-Ecological-Medium-Fat-Milk,train,GroceryStoreDataset_Klasson2019
4a289d44c1ddd657,Arla-Ecological-Medium-Fat-Milk,train,GroceryStoreDataset_Klasson2019
a7ae63186b4d7e9c,Arla-Ecological-Medium-Fat-Milk,train,GroceryStoreDataset_Klasson2019
5d71e7b6d04e9acc,Arla-Ecological-Medium-Fat-Milk,train,GroceryStoreDataset_Klasson2019
8f73f96155e644cb,Arla-Ecological-Medium-Fat-Milk,train,GroceryStoreDataset_Klasson2019
75fdc77ba0c69697,Arla-Ecological-Medium-Fat-Milk,train,GroceryStoreDataset_Klasson2019
d253521e99347301,Arla-Ecological-Medium-Fat-Milk,train,GroceryStoreDataset_Klasson2019
04c3218efc6de941,Arla-Ecological-Medium-Fat-Milk,train,GroceryStoreDataset_Klasson2019
84eed536310337c0,Arla-Ecological-Medium-Fat-Milk,train,GroceryStoreDataset_Klasson2019
dc27c6b295a6de89,Arla-Ecological-Medium-Fat-Milk,train,GroceryStoreDataset_Klasson2019
ccd90e87be97648a,Arla-Ecological-Medium-Fat-Milk,train,GroceryStoreDataset_Klasson2019
bfb41f029a0f6847,Arla-Ecological-Medium-Fat-Milk,train,GroceryStoreDataset_Klasson2019
3d1a2ac4d891c176,Arla-Ecological-Medium-Fat-Milk,train,GroceryStoreDataset_Klasson2019
b361c368dd0eae0b,Arla-Ecological-Medium-Fat-Milk,train,GroceryStoreDataset_Klasson2019
ea1e27c28ad1bbf9,Arla-Ecological-Medium-Fat-Milk,train,GroceryStoreDataset_Klasson2019
fc7cbf9ce2b8c3a0,Arla-Ecological-Medium-Fat-Milk,train,GroceryStoreDataset_Klasson2019
a9d05aa2459f084d,Arla-Ecological-Medium-Fat-Milk,train,GroceryStoreDataset_Klasson2019
4d2ced55213b4f49,Arla-Medium-Fat-Milk,train,GroceryStoreDataset_Klasson2019
1b97531bb0813340,Arla-Medium-Fat-Milk,train,GroceryStoreDataset_Klasson2019
eb61543c1a5a3f2a,Arla-Medium-Fat-Milk,train,GroceryStoreDataset_Klasson2019
5430297f782502e7,Arla-Medium-Fat-Milk,train,GroceryStoreDataset_Klasson2019
2f85fca4bcdd55e1,Arla-Medium-Fat-Milk,train,GroceryStoreDataset_Klasson2019
f910e311954f2f53,Arla-Medium-Fat-Milk,train,GroceryStoreDataset_Klasson2019
5694e08cc4e34b6e,Arla-Medium-Fat-Milk,train,GroceryStoreDataset_Klasson2019
ce74bb9d76a23bf7,Arla-Medium-Fat-Milk,train,GroceryStoreDataset_Klasson2019
a0aafaab75f1b0fa,Arla-Medium-Fat-Milk,train,GroceryStoreDataset_Klasson2019
c4495f1fe67c4bb0,Arla-Medium-Fat-Milk,train,GroceryStoreDataset_Klasson2019
2adb17ceeaa2d00e,Arla-Medium-Fat-Milk,train,GroceryStoreDataset_Klasson2019
364bd535b24366bc,Arla-Medium-Fat-Milk,train,GroceryStoreDataset_Klasson2019
b781c51d06c9fd99,Arla-Medium-Fat-Milk,train,GroceryStoreDataset_Klasson2019
e964b7597655d0f4,Arla-Medium-Fat-Milk,train,GroceryStoreDataset_Klasson2019
f1a497110b285eb3,Arla-Medium-Fat-Milk,train,GroceryStoreDataset_Klasson2019
c581c9fbeae4e65c,Arla-Medium-Fat-Milk,train,GroceryStoreDataset_Klasson2019
357e57967c9d5e26,Arla-Medium-Fat-Milk,train,GroceryStoreDataset_Klasson2019
7bb5b8d5d80f9702,Arla-Medium-Fat-Milk,train,GroceryStoreDataset_Klasson2019
9a882293b9e76f2b,Arla-Medium-Fat-Milk,train,GroceryStoreDataset_Klasson2019
8efc9a957362e6cd,Arla-Medium-Fat-Milk,train,GroceryStoreDataset_Klasson2019
960f9639bd109b2f,Arla-Medium-Fat-Milk,train,GroceryStoreDataset_Klasson2019
105edfd61530c7a9,Arla-Medium-Fat-Milk,train,GroceryStoreDataset_Klasson2019
7238b7e88ebfb453,Arla-Medium-Fat-Milk,train,GroceryStoreDataset_Klasson2019
9c340ad380729bbc,Arla-Medium-Fat-Milk,train,GroceryStoreDataset_Klasson2019
861e54de2af8161a,Arla-Medium-Fat-Milk,train,GroceryStoreDataset_Klasson2019
803de9ecf6aa92a6,Arla-Medium-Fat-Milk,train,GroceryStoreDataset_Klasson2019
eea2a428160889de,Arla-Medium-Fat-Milk,train,GroceryStoreDataset_Klasson2019
1f1c40a8926df3ff,Arla-Medium-Fat-Milk,train,GroceryStoreDataset_Klasson2019
37de37b7b0d55443,Arla-Medium-Fat-Milk,train,GroceryStoreDataset_Klasson2019
53dd5b14487a9fa1,Arla-Medium-Fat-Milk,train,GroceryStoreDataset_Klasson2019
cd63c2439a5d83ca,Arla-Medium-Fat-Milk,train,GroceryStoreDataset_Klasson2019
08d8c31217b71dd5,Arla-Medium-Fat-Milk,train,GroceryStoreDataset_Klasson2019
b9bc2999be5f9f4b,Arla-Medium-Fat-Milk,train,GroceryStoreDataset_Klasson2019
69aefea740e40a2b,Arla-Medium-Fat-Milk,train,GroceryStoreDataset_Klasson2019
f7b9452ee9bceaae,Valio-Vanilla-Yoghurt,train,GroceryStoreDataset_Klasson2019
311e55e24ad0a284,Valio-Vanilla-Yoghurt,train,GroceryStoreDataset_Klasson2019
9b2354fa60042818,Valio-Vanilla-Yoghurt,train,GroceryStoreDataset_Klasson2019
77a9ff978be0df6a,Valio-Vanilla-Yoghurt,train,GroceryStoreDataset_Klasson2019
95b28ed7eab4b4f4,Valio-Vanilla-Yoghurt,train,GroceryStoreDataset_Klasson2019
babbd5692583bf24,Valio-Vanilla-Yoghurt,train,GroceryStoreDataset_Klasson2019
07d517f63438a33d,Valio-Vanilla-Yoghurt,train,GroceryStoreDataset_Klasson2019
b17d181529cac6d0,Valio-Vanilla-Yoghurt,train,GroceryStoreDataset_Klasson2019
58c08ed73a51929a,Valio-Vanilla-Yoghurt,train,GroceryStoreDataset_Klasson2019
bc7c8522935f5923,Valio-Vanilla-Yoghurt,train,GroceryStoreDataset_Klasson2019
8937816bfc24ced3,Valio-Vanilla-Yoghurt,train,GroceryStoreDataset_Klasson2019
bf0ff6f5a9522711,Valio-Vanilla-Yoghurt,train,GroceryStoreDataset_Klasson2019
7afac8fc6f19f2bc,Valio-Vanilla-Yoghurt,train,GroceryStoreDataset_Klasson2019
0288ddefce3d3844,Valio-Vanilla-Yoghurt,train,GroceryStoreDataset_Klasson2019
c4e27db6e1c0b0af,Valio-Vanilla-Yoghurt,train,GroceryStoreDataset_Klasson2019
57455e6a5747c022,Valio-Vanilla-Yoghurt,train,GroceryStoreDataset_Klasson2019
296d3cc636d162cb,Valio-Vanilla-Yoghurt,train,GroceryStoreDataset_Klasson2019
49005cab77c80c87,Valio-Vanilla-Yoghurt,train,GroceryStoreDataset_Klasson2019
80c6494787e48651,Valio-Vanilla-Yoghurt,train,GroceryStoreDataset_Klasson2019
0efed7e04d29ce1c,Valio-Vanilla-Yoghurt,train,GroceryStoreDataset_Klasson2019
b135c795c9c9cd1d,Valio-Vanilla-Yoghurt,train,GroceryStoreDataset_Klasson2019
2cc7c27e4543b6e2,Valio-Vanilla-Yoghurt,train,GroceryStoreDataset_Klasson2019
7a9b2bfc55a54373,Valio-Vanilla-Yoghurt,train,GroceryStoreDataset_Klasson2019
53803fdb3953f5ec,Valio-Vanilla-Yoghurt,train,GroceryStoreDataset_Klasson2019
3daebcb3a5ea6333,Valio-Vanilla-Yoghurt,train,GroceryStoreDataset_Klasson2019
04e0300a890bc8b5,Valio-Vanilla-Yoghurt,train,GroceryStoreDataset_Klasson2019
e604b15bc7184b95,Valio-Vanilla-Yoghurt,train,GroceryStoreDataset_Klasson2019
95ea24acbbfa48b4,Valio-Vanilla-Yoghurt,train,GroceryStoreDataset_Klasson2019
ed4dc839ba0e6440,Valio-Vanilla-Yoghurt,train,GroceryStoreDataset_Klasson2019
720dd86507dedc99,Valio-Vanilla-Yoghurt,train,GroceryStoreDataset_Klasson2019
bd877ac9e91c4207,Valio-Vanilla-Yoghurt,train,GroceryStoreDataset_Klasson2019
cc66af5d4fda6c58,Valio-Vanilla-Yoghurt,train,GroceryStoreDataset_Klasson2019
6bff67fede9f3f4f,Yoggi-Strawberry-Yoghurt,test,GroceryStoreDataset_Klasson2019
906a5af240599704,Yoggi-Strawberry-Yoghurt,test,GroceryStoreDataset_Klasson2019
58cbc75160f3fe0d,Yoggi-Strawberry-Yoghurt,test,GroceryStoreDataset_Klasson2019
9e67e3639f24d821,Yoggi-Strawberry-Yoghurt,test,GroceryStoreDataset_Klasson2019
f5ae89976cc5aac9,Yoggi-Strawberry-Yoghurt,test,GroceryStoreDataset_Klasson2019
da4bffd923a7b3fb,Yoggi-Strawberry-Yoghurt,test,GroceryStoreDataset_Klasson2019
eb502514128f05bb,Yoggi-Strawberry-Yoghurt,test,GroceryStoreDataset_Klasson2019
de14f7962fd71b24,Yoggi-Strawberry-Yoghurt,test,GroceryStoreDataset_Klasson2019
666d2ecfa136b6f7,Yoggi-Strawberry-Yoghurt,test,GroceryStoreDataset_Klasson2019
84672586886a5e20,Yoggi-Strawberry-Yoghurt,test,GroceryStoreDataset_Klasson2019
5e03380c571f0e0d,Yoggi-Strawberry-Yoghurt,test,GroceryStoreDataset_Klasson2019
b171d552a9676b84,Yoggi-Strawberry-Yoghurt,test,GroceryStoreDataset_Klasson2019
f7c0da62f911da65,Yoggi-Strawberry-Yoghurt,test,GroceryStoreDataset_Klasson2019
f922f1cb5a2da3e9,Yoggi-Strawberry-Yoghurt,test,GroceryStoreDataset_Klasson2019
19bd356fd33e7eef,Yoggi-Strawberry-Yoghurt,test,GroceryStoreDataset_Klasson2019
e95a614e58b355dd,Yoggi-Strawberry-Yoghurt,test,GroceryStoreDataset_Klasson2019
a16937083bc04e05,Yoggi-Strawberry-Yoghurt,test,GroceryStoreDataset_Klasson2019
72f479df774b1ba9,Yoggi-Strawberry-Yoghurt,test,GroceryStoreDataset_Klasson2019
820503e2ce6d04fb,Yoggi-Strawberry-Yoghurt,test,GroceryStoreDataset_Klasson2019
e71285ad02ef2285,Yoggi-Strawberry-Yoghurt,test,GroceryStoreDataset_Klasson2019
483d66287d5c7d4e,Yoggi-Strawberry-Yoghurt,test,GroceryStoreDataset_Klasson2019
b7a1ab989c117d67,Yoggi-Strawberry-Yoghurt,test,GroceryStoreDataset_Klasson2019
e2d7e7a0d7369979,Yoggi-Strawberry-Yoghurt,test,GroceryStoreDataset_Klasson2019
26dc8ad49809e410,Yoggi-Strawberry-Yoghurt,test,GroceryStoreDataset_Klasson2019
a95345ce7b646980,Yoggi-Strawberry-Yoghurt,test,GroceryStoreDataset_Klasson2019
eba26654767e40cc,Yoggi-Strawberry-Yoghurt,test,GroceryStoreDataset_Klasson2019
18050bf9eaacb126,Yoggi-Strawberry-Yoghurt,test,GroceryStoreDataset_Klasson2019
89c7acd336e8939c,Yoggi-Strawberry-Yoghurt,test,GroceryStoreDataset_Klasson2019
603356bd944821e7,Yoggi-Strawberry-Yoghurt,test,GroceryStoreDataset_Klasson2019
194737e4e2ff9e9c,Yoggi-Strawberry-Yoghurt,test,GroceryStoreDataset_Klasson2019
3700815fca6bce49,Yoggi-Strawberry-Yoghurt,test,GroceryStoreDataset_Klasson2019
f751c06952da0994,Yoggi-Strawberry-Yoghurt,test,GroceryStoreDataset_Klasson2019
be4d02d7828dc58b,Arla-Natural-Mild-Low-Fat-Yoghurt,train,GroceryStoreDataset_Klasson2019
7a5439ee7e25edba,Arla-Natural-Mild-Low-Fat-Yoghurt,train,GroceryStoreDataset_Klasson2019
ecceb452df462563,Arla-Natural-Mild-Low-Fat-Yoghurt,train,GroceryStoreDataset_Klasson2019
0ea0d361222e57a9,Arla-Natural-Mild-Low-Fat-Yoghurt,train,GroceryStoreDataset_Klasson2019
9aeb5635c13f552d,Arla-Natural-Mild-Low-Fat-Yoghurt,train,GroceryStoreDataset_Klasson2019
488b66c884eed33a,Arla-Natural-Mild-Low-Fat-Yoghurt,train,GroceryStoreDataset_Klasson2019
0cf245b5d82d0d0c,Arla-Natural-Mild-Low-Fat-Yoghurt,train,GroceryStoreDataset_Klasson2019
387e916544bc4968,Arla-Natural-Mild-Low-Fat-Yoghurt,train,GroceryStoreDataset_Klasson2019
2d34af3f433b83df,Arla-Natural-Mild-Low-Fat-Yoghurt,train,GroceryStoreDataset_Klasson2019
89ca0a799f1d75da,Arla-Natural-Mild-Low-Fat-Yoghurt,train,GroceryStoreDataset_Klasson2019
5cbe02239f164b72,Arla-Natural-Mild-Low-Fat-Yoghurt,train,GroceryStoreDataset_Klasson2019
f721d4ee20f2b9f8,Arla-Natural-Mild-Low-Fat-Yoghurt,train,GroceryStoreDataset_Klasson2019
c6cb26c8598da3ac,Arla-Natural-Mild-Low-Fat-Yoghurt,train,GroceryStoreDataset_Klasson2019
d6bb34c90042185e,Arla-Natural-Mild-Low-Fat-Yoghurt,train,GroceryStoreDataset_Klasson2019
588728a78429b5d7,Arla-Natural-Mild-Low-Fat-Yoghurt,train,GroceryStoreDataset_Klasson2019
b1358b970f22343c,Arla-Natural-Mild-Low-Fat-Yoghurt,train,GroceryStoreDataset_Klasson2019
411d3b3328716910,Arla-Natural-Mild-Low-Fat-Yoghurt,train,GroceryStoreDataset_Klasson2019
abaf1f27d056c512,Arla-Natural-Mild-Low-Fat-Yoghurt,train,GroceryStoreDataset_Klasson2019
a45b21a6e26550aa,Arla-Natural-Mild-Low-Fat-Yoghurt,train,GroceryStoreDataset_Klasson2019
197a0eacbbb68f61,Arla-Natural-Mild-Low-Fat-Yoghurt,train,GroceryStoreDataset_Klasson2019
45ac4ba48e0f6ee8,Arla-Natural-Mild-Low-Fat-Yoghurt,train,GroceryStoreDataset_Klasson2019
7a3bb23da4e9aebe,Arla-Natural-Mild-Low-Fat-Yoghurt,train,GroceryStoreDataset_Klasson2019
c48e56f875e0ee54,Arla-Natural-Mild-Low-Fat-Yoghurt,train,GroceryStoreDataset_Klasson2019
a7cce753e76bb594,Arla-Natural-Mild-Low-Fat-Yoghurt,train,GroceryStoreDataset_Klasson2019
4e9eb71dd37011e9,Arla-Natural-Mild-Low-Fat-Yoghurt,train,GroceryStoreDataset_Klasson2019
923b02fd4b89c501,Arla-Natural-Mild-Low-Fat-Yoghurt,train,GroceryStoreDataset_Klasson2019
d664592708ff49d4,Yoggi-Vanilla-Yoghurt,train,GroceryStoreDataset_Klasson2019
d2aaf0234a8ba4c5,Yoggi-Vanilla-Yoghurt,train,GroceryStoreDataset_Klasson2019
002e9bab40c30400,Yoggi-Vanilla-Yoghurt,train,GroceryStoreDataset_Klasson2019
d2d93548aba9710a,Yoggi-Vanilla-Yoghurt,train,GroceryStoreDataset_Klasson2019
50b969a32e56f806,Yoggi-Vanilla-Yoghurt,train,GroceryStoreDataset_Klasson2019
a3ae45a3bcdc469d,Yoggi-Vanilla-Yoghurt,train,GroceryStoreDataset_Klasson2019
f15da20ca57e1aa9,Yoggi-Vanilla-Yoghurt,train,GroceryStoreDataset_Klasson2019
bb6286edd7bf72b0,Yoggi-Vanilla-Yoghurt,train,GroceryStoreDataset_Klasson2019
07670099fb37e760,Yoggi-Vanilla-Yoghurt,train,GroceryStoreDataset_Klasson2019
28ca432bfa1e1bc0,Yoggi-Vanilla-Yoghurt,train,GroceryStoreDataset_Klasson2019
27b6b5178e905831,Yoggi-Vanilla-Yoghurt,train,GroceryStoreDataset_Klasson2019
4d35e65c6e4953b8,Yoggi-Vanilla-Yoghurt,train,GroceryStoreDataset_Klasson2019
e225367c886d4d7c,Yoggi-Vanilla-Yoghurt,train,GroceryStoreDataset_Klasson2019
f77dd6e915a32c1d,Yoggi-Vanilla-Yoghurt,train,GroceryStoreDataset_Klasson2019
4b42c5a99eeddbb4,Yoggi-Vanilla-Yoghurt,train,GroceryStoreDataset_Klasson2019
fee2d0d4d3340ece,Yoggi-Vanilla-Yoghurt,train,GroceryStoreDataset_Klasson2019
445547b7a7c9c1f3,Yoggi-Vanilla-Yoghurt,train,GroceryStoreDataset_Klasson2019
038a6d6fcadf3199,Yoggi-Vanilla-Yoghurt,train,GroceryStoreDataset_Klasson2019
e4a4fb04abc364dd,Yoggi-Vanilla-Yoghurt,train,GroceryStoreDataset_Klasson2019
41d63edb7ae26a2d,Yoggi-Vanilla-Yoghurt,train,GroceryStoreDataset_Klasson2019
84afbc07e68c7283,Arla-Mild-Vanilla-Yoghurt,train,GroceryStoreDataset_Klasson2019
0c3c49518fccafc0,Arla-Mild-Vanilla-Yoghurt,train,GroceryStoreDataset_Klasson2019
3d134697011d798e,Arla-Mild-Vanilla-Yoghurt,train,GroceryStoreDataset_Klasson2019
6c4518c3f53520fb,Arla-Mild-Vanilla-Yoghurt,train,GroceryStoreDataset_Klasson2019
43bc548dc2b121ca,Arla-Mild-Vanilla-Yoghurt,train,GroceryStoreDataset_Klasson2019
f9fc8a3a5548dcd2,Arla-Mild-Vanilla-Yoghurt,train,GroceryStoreDataset_Klasson2019
71487d4be3c241bc,Arla-Mild-Vanilla-Yoghurt,train,GroceryStoreDataset_Klasson2019
f3bffc08c9809b85,Arla-Mild-Vanilla-Yoghurt,train,GroceryStoreDataset_Klasson2019
87bc81b54be96384,Arla-Mild-Vanilla-Yoghurt,train,GroceryStoreDataset_Klasson2019
8fc514bb526799a6,Arla-Mild-Vanilla-Yoghurt,train,GroceryStoreDataset_Klasson2019
6a6fad4b3d34c39f,Arla-Mild-Vanilla-Yoghurt,train,GroceryStoreDataset_Klasson2019
4c51ec6a808d3cab,Arla-Mild-Vanilla-Yoghurt,train,GroceryStoreDataset_Klasson2019
fd449e1bef8c8c80,Arla-Mild-Vanilla-Yoghurt,train,GroceryStoreDataset_Klasson2019
abe9b43db01d9fa0,Arla-Mild-Vanilla-Yoghurt,train,GroceryStoreDataset_Klasson2019
4f7f5a6949bfbf68,Arla-Mild-Vanilla-Yoghurt,train,GroceryStoreDataset_Klasson2019
e69462697bc97088,Arla-Mild-Vanilla-Yoghurt,train,GroceryStoreDataset_Klasson2019
828fa2c95a132db9,Arla-Mild-Vanilla-Yoghurt,train,GroceryStoreDataset_Klasson2019
117b692856433472,Arla-Mild-Vanilla-Yoghurt,train,GroceryStoreDataset_Klasson2019
fa299392654c2cce,Arla-Mild-Vanilla-Yoghurt,train,GroceryStoreDataset_Klasson2019
44b8633c3cd9a530,Arla-Mild-Vanilla-Yoghurt,train,GroceryStoreDataset_Klasson2019
cb260156022d2f82,Arla-Mild-Vanilla-Yoghurt,train,GroceryStoreDataset_Klasson2019
f6db552cdd249167,Arla-Mild-Vanilla-Yoghurt,train,GroceryStoreDataset_Klasson2019
c73c8037adaf4977,Arla-Mild-Vanilla-Yoghurt,train,GroceryStoreDataset_Klasson2019
16b440f08536bec5,Arla-Mild-Vanilla-Yoghurt,train,GroceryStoreDataset_Klasson2019
85f7bcfe0cd1a11b,Arla-Mild-Vanilla-Yoghurt,train,GroceryStoreDataset_Klasson2019
1bb017fab78505a7,Arla-Mild-Vanilla-Yoghurt,train,GroceryStoreDataset_Klasson2019
c196de90cb0abd4e,Arla-Mild-Vanilla-Yoghurt,train,GroceryStoreDataset_Klasson2019
da38a6b708510c77,Arla-Mild-Vanilla-Yoghurt,train,GroceryStoreDataset_Klasson2019
fd4db61af2f7e060,Arla-Mild-Vanilla-Yoghurt,train,GroceryStoreDataset_Klasson2019
002777560bd9c42b,Arla-Natural-Yoghurt,train,GroceryStoreDataset_Klasson2019
ffe55cf8c8b8c9e2,Arla-Natural-Yoghurt,train,GroceryStoreDataset_Klasson2019
e2c324815b8cda6a,Arla-Natural-Yoghurt,train,GroceryStoreDataset_Klasson2019
bda2babaf4061acb,Arla-Natural-Yoghurt,train,GroceryStoreDataset_Klasson2019
6734ceda61b2183d,Arla-Natural-Yoghurt,train,GroceryStoreDataset_Klasson2019
41154731c5288ee0,Arla-Natural-Yoghurt,train,GroceryStoreDataset_Klasson2019
b9ec34e1609ff7cf,Arla-Natural-Yoghurt,train,GroceryStoreDataset_Klasson2019
238966fa14f69cd1,Arla-Natural-Yoghurt,train,GroceryStoreDataset_Klasson2019
bc193b5bae82d4fb,Arla-Natural-Yoghurt,train,GroceryStoreDataset_Klasson2019
68ca2394ad8efebc,Arla-Natural-Yoghurt,train,GroceryStoreDataset_Klasson2019
44c71689124159ae,Arla-Natural-Yoghurt,train,GroceryStoreDataset_Klasson2019
2fe00b13e9972bc4,Arla-Natural-Yoghurt,train,GroceryStoreDataset_Klasson2019
775a1850c164dc78,Arla-Natural-Yoghurt,train,GroceryStoreDataset_Klasson2019
2ca95546975af301,Arla-Natural-Yoghurt,train,GroceryStoreDataset_Klasson2019
d78b0e564f1d2e6d,Arla-Natural-Yoghurt,train,GroceryStoreDataset_Klasson2019
44f3315e1ecea58d,Arla-Natural-Yoghurt,train,GroceryStoreDataset_Klasson2019
607405cd13804a51,Arla-Natural-Yoghurt,train,GroceryStoreDataset_Klasson2019
cc441dc86072a72a,Arla-Natural-Yoghurt,train,GroceryStoreDataset_Klasson2019
2b99df71e943e852,Arla-Natural-Yoghurt,train,GroceryStoreDataset_Klasson2019
204e90e676edbac1,Arla-Natural-Yoghurt,train,GroceryStoreDataset_Klasson2019
2a6a640fff156a65,Arla-Natural-Yoghurt,train,GroceryStoreDataset_Klasson2019
d00872b888f76163,Arla-Natural-Yoghurt,train,GroceryStoreDataset_Klasson2019
68d4dda62ceed2fa,Arla-Natural-Yoghurt,train,GroceryStoreDataset_Klasson2019
c598a4df87d732c9,Arla-Natural-Yoghurt,train,GroceryStoreDataset_Klasson2019
94083df5a8080d9c,Arla-Natural-Yoghurt,train,GroceryStoreDataset_Klasson2019
b0a9a0892cbbf00a,Arla-Natural-Yoghurt,train,GroceryStoreDataset_Klasson2019
6856dd1be543b409,Arla-Natural-Yoghurt,train,GroceryStoreDataset_Klasson2019
d5d55ce50bf0dc3a,Arla-Natural-Yoghurt,train,GroceryStoreDataset_Klasson2019
fe54f8b6c04e9a24,Arla-Natural-Yoghurt,train,GroceryStoreDataset_Klasson2019
e17995a05f611d12,Arla-Natural-Yoghurt,train,GroceryStoreDataset_Klasson2019
f24b1d469aebaf6c,Arla-Natural-Yoghurt,train,GroceryStoreDataset_Klasson2019
2c90ec7da856a5b5,Arla-Natural-Yoghurt,train,GroceryStoreDataset_Klasson2019
11d6c53fec9320c3,Arla-Natural-Yoghurt,train,GroceryStoreDataset_Klasson2019
7c00d25c92aeec09,Arla-Natural-Yoghurt,train,GroceryStoreDataset_Klasson2019
d86ff88b9c85b366,Arla-Natural-Yoghurt,train,GroceryStoreDataset_Klasson2019
16f27be1fac5a0b3,Arla-Natural-Yoghurt,train,GroceryStoreDataset_Klasson2019
05d227fe14a10a9e,Arla-Natural-Yoghurt,train,GroceryStoreDataset_Klasson2019
4eb43baf9df10571,Arla-Natural-Yoghurt,train,GroceryStoreDataset_Klasson2019
f53cdd908195c020,Arla-Natural-Yoghurt,train,GroceryStoreDataset_Klasson2019
c50b49a6da65c690,Arla-Natural-Yoghurt,train,GroceryStoreDataset_Klasson2019
91fec13a57a4358a,Arla-Natural-Yoghurt,train,GroceryStoreDataset_Klasson2019
e0c982a4a8b92b4f,Arla-Natural-Yoghurt,train,GroceryStoreDataset_Klasson2019
fbc44aa0617ba501,Oatly-Oat-Milk,val,GroceryStoreDataset_Klasson2019
67f8b01d88d9b067,Oatly-Oat-Milk,val,GroceryStoreDataset_Klasson2019
9fd71cd12f445693,Oatly-Oat-Milk,val,GroceryStoreDataset_Klasson2019
e8aeb1cb65d66e44,Oatly-Oat-Milk,val,GroceryStoreDataset_Klasson2019
b3a5334b698c1d70,Oatly-Oat-Milk,val,GroceryStoreDataset_Klasson2019
5e3beebec31c0557,Oatly-Oat-Milk,val,GroceryStoreDataset_Klasson2019
5414ee2ec63d242e,Oatly-Oat-Milk,val,GroceryStoreDataset_Klasson2019
115baf826eb1b15a,Oatly-Oat-Milk,val,GroceryStoreDataset_Klasson2019
1c1106772d62b83e,Oatly-Oat-Milk,val,GroceryStoreDataset_Klasson2019
1c1203945edbbd74,Oatly-Oat-Milk,val,GroceryStoreDataset_Klasson2019
d4fd6272ab19193b,Oatly-Oat-Milk,val,GroceryStoreDataset_Klasson2019
94c67ab36b23716f,Oatly-Oat-Milk,val,GroceryStoreDataset_Klasson2019
adcc5c2f57c10e1e,Oatly-Oat-Milk,val,GroceryStoreDataset_Klasson2019
215059c6c9b0f1fc,Oatly-Oat-Milk,val,GroceryStoreDataset_Klasson2019
d4c082d1d0e074f5,Oatly-Oat-Milk,val,GroceryStoreDataset_Klasson2019
931af93ecd486e0f,Oatly-Oat-Milk,val,GroceryStoreDataset_Klasson2019
be0a30ff43119e60,Oatly-Oat-Milk,val,GroceryStoreDataset_Klasson2019
fd2b46fa2a224955,Oatly-Oat-Milk,val,GroceryStoreDataset_Klasson2019
4a5dfb3d8c5e14a4,Oatly-Oat-Milk,val,GroceryStoreDataset_Klasson2019
348a6109248006cf,Oatly-Oat-Milk,val,GroceryStoreDataset_Klasson2019
06e8588395de1e58,Oatly-Oat-Milk,val,GroceryStoreDataset_Klasson2019
b96affb0c6ec3703,Oatly-Oat-Milk,val,GroceryStoreDataset_Klasson2019
81a96550b4df8d31,Oatly-Oat-Milk,val,GroceryStoreDataset_Klasson2019
3ca17288bceb8c12,Oatly-Oat-Milk,val,GroceryStoreDataset_Klasson2019
f547a41d397e2418,Oatly-Oat-Milk,val,GroceryStoreDataset_Klasson2019
5c146d48f02692ab,Oatly-Oat-Milk,val,GroceryStoreDataset_Klasson2019
d1e5332aebf2d96b,Oatly-Oat-Milk,val,GroceryStoreDataset_Klasson2019
fb15cb99fdd2685a,Oatly-Oat-Milk,val,GroceryStoreDataset_Klasson2019
fbc47ec02e54dbe7,Oatly-Oat-Milk,val,GroceryStoreDataset_Klasson2019
cf407ab552fe319d,Oatly-Oat-Milk,val,GroceryStoreDataset_Klasson2019
a3aad02752de0619,Oatly-Oat-Milk,val,GroceryStoreDataset_Klasson2019
7539ee286ea8d8c9,Oatly-Oat-Milk,val,GroceryStoreDataset_Klasson2019
ff0cbe6911781040,Oatly-Natural-Oatghurt,test,GroceryStoreDataset_Klasson2019
abc61d4fc9a6cec8,Oatly-Natural-Oatghurt,test,GroceryStoreDataset_Klasson2019
a16bee7aedadf679,Oatly-Natural-Oatghurt,test,GroceryStoreDataset_Klasson2019
08de4876c8600e15,Oatly-Natural-Oatghurt,test,GroceryStoreDataset_Klasson2019
60b9aaf586c0ad94,Oatly-Natural-Oatghurt,test,GroceryStoreDataset_Klasson2019
fe18416273c683cb,God-Morgon-Orange-Red-Grapefruit-Juice,train,GroceryStoreDataset_Klasson2019
ebd4d118ea69411b,God-Morgon-Orange-Red-Grapefruit-Juice,train,GroceryStoreDataset_Klasson2019
97cb0f7b43a3297f,God-Morgon-Orange-Red-Grapefruit-Juice,train,GroceryStoreDataset_Klasson2019
f21880d78a3389b5,God-Morgon-Orange-Red-Grapefruit-Juice,train,GroceryStoreDataset_Klasson2019
c5515f07151f776c,God-Morgon-Orange-Red-Grapefruit-Juice,train,GroceryStoreDataset_Klasson2019
26d1ef8c523b48be,God-Morgon-Orange-Red-Grapefruit-Juice,train,GroceryStoreDataset_Klasson2019
865e6f71f9610152,Bravo-Apple-Juice,train,GroceryStoreDataset_Klasson2019
24df9b07e9db4773,Bravo-Apple-Juice,train,GroceryStoreDataset_Klasson2019
a65f9d39cf97e8bb,Bravo-Apple-Juice,train,GroceryStoreDataset_Klasson2019
2541f66d354ae950,Bravo-Apple-Juice,train,GroceryStoreDataset_Klasson2019
b10c1050da8e0d42,Bravo-Orange-Juice,train,GroceryStoreDataset_Klasson2019
a6bcd5149a108a86,Bravo-Orange-Juice,train,GroceryStoreDataset_Klasson2019
a000eb62708f8fbe,Bravo-Orange-Juice,train,GroceryStoreDataset_Klasson2019
30c33e0f3bd3eb20,Bravo-Orange-Juice,train,GroceryStoreDataset_Klasson2019
a09bb71b2b3571a4,Bravo-Orange-Juice,train,GroceryStoreDataset_Klasson2019
58feffbd0da540cf,God-Morgon-Orange-Juice,test,GroceryStoreDataset_Klasson2019
bf2db7bcce9248c9,God-Morgon-Orange-Juice,test,GroceryStoreDataset_Klasson2019
a2c4e94746bde330,God-Morgon-Orange-Juice,test,GroceryStoreDataset_Klasson2019
8f0dd6213391a088,God-Morgon-Orange-Juice,test,GroceryStoreDataset_Klasson2019
4d21c93199d40e36,God-Morgon-Orange-Juice,test,GroceryStoreDataset_Klasson2019
73ebc5eeb4006a8b,God-Morgon-Apple-Juice,val,GroceryStoreDataset_Klasson2019
3a2a58a7e861c618,God-Morgon-Apple-Juice,val,GroceryStoreDataset_Klasson2019
9c32d1ebf7a16aeb,God-Morgon-Apple-Juice,val,GroceryStoreDataset_Klasson2019
b5e28659aff3b7c2,God-Morgon-Apple-Juice,val,GroceryStoreDataset_Klasson2019
c09ec28ba34cbfa6,God-Morgon-Apple-Juice,val,GroceryStoreDataset_Klasson2019
147ff878fd2b1389,God-Morgon-Red-Grapefruit-Juice,train,GroceryStoreDataset_Klasson2019
ce6de22d7aea4f32,God-Morgon-Red-Grapefruit-Juice,train,GroceryStoreDataset_Klasson2019
23276f217675ee9e,God-Morgon-Red-Grapefruit-Juice,train,GroceryStoreDataset_Klasson2019
b10c6b1b5ef5bf25,God-Morgon-Red-Grapefruit-Juice,train,GroceryStoreDataset_Klasson2019
db37fcc9529c9f27,Alpro-Blueberry-Soyghurt,train,GroceryStoreDataset_Klasson2019
fcefc5b1c67b4fcd,Alpro-Blueberry-Soyghurt,train,GroceryStoreDataset_Klasson2019
b7025772d87c6f11,Alpro-Blueberry-Soyghurt,train,GroceryStoreDataset_Klasson2019
9cb90c1cff171570,Alpro-Blueberry-Soyghurt,train,GroceryStoreDataset_Klasson2019
969c51608ac88f68,Alpro-Blueberry-Soyghurt,train,GroceryStoreDataset_Klasson2019
6a159a78cf342cb9,Alpro-Vanilla-Soyghurt,train,GroceryStoreDataset_Klasson2019
540596185451f5fc,Alpro-Vanilla-Soyghurt,train,GroceryStoreDataset_Klasson2019
afb85c3050d5ec3f,Alpro-Vanilla-Soyghurt,train,GroceryStoreDataset_Klasson2019
9ec54b4e119fdd9c,Alpro-Vanilla-Soyghurt,train,GroceryStoreDataset_Klasson2019
1016720c2e6f8fd0,Alpro-Vanilla-Soyghurt,train,GroceryStoreDataset_Klasson2019
a346ba67f470d05c,Arla-Sour-Cream,val,GroceryStoreDataset_Klasson2019
f7d5984054ea27bc,Arla-Sour-Cream,val,GroceryStoreDataset_Klasson2019
378924b561104823,Arla-Sour-Cream,val,GroceryStoreDataset_Klasson2019
636f4d10141205a2,Arla-Sour-Cream,val,GroceryStoreDataset_Klasson2019
4248e256444989f9,Arla-Sour-Cream,val,GroceryStoreDataset_Klasson2019
4819d4e7f6100f86,Garant-Ecological-Standard-Milk,test,GroceryStoreDataset_Klasson2019
22d94b732f96e7e4,Garant-Ecological-Standard-Milk,test,GroceryStoreDataset_Klasson2019
f51b3b2ea8d7af57,Garant-Ecological-Standard-Milk,test,GroceryStoreDataset_Klasson2019
67bdbdc905ff59e8,Garant-Ecological-Standard-Milk,test,GroceryStoreDataset_Klasson2019
543ad8060bd4b4ee,Garant-Ecological-Standard-Milk,test,GroceryStoreDataset_Klasson2019
533ff4becdeba124,Garant-Ecological-Standard-Milk,test,GroceryStoreDataset_Klasson2019
5513898a60a11504,Garant-Ecological-Medium-Fat-Milk,train,GroceryStoreDataset_Klasson2019
a40a94dfaa6cb270,Garant-Ecological-Medium-Fat-Milk,train,GroceryStoreDataset_Klasson2019
ce41dc0dcdba39dc,Garant-Ecological-Medium-Fat-Milk,train,GroceryStoreDataset_Klasson2019
60b73558961ff4a9,Garant-Ecological-Medium-Fat-Milk,train,GroceryStoreDataset_Klasson2019
1acd5b38400684e8,Garant-Ecological-Medium-Fat-Milk,train,GroceryStoreDataset_Klasson2019
fc1984666a461ef6,Garant-Ecological-Medium-Fat-Milk,train,GroceryStoreDataset_Klasson2019
31220998c48ae828,Arla-Standard-Milk,train,GroceryStoreDataset_Klasson2019
ebca9d3f9dc0c1f0,Arla-Standard-Milk,train,GroceryStoreDataset_Klasson2019
28b22da94b9cbcf0,Arla-Standard-Milk,train,GroceryStoreDataset_Klasson2019
fe73176bac07cbe9,Arla-Standard-Milk,train,GroceryStoreDataset_Klasson2019
78793e95b666e159,Arla-Standard-Milk,train,GroceryStoreDataset_Klasson2019
8e1911ea41561fb7,Arla-Ecological-Medium-Fat-Milk,train,GroceryStoreDataset_Klasson2019
c6f91bcfa47c8671,Arla-Ecological-Medium-Fat-Milk,train,GroceryStoreDataset_Klasson2019
6246995ffc2f8717,Arla-Ecological-Medium-Fat-Milk,train,GroceryStoreDataset_Klasson2019
ccf786ca2c0a73ed,Arla-Ecological-Medium-Fat-Milk,train,GroceryStoreDataset_Klasson2019
884436c95a0ecd7b,Arla-Ecological-Medium-Fat-Milk,train,GroceryStoreDataset_Klasson2019
33aec9b84c7bbba8,Arla-Medium-Fat-Milk,train,GroceryStoreDataset_Klasson2019
6c70e6075de16123,Arla-Medium-Fat-Milk,train,GroceryStoreDataset_Klasson2019
5c637ebb9de25da7,Arla-Medium-Fat-Milk,train,GroceryStoreDataset_Klasson2019
9bf1d759236d895a,Arla-Medium-Fat-Milk,train,GroceryStoreDataset_Klasson2019
f695aab8c1e7571e,Valio-Vanilla-Yoghurt,train,GroceryStoreDataset_Klasson2019
e543fbc853095dda,Valio-Vanilla-Yoghurt,train,GroceryStoreDataset_Klasson2019
9743facee1fd48d4,Valio-Vanilla-Yoghurt,train,GroceryStoreDataset_Klasson2019
beaaf078449a2556,Valio-Vanilla-Yoghurt,train,GroceryStoreDataset_Klasson2019
d7c4d15133ebb472,Valio-Vanilla-Yoghurt,train,GroceryStoreDataset_Klasson2019
eee5bf6e5e7d47a0,Yoggi-Strawberry-Yoghurt,test,GroceryStoreDataset_Klasson2019
47adf9e686a57f9a,Yoggi-Strawberry-Yoghurt,test,GroceryStoreDataset_Klasson2019
79d66171984955f6,Yoggi-Strawberry-Yoghurt,test,GroceryStoreDataset_Klasson2019
0abc155277a2699b,Yoggi-Strawberry-Yoghurt,test,GroceryStoreDataset_Klasson2019
5c4ef2599b315970,Yoggi-Strawberry-Yoghurt,test,GroceryStoreDataset_Klasson2019
0ac097a6f9f18008,Yoggi-Vanilla-Yoghurt,train,GroceryStoreDataset_Klasson2019
5b71da079947f91a,Yoggi-Vanilla-Yoghurt,train,GroceryStoreDataset_Klasson2019
345361747577b6a6,Yoggi-Vanilla-Yoghurt,train,GroceryStoreDataset_Klasson2019
3e8d5882abad8988,Yoggi-Vanilla-Yoghurt,train,GroceryStoreDataset_Klasson2019
c0b52dff3de2b75b,Yoggi-Vanilla-Yoghurt,train,GroceryStoreDataset_Klasson2019
b765dd073213e6ca,Arla-Mild-Vanilla-Yoghurt,train,GroceryStoreDataset_Klasson2019
05dadc9c57e3eb13,Arla-Mild-Vanilla-Yoghurt,train,GroceryStoreDataset_Klasson2019
67ef5225241207a1,Arla-Mild-Vanilla-Yoghurt,train,GroceryStoreDataset_Klasson2019
43f8125539da9eaa,Arla-Mild-Vanilla-Yoghurt,train,GroceryStoreDataset_Klasson2019
ddc01cb1905f64fc,Arla-Mild-Vanilla-Yoghurt,train,GroceryStoreDataset_Klasson2019
82effa9a85a968e3,Oatly-Oat-Milk,val,GroceryStoreDataset_Klasson2019
b53ebe9b61c2c369,Oatly-Oat-Milk,val,GroceryStoreDataset_Klasson2019
8516e2dd4a37bb29,Oatly-Oat-Milk,val,GroceryStoreDataset_Klasson2019
c573b86c4315880c,Oatly-Oat-Milk,val,GroceryStoreDataset_Klasson2019
b19e5d3f3f3a0740,Oatly-Oat-Milk,val,GroceryStoreDataset_Klasson2019
87fed196dc21698b,Oatly-Natural-Oatghurt,test,GroceryStoreDataset_Klasson2019
98e967b416dd3794,Oatly-Natural-Oatghurt,test,GroceryStoreDataset_Klasson2019
cae81a4c283d226b,Oatly-Natural-Oatghurt,test,GroceryStoreDataset_Klasson2019
3064af282bd73d27,Oatly-Natural-Oatghurt,test,GroceryStoreDataset_Klasson2019
0dfde3f68482156b,Oatly-Natural-Oatghurt,test,GroceryStoreDataset_Klasson2019
045bf34fb8c12379,Oatly-Natural-Oatghurt,test,GroceryStoreDataset_Klasson2019
904a4c646122a59a,Oatly-Natural-Oatghurt,test,GroceryStoreDataset_Klasson2019
1ec80adf658f53a2,Oatly-Natural-Oatghurt,test,GroceryStoreDataset_Klasson2019
a30484a3f009a662,Oatly-Natural-Oatghurt,test,GroceryStoreDataset_Klasson2019
69d7351b75950fec,Oatly-Natural-Oatghurt,test,GroceryStoreDataset_Klasson2019
d4909c17f1c997f9,Oatly-Natural-Oatghurt,test,GroceryStoreDataset_Klasson2019
40b5cb01658703a7,Oatly-Natural-Oatghurt,test,GroceryStoreDataset_Klasson2019
22a9b3d9099d8db1,Oatly-Natural-Oatghurt,test,GroceryStoreDataset_Klasson2019
d057b8cb8a7f48b1,Oatly-Natural-Oatghurt,test,GroceryStoreDataset_Klasson2019
befde77bc48009bb,Oatly-Natural-Oatghurt,test,GroceryStoreDataset_Klasson2019
b9b3fe10a9af2112,Oatly-Natural-Oatghurt,test,GroceryStoreDataset_Klasson2019
52898617bc5d38a0,Oatly-Natural-Oatghurt,test,GroceryStoreDataset_Klasson2019
d9c3961ddd6fd3c6,Oatly-Natural-Oatghurt,test,GroceryStoreDataset_Klasson2019
b72d4d26b60d95e1,Oatly-Natural-Oatghurt,test,GroceryStoreDataset_Klasson2019
39340aacf4b80bb9,Oatly-Natural-Oatghurt,test,GroceryStoreDataset_Klasson2019
c592c18093d33246,Oatly-Natural-Oatghurt,test,GroceryStoreDataset_Klasson2019
2b79d7c1132600ef,Oatly-Natural-Oatghurt,test,GroceryStoreDataset_Klasson2019
bb607a23d28fef86,Oatly-Natural-Oatghurt,test,GroceryStoreDataset_Klasson2019
25d2cbac65c479d0,Oatly-Natural-Oatghurt,test,GroceryStoreDataset_Klasson2019
77abc0926be36398,Oatly-Natural-Oatghurt,test,GroceryStoreDataset_Klasson2019
c9a3c77526c5bc8d,Oatly-Natural-Oatghurt,test,GroceryStoreDataset_Klasson2019
a91b34f5918638af,Oatly-Natural-Oatghurt,test,GroceryStoreDataset_Klasson2019
fc202355c7ef16ff,Oatly-Natural-Oatghurt,test,GroceryStoreDataset_Klasson2019
a4d47019e9de51a9,Oatly-Natural-Oatghurt,test,GroceryStoreDataset_Klasson2019
6ea8e99e6a59bd8f,Oatly-Natural-Oatghurt,test,GroceryStoreDataset_Klasson2019
5113517e9ddc5553,Arla-Sour-Milk,train,GroceryStoreDataset_Klasson2019
dc638a2cff018f3c,Arla-Sour-Milk,train,GroceryStoreDataset_Klasson2019
86121a5f31660180,Arla-Sour-Milk,train,GroceryStoreDataset_Klasson2019
c1b359d9ff4644ba,Arla-Sour-Milk,train,GroceryStoreDataset_Klasson2019
534187fadb63530b,Arla-Sour-Milk,train,GroceryStoreDataset_Klasson2019
ae5db2c95eae5ead,Arla-Sour-Milk,train,GroceryStoreDataset_Klasson2019
33f26b797e7c8394,Arla-Sour-Milk,train,GroceryStoreDataset_Klasson2019
f46ef4c5fa12237b,Arla-Sour-Milk,train,GroceryStoreDataset_Klasson2019
6a5c81f6482924ca,Arla-Sour-Milk,train,GroceryStoreDataset_Klasson2019
3dc973ef6c8a49ef,Arla-Sour-Milk,train,GroceryStoreDataset_Klasson2019
518ef9e6b9cd2ff1,Arla-Sour-Milk,train,GroceryStoreDataset_Klasson2019
a981c3b2d37c4231,Arla-Sour-Milk,train,GroceryStoreDataset_Klasson2019
4fc3b1cc21d91994,Arla-Sour-Milk,train,GroceryStoreDataset_Klasson2019
9d4e216520c88201,Arla-Sour-Milk,train,GroceryStoreDataset_Klasson2019
f7743370166cacd3,Arla-Sour-Milk,train,GroceryStoreDataset_Klasson2019
c301b8ff8e0771e4,Arla-Sour-Milk,train,GroceryStoreDataset_Klasson2019
c503fd57e7ff83b3,Arla-Sour-Milk,train,GroceryStoreDataset_Klasson2019
3c0ef1b9a444b41f,Arla-Sour-Milk,train,GroceryStoreDataset_Klasson2019
75dc94be3651e6ca,Arla-Sour-Milk,train,GroceryStoreDataset_Klasson2019
621caf42bb4cc0d9,Tropicana-Mandarin-Morning,train,GroceryStoreDataset_Klasson2019
e122a3cadd740b45,Tropicana-Mandarin-Morning,train,GroceryStoreDataset_Klasson2019
a95410ca9785be71,Tropicana-Mandarin-Morning,train,GroceryStoreDataset_Klasson2019
3983e9ce133849a0,Tropicana-Mandarin-Morning,train,GroceryStoreDataset_Klasson2019
8112103a225a7226,Tropicana-Mandarin-Morning,train,GroceryStoreDataset_Klasson2019
fd84ad47249fee3c,Tropicana-Mandarin-Morning,train,GroceryStoreDataset_Klasson2019
b07be855cfd47f6b,Tropicana-Mandarin-Morning,train,GroceryStoreDataset_Klasson2019
318046899b02b6ea,Tropicana-Mandarin-Morning,train,GroceryStoreDataset_Klasson2019
2f81a2433968d866,Tropicana-Mandarin-Morning,train,GroceryStoreDataset_Klasson2019
06cd26f3abe08f8c,Tropicana-Mandarin-Morning,train,GroceryStoreDataset_Klasson2019
377dd75bd73c0855,Tropicana-Mandarin-Morning,train,GroceryStoreDataset_Klasson2019
106ce3e5148b196b,Tropicana-Mandarin-Morning,train,GroceryStoreDataset_Klasson2019
314a7f04f29dc1e5,Tropicana-Mandarin-Morning,train,GroceryStoreDataset_Klasson2019
4eacafb11e6d7e9f,Tropicana-Mandarin-Morning,train,GroceryStoreDataset_Klasson2019
f996a76d0486db01,Tropicana-Mandarin-Morning,train,GroceryStoreDataset_Klasson2019
6d08e5c0a4881178,Tropicana-Mandarin-Morning,train,GroceryStoreDataset_Klasson2019
0a9cbc0e437d6867,Tropicana-Mandarin-Morning,train,GroceryStoreDataset_Klasson2019
4f0c302a1b5062e4,Tropicana-Mandarin-Morning,train,GroceryStoreDataset_Klasson2019
6f248efaa091ece4,Tropicana-Mandarin-Morning,train,GroceryStoreDataset_Klasson2019
fb5f3a1aa6c1d347,Tropicana-Mandarin-Morning,train,GroceryStoreDataset_Klasson2019
b0944f22f32d3bd5,Tropicana-Apple-Juice,train,GroceryStoreDataset_Klasson2019
de371dc1f7d1caa6,Tropicana-Apple-Juice,train,GroceryStoreDataset_Klasson2019
047c207886ee70dd,Tropicana-Apple-Juice,train,GroceryStoreDataset_Klasson2019
d11cbed7c30a6f24,Tropicana-Apple-Juice,train,GroceryStoreDataset_Klasson2019
3f8f0eadf92834c8,Tropicana-Apple-Juice,train,GroceryStoreDataset_Klasson2019
e044213256d7b5c8,Tropicana-Apple-Juice,train,GroceryStoreDataset_Klasson2019
acb4d650aad2ac44,Tropicana-Apple-Juice,train,GroceryStoreDataset_Klasson2019
2255df878ee37670,Tropicana-Apple-Juice,train,GroceryStoreDataset_Klasson2019
28a6f7f02b51e969,Tropicana-Apple-Juice,train,GroceryStoreDataset_Klasson2019
4597628c7663d73d,Tropicana-Apple-Juice,train,GroceryStoreDataset_Klasson2019
4ffaf263dd8b2d1b,Tropicana-Apple-Juice,train,GroceryStoreDataset_Klasson2019
c7a9ae44b8e7d564,Tropicana-Apple-Juice,train,GroceryStoreDataset_Klasson2019
a2a9bc7411e64cc7,Tropicana-Apple-Juice,train,GroceryStoreDataset_Klasson2019
1751217ce9139a17,Tropicana-Apple-Juice,train,GroceryStoreDataset_Klasson2019
5d99c3cdb543407a,Tropicana-Apple-Juice,train,GroceryStoreDataset_Klasson2019
5d354ee3bb5613aa,Tropicana-Apple-Juice,train,GroceryStoreDataset_Klasson2019
56a635c8b5067102,Tropicana-Apple-Juice,train,GroceryStoreDataset_Klasson2019
74b614c521d55103,Tropicana-Apple-Juice,train,GroceryStoreDataset_Klasson2019
3b059e52d79b93fb,Tropicana-Apple-Juice,train,GroceryStoreDataset_Klasson2019
e9ff95d611e73d1e,Tropicana-Apple-Juice,train,GroceryStoreDataset_Klasson2019
5a4e84072d34ec6a,Tropicana-Apple-Juice,train,GroceryStoreDataset_Klasson2019
274f9db682fc09a9,Tropicana-Apple-Juice,train,GroceryStoreDataset_Klasson2019
bc9a895db2870b30,Tropicana-Apple-Juice,train,GroceryStoreDataset_Klasson2019
7327ae56e7bff4cf,Tropicana-Apple-Juice,train,GroceryStoreDataset_Klasson2019
59436f561e09641b,Tropicana-Apple-Juice,train,GroceryStoreDataset_Klasson2019
f000fc4dbbc5e693,Tropicana-Apple-Juice,train,GroceryStoreDataset_Klasson2019
7127126f4bf627e5,Tropicana-Apple-Juice,train,GroceryStoreDataset_Klasson2019
48e84eb24dadea04,Tropicana-Apple-Juice,train,GroceryStoreDataset_Klasson2019
5b9042b2fbf843d4,God-Morgon-Orange-Red-Grapefruit-Juice,train,GroceryStoreDataset_Klasson2019
47a60ba5c14df2d0,God-Morgon-Orange-Red-Grapefruit-Juice,train,GroceryStoreDataset_Klasson2019
ba02318115064bd9,God-Morgon-Orange-Red-Grapefruit-Juice,train,GroceryStoreDataset_Klasson2019
e815d69f67cd75b0,God-Morgon-Orange-Red-Grapefruit-Juice,train,GroceryStoreDataset_Klasson2019
b066c060d9e97a92,God-Morgon-Orange-Red-Grapefruit-Juice,train,GroceryStoreDataset_Klasson2019
9a872e254d85c9ca,God-Morgon-Orange-Red-Grapefruit-Juice,train,GroceryStoreDataset_Klasson2019
a5a73daab514056d,God-Morgon-Orange-Red-Grapefruit-Juice,train,GroceryStoreDataset_Klasson2019
6435f029b0ecc76a,God-Morgon-Orange-Red-Grapefruit-Juice,train,GroceryStoreDataset_Klasson2019
0a4d2c0723fcbe12,God-Morgon-Orange-Red-Grapefruit-Juice,train,GroceryStoreDataset_Klasson2019
65b13ad34cf1052e,God-Morgon-Orange-Red-Grapefruit-Juice,train,GroceryStoreDataset_Klasson2019
97fc89152e26c591,God-Morgon-Orange-Red-Grapefruit-Juice,train,GroceryStoreDataset_Klasson2019
e972f31b3eae1afd,God-Morgon-Orange-Red-Grapefruit-Juice,train,GroceryStoreDataset_Klasson2019
17ebb8ba129c58bd,God-Morgon-Orange-Red-Grapefruit-Juice,train,GroceryStoreDataset_Klasson2019
4474c047c3f0f3b0,God-Morgon-Orange-Red-Grapefruit-Juice,train,GroceryStoreDataset_Klasson2019
66cd0c7abdd3373f,God-Morgon-Orange-Red-Grapefruit-Juice,train,GroceryStoreDataset_Klasson2019
ffc9ce524e64ef3b,God-Morgon-Orange-Red-Grapefruit-Juice,train,GroceryStoreDataset_Klasson2019
7c23f1fb3af88309,God-Morgon-Orange-Red-Grapefruit-Juice,train,GroceryStoreDataset_Klasson2019
3429b76b57247000,God-Morgon-Orange-Red-Grapefruit-Juice,train,GroceryStoreDataset_Klasson2019
f2b4d4e7b097a2a0,God-Morgon-Orange-Red-Grapefruit-Juice,train,GroceryStoreDataset_Klasson2019
f52847bde21481b8,Bravo-Apple-Juice,train,GroceryStoreDataset_Klasson2019
1a17457eda41b4a9,Bravo-Apple-Juice,train,GroceryStoreDataset_Klasson2019
586910176123b0ff,Bravo-Apple-Juice,train,GroceryStoreDataset_Klasson2019
f7136ea93ba59c7d,Bravo-Apple-Juice,train,GroceryStoreDataset_Klasson2019
d656bd65cba85b6d,Bravo-Apple-Juice,train,GroceryStoreDataset_Klasson2019
02176e1afbd67748,Bravo-Apple-Juice,train,GroceryStoreDataset_Klasson2019
2bf15ac8ca3db5d0,Bravo-Apple-Juice,train,GroceryStoreDataset_Klasson2019
eebc569094546cd5,Bravo-Apple-Juice,train,GroceryStoreDataset_Klasson2019
894dc231a8508ccf,Bravo-Apple-Juice,train,GroceryStoreDataset_Klasson2019
85ff1080a5b8bc39,Bravo-Apple-Juice,train,GroceryStoreDataset_Klasson2019
8bc5b748d3aba61e,Bravo-Apple-Juice,train,GroceryStoreDataset_Klasson2019
733c041f2f014831,Bravo-Apple-Juice,train,GroceryStoreDataset_Klasson2019
822645113c06edcf,Bravo-Apple-Juice,train,GroceryStoreDataset_Klasson2019
8e78c32bef1577d7,Bravo-Apple-Juice,train,GroceryStoreDataset_Klasson2019
465e49cbe29823f5,Bravo-Apple-Juice,train,GroceryStoreDataset_Klasson2019
eb639bffcaea3d32,Bravo-Apple-Juice,train,GroceryStoreDataset_Klasson2019
1e6ec5c8ef04231c,Bravo-Apple-Juice,train,GroceryStoreDataset_Klasson2019
f65d23122f1f1792,Bravo-Apple-Juice,train,GroceryStoreDataset_Klasson2019
26e91c9cf82139e6,Bravo-Apple-Juice,train,GroceryStoreDataset_Klasson2019
f6dd10118d6de65f,Bravo-Apple-Juice,train,GroceryStoreDataset_Klasson2019
efc7b1ab210224e7,Bravo-Apple-Juice,train,GroceryStoreDataset_Klasson2019
4b154998de152adf,Bravo-Apple-Juice,train,GroceryStoreDataset_Klasson2019
3596c7d5a3d442e1,Bravo-Apple-Juice,train,GroceryStoreDataset_Klasson2019
715a7e7549758d1d,Bravo-Orange-Juice,train,GroceryStoreDataset_Klasson2019
5eaa4e758c14a629,Bravo-Orange-Juice,train,GroceryStoreDataset_Klasson2019
a886743a5ef1858b,Bravo-Orange-Juice,train,GroceryStoreDataset_Klasson2019
4d2b6d19e6d3870b,Bravo-Orange-Juice,train,GroceryStoreDataset_Klasson2019
544cf2b2016b35ad,Bravo-Orange-Juice,train,GroceryStoreDataset_Klasson2019
43a1878de4ef6b13,Bravo-Orange-Juice,train,GroceryStoreDataset_Klasson2019
c46e98c3ee73a8ef,Bravo-Orange-Juice,train,GroceryStoreDataset_Klasson2019
7c237279e253b61e,Bravo-Orange-Juice,train,GroceryStoreDataset_Klasson2019
c5cef131105cfeba,Bravo-Orange-Juice,train,GroceryStoreDataset_Klasson2019
49a879bdd9a209b7,Bravo-Orange-Juice,train,GroceryStoreDataset_Klasson2019
6c529d98f8cd58b1,Bravo-Orange-Juice,train,GroceryStoreDataset_Klasson2019
1deb140dd51a6f6d,Bravo-Orange-Juice,train,GroceryStoreDataset_Klasson2019
9e9304f8b6ac81ac,Bravo-Orange-Juice,train,GroceryStoreDataset_Klasson2019
578511291d1fcf31,Bravo-Orange-Juice,train,GroceryStoreDataset_Klasson2019
fe723a9903a30068,Bravo-Orange-Juice,train,GroceryStoreDataset_Klasson2019
e5877c678cc29dd6,Bravo-Orange-Juice,train,GroceryStoreDataset_Klasson2019
7f09ec29cbff320c,Bravo-Orange-Juice,train,GroceryStoreDataset_Klasson2019
fef84c06e3c1dfb7,Bravo-Orange-Juice,train,GroceryStoreDataset_Klasson2019
dd2ccc456bbd92fb,Bravo-Orange-Juice,train,GroceryStoreDataset_Klasson2019
9ef65744fb36ea25,Bravo-Orange-Juice,train,GroceryStoreDataset_Klasson2019
0c3d3449928b31ce,Bravo-Orange-Juice,train,GroceryStoreDataset_Klasson2019
b9ce206dbcf290d7,Bravo-Orange-Juice,train,GroceryStoreDataset_Klasson2019
39009edd007a2ddc,Bravo-Orange-Juice,train,GroceryStoreDataset_Klasson2019
b15fc32815eeda8c,Bravo-Orange-Juice,train,GroceryStoreDataset_Klasson2019
192bdd4701345e4e,Bravo-Orange-Juice,train,GroceryStoreDataset_Klasson2019
86a8c75225ce2738,Bravo-Orange-Juice,train,GroceryStoreDataset_Klasson2019
973cf5beb107f671,Bravo-Orange-Juice,train,GroceryStoreDataset_Klasson2019
45b16e00977439ba,Bravo-Orange-Juice,train,GroceryStoreDataset_Klasson2019
01b45956e5cb9cef,Bravo-Orange-Juice,train,GroceryStoreDataset_Klasson2019
dad210618f2ad8b4,Bravo-Orange-Juice,train,GroceryStoreDataset_Klasson2019
8e5bf643b3a9cd0c,Bravo-Orange-Juice,train,GroceryStoreDataset_Klasson2019
081684d5c19fe209,Tropicana-Golden-Grapefruit,val,GroceryStoreDataset_Klasson2019
59fd8a24ed36373f,Tropicana-Golden-Grapefruit,val,GroceryStoreDataset_Klasson2019
2745918e58678fee,Tropicana-Golden-Grapefruit,val,GroceryStoreDataset_Klasson2019
fe50d8bc164a45d6,Tropicana-Golden-Grapefruit,val,GroceryStoreDataset_Klasson2019
41d2555871b6d1bf,Tropicana-Golden-Grapefruit,val,GroceryStoreDataset_Klasson2019
cb2e634881325b1d,Tropicana-Golden-Grapefruit,val,GroceryStoreDataset_Klasson2019
e2f037e4d0bacbbd,Tropicana-Golden-Grapefruit,val,GroceryStoreDataset_Klasson2019
5562684b506bdfe8,Tropicana-Golden-Grapefruit,val,GroceryStoreDataset_Klasson2019
7b1c16cb4ce97e14,Tropicana-Golden-Grapefruit,val,GroceryStoreDataset_Klasson2019
7669239f3fcb113a,Tropicana-Golden-Grapefruit,val,GroceryStoreDataset_Klasson2019
4e9f4fbc24dd8547,Tropicana-Golden-Grapefruit,val,GroceryStoreDataset_Klasson2019
74f5cbcdbe894b0b,Tropicana-Golden-Grapefruit,val,GroceryStoreDataset_Klasson2019
090bead8cf310610,Tropicana-Golden-Grapefruit,val,GroceryStoreDataset_Klasson2019
4d948a3dea6f586b,Tropicana-Golden-Grapefruit,val,GroceryStoreDataset_Klasson2019
61d30bf4e042d292,Tropicana-Golden-Grapefruit,val,GroceryStoreDataset_Klasson2019
131c46c90af494c0,Tropicana-Golden-Grapefruit,val,GroceryStoreDataset_Klasson2019
30220d8a56987674,Tropicana-Golden-Grapefruit,val,GroceryStoreDataset_Klasson2019
9d57e249fa5e2f05,Tropicana-Golden-Grapefruit,val,GroceryStoreDataset_Klasson2019
68b4a61322598afc,Tropicana-Golden-Grapefruit,val,GroceryStoreDataset_Klasson2019
a748024c5936a24b,God-Morgon-Orange-Juice,test,GroceryStoreDataset_Klasson2019
d41859fba0a80c7a,God-Morgon-Orange-Juice,test,GroceryStoreDataset_Klasson2019
cb7465f5b2dde23a,God-Morgon-Orange-Juice,test,GroceryStoreDataset_Klasson2019
fc89cfe5cd8a5226,God-Morgon-Orange-Juice,test,GroceryStoreDataset_Klasson2019
4dd1f047c0cd3923,God-Morgon-Orange-Juice,test,GroceryStoreDataset_Klasson2019
dd7c9f1ace7cd534,God-Morgon-Orange-Juice,test,GroceryStoreDataset_Klasson2019
923e0ea63d3c7faa,God-Morgon-Orange-Juice,test,GroceryStoreDataset_Klasson2019
81578e065185dc71,God-Morgon-Orange-Juice,test,GroceryStoreDataset_Klasson2019
a1207fec181004e9,God-Morgon-Orange-Juice,test,GroceryStoreDataset_Klasson2019
c25ffb3151c50830,God-Morgon-Orange-Juice,test,GroceryStoreDataset_Klasson2019
18d675b5a4df1109,God-Morgon-Orange-Juice,test,GroceryStoreDataset_Klasson2019
eeaf55c6318d9dbe,God-Morgon-Orange-Juice,test,GroceryStoreDataset_Klasson2019
2ce652a98f8f392a,God-Morgon-Orange-Juice,test,GroceryStoreDataset_Klasson2019
582d7a8739a405f1,God-Morgon-Orange-Juice,test,GroceryStoreDataset_Klasson2019
f525fbc670aefb55,God-Morgon-Orange-Juice,test,GroceryStoreDataset_Klasson2019
570cb0429228a5fa,God-Morgon-Orange-Juice,test,GroceryStoreDataset_Klasson2019
a31e26cd69fe8cae,God-Morgon-Orange-Juice,test,GroceryStoreDataset_Klasson2019
b58148c3a009a403,God-Morgon-Orange-Juice,test,GroceryStoreDataset_Klasson2019
cb6b6494d597df39,God-Morgon-Orange-Juice,test,GroceryStoreDataset_Klasson2019
707a873cbce4f26f,God-Morgon-Orange-Juice,test,GroceryStoreDataset_Klasson2019
a678a0ee5fb91543,God-Morgon-Orange-Juice,test,GroceryStoreDataset_Klasson2019
d5eac15af803e3f4,God-Morgon-Orange-Juice,test,GroceryStoreDataset_Klasson2019
780dc154469ff85a,Tropicana-Juice-Smooth,train,GroceryStoreDataset_Klasson2019
0c7b99b8b5d4c773,Tropicana-Juice-Smooth,train,GroceryStoreDataset_Klasson2019
dc75911c2969986a,Tropicana-Juice-Smooth,train,GroceryStoreDataset_Klasson2019
6500482c8c1310c4,Tropicana-Juice-Smooth,train,GroceryStoreDataset_Klasson2019
2505cc951f91841c,Tropicana-Juice-Smooth,train,GroceryStoreDataset_Klasson2019
d3280c2a565435c7,Tropicana-Juice-Smooth,train,GroceryStoreDataset_Klasson2019
53de7aa3e894d22d,Tropicana-Juice-Smooth,train,GroceryStoreDataset_Klasson2019
4a267224182f61ed,Tropicana-Juice-Smooth,train,GroceryStoreDataset_Klasson2019
de57355a0519e6ef,Tropicana-Juice-Smooth,train,GroceryStoreDataset_Klasson2019
6b9880db629acb01,Tropicana-Juice-Smooth,train,GroceryStoreDataset_Klasson2019
727b0e42daeb31a7,Tropicana-Juice-Smooth,train,GroceryStoreDataset_Klasson2019
4c87e7e8dbb94c24,Tropicana-Juice-Smooth,train,GroceryStoreDataset_Klasson2019
d72f41c93db508fc,Tropicana-Juice-Smooth,train,GroceryStoreDataset_Klasson2019
6d153730f6d998ba,Tropicana-Juice-Smooth,train,GroceryStoreDataset_Klasson2019
4129d02d5fcbf107,Tropicana-Juice-Smooth,train,GroceryStoreDataset_Klasson2019
2f0414a9dbf1e036,Tropicana-Juice-Smooth,train,GroceryStoreDataset_Klasson2019
5d6a806d119b9dcd,Tropicana-Juice-Smooth,train,GroceryStoreDataset_Klasson2019
1ffaaf33d67fdab4,Tropicana-Juice-Smooth,train,GroceryStoreDataset_Klasson2019
f3e039dcb924133c,Tropicana-Juice-Smooth,train,GroceryStoreDataset_Klasson2019
81c4eba3be176d9a,Tropicana-Juice-Smooth,train,GroceryStoreDataset_Klasson2019
e3f0c983c8c7993f,Tropicana-Juice-Smooth,train,GroceryStoreDataset_Klasson2019
0786b8fdad99db26,Tropicana-Juice-Smooth,train,GroceryStoreDataset_Klasson2019
0584a3dba3245f61,Tropicana-Juice-Smooth,train,GroceryStoreDataset_Klasson2019
d73b402221eeeb0b,Tropicana-Juice-Smooth,train,GroceryStoreDataset_Klasson2019
330174d999a1d2b4,God-Morgon-Apple-Juice,val,GroceryStoreDataset_Klasson2019
0557a5c41a1590a2,God-Morgon-Apple-Juice,val,GroceryStoreDataset_Klasson2019
2e6c88e35b952841,God-Morgon-Apple-Juice,val,GroceryStoreDataset_Klasson2019
89b0bde2fccc680e,God-Morgon-Apple-Juice,val,GroceryStoreDataset_Klasson2019
3a75191aed57582b,God-Morgon-Apple-Juice,val,GroceryStoreDataset_Klasson2019
3ff0a9d433a2973f,God-Morgon-Apple-Juice,val,GroceryStoreDataset_Klasson2019
8f41648e92874003,God-Morgon-Apple-Juice,val,GroceryStoreDataset_Klasson2019
b375431d26698613,God-Morgon-Apple-Juice,val,GroceryStoreDataset_Klasson2019
94f1215b1170bb4f,God-Morgon-Apple-Juice,val,GroceryStoreDataset_Klasson2019
ef9dd85a936f3a87,God-Morgon-Apple-Juice,val,GroceryStoreDataset_Klasson2019
f4d208b4420288de,God-Morgon-Apple-Juice,val,GroceryStoreDataset_Klasson2019
fdc38106d2433de0,God-Morgon-Apple-Juice,val,GroceryStoreDataset_Klasson2019
458233c1a2d4a228,God-Morgon-Apple-Juice,val,GroceryStoreDataset_Klasson2019
2b78c401e8c51d76,God-Morgon-Apple-Juice,val,GroceryStoreDataset_Klasson2019
dacb3cea1ce06771,God-Morgon-Apple-Juice,val,GroceryStoreDataset_Klasson2019
09e29b9964c875c6,God-Morgon-Apple-Juice,val,GroceryStoreDataset_Klasson2019
94ca42d186fbc644,God-Morgon-Apple-Juice,val,GroceryStoreDataset_Klasson2019
ffa158663f553ab2,God-Morgon-Apple-Juice,val,GroceryStoreDataset_Klasson2019
cf7701eee714d378,God-Morgon-Apple-Juice,val,GroceryStoreDataset_Klasson2019
687e4a7807c53824,God-Morgon-Red-Grapefruit-Juice,train,GroceryStoreDataset_Klasson2019
ccd3cd0885d520fb,God-Morgon-Red-Grapefruit-Juice,train,GroceryStoreDataset_Klasson2019
800b5a11412f7c55,God-Morgon-Red-Grapefruit-Juice,train,GroceryStoreDataset_Klasson2019
5fb29a38b36ce9dd,God-Morgon-Red-Grapefruit-Juice,train,GroceryStoreDataset_Klasson2019
2427b505a94fd5f9,God-Morgon-Red-Grapefruit-Juice,train,GroceryStoreDataset_Klasson2019
e93909c9d6c9993e,God-Morgon-Red-Grapefruit-Juice,train,GroceryStoreDataset_Klasson2019
1d1011ea17f11c6b,God-Morgon-Red-Grapefruit-Juice,train,GroceryStoreDataset_Klasson2019
396a4c99d8e4ef87,God-Morgon-Red-Grapefruit-Juice,train,GroceryStoreDataset_Klasson2019
ac7d5aeef0edcf7e,God-Morgon-Red-Grapefruit-Juice,train,GroceryStoreDataset_Klasson2019
6dea24cf0cd65228,God-Morgon-Red-Grapefruit-Juice,train,GroceryStoreDataset_Klasson2019
d2929e4b09a4358d,God-Morgon-Red-Grapefruit-Juice,train,GroceryStoreDataset_Klasson2019
530e6f5332d1c411,God-Morgon-Red-Grapefruit-Juice,train,GroceryStoreDataset_Klasson2019
87b984a85689a60d,God-Morgon-Red-Grapefruit-Juice,train,GroceryStoreDataset_Klasson2019
253bacf6f60317c5,God-Morgon-Red-Grapefruit-Juice,train,GroceryStoreDataset_Klasson2019
68197da5d1a55410,Alpro-Shelf-Soy-Milk,train,GroceryStoreDataset_Klasson2019
36c0f5fa02fd04a1,Alpro-Shelf-Soy-Milk,train,GroceryStoreDataset_Klasson2019
888644b6e9266243,Alpro-Shelf-Soy-Milk,train,GroceryStoreDataset_Klasson2019
ffb5b5ceb4fbed2e,Alpro-Shelf-Soy-Milk,train,GroceryStoreDataset_Klasson2019
4f5a66b9a7ece86a,Alpro-Shelf-Soy-Milk,train,GroceryStoreDataset_Klasson2019
4a21abb52428b3fb,Alpro-Shelf-Soy-Milk,train,GroceryStoreDataset_Klasson2019
f8d875a2720daa45,Alpro-Shelf-Soy-Milk,train,GroceryStoreDataset_Klasson2019
2af5f5d2057620ea,Alpro-Shelf-Soy-Milk,train,GroceryStoreDataset_Klasson2019
bd7a2323bfcbd7f9,Alpro-Shelf-Soy-Milk,train,GroceryStoreDataset_Klasson2019
97e6e1345cfc616f,Alpro-Shelf-Soy-Milk,train,GroceryStoreDataset_Klasson2019
f09e169bba820906,Alpro-Shelf-Soy-Milk,train,GroceryStoreDataset_Klasson2019
5c350bcb33504dcf,Alpro-Shelf-Soy-Milk,train,GroceryStoreDataset_Klasson2019
be4bdd23c007aa52,Alpro-Shelf-Soy-Milk,train,GroceryStoreDataset_Klasson2019
31fd2e9e0ea52f9b,Alpro-Shelf-Soy-Milk,train,GroceryStoreDataset_Klasson2019
5f64b69fe8e73e73,Alpro-Shelf-Soy-Milk,train,GroceryStoreDataset_Klasson2019
3e4796bf0cd3af7c,Alpro-Shelf-Soy-Milk,train,GroceryStoreDataset_Klasson2019
ad363e144abe8a2e,Alpro-Shelf-Soy-Milk,train,GroceryStoreDataset_Klasson2019
55c0dd27077b14e5,Alpro-Shelf-Soy-Milk,train,GroceryStoreDataset_Klasson2019
dd14a686d859af68,Alpro-Shelf-Soy-Milk,train,GroceryStoreDataset_Klasson2019
f40ec5a201a0d658,Alpro-Shelf-Soy-Milk,train,GroceryStoreDataset_Klasson2019
2ce4d59f61d3b0c2,Alpro-Shelf-Soy-Milk,train,GroceryStoreDataset_Klasson2019
20b32ce08287182a,Alpro-Shelf-Soy-Milk,train,GroceryStoreDataset_Klasson2019
c9f2f7a5f32ea105,Alpro-Shelf-Soy-Milk,train,GroceryStoreDataset_Klasson2019
8a8e26d16fbd2eab,Alpro-Shelf-Soy-Milk,train,GroceryStoreDataset_Klasson2019
fbdb98b244087a4c,Alpro-Shelf-Soy-Milk,train,GroceryStoreDataset_Klasson2019
bd8afba9c9e34517,Alpro-Shelf-Soy-Milk,train,GroceryStoreDataset_Klasson2019
49c3dc2222d0ca82,Alpro-Shelf-Soy-Milk,train,GroceryStoreDataset_Klasson2019
314a92941cf87a93,Alpro-Shelf-Soy-Milk,train,GroceryStoreDataset_Klasson2019
9ae940ff7af6e91e,Alpro-Shelf-Soy-Milk,train,GroceryStoreDataset_Klasson2019
c70ec2e141946b43,Alpro-Shelf-Soy-Milk,train,GroceryStoreDataset_Klasson2019
30942bbf2296235d,Alpro-Fresh-Soy-Milk,train,GroceryStoreDataset_Klasson2019
abfafcecef8884f6,Alpro-Fresh-Soy-Milk,train,GroceryStoreDataset_Klasson2019
0b7a11b6013ef51f,Alpro-Fresh-Soy-Milk,train,GroceryStoreDataset_Klasson2019
c4bf02c4e7bf933e,Alpro-Fresh-Soy-Milk,train,GroceryStoreDataset_Klasson2019
1e6ab289d3222ff8,Alpro-Fresh-Soy-Milk,train,GroceryStoreDataset_Klasson2019
2f20a75120ddd82b,Alpro-Fresh-Soy-Milk,train,GroceryStoreDataset_Klasson2019
f4d22c4506eb7ba5,Alpro-Fresh-Soy-Milk,train,GroceryStoreDataset_Klasson2019
f0a5d22095cc6e80,Alpro-Fresh-Soy-Milk,train,GroceryStoreDataset_Klasson2019
658c48d4936dc172,Alpro-Fresh-Soy-Milk,train,GroceryStoreDataset_Klasson2019
a32df5ab8ac6529b,Alpro-Fresh-Soy-Milk,train,GroceryStoreDataset_Klasson2019
d53e9a655c95c61d,Alpro-Fresh-Soy-Milk,train,GroceryStoreDataset_Klasson2019
a1b098ea116a9689,Alpro-Fresh-Soy-Milk,train,GroceryStoreDataset_Klasson2019
d846431229712fc9,Alpro-Fresh-Soy-Milk,train,GroceryStoreDataset_Klasson2019
3bf0b10eecf7f834,Alpro-Fresh-Soy-Milk,train,GroceryStoreDataset_Klasson2019
4499a32a5a59e085,Alpro-Fresh-Soy-Milk,train,GroceryStoreDataset_Klasson2019
c262896a10b35040,Alpro-Fresh-Soy-Milk,train,GroceryStoreDataset_Klasson2019
f3da313d4cab006c,Alpro-Fresh-Soy-Milk,train,GroceryStoreDataset_Klasson2019
090ffb1353dfe376,Alpro-Fresh-Soy-Milk,train,GroceryStoreDataset_Klasson2019
4dbc63e01f27147e,Alpro-Fresh-Soy-Milk,train,GroceryStoreDataset_Klasson2019
a279311154584ea6,Alpro-Fresh-Soy-Milk,train,GroceryStoreDataset_Klasson2019
60a223d42a783145,Alpro-Fresh-Soy-Milk,train,GroceryStoreDataset_Klasson2019
cadddae9e455f7c4,Alpro-Fresh-Soy-Milk,train,GroceryStoreDataset_Klasson2019
6ad3d166fc643c14,Alpro-Fresh-Soy-Milk,train,GroceryStoreDataset_Klasson2019
6bedb2da2da4cdf4,Alpro-Fresh-Soy-Milk,train,GroceryStoreDataset_Klasson2019
c061e0e6bac791b9,Alpro-Fresh-Soy-Milk,train,GroceryStoreDataset_Klasson2019
f28d80edc53c67d7,Alpro-Fresh-Soy-Milk,train,GroceryStoreDataset_Klasson2019
95475b9f03647ea8,Alpro-Fresh-Soy-Milk,train,GroceryStoreDataset_Klasson2019
b1969ad40ce0e111,Alpro-Fresh-Soy-Milk,train,GroceryStoreDataset_Klasson2019
eb572bed4b54d463,Alpro-Blueberry-Soyghurt,train,GroceryStoreDataset_Klasson2019
6d9c62e8cfcfd7b4,Alpro-Blueberry-Soyghurt,train,GroceryStoreDataset_Klasson2019
9be80014313a6033,Alpro-Blueberry-Soyghurt,train,GroceryStoreDataset_Klasson2019
75b1d5ec645d32e2,Alpro-Blueberry-Soyghurt,train,GroceryStoreDataset_Klasson2019
15449beb725716e7,Alpro-Blueberry-Soyghurt,train,GroceryStoreDataset_Klasson2019
cd13141a35e39fd9,Alpro-Blueberry-Soyghurt,train,GroceryStoreDataset_Klasson2019
82d7d81b01c511a9,Alpro-Blueberry-Soyghurt,train,GroceryStoreDataset_Klasson2019
08da5f33377caba8,Alpro-Blueberry-Soyghurt,train,GroceryStoreDataset_Klasson2019
117dcbb840176670,Alpro-Blueberry-Soyghurt,train,GroceryStoreDataset_Klasson2019
abe76c70fcb5222b,Alpro-Blueberry-Soyghurt,train,GroceryStoreDataset_Klasson2019
50021c6b82704784,Alpro-Blueberry-Soyghurt,train,GroceryStoreDataset_Klasson2019
8f9162aa1924f233,Alpro-Blueberry-Soyghurt,train,GroceryStoreDataset_Klasson2019
b42016631938bfc6,Alpro-Blueberry-Soyghurt,train,GroceryStoreDataset_Klasson2019
6c3a37952e8eaa49,Alpro-Blueberry-Soyghurt,train,GroceryStoreDataset_Klasson2019
99e3f353e702c95e,Alpro-Blueberry-Soyghurt,train,GroceryStoreDataset_Klasson2019
d79fc16ebc2a269e,Alpro-Blueberry-Soyghurt,train,GroceryStoreDataset_Klasson2019
b9e3fba51d255a06,Alpro-Blueberry-Soyghurt,train,GroceryStoreDataset_Klasson2019
57b541dc21518ff3,Alpro-Blueberry-Soyghurt,train,GroceryStoreDataset_Klasson2019
d9c6096b5b8c53da,Alpro-Blueberry-Soyghurt,train,GroceryStoreDataset_Klasson2019
b026cc633b004c71,Alpro-Blueberry-Soyghurt,train,GroceryStoreDataset_Klasson2019
54701c3fbe18b611,Alpro-Blueberry-Soyghurt,train,GroceryStoreDataset_Klasson2019
37efa502ef9d54c1,Alpro-Blueberry-Soyghurt,train,GroceryStoreDataset_Klasson2019
a41ca240374a491a,Alpro-Blueberry-Soyghurt,train,GroceryStoreDataset_Klasson2019
47eee47d5baf50cf,Alpro-Blueberry-Soyghurt,train,GroceryStoreDataset_Klasson2019
6e1e319d90d95b59,Alpro-Blueberry-Soyghurt,train,GroceryStoreDataset_Klasson2019
fd5c8e2e12d24991,Alpro-Blueberry-Soyghurt,train,GroceryStoreDataset_Klasson2019
4046e3c3571e7382,Alpro-Blueberry-Soyghurt,train,GroceryStoreDataset_Klasson2019
d97ebced3aafed1c,Alpro-Blueberry-Soyghurt,train,GroceryStoreDataset_Klasson2019
18e560262ac7dea2,Alpro-Vanilla-Soyghurt,train,GroceryStoreDataset_Klasson2019
bf6cbe2e77ad73f2,Alpro-Vanilla-Soyghurt,train,GroceryStoreDataset_Klasson2019
55b1fc50986c3078,Alpro-Vanilla-Soyghurt,train,GroceryStoreDataset_Klasson2019
1700b4538df4b111,Alpro-Vanilla-Soyghurt,train,GroceryStoreDataset_Klasson2019
559fdc6e8ef382a8,Alpro-Vanilla-Soyghurt,train,GroceryStoreDataset_Klasson2019
0543bda30526d953,Alpro-Vanilla-Soyghurt,train,GroceryStoreDataset_Klasson2019
a06dc13dfbf52aea,Alpro-Vanilla-Soyghurt,train,GroceryStoreDataset_Klasson2019
2cd6b4be0aee7451,Alpro-Vanilla-Soyghurt,train,GroceryStoreDataset_Klasson2019
2a828bb408cb51ac,Alpro-Vanilla-Soyghurt,train,GroceryStoreDataset_Klasson2019
e6a64cef98ad504a,Alpro-Vanilla-Soyghurt,train,GroceryStoreDataset_Klasson2019
c84120e89fc5e757,Alpro-Vanilla-Soyghurt,train,GroceryStoreDataset_Klasson2019
bfdbaf719f13edca,Alpro-Vanilla-Soyghurt,train,GroceryStoreDataset_Klasson2019
effbe015dee654e0,Alpro-Vanilla-Soyghurt,train,GroceryStoreDataset_Klasson2019
9dada97da242ab75,Alpro-Vanilla-Soyghurt,train,GroceryStoreDataset_Klasson2019
6e3b0faf2e8514af,Alpro-Vanilla-Soyghurt,train,GroceryStoreDataset_Klasson2019
dc2720d5ad2cf459,Alpro-Vanilla-Soyghurt,train,GroceryStoreDataset_Klasson2019
47984c9fb208eacd,Alpro-Vanilla-Soyghurt,train,GroceryStoreDataset_Klasson2019
f752f8cb11c1c711,Alpro-Vanilla-Soyghurt,train,GroceryStoreDataset_Klasson2019
ad81dd785bae146e,Alpro-Vanilla-Soyghurt,train,GroceryStoreDataset_Klasson2019
44f7d9f92e95ce8c,Arla-Ecological-Sour-Cream,val,GroceryStoreDataset_Klasson2019
ebd8bc6b4bab5d31,Arla-Ecological-Sour-Cream,val,GroceryStoreDataset_Klasson2019
9fe85384e1b3bdea,Arla-Ecological-Sour-Cream,val,GroceryStoreDataset_Klasson2019
e8a19ee9e68df81e,Arla-Ecological-Sour-Cream,val,GroceryStoreDataset_Klasson2019
d645e0c35aa188db,Arla-Ecological-Sour-Cream,val,GroceryStoreDataset_Klasson2019
b45b7ae472bb18ea,Arla-Ecological-Sour-Cream,val,GroceryStoreDataset_Klasson2019
3feacde6cf22be6a,Arla-Ecological-Sour-Cream,val,GroceryStoreDataset_Klasson2019
b78d0d199113f2d5,Arla-Ecological-Sour-Cream,val,GroceryStoreDataset_Klasson2019
a9e20349657af1d6,Arla-Ecological-Sour-Cream,val,GroceryStoreDataset_Klasson2019
0274e86aaf99949c,Arla-Ecological-Sour-Cream,val,GroceryStoreDataset_Klasson2019
daff169b1431c672,Arla-Ecological-Sour-Cream,val,GroceryStoreDataset_Klasson2019
eaa109af4ffa28d3,Arla-Ecological-Sour-Cream,val,GroceryStoreDataset_Klasson2019
860bb3932234a691,Arla-Ecological-Sour-Cream,val,GroceryStoreDataset_Klasson2019
29f9070e8a511554,Arla-Ecological-Sour-Cream,val,GroceryStoreDataset_Klasson2019
9044dffb7220b79c,Arla-Ecological-Sour-Cream,val,GroceryStoreDataset_Klasson2019
b21560820ab80dff,Arla-Ecological-Sour-Cream,val,GroceryStoreDataset_Klasson2019
82b34a82c82c4754,Arla-Ecological-Sour-Cream,val,GroceryStoreDataset_Klasson2019
c802bbdc6e5ee9d2,Arla-Ecological-Sour-Cream,val,GroceryStoreDataset_Klasson2019
3f7fe05626111b9f,Arla-Ecological-Sour-Cream,val,GroceryStoreDataset_Klasson2019
83b203d6096761d9,Arla-Ecological-Sour-Cream,val,GroceryStoreDataset_Klasson2019
f11461b32b7d900e,Arla-Ecological-Sour-Cream,val,GroceryStoreDataset_Klasson2019
b5c8269253769b95,Arla-Ecological-Sour-Cream,val,GroceryStoreDataset_Klasson2019
34fb3c4abcea46c3,Arla-Ecological-Sour-Cream,val,GroceryStoreDataset_Klasson2019
fbe107dabf3e914a,Arla-Sour-Cream,val,GroceryStoreDataset_Klasson2019
ea14e5b5eeab2498,Arla-Sour-Cream,val,GroceryStoreDataset_Klasson2019
4a05d15fbca64fe9,Arla-Sour-Cream,val,GroceryStoreDataset_Klasson2019
915078606f2e764b,Arla-Sour-Cream,val,GroceryStoreDataset_Klasson2019
2efd5a5977fcf39c,Arla-Sour-Cream,val,GroceryStoreDataset_Klasson2019
3a1575d41f2266a7,Arla-Sour-Cream,val,GroceryStoreDataset_Klasson2019
cc5aff694dc136c9,Arla-Sour-Cream,val,GroceryStoreDataset_Klasson2019
cd00d1e7b836a416,Arla-Sour-Cream,val,GroceryStoreDataset_Klasson2019
04182cd317773adf,Arla-Sour-Cream,val,GroceryStoreDataset_Klasson2019
4ea9561dba652fa9,Arla-Sour-Cream,val,GroceryStoreDataset_Klasson2019
60e7fb46a470be84,Arla-Sour-Cream,val,GroceryStoreDataset_Klasson2019
f638c463c3b35154,Arla-Sour-Cream,val,GroceryStoreDataset_Klasson2019
e5df4e0dbedfb876,Arla-Sour-Cream,val,GroceryStoreDataset_Klasson2019
d19811f67da559f3,Arla-Sour-Cream,val,GroceryStoreDataset_Klasson2019
5f0a8052b7d3ca96,Arla-Sour-Cream,val,GroceryStoreDataset_Klasson2019
66e940ccaa0ea6aa,Arla-Sour-Cream,val,GroceryStoreDataset_Klasson2019
a95154bd018d39b6,Arla-Sour-Cream,val,GroceryStoreDataset_Klasson2019
e60bb860fda9abd7,Arla-Sour-Cream,val,GroceryStoreDataset_Klasson2019
c08d0f913173bc3f,Garant-Ecological-Standard-Milk,test,GroceryStoreDataset_Klasson2019
c72a339dd817d81d,Garant-Ecological-Standard-Milk,test,GroceryStoreDataset_Klasson2019
16baa0df421d9757,Garant-Ecological-Standard-Milk,test,GroceryStoreDataset_Klasson2019
c1d9bd9f9f6a5dfa,Garant-Ecological-Standard-Milk,test,GroceryStoreDataset_Klasson2019
d0563dca9e5aa2dc,Garant-Ecological-Standard-Milk,test,GroceryStoreDataset_Klasson2019
7e19d2379f0ab218,Garant-Ecological-Standard-Milk,test,GroceryStoreDataset_Klasson2019
34e2dcfeabad14f9,Garant-Ecological-Standard-Milk,test,GroceryStoreDataset_Klasson2019
2d3661f41cdeb735,Garant-Ecological-Standard-Milk,test,GroceryStoreDataset_Klasson2019
f5b59078a9d3ee55,Garant-Ecological-Standard-Milk,test,GroceryStoreDataset_Klasson2019
5b5a7ed5b3d1c91e,Garant-Ecological-Standard-Milk,test,GroceryStoreDataset_Klasson2019
aa268abc8b3ad3dc,Garant-Ecological-Standard-Milk,test,GroceryStoreDataset_Klasson2019
12b739fd69790245,Arla-Lactose-Medium-Fat-Milk,train,GroceryStoreDataset_Klasson2019
e65c2c1588d9d143,Arla-Lactose-Medium-Fat-Milk,train,GroceryStoreDataset_Klasson2019
e66832c6aa88553a,Arla-Lactose-Medium-Fat-Milk,train,GroceryStoreDataset_Klasson2019
1a44c3c867f30acd,Arla-Lactose-Medium-Fat-Milk,train,GroceryStoreDataset_Klasson2019
06e86f4b2e716cec,Arla-Lactose-Medium-Fat-Milk,train,GroceryStoreDataset_Klasson2019
e504aaaad6cea83c,Arla-Lactose-Medium-Fat-Milk,train,GroceryStoreDataset_Klasson2019
2e9e727904f63969,Arla-Lactose-Medium-Fat-Milk,train,GroceryStoreDataset_Klasson2019
89d98c7403d1171b,Arla-Lactose-Medium-Fat-Milk,train,GroceryStoreDataset_Klasson2019
05ead6eb7b4fdb48,Arla-Lactose-Medium-Fat-Milk,train,GroceryStoreDataset_Klasson2019
c7a23c6414fc5f77,Arla-Lactose-Medium-Fat-Milk,train,GroceryStoreDataset_Klasson2019
9a248525887ce25d,Arla-Lactose-Medium-Fat-Milk,train,GroceryStoreDataset_Klasson2019
e67672ae3694feb7,Arla-Lactose-Medium-Fat-Milk,train,GroceryStoreDataset_Klasson2019
758132e1d56b915c,Arla-Lactose-Medium-Fat-Milk,train,GroceryStoreDataset_Klasson2019
5abc8f1d75e7c308,Arla-Lactose-Medium-Fat-Milk,train,GroceryStoreDataset_Klasson2019
3da05e4f34ef6bbf,Arla-Lactose-Medium-Fat-Milk,train,GroceryStoreDataset_Klasson2019
e87038869c374fc5,Arla-Lactose-Medium-Fat-Milk,train,GroceryStoreDataset_Klasson2019
c4ac72d62b191c7f,Arla-Lactose-Medium-Fat-Milk,train,GroceryStoreDataset_Klasson2019
f71adddb98ff9407,Arla-Lactose-Medium-Fat-Milk,train,GroceryStoreDataset_Klasson2019
663903a89ddc217b,Arla-Lactose-Medium-Fat-Milk,train,GroceryStoreDataset_Klasson2019
65d30ec551b892ba,Arla-Lactose-Medium-Fat-Milk,train,GroceryStoreDataset_Klasson2019
6d7039326172e754,Arla-Lactose-Medium-Fat-Milk,train,GroceryStoreDataset_Klasson2019
cd6e1da905df38d1,Arla-Lactose-Medium-Fat-Milk,train,GroceryStoreDataset_Klasson2019
fa057feb4610cfb2,Arla-Lactose-Medium-Fat-Milk,train,GroceryStoreDataset_Klasson2019
98d78882e6e73450,Arla-Lactose-Medium-Fat-Milk,train,GroceryStoreDataset_Klasson2019
36d906009c298dd4,Arla-Lactose-Medium-Fat-Milk,train,GroceryStoreDataset_Klasson2019
c372b36fcdb7fe86,Garant-Ecological-Medium-Fat-Milk,train,GroceryStoreDataset_Klasson2019
9f1fb49ef8689bee,Garant-Ecological-Medium-Fat-Milk,train,GroceryStoreDataset_Klasson2019
1df59069ab509df1,Garant-Ecological-Medium-Fat-Milk,train,GroceryStoreDataset_Klasson2019
1a2cc6937e49fdca,Garant-Ecological-Medium-Fat-Milk,train,GroceryStoreDataset_Klasson2019
1a91836c3d7f7fdc,Garant-Ecological-Medium-Fat-Milk,train,GroceryStoreDataset_Klasson2019
c55096cd823431c3,Garant-Ecological-Medium-Fat-Milk,train,GroceryStoreDataset_Klasson2019
4f05735cad63478b,Garant-Ecological-Medium-Fat-Milk,train,GroceryStoreDataset_Klasson2019
0d0c1208a34ba876,Garant-Ecological-Medium-Fat-Milk,train,GroceryStoreDataset_Klasson2019
977a22f7964afc52,Garant-Ecological-Medium-Fat-Milk,train,GroceryStoreDataset_Klasson2019
5d2722814f943943,Garant-Ecological-Medium-Fat-Milk,train,GroceryStoreDataset_Klasson2019
d68595ea750b3c35,Garant-Ecological-Medium-Fat-Milk,train,GroceryStoreDataset_Klasson2019
69a72cafa296e0f8,Garant-Ecological-Medium-Fat-Milk,train,GroceryStoreDataset_Klasson2019
1abe0f40e85b09fe,Garant-Ecological-Medium-Fat-Milk,train,GroceryStoreDataset_Klasson2019
214fc5fcd32d9f40,Garant-Ecological-Medium-Fat-Milk,train,GroceryStoreDataset_Klasson2019
cdd4f466df5abd19,Garant-Ecological-Medium-Fat-Milk,train,GroceryStoreDataset_Klasson2019
f13ff6d71e1070bc,Garant-Ecological-Medium-Fat-Milk,train,GroceryStoreDataset_Klasson2019
b6c3cd6cbf984577,Garant-Ecological-Medium-Fat-Milk,train,GroceryStoreDataset_Klasson2019
d7aedd647da5b4f0,Garant-Ecological-Medium-Fat-Milk,train,GroceryStoreDataset_Klasson2019
4b7df545cc6aeee2,Garant-Ecological-Medium-Fat-Milk,train,GroceryStoreDataset_Klasson2019
28ad4f74dbeb1237,Garant-Ecological-Medium-Fat-Milk,train,GroceryStoreDataset_Klasson2019
bddfb46e401c0b8f,Garant-Ecological-Medium-Fat-Milk,train,GroceryStoreDataset_Klasson2019
40c8961a8cd882cf,Garant-Ecological-Medium-Fat-Milk,train,GroceryStoreDataset_Klasson2019
a04a1ae773965511,Garant-Ecological-Medium-Fat-Milk,train,GroceryStoreDataset_Klasson2019
49a347bce39e7084,Garant-Ecological-Medium-Fat-Milk,train,GroceryStoreDataset_Klasson2019
4d2065da60e658fa,Garant-Ecological-Medium-Fat-Milk,train,GroceryStoreDataset_Klasson2019
5cc0381ba38685c1,Garant-Ecological-Medium-Fat-Milk,train,GroceryStoreDataset_Klasson2019
78d79e462052fe76,Garant-Ecological-Medium-Fat-Milk,train,GroceryStoreDataset_Klasson2019
ef6ea01047b8a0bf,Garant-Ecological-Medium-Fat-Milk,train,GroceryStoreDataset_Klasson2019
e6bfe22a4e06d0d5,Garant-Ecological-Medium-Fat-Milk,train,GroceryStoreDataset_Klasson2019
e28c433aa558acef,Garant-Ecological-Medium-Fat-Milk,train,GroceryStoreDataset_Klasson2019
44a9aeb8f3630a42,Garant-Ecological-Medium-Fat-Milk,train,GroceryStoreDataset_Klasson2019
5efd89e4e7becca3,Garant-Ecological-Medium-Fat-Milk,train,GroceryStoreDataset_Klasson2019
4a9e3c47c4d38756,Garant-Ecological-Medium-Fat-Milk,train,GroceryStoreDataset_Klasson2019
a8b5c81770fbb11f,Garant-Ecological-Medium-Fat-Milk,train,GroceryStoreDataset_Klasson2019
013ea8e0dca316a9,Garant-Ecological-Medium-Fat-Milk,train,GroceryStoreDataset_Klasson2019
6103c13866e7f475,Arla-Standard-Milk,train,GroceryStoreDataset_Klasson2019
cdf7e1b73d81104e,Arla-Standard-Milk,train,GroceryStoreDataset_Klasson2019
0629bfce46759218,Arla-Standard-Milk,train,GroceryStoreDataset_Klasson2019
3581d9bc65eeb0dc,Arla-Standard-Milk,train,GroceryStoreDataset_Klasson2019
1eeaebcd14e9a4d0,Arla-Standard-Milk,train,GroceryStoreDataset_Klasson2019
c23da79673578d0d,Arla-Standard-Milk,train,GroceryStoreDataset_Klasson2019
86cdec4636c57c17,Arla-Standard-Milk,train,GroceryStoreDataset_Klasson2019
7cb9039b0ed54a52,Arla-Standard-Milk,train,GroceryStoreDataset_Klasson2019
4513899e29b38ee6,Arla-Standard-Milk,train,GroceryStoreDataset_Klasson2019
b3e08eb2c3cc5c09,Arla-Standard-Milk,train,GroceryStoreDataset_Klasson2019
e32ca9b274141031,Arla-Standard-Milk,train,GroceryStoreDataset_Klasson2019
a0b741478358114c,Arla-Standard-Milk,train,GroceryStoreDataset_Klasson2019
f6f29a19ba6073e6,Arla-Standard-Milk,train,GroceryStoreDataset_Klasson2019
1ea93b9806da0c9e,Arla-Standard-Milk,train,GroceryStoreDataset_Klasson2019
d23b1ff7c22071d5,Arla-Standard-Milk,train,GroceryStoreDataset_Klasson2019
7a52f68066ea1c07,Arla-Standard-Milk,train,GroceryStoreDataset_Klasson2019
4b50100d69d359d8,Arla-Standard-Milk,train,GroceryStoreDataset_Klasson2019
c59d6aa84e978b3e,Arla-Standard-Milk,train,GroceryStoreDataset_Klasson2019
2919cf8404540257,Arla-Standard-Milk,train,GroceryStoreDataset_Klasson2019
554fc7caa89a452d,Arla-Standard-Milk,train,GroceryStoreDataset_Klasson2019
84c751b0628bf97c,Arla-Standard-Milk,train,GroceryStoreDataset_Klasson2019
18157a84c23a6da7,Arla-Standard-Milk,train,GroceryStoreDataset_Klasson2019
64e2799e0d202fec,Arla-Standard-Milk,train,GroceryStoreDataset_Klasson2019
a88920a978fb97e7,Arla-Standard-Milk,train,GroceryStoreDataset_Klasson2019
89b20d7e3fb53d69,Arla-Standard-Milk,train,GroceryStoreDataset_Klasson2019
85454b077e4a236a,Arla-Standard-Milk,train,GroceryStoreDataset_Klasson2019
90ba69ef8436e1c0,Arla-Standard-Milk,train,GroceryStoreDataset_Klasson2019
b1a0e9ecd542c437,Arla-Standard-Milk,train,GroceryStoreDataset_Klasson2019
f3108cf5081beb66,Arla-Standard-Milk,train,GroceryStoreDataset_Klasson2019
b4f14f0a23be02f5,Arla-Standard-Milk,train,GroceryStoreDataset_Klasson2019
5586d21ba6c0355a,Arla-Ecological-Medium-Fat-Milk,train,GroceryStoreDataset_Klasson2019
d8b3035886d9ffc3,Arla-Ecological-Medium-Fat-Milk,train,GroceryStoreDataset_Klasson2019
349b19730c00b7cf,Arla-Ecological-Medium-Fat-Milk,train,GroceryStoreDataset_Klasson2019
08551df4b43c1ee4,Arla-Ecological-Medium-Fat-Milk,train,GroceryStoreDataset_Klasson2019
ac1fe01658b1d6de,Arla-Ecological-Medium-Fat-Milk,train,GroceryStoreDataset_Klasson2019
489eeb18fd0ba0f8,Arla-Ecological-Medium-Fat-Milk,train,GroceryStoreDataset_Klasson2019
f40c4ca7c737b2ed,Arla-Ecological-Medium-Fat-Milk,train,GroceryStoreDataset_Klasson2019
c564aeec6dd1441e,Arla-Ecological-Medium-Fat-Milk,train,GroceryStoreDataset_Klasson2019
ccadf14fbc13dbb9,Arla-Ecological-Medium-Fat-Milk,train,GroceryStoreDataset_Klasson2019
5396e993e6becc6a,Arla-Ecological-Medium-Fat-Milk,train,GroceryStoreDataset_Klasson2019
c77df4d17b72cb76,Arla-Ecological-Medium-Fat-Milk,train,GroceryStoreDataset_Klasson2019
ffc980e920f46b16,Arla-Ecological-Medium-Fat-Milk,train,GroceryStoreDataset_Klasson2019
ef45de2ea4842425,Arla-Ecological-Medium-Fat-Milk,train,GroceryStoreDataset_Klasson2019
210be9c94be6a12c,Arla-Ecological-Medium-Fat-Milk,train,GroceryStoreDataset_Klasson2019
04daeada214bfe98,Arla-Ecological-Medium-Fat-Milk,train,GroceryStoreDataset_Klasson2019
1bd04e5cf9222dc8,Arla-Ecological-Medium-Fat-Milk,train,GroceryStoreDataset_Klasson2019
efa48b0e7afa59a5,Arla-Ecological-Medium-Fat-Milk,train,GroceryStoreDataset_Klasson2019
98a29d67c578c5b4,Arla-Ecological-Medium-Fat-Milk,train,GroceryStoreDataset_Klasson2019
b8845aa3a5cf8765,Arla-Ecological-Medium-Fat-Milk,train,GroceryStoreDataset_Klasson2019
70979e70f3943f67,Arla-Ecological-Medium-Fat-Milk,train,GroceryStoreDataset_Klasson2019
25e6a6ef1aaee0a4,Arla-Ecological-Medium-Fat-Milk,train,GroceryStoreDataset_Klasson2019
7038c2ae2689ed90,Arla-Ecological-Medium-Fat-Milk,train,GroceryStoreDataset_Klasson2019
c546fc6a3fecf799,Arla-Ecological-Medium-Fat-Milk,train,GroceryStoreDataset_Klasson2019
5d0ef2b10e0192ee,Arla-Ecological-Medium-Fat-Milk,train,GroceryStoreDataset_Klasson2019
695ea4144d121386,Arla-Ecological-Medium-Fat-Milk,train,GroceryStoreDataset_Klasson2019
5e5ed026bda535ef,Arla-Ecological-Medium-Fat-Milk,train,GroceryStoreDataset_Klasson2019
85b3816687fd6490,Arla-Ecological-Medium-Fat-Milk,train,GroceryStoreDataset_Klasson2019
2768d2ecde10f9c2,Arla-Ecological-Medium-Fat-Milk,train,GroceryStoreDataset_Klasson2019
eb5ae9208b4b9ed4,Arla-Ecological-Medium-Fat-Milk,train,GroceryStoreDataset_Klasson2019
8abf467678d80409,Arla-Medium-Fat-Milk,train,GroceryStoreDataset_Klasson2019
02a828bef6e47454,Arla-Medium-Fat-Milk,train,GroceryStoreDataset_Klasson2019
a49ffa310646deb4,Arla-Medium-Fat-Milk,train,GroceryStoreDataset_Klasson2019
b0daa79f021df367,Arla-Medium-Fat-Milk,train,GroceryStoreDataset_Klasson2019
7dde6a1466fe2bac,Arla-Medium-Fat-Milk,train,GroceryStoreDataset_Klasson2019
61f39b47430a5e96,Arla-Medium-Fat-Milk,train,GroceryStoreDataset_Klasson2019
6b3f5081f5185d60,Arla-Medium-Fat-Milk,train,GroceryStoreDataset_Klasson2019
bc1c36bab96c2594,Arla-Medium-Fat-Milk,train,GroceryStoreDataset_Klasson2019
8e34266ce06c10d7,Arla-Medium-Fat-Milk,train,GroceryStoreDataset_Klasson2019
5a5d308954834d49,Arla-Medium-Fat-Milk,train,GroceryStoreDataset_Klasson2019
6e55f45af341bb69,Arla-Medium-Fat-Milk,train,GroceryStoreDataset_Klasson2019
320bc471c87bf7b7,Arla-Medium-Fat-Milk,train,GroceryStoreDataset_Klasson2019
2897cdd988e53d34,Arla-Medium-Fat-Milk,train,GroceryStoreDataset_Klasson2019
8f43416574efbe87,Arla-Medium-Fat-Milk,train,GroceryStoreDataset_Klasson2019
a91e7627d233b170,Arla-Medium-Fat-Milk,train,GroceryStoreDataset_Klasson2019
afe78efd703981c3,Arla-Medium-Fat-Milk,train,GroceryStoreDataset_Klasson2019
4d5875c3f6372604,Arla-Medium-Fat-Milk,train,GroceryStoreDataset_Klasson2019
85ac01655422bd0c,Arla-Medium-Fat-Milk,train,GroceryStoreDataset_Klasson2019
88b59c34f42e7b25,Arla-Medium-Fat-Milk,train,GroceryStoreDataset_Klasson2019
a31afdef64995eac,Arla-Medium-Fat-Milk,train,GroceryStoreDataset_Klasson2019
109d477c5ce054d9,Arla-Medium-Fat-Milk,train,GroceryStoreDataset_Klasson2019
da69ca3edb372930,Arla-Medium-Fat-Milk,train,GroceryStoreDataset_Klasson2019
78093527ebef1d82,Arla-Medium-Fat-Milk,train,GroceryStoreDataset_Klasson2019
261ce7fce9a2dc6b,Arla-Medium-Fat-Milk,train,GroceryStoreDataset_Klasson2019
813a0ac4c25658ab,Arla-Medium-Fat-Milk,train,GroceryStoreDataset_Klasson2019
be1863ecfafb976a,Arla-Medium-Fat-Milk,train,GroceryStoreDataset_Klasson2019
a882b0724e43fd45,Arla-Medium-Fat-Milk,train,GroceryStoreDataset_Klasson2019
01b13c1face7f9a5,Arla-Medium-Fat-Milk,train,GroceryStoreDataset_Klasson2019
c6619ed1135d08ac,Arla-Medium-Fat-Milk,train,GroceryStoreDataset_Klasson2019
8604f26a49272100,Arla-Medium-Fat-Milk,train,GroceryStoreDataset_Klasson2019
362b5c9a785ef9dc,Arla-Medium-Fat-Milk,train,GroceryStoreDataset_Klasson2019
8dbfba94a1f310f8,Arla-Medium-Fat-Milk,train,GroceryStoreDataset_Klasson2019
50f4a02248a44a96,Arla-Medium-Fat-Milk,train,GroceryStoreDataset_Klasson2019
4a039892c4ad753b,Arla-Medium-Fat-Milk,train,GroceryStoreDataset_Klasson2019
981ad144e04f03a3,Valio-Vanilla-Yoghurt,train,GroceryStoreDataset_Klasson2019
8b85c71bbfbe542e,Valio-Vanilla-Yoghurt,train,GroceryStoreDataset_Klasson2019
7cc07546b5170fca,Valio-Vanilla-Yoghurt,train,GroceryStoreDataset_Klasson2019
464b09bc500e5557,Valio-Vanilla-Yoghurt,train,GroceryStoreDataset_Klasson2019
386a09082ee7f763,Valio-Vanilla-Yoghurt,train,GroceryStoreDataset_Klasson2019
f17ff369387f1254,Valio-Vanilla-Yoghurt,train,GroceryStoreDataset_Klasson2019
25c880e870668cf7,Valio-Vanilla-Yoghurt,train,GroceryStoreDataset_Klasson2019
e626c636bc857cf1,Valio-Vanilla-Yoghurt,train,GroceryStoreDataset_Klasson2019
db5eb501cc4f6ea3,Valio-Vanilla-Yoghurt,train,GroceryStoreDataset_Klasson2019
a5a556ad8b5fd964,Valio-Vanilla-Yoghurt,train,GroceryStoreDataset_Klasson2019
88c18fd55f84ce3d,Valio-Vanilla-Yoghurt,train,GroceryStoreDataset_Klasson2019
83ee66a91fe0f436,Valio-Vanilla-Yoghurt,train,GroceryStoreDataset_Klasson2019
c57e0b46f58143a9,Valio-Vanilla-Yoghurt,train,GroceryStoreDataset_Klasson2019
18a11b09eb946f24,Valio-Vanilla-Yoghurt,train,GroceryStoreDataset_Klasson2019
7b0db984a80b151d,Valio-Vanilla-Yoghurt,train,GroceryStoreDataset_Klasson2019
5be2fb29e11f71bf,Valio-Vanilla-Yoghurt,train,GroceryStoreDataset_Klasson2019
2e5a789bfb881338,Valio-Vanilla-Yoghurt,train,GroceryStoreDataset_Klasson2019
704501828955fefa,Valio-Vanilla-Yoghurt,train,GroceryStoreDataset_Klasson2019
c922c2b504758785,Valio-Vanilla-Yoghurt,train,GroceryStoreDataset_Klasson2019
3990f42f6d5ae460,Valio-Vanilla-Yoghurt,train,GroceryStoreDataset_Klasson2019
4c8c279073889149,Valio-Vanilla-Yoghurt,train,GroceryStoreDataset_Klasson2019
41ce4d7ddb2acf19,Valio-Vanilla-Yoghurt,train,GroceryStoreDataset_Klasson2019
6d8f83e93e7f8253,Valio-Vanilla-Yoghurt,train,GroceryStoreDataset_Klasson2019
4b623ad34e1d7326,Valio-Vanilla-Yoghurt,train,GroceryStoreDataset_Klasson2019
5d0a744e92eb6ec3,Valio-Vanilla-Yoghurt,train,GroceryStoreDataset_Klasson2019
01f006897a7339c9,Valio-Vanilla-Yoghurt,train,GroceryStoreDataset_Klasson2019
6420d5acc41801a6,Valio-Vanilla-Yoghurt,train,GroceryStoreDataset_Klasson2019
f8bf0392bde491c8,Valio-Vanilla-Yoghurt,train,GroceryStoreDataset_Klasson2019
459964fc9b190739,Valio-Vanilla-Yoghurt,train,GroceryStoreDataset_Klasson2019
c05ee674063c944a,Valio-Vanilla-Yoghurt,train,GroceryStoreDataset_Klasson2019
1f56800d45aab63d,Valio-Vanilla-Yoghurt,train,GroceryStoreDataset_Klasson2019
18fcf195736cddc4,Yoggi-Strawberry-Yoghurt,test,GroceryStoreDataset_Klasson2019
a17d14cf29d2ea24,Yoggi-Strawberry-Yoghurt,test,GroceryStoreDataset_Klasson2019
6c0a88349726cf3e,Yoggi-Strawberry-Yoghurt,test,GroceryStoreDataset_Klasson2019
5adc3dab5f0acf65,Yoggi-Strawberry-Yoghurt,test,GroceryStoreDataset_Klasson2019
68246816ba6b4c55,Yoggi-Strawberry-Yoghurt,test,GroceryStoreDataset_Klasson2019
83844822c9158e64,Yoggi-Strawberry-Yoghurt,test,GroceryStoreDataset_Klasson2019
6edd8f32abfc2ae0,Yoggi-Strawberry-Yoghurt,test,GroceryStoreDataset_Klasson2019
dfc7cdf60968aeee,Yoggi-Strawberry-Yoghurt,test,GroceryStoreDataset_Klasson2019
b46dac2c2b0d93bc,Yoggi-Strawberry-Yoghurt,test,GroceryStoreDataset_Klasson2019
5679fcbd8f98cf19,Yoggi-Strawberry-Yoghurt,test,GroceryStoreDataset_Klasson2019
dae4d0d1a87aa4a5,Yoggi-Strawberry-Yoghurt,test,GroceryStoreDataset_Klasson2019
85260504eedf10c1,Yoggi-Strawberry-Yoghurt,test,GroceryStoreDataset_Klasson2019
e268d3145ebb3acf,Yoggi-Strawberry-Yoghurt,test,GroceryStoreDataset_Klasson2019
bfba03e044dcb056,Yoggi-Strawberry-Yoghurt,test,GroceryStoreDataset_Klasson2019
93a7a852e87120d4,Yoggi-Strawberry-Yoghurt,test,GroceryStoreDataset_Klasson2019
d52ca9652af00536,Yoggi-Strawberry-Yoghurt,test,GroceryStoreDataset_Klasson2019
d64dfd29e68e69f0,Yoggi-Strawberry-Yoghurt,test,GroceryStoreDataset_Klasson2019
66aaab3557264194,Yoggi-Strawberry-Yoghurt,test,GroceryStoreDataset_Klasson2019
b5c736dce9c38a94,Yoggi-Strawberry-Yoghurt,test,GroceryStoreDataset_Klasson2019
e1809b6b9ac8ca8b,Yoggi-Strawberry-Yoghurt,test,GroceryStoreDataset_Klasson2019
e463cbe813cf4db4,Yoggi-Strawberry-Yoghurt,test,GroceryStoreDataset_Klasson2019
419d20bae12f7f4a,Yoggi-Strawberry-Yoghurt,test,GroceryStoreDataset_Klasson2019
ccba707ee75744d7,Yoggi-Strawberry-Yoghurt,test,GroceryStoreDataset_Klasson2019
71efb8895293d2de,Yoggi-Strawberry-Yoghurt,test,GroceryStoreDataset_Klasson2019
38d9dd2d39bef9d7,Yoggi-Strawberry-Yoghurt,test,GroceryStoreDataset_Klasson2019
74a7bb3c68df6da5,Yoggi-Strawberry-Yoghurt,test,GroceryStoreDataset_Klasson2019
ca9e21aefe1c9eeb,Yoggi-Strawberry-Yoghurt,test,GroceryStoreDataset_Klasson2019
8962faef9be075a6,Yoggi-Strawberry-Yoghurt,test,GroceryStoreDataset_Klasson2019
2493147a17a8ed7d,Yoggi-Strawberry-Yoghurt,test,GroceryStoreDataset_Klasson2019
65666e6741a776ae,Yoggi-Strawberry-Yoghurt,test,GroceryStoreDataset_Klasson2019
961e54fe5a1e1bae,Yoggi-Strawberry-Yoghurt,test,GroceryStoreDataset_Klasson2019
e101607c79a91c33,Yoggi-Strawberry-Yoghurt,test,GroceryStoreDataset_Klasson2019
ba07f8547f979434,Arla-Natural-Mild-Low-Fat-Yoghurt,train,GroceryStoreDataset_Klasson2019
84be31783b561cb1,Arla-Natural-Mild-Low-Fat-Yoghurt,train,GroceryStoreDataset_Klasson2019
19ca096775a366f5,Arla-Natural-Mild-Low-Fat-Yoghurt,train,GroceryStoreDataset_Klasson2019
46f667c1135ae039,Arla-Natural-Mild-Low-Fat-Yoghurt,train,GroceryStoreDataset_Klasson2019
f90aa85d102570ff,Arla-Natural-Mild-Low-Fat-Yoghurt,train,GroceryStoreDataset_Klasson2019
0a33cd03f3e81822,Arla-Natural-Mild-Low-Fat-Yoghurt,train,GroceryStoreDataset_Klasson2019
c5a482a05f8c4171,Arla-Natural-Mild-Low-Fat-Yoghurt,train,GroceryStoreDataset_Klasson2019
79cdc9e0e3096a29,Arla-Natural-Mild-Low-Fat-Yoghurt,train,GroceryStoreDataset_Klasson2019
acd358c148d26f08,Arla-Natural-Mild-Low-Fat-Yoghurt,train,GroceryStoreDataset_Klasson2019
2108425aba42db60,Arla-Natural-Mild-Low-Fat-Yoghurt,train,GroceryStoreDataset_Klasson2019
76196957d2fd1a86,Arla-Natural-Mild-Low-Fat-Yoghurt,train,GroceryStoreDataset_Klasson2019
732a29572583329a,Arla-Natural-Mild-Low-Fat-Yoghurt,train,GroceryStoreDataset_Klasson2019
8c2a44a28b02fa54,Arla-Natural-Mild-Low-Fat-Yoghurt,train,GroceryStoreDataset_Klasson2019
6b563126e5f11cd3,Arla-Natural-Mild-Low-Fat-Yoghurt,train,GroceryStoreDataset_Klasson2019
9ad3b0992bf002a7,Arla-Natural-Mild-Low-Fat-Yoghurt,train,GroceryStoreDataset_Klasson2019
5f3220d64c5105f5,Arla-Natural-Mild-Low-Fat-Yoghurt,train,GroceryStoreDataset_Klasson2019
2a0043711cfda114,Arla-Natural-Mild-Low-Fat-Yoghurt,train,GroceryStoreDataset_Klasson2019
d02014ffe215bc7d,Arla-Natural-Mild-Low-Fat-Yoghurt,train,GroceryStoreDataset_Klasson2019
df16939e8e13770c,Arla-Natural-Mild-Low-Fat-Yoghurt,train,GroceryStoreDataset_Klasson2019
58b93b5f662779c2,Arla-Natural-Mild-Low-Fat-Yoghurt,train,GroceryStoreDataset_Klasson2019
bf7552439079469e,Arla-Natural-Mild-Low-Fat-Yoghurt,train,GroceryStoreDataset_Klasson2019
41e3577cfc453244,Arla-Natural-Mild-Low-Fat-Yoghurt,train,GroceryStoreDataset_Klasson2019
296c785dc3f54e96,Arla-Natural-Mild-Low-Fat-Yoghurt,train,GroceryStoreDataset_Klasson2019
8e307700ee5015fa,Yoggi-Vanilla-Yoghurt,train,GroceryStoreDataset_Klasson2019
ea9d6f49f26365ab,Yoggi-Vanilla-Yoghurt,train,GroceryStoreDataset_Klasson2019
c3882ef8d5cf7276,Yoggi-Vanilla-Yoghurt,train,GroceryStoreDataset_Klasson2019
41517523900d2bdb,Yoggi-Vanilla-Yoghurt,train,GroceryStoreDataset_Klasson2019
c822c2fb1649e052,Yoggi-Vanilla-Yoghurt,train,GroceryStoreDataset_Klasson2019
738ec8a081d9f8f5,Yoggi-Vanilla-Yoghurt,train,GroceryStoreDataset_Klasson2019
82493006c19d3bf9,Yoggi-Vanilla-Yoghurt,train,GroceryStoreDataset_Klasson2019
193fce7a2b840a39,Yoggi-Vanilla-Yoghurt,train,GroceryStoreDataset_Klasson2019
404afb206d231b5c,Yoggi-Vanilla-Yoghurt,train,GroceryStoreDataset_Klasson2019
3ccf86dad607d9b5,Yoggi-Vanilla-Yoghurt,train,GroceryStoreDataset_Klasson2019
6a5b7caee13997f2,Yoggi-Vanilla-Yoghurt,train,GroceryStoreDataset_Klasson2019
fc3aa1a4b6c7c700,Yoggi-Vanilla-Yoghurt,train,GroceryStoreDataset_Klasson2019
2168b6d2f9b87cd3,Yoggi-Vanilla-Yoghurt,train,GroceryStoreDataset_Klasson2019
3d78272990596e82,Yoggi-Vanilla-Yoghurt,train,GroceryStoreDataset_Klasson2019
1823fd885e1afa5e,Yoggi-Vanilla-Yoghurt,train,GroceryStoreDataset_Klasson2019
7462fbf6bde5c9a8,Yoggi-Vanilla-Yoghurt,train,GroceryStoreDataset_Klasson2019
07aa6db9b32203c0,Yoggi-Vanilla-Yoghurt,train,GroceryStoreDataset_Klasson2019
a518df64cf0405f5,Yoggi-Vanilla-Yoghurt,train,GroceryStoreDataset_Klasson2019
0e767e37b93db824,Arla-Mild-Vanilla-Yoghurt,train,GroceryStoreDataset_Klasson2019
84c199423dc609ed,Arla-Mild-Vanilla-Yoghurt,train,GroceryStoreDataset_Klasson2019
9f9f10e2f1ce838b,Arla-Mild-Vanilla-Yoghurt,train,GroceryStoreDataset_Klasson2019
ca0b76634dcaa286,Arla-Mild-Vanilla-Yoghurt,train,GroceryStoreDataset_Klasson2019
0a122726454f11ee,Arla-Mild-Vanilla-Yoghurt,train,GroceryStoreDataset_Klasson2019
f87f2b4ffae72fef,Arla-Mild-Vanilla-Yoghurt,train,GroceryStoreDataset_Klasson2019
63671332c0b2851d,Arla-Mild-Vanilla-Yoghurt,train,GroceryStoreDataset_Klasson2019
7fb8c1d1d86d8bf9,Arla-Mild-Vanilla-Yoghurt,train,GroceryStoreDataset_Klasson2019
b29935367945db87,Arla-Mild-Vanilla-Yoghurt,train,GroceryStoreDataset_Klasson2019
b2b9e9e83ed59359,Arla-Mild-Vanilla-Yoghurt,train,GroceryStoreDataset_Klasson2019
12578d092faf298a,Arla-Mild-Vanilla-Yoghurt,train,GroceryStoreDataset_Klasson2019
e9934b6051a92fb8,Arla-Mild-Vanilla-Yoghurt,train,GroceryStoreDataset_Klasson2019
a02c8da7b0a1c163,Arla-Mild-Vanilla-Yoghurt,train,GroceryStoreDataset_Klasson2019
4ac74c785ab2792d,Arla-Mild-Vanilla-Yoghurt,train,GroceryStoreDataset_Klasson2019
e7684be7cbc94b07,Arla-Mild-Vanilla-Yoghurt,train,GroceryStoreDataset_Klasson2019
c8ebfb4ebcb3823c,Arla-Mild-Vanilla-Yoghurt,train,GroceryStoreDataset_Klasson2019
6ad3ca85fa232800,Arla-Mild-Vanilla-Yoghurt,train,GroceryStoreDataset_Klasson2019
17ce2fe951035ea3,Arla-Mild-Vanilla-Yoghurt,train,GroceryStoreDataset_Klasson2019
adb58ec9e65dcc50,Arla-Mild-Vanilla-Yoghurt,train,GroceryStoreDataset_Klasson2019
04a2b581cad54c2b,Arla-Mild-Vanilla-Yoghurt,train,GroceryStoreDataset_Klasson2019
71bc890aa72243ee,Arla-Mild-Vanilla-Yoghurt,train,GroceryStoreDataset_Klasson2019
89b099d4a1b596c2,Arla-Mild-Vanilla-Yoghurt,train,GroceryStoreDataset_Klasson2019
5f2b98d2fd56fc14,Arla-Mild-Vanilla-Yoghurt,train,GroceryStoreDataset_Klasson2019
079939e012101ef5,Arla-Mild-Vanilla-Yoghurt,train,GroceryStoreDataset_Klasson2019
4b431210ce933b51,Arla-Mild-Vanilla-Yoghurt,train,GroceryStoreDataset_Klasson2019
b1e23646d05c5530,Arla-Mild-Vanilla-Yoghurt,train,GroceryStoreDataset_Klasson2019
4d9835a4ebea610f,Arla-Mild-Vanilla-Yoghurt,train,GroceryStoreDataset_Klasson2019
492fe628beb0ddf8,Arla-Natural-Yoghurt,train,GroceryStoreDataset_Klasson2019
999a7c489f9e42f0,Arla-Natural-Yoghurt,train,GroceryStoreDataset_Klasson2019
2007b61f30f07471,Arla-Natural-Yoghurt,train,GroceryStoreDataset_Klasson2019
1e65641fec6a8781,Arla-Natural-Yoghurt,train,GroceryStoreDataset_Klasson2019
3b8efd9d8ec85459,Arla-Natural-Yoghurt,train,GroceryStoreDataset_Klasson2019
69121859c75fd6f8,Arla-Natural-Yoghurt,train,GroceryStoreDataset_Klasson2019
2a36cdef083ff90a,Arla-Natural-Yoghurt,train,GroceryStoreDataset_Klasson2019
a4e211d39f84f438,Arla-Natural-Yoghurt,train,GroceryStoreDataset_Klasson2019
0f37074854884757,Arla-Natural-Yoghurt,train,GroceryStoreDataset_Klasson2019
e3a90bce9efe8a3c,Arla-Natural-Yoghurt,train,GroceryStoreDataset_Klasson2019
70f596eeebad8125,Arla-Natural-Yoghurt,train,GroceryStoreDataset_Klasson2019
888d8d711a3e768f,Arla-Natural-Yoghurt,train,GroceryStoreDataset_Klasson2019
a7c17e3a97dcfc01,Arla-Natural-Yoghurt,train,GroceryStoreDataset_Klasson2019
b4c45c7fbd1a0fd3,Arla-Natural-Yoghurt,train,GroceryStoreDataset_Klasson2019
b3a7fea466137cfc,Arla-Natural-Yoghurt,train,GroceryStoreDataset_Klasson2019
87e085c4fff617e4,Arla-Natural-Yoghurt,train,GroceryStoreDataset_Klasson2019
0aff83f70fde509e,Arla-Natural-Yoghurt,train,GroceryStoreDataset_Klasson2019
2fea7010c79127e5,Arla-Natural-Yoghurt,train,GroceryStoreDataset_Klasson2019
5af3e6bf9d7bafd7,Arla-Natural-Yoghurt,train,GroceryStoreDataset_Klasson2019
d8d3d6dad020c9e9,Arla-Natural-Yoghurt,train,GroceryStoreDataset_Klasson2019
4781764913eb09db,Arla-Natural-Yoghurt,train,GroceryStoreDataset_Klasson2019
370b32d2d1564567,Arla-Natural-Yoghurt,train,GroceryStoreDataset_Klasson2019
e8bc9cdd3f66d2d6,Arla-Natural-Yoghurt,train,GroceryStoreDataset_Klasson2019
0c8bea36ae71edeb,Arla-Natural-Yoghurt,train,GroceryStoreDataset_Klasson2019
509ce67c1a78c2e1,Arla-Natural-Yoghurt,train,GroceryStoreDataset_Klasson2019
aaa5fc39d8f77948,Arla-Natural-Yoghurt,train,GroceryStoreDataset_Klasson2019
cf40fab66a6a3a81,Arla-Natural-Yoghurt,train,GroceryStoreDataset_Klasson2019
548268e17df3453d,Arla-Natural-Yoghurt,train,GroceryStoreDataset_Klasson2019
20be1e2a55d5a31f,Arla-Natural-Yoghurt,train,GroceryStoreDataset_Klasson2019
4bbea3e016058ec6,Arla-Natural-Yoghurt,train,GroceryStoreDataset_Klasson2019
1086b7d2dc65fe08,Arla-Natural-Yoghurt,train,GroceryStoreDataset_Klasson2019
9aae408ad05ca28d,Arla-Natural-Yoghurt,train,GroceryStoreDataset_Klasson2019
bda7e7452ac70df8,Arla-Natural-Yoghurt,train,GroceryStoreDataset_Klasson2019
5bc3ec60eb2ae7bd,Arla-Natural-Yoghurt,train,GroceryStoreDataset_Klasson2019
9815758a99199c5a,Arla-Natural-Yoghurt,train,GroceryStoreDataset_Klasson2019
1cc5d4b03cb2d747,Arla-Natural-Yoghurt,train,GroceryStoreDataset_Klasson2019
8dcade8168848751,Arla-Natural-Yoghurt,train,GroceryStoreDataset_Klasson2019
9df83c201a78a7ef,Arla-Natural-Yoghurt,train,GroceryStoreDataset_Klasson2019
d5431c9c6fcfe499,Arla-Natural-Yoghurt,train,GroceryStoreDataset_Klasson2019
a3fd922e9b6dfc31,Arla-Natural-Yoghurt,train,GroceryStoreDataset_Klasson2019
fca6b4d55d46c3dd,Arla-Natural-Yoghurt,train,GroceryStoreDataset_Klasson2019
3cfd468c8cb75b99,Oatly-Oat-Milk,val,GroceryStoreDataset_Klasson2019
1a27e06f03616ebd,Oatly-Oat-Milk,val,GroceryStoreDataset_Klasson2019
569f8b135e59ab73,Oatly-Oat-Milk,val,GroceryStoreDataset_Klasson2019
714f99315256e444,Oatly-Oat-Milk,val,GroceryStoreDataset_Klasson2019
1e4d2770d2c309d5,Oatly-Oat-Milk,val,GroceryStoreDataset_Klasson2019
3c9e7c83f26e2a38,Oatly-Oat-Milk,val,GroceryStoreDataset_Klasson2019
c8a341051e1d201f,Oatly-Oat-Milk,val,GroceryStoreDataset_Klasson2019
7cb02dfba8874f21,Oatly-Oat-Milk,val,GroceryStoreDataset_Klasson2019
406bf9ea5ef1bb1c,Oatly-Oat-Milk,val,GroceryStoreDataset_Klasson2019
cd5aa7481268138b,Oatly-Oat-Milk,val,GroceryStoreDataset_Klasson2019
66735e361c71a8a8,Oatly-Oat-Milk,val,GroceryStoreDataset_Klasson2019
fde7dfe8a3641149,Oatly-Oat-Milk,val,GroceryStoreDataset_Klasson2019
743a694ac2f67e28,Oatly-Oat-Milk,val,GroceryStoreDataset_Klasson2019
15e0ca5488f468b9,Oatly-Oat-Milk,val,GroceryStoreDataset_Klasson2019
acbc8292381606e4,Oatly-Oat-Milk,val,GroceryStoreDataset_Klasson2019
99debcd6e9d5f6e1,Oatly-Oat-Milk,val,GroceryStoreDataset_Klasson2019
243615adb042909d,Oatly-Oat-Milk,val,GroceryStoreDataset_Klasson2019
408b458de28136d4,Oatly-Oat-Milk,val,GroceryStoreDataset_Klasson2019
55c1370a0025304f,Oatly-Oat-Milk,val,GroceryStoreDataset_Klasson2019
b90c6a7c9c1644ec,Oatly-Oat-Milk,val,GroceryStoreDataset_Klasson2019
6fb0d8dd107d3922,Oatly-Oat-Milk,val,GroceryStoreDataset_Klasson2019
642f2511f1e30507,Oatly-Oat-Milk,val,GroceryStoreDataset_Klasson2019
8f263633bd8ef9c5,Oatly-Oat-Milk,val,GroceryStoreDataset_Klasson2019
493e716cd6214905,Oatly-Oat-Milk,val,GroceryStoreDataset_Klasson2019
f434de0a549cedc5,Oatly-Oat-Milk,val,GroceryStoreDataset_Klasson2019
e0b05bb6efb725d8,Oatly-Oat-Milk,val,GroceryStoreDataset_Klasson2019
028474409e921925,Oatly-Oat-Milk,val,GroceryStoreDataset_Klasson2019
3822c2f1d618be89,Oatly-Oat-Milk,val,GroceryStoreDataset_Klasson2019
d5d01b632b2ea695,Oatly-Oat-Milk,val,GroceryStoreDataset_Klasson2019
8fc799b46e7ff0ad,Oatly-Oat-Milk,val,GroceryStoreDataset_Klasson2019
c517936f775c1990,Oatly-Oat-Milk,val,GroceryStoreDataset_Klasson2019
03dbc3b937d60919,Oatly-Natural-Oatghurt,test,GroceryStoreDataset_Klasson2019
4ddd4a80dca703ee,Arla-Sour-Milk,train,GroceryStoreDataset_Klasson2019
7b799608c8c39ba8,Tropicana-Mandarin-Morning,train,GroceryStoreDataset_Klasson2019
599f65473eb8d457,Tropicana-Apple-Juice,train,GroceryStoreDataset_Klasson2019
71bff94cd04d9579,God-Morgon-Orange-Red-Grapefruit-Juice,train,GroceryStoreDataset_Klasson2019
bfb7971c415ecebb,Bravo-Apple-Juice,train,GroceryStoreDataset_Klasson2019
203b5247a549eb85,Bravo-Orange-Juice,train,GroceryStoreDataset_Klasson2019
08d9d85a1d0212eb,Tropicana-Golden-Grapefruit,val,GroceryStoreDataset_Klasson2019
ffa99167f85cc9c7,God-Morgon-Orange-Juice,test,GroceryStoreDataset_Klasson2019
7311d5c43424a800,Tropicana-Juice-Smooth,train,GroceryStoreDataset_Klasson2019
73ede1be3d914792,God-Morgon-Apple-Juice,val,GroceryStoreDataset_Klasson2019
42833e3c30ee18a6,God-Morgon-Red-Grapefruit-Juice,train,GroceryStoreDataset_Klasson2019
f6932577bcee1cd7,Alpro-Shelf-Soy-Milk,train,GroceryStoreDataset_Klasson2019
1a71182850093c54,Alpro-Fresh-Soy-Milk,train,GroceryStoreDataset_Klasson2019
8ee4c010959bdcbc,Alpro-Blueberry-Soyghurt,train,GroceryStoreDataset_Klasson2019
2ef14bf8c4227093,Alpro-Vanilla-Soyghurt,train,GroceryStoreDataset_Klasson2019
14be27c8b9d5154a,Arla-Ecological-Sour-Cream,val,GroceryStoreDataset_Klasson2019
4b5ac0913653a4d0,Arla-Sour-Cream,val,GroceryStoreDataset_Klasson2019
2e609329c6050891,Garant-Ecological-Standard-Milk,test,GroceryStoreDataset_Klasson2019
6c89dfbf2e88869f,Arla-Lactose-Medium-Fat-Milk,train,GroceryStoreDataset_Klasson2019
9f06aa4fd36f6725,Garant-Ecological-Medium-Fat-Milk,train,GroceryStoreDataset_Klasson2019
30bb302be7863474,Arla-Standard-Milk,train,GroceryStoreDataset_Klasson2019
9ff8a82d62ed73b8,Arla-Ecological-Medium-Fat-Milk,train,GroceryStoreDataset_Klasson2019
bfd577d7fc686e3e,Arla-Medium-Fat-Milk,train,GroceryStoreDataset_Klasson2019
f86ae3ba9bd08de7,Valio-Vanilla-Yoghurt,train,GroceryStoreDataset_Klasson2019
7d405004fe9915b7,Yoggi-Strawberry-Yoghurt,test,GroceryStoreDataset_Klasson2019
e89f456795552f4c,Arla-Natural-Mild-Low-Fat-Yoghurt,train,GroceryStoreDataset_Klasson2019
ee13f6caab5f308b,Yoggi-Vanilla-Yoghurt,train,GroceryStoreDataset_Klasson2019
b10736e39149bedc,Arla-Mild-Vanilla-Yoghurt,train,GroceryStoreDataset_Klasson2019
268b7919074d067d,Arla-Natural-Yoghurt,train,GroceryStoreDataset_Klasson2019
7520b45a3adbfcd6,Oatly-Oat-Milk,val,GroceryStoreDataset_Klasson2019
a75c59434f0005b3,460,train,ICDAR2019_SROIE
6dbf2d82d9383ade,060,train,ICDAR2019_SROIE
0418288446a7f0d8,044,train,ICDAR2019_SROIE
fc51627629fbf729,134,train,ICDAR2019_SROIE
331637e9f966da86,438,train,ICDAR2019_SROIE
a572c22637d4cd1e,577,val,ICDAR2019_SROIE
0b7ba073d42d54f7,314,train,ICDAR2019_SROIE
9c3c00eca9041edd,380,val,ICDAR2019_SROIE
a827b928ab26507a,206,val,ICDAR2019_SROIE
d2fe0470209cf528,109,train,ICDAR2019_SROIE
6098d61bedc1923c,592,train,ICDAR2019_SROIE
a159291c58fbd6fe,106,val,ICDAR2019_SROIE
b0778553948eb22f,568,train,ICDAR2019_SROIE
4333e4426a027ed7,234,val,ICDAR2019_SROIE
ddfd65551cc787ff,509,train,ICDAR2019_SROIE
824ac174a7bbd870,307,train,ICDAR2019_SROIE
1341164badab0fca,330,train,ICDAR2019_SROIE
96ea1323ef07f620,214,train,ICDAR2019_SROIE
30170e768aa48ac0,585,train,ICDAR2019_SROIE
1096f8ed489b94fe,064,test,ICDAR2019_SROIE
bb6e921b7ed18d00,323,train,ICDAR2019_SROIE
2e9bea40670b28b2,398,train,ICDAR2019_SROIE
504a496731c1099b,141,val,ICDAR2019_SROIE
812ea217591165b9,304,train,ICDAR2019_SROIE
6a88774c2f68e3fe,371,train,ICDAR2019_SROIE
f679ed14a254ef98,299,train,ICDAR2019_SROIE
1fe438a5b4034169,222,train,ICDAR2019_SROIE
56cc0be9d48178c7,441,train,ICDAR2019_SROIE
c247f7f00ceb827c,594,train,ICDAR2019_SROIE
0f12f2af9d72c17a,518,val,ICDAR2019_SROIE
f64640bb78b33ce9,190,val,ICDAR2019_SROIE
31e2687ba95c77fd,067,test,ICDAR2019_SROIE
06fefdd660f314bc,501,val,ICDAR2019_SROIE
4599a434d40287fd,288,train,ICDAR2019_SROIE
c7cba7dd5d6a76c0,320,val,ICDAR2019_SROIE
f8f52fd876a7fc05,357,train,ICDAR2019_SROIE
02612ebd4821047b,597,train,ICDAR2019_SROIE
59e50a1edb6f091d,426,test,ICDAR2019_SROIE
ff034f7eb48ce493,514,train,ICDAR2019_SROIE
aca8dc6fac3fd64b,589,train,ICDAR2019_SROIE
ac7b8449e6cb9fa2,524,train,ICDAR2019_SROIE
84a46492aaabadc8,056,train,ICDAR2019_SROIE
bec563700cbd111c,175,train,ICDAR2019_SROIE
ab6d92fe79202e15,454,test,ICDAR2019_SROIE
e04339fa54cff327,275,train,ICDAR2019_SROIE
278819d625e92e4f,088,val,ICDAR2019_SROIE
387aa908ce2d8e79,499,train,ICDAR2019_SROIE
e7346ba6f3f53d19,100,train,ICDAR2019_SROIE
66d7327adbc5053a,142,train,ICDAR2019_SROIE
127538bde2f8727e,446,train,ICDAR2019_SROIE
cd6aa6acf1aa8458,481,train,ICDAR2019_SROIE
6aa00dd2b243235e,325,train,ICDAR2019_SROIE
9b1bdc58bbd0e0c1,521,train,ICDAR2019_SROIE
8c610a1b84be23d7,039,train,ICDAR2019_SROIE
d9d08c9ed0bd1254,210,train,ICDAR2019_SROIE
06ea405574a47ab6,267,test,ICDAR2019_SROIE
dc51c3e6b76ae264,215,train,ICDAR2019_SROIE
c769f1c911e25581,018,train,ICDAR2019_SROIE
f96b049f4f273725,085,train,ICDAR2019_SROIE
c2d9376ae2d7f0e8,242,test,ICDAR2019_SROIE
504226e3f24e1865,205,train,ICDAR2019_SROIE
3f1985e5dc5066e5,399,train,ICDAR2019_SROIE
abd37bb39eabae3d,240,train,ICDAR2019_SROIE
32b887f8e1719d36,075,test,ICDAR2019_SROIE
0f494e628b158d51,059,train,ICDAR2019_SROIE
b95b12b7ed868593,306,test,ICDAR2019_SROIE
518d8ea1c8c65076,154,train,ICDAR2019_SROIE
53386567d8880e69,340,val,ICDAR2019_SROIE
f791368a592b3269,425,train,ICDAR2019_SROIE
4ff5749dc8bb72eb,228,train,ICDAR2019_SROIE
a06a8dc38a7e9b71,040,train,ICDAR2019_SROIE
374fb0236314069a,593,train,ICDAR2019_SROIE
242e11ab0590cdca,101,train,ICDAR2019_SROIE
cf0d82abc0e8ab6b,260,test,ICDAR2019_SROIE
fb4eb57a40afc363,290,val,ICDAR2019_SROIE
5a7a00336f0c5714,107,val,ICDAR2019_SROIE
b44a2d4336201870,387,test,ICDAR2019_SROIE
9eca485670374d5c,507,train,ICDAR2019_SROIE
e52373c7f3db8a33,366,train,ICDAR2019_SROIE
681e32df8e1cc0a5,496,train,ICDAR2019_SROIE
164650f3e338ba43,390,train,ICDAR2019_SROIE
2f4fea44e97931fa,416,train,ICDAR2019_SROIE
4b155ad1c9e9d0ef,165,train,ICDAR2019_SROIE
36384d3200e4e243,337,train,ICDAR2019_SROIE
d02a45548bdf11ac,429,val,ICDAR2019_SROIE
e00cd57cb80a5845,377,val,ICDAR2019_SROIE
162855017155f73c,249,train,ICDAR2019_SROIE
5381a803b9bde486,530,val,ICDAR2019_SROIE
a52a447bdddf876c,378,train,ICDAR2019_SROIE
6ba229fbf6fd65db,622,train,ICDAR2019_SROIE
01953e542a25b5b6,474,train,ICDAR2019_SROIE
4b41c49ed6afc72b,112,train,ICDAR2019_SROIE
04e83657da88b29a,096,train,ICDAR2019_SROIE
b3137ef88f98c0d3,226,val,ICDAR2019_SROIE
2f1a23dc8644f226,052,train,ICDAR2019_SROIE
100ef6a4cd6ca35e,523,val,ICDAR2019_SROIE
6168e91c520d4541,564,test,ICDAR2019_SROIE
e990f84355324036,045,train,ICDAR2019_SROIE
4a3a10e6b7d36809,396,train,ICDAR2019_SROIE
26bc55540ee75194,424,train,ICDAR2019_SROIE
d13e56a1e39a40de,388,train,ICDAR2019_SROIE
e16c2dd6f594cf90,159,train,ICDAR2019_SROIE
9aad9e499666ae7c,185,train,ICDAR2019_SROIE
f62c06e3eda4390b,397,train,ICDAR2019_SROIE
1815487889c19601,519,test,ICDAR2019_SROIE
2d6e55b3cbd9153a,488,train,ICDAR2019_SROIE
640b17e02e8a5941,294,train,ICDAR2019_SROIE
ec9cd02e817109e3,065,val,ICDAR2019_SROIE
3afa9a7ce27bd6a2,351,train,ICDAR2019_SROIE
da803d79b6869905,183,train,ICDAR2019_SROIE
b487e9f591348dce,009,train,ICDAR2019_SROIE
2eafeec2fac1ece1,027,test,ICDAR2019_SROIE
4e5085211562035e,081,train,ICDAR2019_SROIE
f752e287d017aa9f,069,train,ICDAR2019_SROIE
a970392b8ab39d46,332,val,ICDAR2019_SROIE
edf30d59cab07236,015,train,ICDAR2019_SROIE
683881055402b6be,401,train,ICDAR2019_SROIE
4a671bce997b0d25,041,train,ICDAR2019_SROIE
a00bd6bfcf2b0e0b,004,train,ICDAR2019_SROIE
6827ce944744748e,082,train,ICDAR2019_SROIE
41ee793ccadd2b7c,248,val,ICDAR2019_SROIE
3a489b100bf98f83,422,train,ICDAR2019_SROIE
3f263659c3ee257e,070,train,ICDAR2019_SROIE
92b19bd14f71c0c6,144,train,ICDAR2019_SROIE
7675dba404bd3d3e,198,train,ICDAR2019_SROIE
d9d9f92ccb954719,253,train,ICDAR2019_SROIE
5d15618ed3702a43,384,train,ICDAR2019_SROIE
69b0219914326ff7,156,train,ICDAR2019_SROIE
b3fffc2717123d29,349,test,ICDAR2019_SROIE
a81808f7db810f7c,319,train,ICDAR2019_SROIE
7e5da18f79d2ffef,246,train,ICDAR2019_SROIE
246fd1c6cb9d5280,394,train,ICDAR2019_SROIE
186a33f8ac95b960,140,test,ICDAR2019_SROIE
c77df00dffc22c8c,182,test,ICDAR2019_SROIE
91c7672fb7b0d55d,258,train,ICDAR2019_SROIE
2f57848b3177b929,596,val,ICDAR2019_SROIE
d90ffe3c8d9d6409,218,train,ICDAR2019_SROIE
237ef127b0fbe718,486,train,ICDAR2019_SROIE
9d9b1cc7040106e4,188,train,ICDAR2019_SROIE
53026093a050dcde,567,train,ICDAR2019_SROIE
c7241c82f7edbf60,566,test,ICDAR2019_SROIE
3bd5517200896bb2,257,train,ICDAR2019_SROIE
d97c1d04e01135ad,392,train,ICDAR2019_SROIE
1853c51876389446,386,test,ICDAR2019_SROIE
c8c63d6d4f3abcc8,375,val,ICDAR2019_SROIE
819f7abdff5d6b36,448,train,ICDAR2019_SROIE
55d22f366dacbe31,497,train,ICDAR2019_SROIE
5168242c7eddbf09,110,train,ICDAR2019_SROIE
8d1482cbd17b22a8,433,val,ICDAR2019_SROIE
c9161537e1e4b338,128,test,ICDAR2019_SROIE
2e2093d4575cc132,599,val,ICDAR2019_SROIE
7bca5c8ca6fdb2e5,517,train,ICDAR2019_SROIE
8d5e7433bba6e67a,427,train,ICDAR2019_SROIE
666615891a5d7a14,452,val,ICDAR2019_SROIE
8b959085ab08961f,139,train,ICDAR2019_SROIE
cd4a80375b7c149b,412,val,ICDAR2019_SROIE
c1f5174eb63692b1,211,train,ICDAR2019_SROIE
32397d861f562631,093,train,ICDAR2019_SROIE
a813cbf916ff989c,114,test,ICDAR2019_SROIE
e3cd697a0194ec70,311,train,ICDAR2019_SROIE
31c36dedc814e42d,561,train,ICDAR2019_SROIE
d8aab2466a8719e1,411,train,ICDAR2019_SROIE
7563ed83111c2ae5,259,val,ICDAR2019_SROIE
2066d492173b0e4c,353,test,ICDAR2019_SROIE
ac1e918a09839d8f,207,val,ICDAR2019_SROIE
79c99117c917c61e,316,train,ICDAR2019_SROIE
c4658859da3a7253,148,val,ICDAR2019_SROIE
eb2d8acd9e893e17,227,train,ICDAR2019_SROIE
c271b7c5b0a76da7,402,train,ICDAR2019_SROIE
3f7c1dfa2c7dba7b,355,train,ICDAR2019_SROIE
e54c01c44614c39f,516,train,ICDAR2019_SROIE
8c9cfb37e34277d4,239,train,ICDAR2019_SROIE
d3cf41f8d5041036,417,train,ICDAR2019_SROIE
a0604077e8e1afb7,494,val,ICDAR2019_SROIE
e70762a101a28518,026,train,ICDAR2019_SROIE
29ffcde8b5261f7c,152,train,ICDAR2019_SROIE
e1335460476759b0,573,val,ICDAR2019_SROIE
4f0e62dceae11545,043,train,ICDAR2019_SROIE
1196ea9d9571e8bd,153,train,ICDAR2019_SROIE
fcf63db595cbc1ad,339,train,ICDAR2019_SROIE
4634b592b9226eec,608,val,ICDAR2019_SROIE
6623b65fc977153b,590,test,ICDAR2019_SROIE
8e0bc50d34f7e550,407,train,ICDAR2019_SROIE
ba6a2fea3f0f3181,458,train,ICDAR2019_SROIE
23b0c70c17642d26,313,train,ICDAR2019_SROIE
4852536212aea79e,241,train,ICDAR2019_SROIE
ca587e33f7745fbd,329,train,ICDAR2019_SROIE
14220e4329f58314,461,train,ICDAR2019_SROIE
1cc7c11ca4140a3d,358,train,ICDAR2019_SROIE
288a0bc57f79ed10,291,train,ICDAR2019_SROIE
21b846df88786170,036,train,ICDAR2019_SROIE
5bfa4e6fc1865a78,415,train,ICDAR2019_SROIE
d2ef9552288b41dd,406,train,ICDAR2019_SROIE
12939afbf6566936,113,test,ICDAR2019_SROIE
56664836f6e6d4d4,074,train,ICDAR2019_SROIE
f475e23ff5b83902,132,train,ICDAR2019_SROIE
3e5a48c81f12f2c5,620,train,ICDAR2019_SROIE
5d9e89dc33e3bbbd,024,train,ICDAR2019_SROIE
eac287ec5536b25d,447,train,ICDAR2019_SROIE
7338c26b603b97b1,150,train,ICDAR2019_SROIE
ccd8530b4774047e,095,train,ICDAR2019_SROIE
f481a7c36cd428c0,031,train,ICDAR2019_SROIE
3a701e0e1c44bec3,445,val,ICDAR2019_SROIE
9a088408c7edba72,548,train,ICDAR2019_SROIE
b4eba2be11217c3f,127,train,ICDAR2019_SROIE
1d1068ff420e9014,510,val,ICDAR2019_SROIE
c54c0fcf30d985d3,189,train,ICDAR2019_SROIE
d2cab9fd6bfcb1bd,549,train,ICDAR2019_SROIE
78c0598640e7bcf2,490,test,ICDAR2019_SROIE
66d1e8e932558020,391,train,ICDAR2019_SROIE
965678d02ef02dff,362,train,ICDAR2019_SROIE
146faf0098ee40fc,177,val,ICDAR2019_SROIE
b56e319461282246,145,train,ICDAR2019_SROIE
8deff47e45ad1ba8,324,train,ICDAR2019_SROIE
3e4b062bfef335dd,562,train,ICDAR2019_SROIE
412d9962fe0069b1,068,train,ICDAR2019_SROIE
e395b3bf9a50d3cc,174,train,ICDAR2019_SROIE
729c325db4bc8f8c,172,train,ICDAR2019_SROIE
9f95af88bebb24ab,503,train,ICDAR2019_SROIE
c7338c9038914857,293,train,ICDAR2019_SROIE
78047031b1be3ecc,586,test,ICDAR2019_SROIE
c3b3044149cb7d30,508,train,ICDAR2019_SROIE
10cba5e8bc0654d6,138,train,ICDAR2019_SROIE
c542476e78063cd1,335,val,ICDAR2019_SROIE
99c33daf71ab12f0,376,train,ICDAR2019_SROIE
375a823c60355a2d,115,train,ICDAR2019_SROIE
f7bed120a6b3493e,527,test,ICDAR2019_SROIE
59d0ec91df5c3517,554,train,ICDAR2019_SROIE
437a090f1cb480d7,219,train,ICDAR2019_SROIE
0d1af2f39dcb157b,197,train,ICDAR2019_SROIE
2d4e856dfdff4e4c,192,test,ICDAR2019_SROIE
3f94bd82c0fcf66e,103,train,ICDAR2019_SROIE
554e6d659b3977e3,032,train,ICDAR2019_SROIE
573c176785742e94,137,train,ICDAR2019_SROIE
5b95b40e5e2b94ad,526,train,ICDAR2019_SROIE
93f2353309821105,533,train,ICDAR2019_SROIE
7e26e5ccaca4eec7,161,train,ICDAR2019_SROIE
8ae22b24556088a4,580,test,ICDAR2019_SROIE
5699ac89659bd0d9,200,val,ICDAR2019_SROIE
765cd2a0035f0a0e,570,train,ICDAR2019_SROIE
d4a8d7ae396e39f9,475,train,ICDAR2019_SROIE
de14ce70f3096e52,262,train,ICDAR2019_SROIE
d1bb1ccb303f70b6,359,val,ICDAR2019_SROIE
57e3a6b961cef1b1,440,train,ICDAR2019_SROIE
8db1194d25569043,166,test,ICDAR2019_SROIE
2547df04678023ae,370,test,ICDAR2019_SROIE
6ab23fe84c350b27,181,test,ICDAR2019_SROIE
4344709b97700693,062,test,ICDAR2019_SROIE
fdea68c0e2281bb9,099,train,ICDAR2019_SROIE
d7f4a804a2cb393a,464,train,ICDAR2019_SROIE
88dc234ec4281d74,097,train,ICDAR2019_SROIE
380605b807364e35,047,test,ICDAR2019_SROIE
95a28f65f5b15ad1,569,train,ICDAR2019_SROIE
fa14d36208e9a09f,434,val,ICDAR2019_SROIE
c952d844b600b88f,186,train,ICDAR2019_SROIE
9f09d259c8524a88,264,train,ICDAR2019_SROIE
563545975b08e8b9,491,test,ICDAR2019_SROIE
c61f1657626f3622,105,val,ICDAR2019_SROIE
48980035baa635ac,583,train,ICDAR2019_SROIE
d036c082042c8b2e,318,train,ICDAR2019_SROIE
ca9cc0db69f437e8,204,val,ICDAR2019_SROIE
642cb3098cdd2035,361,train,ICDAR2019_SROIE
5741ca33f22183b9,462,val,ICDAR2019_SROIE
050424f813207f6b,048,test,ICDAR2019_SROIE
992f6747c6d8f35e,295,val,ICDAR2019_SROIE
c4d6956a676eb8dc,354,test,ICDAR2019_SROIE
6aa81183e700f975,281,train,ICDAR2019_SROIE
9c0004bfa27a674c,493,train,ICDAR2019_SROIE
5e65071e8c983a58,502,train,ICDAR2019_SROIE
ca67b4179d2a331c,623,train,ICDAR2019_SROIE
d3b3605dd23713f3,014,train,ICDAR2019_SROIE
377f7f31b4dae72b,230,val,ICDAR2019_SROIE
2e720534ec6e7300,090,train,ICDAR2019_SROIE
38d4701a55b3b6c8,578,train,ICDAR2019_SROIE
9e7dcfc1169b681f,365,train,ICDAR2019_SROIE
8fc5572435d9e800,005,train,ICDAR2019_SROIE
9f2657d7cc150aa8,489,train,ICDAR2019_SROIE
dc506b99e3a105a4,444,val,ICDAR2019_SROIE
85dbd6bb6b4c39d9,598,train,ICDAR2019_SROIE
a57222a3aaaea6a6,201,test,ICDAR2019_SROIE
198c177bf2a9eb37,310,val,ICDAR2019_SROIE
8926dbbab2e3382d,555,train,ICDAR2019_SROIE
d3b5b73ed6d335fe,450,train,ICDAR2019_SROIE
0d2601dfbeca3d5e,300,train,ICDAR2019_SROIE
d64d2608eec32ae5,511,train,ICDAR2019_SROIE
bacade7a362a850e,453,train,ICDAR2019_SROIE
fd7c26b85469a1ca,092,train,ICDAR2019_SROIE
5dd0c65833b1e8e0,612,train,ICDAR2019_SROIE
d75e1121c0f8cba5,574,train,ICDAR2019_SROIE
26e1ee583bc656f2,352,train,ICDAR2019_SROIE
8ca4540b6884871c,118,test,ICDAR2019_SROIE
0e55bfe6774d4659,395,val,ICDAR2019_SROIE
2104136e1023537a,413,test,ICDAR2019_SROIE
4cb8d0a60dbab80d,049,train,ICDAR2019_SROIE
f4d52bef91d7ee11,301,train,ICDAR2019_SROIE
e03c24ecf88a00ad,187,test,ICDAR2019_SROIE
42e5cd5c88935aa3,208,test,ICDAR2019_SROIE
14c068e3a813ab37,373,train,ICDAR2019_SROIE
9275c2df35ad7833,408,train,ICDAR2019_SROIE
2e13b591601cbe35,235,train,ICDAR2019_SROIE
b3f350a68dfb92f5,203,test,ICDAR2019_SROIE
828dd459f73dfb90,006,train,ICDAR2019_SROIE
f63778e531eab73a,342,val,ICDAR2019_SROIE
9a328bdc3f312e05,315,train,ICDAR2019_SROIE
e967dc83408cb308,418,train,ICDAR2019_SROIE
e11aa49bd41b3f77,484,train,ICDAR2019_SROIE
8de339461c587577,600,test,ICDAR2019_SROIE
974f91a799c09c21,420,train,ICDAR2019_SROIE
a809a9f2f8cd68c7,505,train,ICDAR2019_SROIE
e74497a56dba1e4b,280,test,ICDAR2019_SROIE
55f8a093ea5bb087,254,train,ICDAR2019_SROIE
af2547f372cf5de6,576,train,ICDAR2019_SROIE
9aa60bd02723cc1f,117,train,ICDAR2019_SROIE
e42f912d3a2cade8,273,train,ICDAR2019_SROIE
cd729abb5efe1dda,476,train,ICDAR2019_SROIE
bc5ab5be05851a74,169,train,ICDAR2019_SROIE
9e1f3b37faa766ca,338,val,ICDAR2019_SROIE
69eda81e01713a7a,528,train,ICDAR2019_SROIE
be540bcb2e00c9ce,171,val,ICDAR2019_SROIE
ddb7985553e52b81,616,train,ICDAR2019_SROIE
1440aed7beddf8bd,168,val,ICDAR2019_SROIE
fb02fa9d9a809450,283,train,ICDAR2019_SROIE
6f09f4fcbb4a1d46,537,train,ICDAR2019_SROIE
3a0afd217005ae1c,615,train,ICDAR2019_SROIE
876ea19def7ea8e9,492,train,ICDAR2019_SROIE
b27c31f5520493bd,538,val,ICDAR2019_SROIE
31c68df2a37d3a5f,057,test,ICDAR2019_SROIE
d960f3343c2274e7,552,train,ICDAR2019_SROIE
7c1e7fe6f894a855,303,test,ICDAR2019_SROIE
88de2edf73193432,010,train,ICDAR2019_SROIE
707c8a41b2bd0029,164,val,ICDAR2019_SROIE
dfd6c451fdf2cc17,421,test,ICDAR2019_SROIE
991603b5fddd2880,220,val,ICDAR2019_SROIE
d388b8b08da6bfad,000,train,ICDAR2019_SROIE
04f494bd0fd8b354,525,train,ICDAR2019_SROIE
0b263aeac76d1d36,485,test,ICDAR2019_SROIE
21b2e58f84019422,312,train,ICDAR2019_SROIE
52f72c23bfce7015,385,train,ICDAR2019_SROIE
d6a43a4cd533ac4f,379,train,ICDAR2019_SROIE
316b38bd1fa2898c,270,train,ICDAR2019_SROIE
9cd6600562cab7dc,111,train,ICDAR2019_SROIE
2a494d4b5ec2a618,023,train,ICDAR2019_SROIE
48567d40fe71e719,383,train,ICDAR2019_SROIE
f54e9245e1cbe23e,123,train,ICDAR2019_SROIE
d88d389e7844bba6,160,test,ICDAR2019_SROIE
3f4c6d2965fcfee9,194,train,ICDAR2019_SROIE
e8627f1c9ed4b8ae,084,train,ICDAR2019_SROIE
29c1235ea98fb3ca,404,train,ICDAR2019_SROIE
86ad0a249b118c8d,124,train,ICDAR2019_SROIE
b6f04a3da742fcd8,604,train,ICDAR2019_SROIE
3b7e2c9931453f53,271,test,ICDAR2019_SROIE
ec6c511c415489c2,551,train,ICDAR2019_SROIE
54c7d70f79e48200,086,train,ICDAR2019_SROIE
72269f59f1264471,255,val,ICDAR2019_SROIE
d96d80b870f09869,360,train,ICDAR2019_SROIE
7feaa8c06fe3a188,131,train,ICDAR2019_SROIE
c654cbd940ae60a1,021,val,ICDAR2019_SROIE
ee951aeda9d1fe56,025,train,ICDAR2019_SROIE
a2fbd21ed2d5d8e0,252,train,ICDAR2019_SROIE
a5c06bbb2cae8f94,229,train,ICDAR2019_SROIE
17447f1130952378,243,val,ICDAR2019_SROIE
451df2405ee12200,072,train,ICDAR2019_SROIE
4ffd113516d8c78e,170,train,ICDAR2019_SROIE
1c547c980496d154,381,test,ICDAR2019_SROIE
3d753d61592ad493,515,train,ICDAR2019_SROIE
c3ad0c5e57718579,334,test,ICDAR2019_SROIE
e64c49de9aba824b,468,train,ICDAR2019_SROIE
fcbc025237cebaec,143,train,ICDAR2019_SROIE
b71040b8725e036d,605,test,ICDAR2019_SROIE
dbcef686c33f38ec,442,train,ICDAR2019_SROIE
28d4d29204fcde0c,364,train,ICDAR2019_SROIE
f222970ff1de375e,167,train,ICDAR2019_SROIE
0f38f2d825c664e1,078,val,ICDAR2019_SROIE
48551a3ccce3d34a,369,test,ICDAR2019_SROIE
df855a8ebea4c642,472,train,ICDAR2019_SROIE
fbcc41dd03426bb6,212,test,ICDAR2019_SROIE
fcdb9038de46d919,343,train,ICDAR2019_SROIE
87d3629de2974b04,063,train,ICDAR2019_SROIE
ec8ac9aedb99f7d6,473,train,ICDAR2019_SROIE
7f6ac95c66396efa,050,test,ICDAR2019_SROIE
8a5bd4877c3f775b,028,train,ICDAR2019_SROIE
fc35e69323a48ce3,478,test,ICDAR2019_SROIE
9a393a8694adc1d4,618,train,ICDAR2019_SROIE
2034ecf6d8092f0a,073,test,ICDAR2019_SROIE
95eb42e321086d63,245,train,ICDAR2019_SROIE
f872ebb1d8b8db40,191,train,ICDAR2019_SROIE
555990bb07229573,529,train,ICDAR2019_SROIE
9f46904de8fbb8c0,579,train,ICDAR2019_SROIE
6880c4479e2b0203,180,train,ICDAR2019_SROIE
6179989767b3e303,466,val,ICDAR2019_SROIE
95986a6778dce5f7,595,test,ICDAR2019_SROIE
37446869b2f249f9,457,train,ICDAR2019_SROIE
3669478c37b21ec0,089,train,ICDAR2019_SROIE
45bc1ae9eba052cb,122,val,ICDAR2019_SROIE
7198e92b88d52902,231,train,ICDAR2019_SROIE
1672b9734e501114,146,train,ICDAR2019_SROIE
69fd58aeb85e9301,125,train,ICDAR2019_SROIE
ae55b04981dfcb16,556,train,ICDAR2019_SROIE
bfed730355574c17,296,train,ICDAR2019_SROIE
5fedbdca9d40b1f2,451,test,ICDAR2019_SROIE
664998ee81e9c8b3,601,train,ICDAR2019_SROIE
53255130ed254566,400,train,ICDAR2019_SROIE
34745a6a7bf8c8d9,265,train,ICDAR2019_SROIE
a669362d058f534e,238,train,ICDAR2019_SROIE
3dc9d8e4538ef866,037,train,ICDAR2019_SROIE
a995530f0e068c1e,261,train,ICDAR2019_SROIE
6871865e7add21b9,328,test,ICDAR2019_SROIE
a4273c184bdb070d,274,train,ICDAR2019_SROIE
c2efc3121912f231,149,train,ICDAR2019_SROIE
03fb140305c6812b,487,test,ICDAR2019_SROIE
f2188e689fb9a379,302,train,ICDAR2019_SROIE
f3def76f6257f9fc,346,train,ICDAR2019_SROIE
6491098d3c5716f8,102,train,ICDAR2019_SROIE
d3e82170fe2692a1,512,train,ICDAR2019_SROIE
eeee8155a129faef,575,train,ICDAR2019_SROIE
07fc8813e66b2ed6,553,train,ICDAR2019_SROIE
daf09be9e1e9266c,374,test,ICDAR2019_SROIE
5d20ad5d169e3d2f,076,val,ICDAR2019_SROIE
263180c86668479f,080,test,ICDAR2019_SROIE
08cbbeb8ca7516be,202,train,ICDAR2019_SROIE
4adfbc056276ffbc,305,train,ICDAR2019_SROIE
34d161d3296cdb93,613,test,ICDAR2019_SROIE
af1f228c98e19858,455,train,ICDAR2019_SROIE
d6b280b9396a699a,356,train,ICDAR2019_SROIE
e5a35ebc434a3e80,588,train,ICDAR2019_SROIE
9dc2e6cd81023ae3,130,train,ICDAR2019_SROIE
7af8e9bd5a7c131a,326,val,ICDAR2019_SROIE
a6ad6c21df87cec6,545,train,ICDAR2019_SROIE
28b522036c2b15e6,173,train,ICDAR2019_SROIE
9df1290c990a4cd1,309,train,ICDAR2019_SROIE
1b65e91de2e5e123,250,train,ICDAR2019_SROIE
a0988270df145f83,066,train,ICDAR2019_SROIE
5a63d98316135b1b,582,train,ICDAR2019_SROIE
f6dec5f50b249e36,500,val,ICDAR2019_SROIE
a255029058b8c36c,121,train,ICDAR2019_SROIE
ad89c01204578ac3,151,train,ICDAR2019_SROIE
04ee3ffca1aabb8e,221,train,ICDAR2019_SROIE
d6f36e8dcb7124ec,572,train,ICDAR2019_SROIE
5c2f8832e370c55b,011,train,ICDAR2019_SROIE
924258a919e70c26,236,train,ICDAR2019_SROIE
8de58bef5060d1a3,119,train,ICDAR2019_SROIE
9a57d3cdfd7dd825,034,train,ICDAR2019_SROIE
57a11dab099ef7ca,289,train,ICDAR2019_SROIE
8d6a40f7301b5c6a,621,train,ICDAR2019_SROIE
48acfb89010c5583,321,train,ICDAR2019_SROIE
f7533453fbe77e06,347,train,ICDAR2019_SROIE
889b13872e85890f,539,test,ICDAR2019_SROIE
5a8201dc4639fabd,233,train,ICDAR2019_SROIE
bf8a247de6cb57fa,322,train,ICDAR2019_SROIE
ce2b6269ee86bab5,013,test,ICDAR2019_SROIE
cf27bd358da8d858,542,train,ICDAR2019_SROIE
c04e310341f8d75c,617,train,ICDAR2019_SROIE
2feec251126480ea,565,train,ICDAR2019_SROIE
9cdc6ecb9f2bf9f4,232,val,ICDAR2019_SROIE
1c5ef6085fcada70,465,test,ICDAR2019_SROIE
656bb55ff2f3a57b,456,test,ICDAR2019_SROIE
d7f3c1e67a120d47,372,train,ICDAR2019_SROIE
50934481d9b1546b,467,val,ICDAR2019_SROIE
1972a115d3a2d0ef,108,train,ICDAR2019_SROIE
5d8a6dd57ff77ae9,611,train,ICDAR2019_SROIE
e1bdabf5122299c1,428,train,ICDAR2019_SROIE
6b32e460ee9dd361,051,train,ICDAR2019_SROIE
a3d68f2bf0e5bfa2,333,train,ICDAR2019_SROIE
7c6fc0a9354cffe7,513,train,ICDAR2019_SROIE
d5bac69cbbd0519b,298,train,ICDAR2019_SROIE
9d9114caceedb094,272,train,ICDAR2019_SROIE
d4edaaf15933bed2,029,train,ICDAR2019_SROIE
bce38903741a0531,403,val,ICDAR2019_SROIE
53c3955f52ad5549,345,train,ICDAR2019_SROIE
275fd3bb22f79d53,419,train,ICDAR2019_SROIE
9029f23503748e88,284,train,ICDAR2019_SROIE
e830c8fd77c39312,020,test,ICDAR2019_SROIE
257306278300fb57,193,train,ICDAR2019_SROIE
cbac6a4c2402bc00,348,train,ICDAR2019_SROIE
bc4f1b888688b5cd,019,test,ICDAR2019_SROIE
845ffc1cdd5b3be9,116,val,ICDAR2019_SROIE
0796b6d708591831,469,train,ICDAR2019_SROIE
021d80ae038406bf,368,val,ICDAR2019_SROIE
f79eb36d82c6e58c,609,train,ICDAR2019_SROIE
920786c5b6c097e9,157,train,ICDAR2019_SROIE
8bdb0addc572735e,133,train,ICDAR2019_SROIE
0da0447f411489e7,071,train,ICDAR2019_SROIE
41ef56ce18bd6441,038,test,ICDAR2019_SROIE
583b182080f8c987,520,val,ICDAR2019_SROIE
fac26a7400a6e185,083,train,ICDAR2019_SROIE
69e1ab6a6d76d756,079,train,ICDAR2019_SROIE
879e9d647cbfaf87,155,train,ICDAR2019_SROIE
61f0a5716aebfd6b,471,train,ICDAR2019_SROIE
f435f904c2574ab6,297,train,ICDAR2019_SROIE
6b32111122a190fa,506,train,ICDAR2019_SROIE
943e808eb3e8f717,022,val,ICDAR2019_SROIE
37a959ecb3bc0fa8,158,train,ICDAR2019_SROIE
b97903cbbf34f0f8,196,test,ICDAR2019_SROIE
88b8f70403d969a1,560,train,ICDAR2019_SROIE
87667147af827b54,209,train,ICDAR2019_SROIE
010ad0d4a601bf71,094,train,ICDAR2019_SROIE
9a9aa94ef8d987af,531,train,ICDAR2019_SROIE
147da1b0097cee33,363,train,ICDAR2019_SROIE
e7c03b4cb934a99e,162,train,ICDAR2019_SROIE
7e6aa321e66f4dff,409,train,ICDAR2019_SROIE
b46d97fe1555fdac,098,train,ICDAR2019_SROIE
d71e71e1517c9eb3,350,train,ICDAR2019_SROIE
30c093313d27399e,449,test,ICDAR2019_SROIE
ccde6d8c91ccad9a,199,train,ICDAR2019_SROIE
21bf65865425071d,017,val,ICDAR2019_SROIE
5f8c8359dc0769dd,547,train,ICDAR2019_SROIE
66d7ca4a9fc5b016,033,train,ICDAR2019_SROIE
3356516dd6a7b6a4,571,test,ICDAR2019_SROIE
7a9ded3449e87b2b,558,test,ICDAR2019_SROIE
89cd877ab0d39137,591,val,ICDAR2019_SROIE
28867d42ef065741,504,val,ICDAR2019_SROIE
c9f97b8ca9566cb8,563,test,ICDAR2019_SROIE
9eb7110d13317bad,436,train,ICDAR2019_SROIE
f48d54bab4acdbda,263,train,ICDAR2019_SROIE
26ab1b49d8713485,287,val,ICDAR2019_SROIE
4f1d434ab71e780b,607,train,ICDAR2019_SROIE
662d77ed555552aa,534,train,ICDAR2019_SROIE
0e518b57394b172f,405,test,ICDAR2019_SROIE
890891203c3e2a43,054,train,ICDAR2019_SROIE
1a5276c2550a5185,147,val,ICDAR2019_SROIE
02b0296998ac19b1,247,train,ICDAR2019_SROIE
8cfc7ec392e07f46,003,train,ICDAR2019_SROIE
11fcfbfebd3762b4,001,val,ICDAR2019_SROIE
87406b63e756d4c5,602,val,ICDAR2019_SROIE
4a1c02e6d8efa951,470,train,ICDAR2019_SROIE
6449faf1ae160429,225,test,ICDAR2019_SROIE
bffc372810c66cd8,331,test,ICDAR2019_SROIE
535d907d705cbec6,282,train,ICDAR2019_SROIE
d898e9c0877a5863,498,train,ICDAR2019_SROIE
5bfc93d152a776cb,544,train,ICDAR2019_SROIE
088073d9f8c60587,213,val,ICDAR2019_SROIE
a7a1e997424b6cd0,435,train,ICDAR2019_SROIE
c3261b660d821703,389,train,ICDAR2019_SROIE
3c1375d0d0b4001d,431,test,ICDAR2019_SROIE
c6b81a8e9b374f66,614,train,ICDAR2019_SROIE
dd2d961b73ddbcaa,163,val,ICDAR2019_SROIE
c6a2abeb884c4cf6,176,test,ICDAR2019_SROIE
bb87c9e50fb39172,581,test,ICDAR2019_SROIE
af247368df6742a6,077,train,ICDAR2019_SROIE
3fab1cdb8af65dd7,179,train,ICDAR2019_SROIE
91af1670c5e57e6a,423,val,ICDAR2019_SROIE
ae4d22cdd01ffea3,256,train,ICDAR2019_SROIE
a5e07026d123566f,414,train,ICDAR2019_SROIE
1874948bf55f24f0,341,val,ICDAR2019_SROIE
7aac5f9916b06b92,279,train,ICDAR2019_SROIE
5d983dc9206e1d00,244,train,ICDAR2019_SROIE
1b041343ace44921,432,train,ICDAR2019_SROIE
8b34fd0d82330543,477,val,ICDAR2019_SROIE
f5301f6910623d4f,532,train,ICDAR2019_SROIE
58cd3f33066c7823,535,train,ICDAR2019_SROIE
937efe3a655712a1,002,train,ICDAR2019_SROIE
d90670f1fd50bdb5,007,train,ICDAR2019_SROIE
e8d48a1c7bd2dddc,410,train,ICDAR2019_SROIE
0dc2aeb659e63b3b,224,train,ICDAR2019_SROIE
fd313eed91bc310a,104,train,ICDAR2019_SROIE
d33265560ff80fd1,557,train,ICDAR2019_SROIE
e08b573aabb62286,619,train,ICDAR2019_SROIE
1084503e06f1ae9a,195,train,ICDAR2019_SROIE
9758bf1ddb264d06,276,test,ICDAR2019_SROIE
5b9cdee8acd97663,463,train,ICDAR2019_SROIE
7e9221f74f992a0b,136,val,ICDAR2019_SROIE
f5275e0abfb4aa3e,550,train,ICDAR2019_SROIE
431c85b446c8a8cc,327,test,ICDAR2019_SROIE
dcefbde6aba0766d,251,train,ICDAR2019_SROIE
0ba487ff7f4592cf,610,train,ICDAR2019_SROIE
ba5ebe29d55d9a63,344,train,ICDAR2019_SROIE
4d35cf4e5f7616c8,543,train,ICDAR2019_SROIE
bc8de27daac2d372,223,train,ICDAR2019_SROIE
6c5ada1cb5933c34,091,train,ICDAR2019_SROIE
45d1d44238bea434,184,test,ICDAR2019_SROIE
4e6a345c86500233,439,train,ICDAR2019_SROIE
fe24f3d2b353ceef,269,train,ICDAR2019_SROIE
d7a440d64892f886,367,train,ICDAR2019_SROIE
f4f3beb8f7877c06,126,train,ICDAR2019_SROIE
e4b860c1adbd1b6c,546,train,ICDAR2019_SROIE
16a0abc8bba314d8,278,val,ICDAR2019_SROIE
71d015f32883e264,382,train,ICDAR2019_SROIE
7245bd327d81f703,178,train,ICDAR2019_SROIE
20e10912b6d94a1e,135,train,ICDAR2019_SROIE
ecac38c9999da567,216,test,ICDAR2019_SROIE
98885ab918a29e18,393,train,ICDAR2019_SROIE
2837a7b5335f1f3c,336,test,ICDAR2019_SROIE
0c223c216c4ee3fd,087,test,ICDAR2019_SROIE
07963322ef214f1b,266,val,ICDAR2019_SROIE
ac3c3db553f9cbb8,268,train,ICDAR2019_SROIE
1b0328440c6b702a,035,train,ICDAR2019_SROIE
d24ddff73c00ddcf,129,train,ICDAR2019_SROIE
8b269fd1a14da7ce,008,train,ICDAR2019_SROIE
66119dfe0c51e2de,061,test,ICDAR2019_SROIE
27121f16008b2d93,217,train,ICDAR2019_SROIE
f91e4f5873089883,443,train,ICDAR2019_SROIE
8254b22c6d9d4f9f,042,train,ICDAR2019_SROIE
8a5bed004432ddad,317,val,ICDAR2019_SROIE
702595a8b218217e,120,val,ICDAR2019_SROIE
2ebc92fc4d07fc6f,437,train,ICDAR2019_SROIE
465b146f08f038e4,6111242100992,train,OpenFoodFacts
7c3518b1ea69f155,3017620425035,val,OpenFoodFacts
46435574169b210a,5449000000996,test,OpenFoodFacts
a8afe5c82ab0a8f9,8901719134845,train,OpenFoodFacts
cbeea7ee053cbde4,7613035833272,test,OpenFoodFacts
9bff3c36afeef33c,8901719134852,train,OpenFoodFacts
88e7af29b33655ac,8902080000227,train,OpenFoodFacts
2474025e54da4e7b,8901063139329,train,OpenFoodFacts
1db7680480df43ed,90162602,train,OpenFoodFacts
aabe8314f2a2ffe6,8901063093522,train,OpenFoodFacts
e36bc2f43897e730,8901058017687,train,OpenFoodFacts
91b7ebf7481a86b7,8901063162914,val,OpenFoodFacts
642fa9b442986ea2,8906010500559,test,OpenFoodFacts
8796596c68486423,8901764042911,train,OpenFoodFacts
cfb81c9b839d970e,8906010500245,val,OpenFoodFacts
24fc0806c7b41a21,8906010502232,train,OpenFoodFacts
f929537ae1fddb86,8906010500900,val,OpenFoodFacts
a25fee9e7291205a,8901764032912,val,OpenFoodFacts
6432db1810288127,8906010500023,val,OpenFoodFacts
2e315d883454d76b,5999884034469,train,OpenFoodFacts
6bc37f56e969b649,7622202225512,train,OpenFoodFacts
80f43b118065ac75,8901058000290,train,OpenFoodFacts
5945ee2a38c92c92,8904043901015,train,OpenFoodFacts
a58ebe3bce144f9a,5000108478119,train,OpenFoodFacts
82446f1813922ec5,3948764032912,test,OpenFoodFacts
d72dd76f7089c100,8901063092853,train,OpenFoodFacts
a5cba340e626e25b,8906017290040,train,OpenFoodFacts
b7242f3c9b646e72,3948764042911,train,OpenFoodFacts
698e3ac973f6fb99,8901719129988,train,OpenFoodFacts
f4e1a7e66d517187,7622202334009,train,OpenFoodFacts
439709ed78d9440b,8906010500627,train,OpenFoodFacts
a942d4c76e540c6c,8901491100519,train,OpenFoodFacts
c50f6fd825c5a52e,8901030921667,train,OpenFoodFacts
f65383162b66358f,8901764092206,test,OpenFoodFacts
fd262f90dd7c38c2,8901030535895,train,OpenFoodFacts
368da1ccf44d0a6e,8901764082405,train,OpenFoodFacts
379c2e2461b6e8d6,8901030897542,train,OpenFoodFacts
80823f6f52c47686,8906010500337,val,OpenFoodFacts
37da4b52248746d9,8901063029255,train,OpenFoodFacts
5ef745e5a5906fa3,8901262010016,test,OpenFoodFacts
70796864cb77da8d,8901764042904,train,OpenFoodFacts
6bb200d7d7981527,8901262200196,test,OpenFoodFacts
7144b1e7007ac24d,8906010502119,train,OpenFoodFacts
5942214060153b63,5000354908248,train,OpenFoodFacts
9ca574a9cd24d309,8901764032707,train,OpenFoodFacts
c1c690e2d4ca47aa,8906010502294,test,OpenFoodFacts
4eec3125a97df880,8906010500078,test,OpenFoodFacts
26dae43c4909a7ee,8901719135248,val,OpenFoodFacts
4631340481f915c9,8906010501570,train,OpenFoodFacts
6ec66dfe523fcacc,8996001312506,train,OpenFoodFacts
8c65486363436f03,8901595862962,train,OpenFoodFacts
ba96ca6533165ab6,8901058005233,val,OpenFoodFacts
06132a5474766e39,8901063023901,train,OpenFoodFacts
199e0daefbdc885a,8901030921797,train,OpenFoodFacts
db14fabafed902a9,8902080104581,train,OpenFoodFacts
632b2032bc21e919,3948764061257,train,OpenFoodFacts
9cc82a6490088d5c,8901719135118,train,OpenFoodFacts
6909414b18004fff,8901063162532,test,OpenFoodFacts
c8cdff511f6ed029,8901764032905,train,OpenFoodFacts
1323aed36e4e7bc9,89080153,val,OpenFoodFacts
5baa42cd43edd0c6,8901491361026,val,OpenFoodFacts
fca09f5b626c1fe3,8904272600291,test,OpenFoodFacts
e99237bec181ee2e,8901262260121,test,OpenFoodFacts
b965e1e60fdd6750,8901764092305,test,OpenFoodFacts
e478d4a65555b5c4,8901725016258,val,OpenFoodFacts
7921e36c27865091,8906010500863,train,OpenFoodFacts
ee6dd1b9e0692fa8,8901764061257,train,OpenFoodFacts
2c2932d74a4448fa,8906010500481,train,OpenFoodFacts
d3680e42bf1c987b,1234567890128,train,OpenFoodFacts
57b8410ddce06cbe,8901764042706,train,OpenFoodFacts
6194e6e4e5aa86f7,8901764362804,val,OpenFoodFacts
bbe70178a635072f,8850389100684,train,OpenFoodFacts
693aa5e86d2eda42,8904004402636,train,OpenFoodFacts
21497b361ff00a3b,8901719123870,train,OpenFoodFacts
d62aab4eb794f802,3948764032707,train,OpenFoodFacts
3923575f5941847c,8906010500214,train,OpenFoodFacts
e01be50cf2bcd482,8906032018513,train,OpenFoodFacts
cea0b0e036a9fa7f,8906010500016,train,OpenFoodFacts
7994d1f1bfc8bd17,8901491001168,train,OpenFoodFacts
697ff6df5ff7394a,8901725118938,train,OpenFoodFacts
2622ec1b9d6e3881,8901764042300,train,OpenFoodFacts
6dba89480fd3b7d7,8901764032301,test,OpenFoodFacts
15fec00e2ba18799,0716270001660,train,OpenFoodFacts
70f0ad5f8493ca9c,8901719105913,train,OpenFoodFacts
b7bcf5a206b9664a,8901719121630,train,OpenFoodFacts
717843ecd9bef059,8901030831690,train,OpenFoodFacts
ce446604c841e6c0,8901719130014,train,OpenFoodFacts
f6ae771e5cf07835,8901491101844,train,OpenFoodFacts
4df716eb23b9ad28,8904004400731,test,OpenFoodFacts
a766786f52ec27d8,3948764042904,test,OpenFoodFacts
4af2b1ba76358509,8904004400236,train,OpenFoodFacts
9b42d0807a994cff,8906032018520,test,OpenFoodFacts
30a23ed62fbe2fab,8904004403718,train,OpenFoodFacts
b817f6403043e0ba,8901499008169,train,OpenFoodFacts
947d918d3f3d6686,7622202225550,train,OpenFoodFacts
89d2279a61386c60,8906010500818,train,OpenFoodFacts
b4fa598543b00448,0074305001161,train,OpenFoodFacts
4eb2a69bbd3f32d7,3948764032301,train,OpenFoodFacts
0446a742f0ed1a50,6291100213146,train,OpenFoodFacts
7cfd7dd94a8ee2a8,8904004403732,val,OpenFoodFacts
1c511ffc1ca18b9f,09141209,train,OpenFoodFacts
01bc83a3a5540acb,8901262010320,train,OpenFoodFacts
359b5a0a1851e451,8901491101837,train,OpenFoodFacts
8a742e6085d56bb7,8901058000306,train,OpenFoodFacts
eb17c78b612ddf2c,8906010501228,val,OpenFoodFacts
68811b05d0f58f2e,8901030902932,test,OpenFoodFacts
27c88a2fb958b164,8901719135217,train,OpenFoodFacts
acf41e1b3e3a89d3,8901063093287,train,OpenFoodFacts
d662c9a996dc4b88,8901491103794,train,OpenFoodFacts
1c453b63c2aa3201,8901499010513,train,OpenFoodFacts
f31c1b132117a23f,8904004402261,train,OpenFoodFacts
bd9418a570c10e30,8901030922787,train,OpenFoodFacts
c25baff9712194f8,8904327600924,train,OpenFoodFacts
66321cb90aa830f8,3948764032905,test,OpenFoodFacts
cba727095c183933,8903754000062,val,OpenFoodFacts
e42dd34ad13f384c,8901491366229,train,OpenFoodFacts
20698a262c382506,8909106018327,val,OpenFoodFacts
5cf83bf7cc96067e,0846203004878,train,OpenFoodFacts
bb7472a770c16139,8901063092839,train,OpenFoodFacts
693e2d926728a131,8901063014411,train,OpenFoodFacts
902cefa3cf995f43,8901491503051,train,OpenFoodFacts
abc0d00b51936026,89002940,train,OpenFoodFacts
0b6b2d47194a5fbe,8901207025365,train,OpenFoodFacts
8985827cdecce7ca,8902080504060,train,OpenFoodFacts
af3843cb75cda6bf,8902579001360,test,OpenFoodFacts
9705f9a34b929fd9,8902579002039,test,OpenFoodFacts
b49514284be519b9,4897036693469,train,OpenFoodFacts
7567c02a378bb906,8901491101813,train,OpenFoodFacts
e560556cc1a61723,9300633929169,test,OpenFoodFacts
0ca45d296781930e,8901764012914,test,OpenFoodFacts
ab72b5a2842cc47b,8901058903164,val,OpenFoodFacts
b3fb01ff9428150b,8901725005856,train,OpenFoodFacts
43f8d95f91cfb869,8901725015275,test,OpenFoodFacts
e4d6942671ec94d9,8901725118921,val,OpenFoodFacts
0f6b3cda5dbe8484,8904004402612,train,OpenFoodFacts
1adb0ad9dcbc0b2e,8902579203016,train,OpenFoodFacts
48a9b62251362133,8906010500870,train,OpenFoodFacts
84ad0910ca0b09d8,3948764082405,train,OpenFoodFacts
77f2744e4a691d81,3948764092206,train,OpenFoodFacts
14dcb871295aa997,7622202324321,train,OpenFoodFacts
b349a8fe2cfefbbc,8901491503037,val,OpenFoodFacts
9322ecaa04f9ce9e,8901764012273,train,OpenFoodFacts
08864d45e2b4d6db,8901719135088,train,OpenFoodFacts
62389268bc6e1eaf,8410076601445,train,OpenFoodFacts
0da13ac57464d01b,8901088068734,train,OpenFoodFacts
066899c72fea3d6e,8906010502973,val,OpenFoodFacts
1c2948ea327f0399,8901123001214,train,OpenFoodFacts
bbadf2bc310034ee,8901063019188,train,OpenFoodFacts
02e9ea559f69fe84,8906010500047,train,OpenFoodFacts
083e184d3374a789,8906017290033,train,OpenFoodFacts
f8289031e8c9b202,3948764012914,train,OpenFoodFacts
3cfc56bcd640a745,8901764175091,train,OpenFoodFacts
491fa40d59b2885c,8906017290064,train,OpenFoodFacts
6e47fb76864f38b9,4897036691427,train,OpenFoodFacts
5eaceb898f0590e3,8901764042270,test,OpenFoodFacts
86fa48116f799a50,8901063014299,val,OpenFoodFacts
f5aa5864332f8589,89009758,test,OpenFoodFacts
897567529d65de5d,8901063139213,train,OpenFoodFacts
1d7a22f23f5b24b8,8901063019201,train,OpenFoodFacts
ddf5ae0ab4416e9b,8908003872315,train,OpenFoodFacts
1c4b6e3065ae18b7,8901719135255,train,OpenFoodFacts
1024c5350cd18cb8,8901088000451,train,OpenFoodFacts
8cb76e816099a1b8,8901491503020,train,OpenFoodFacts
b990c3dd6b1aab49,8904004403725,train,OpenFoodFacts
e7d78f5c882ed000,8901262070546,train,OpenFoodFacts
7c48c6bcaa105c5c,8904043551548,test,OpenFoodFacts
d1761134b500086f,8901764032271,train,OpenFoodFacts
9407097781bfe240,8906001023043,train,OpenFoodFacts
9d3926eed9ccdacb,8901058023787,train,OpenFoodFacts
a26525178966531b,8904004400779,train,OpenFoodFacts
c755d1dd8786a049,8903553601613,train,OpenFoodFacts
464be2c512fd7f82,8904004402216,val,OpenFoodFacts
e8b810525190d41f,8902579103057,test,OpenFoodFacts
67edcd10076082b1,8901063016873,train,OpenFoodFacts
992c57c3e11fe7fe,8901063029279,train,OpenFoodFacts
0c0f6468ac4f4ea5,8901764092800,val,OpenFoodFacts
8e02ddb767c536c9,7622202237393,val,OpenFoodFacts
25485ca32b4dbb61,8906010504625,val,OpenFoodFacts
ea04eaeb219aecd3,5000171010025,train,OpenFoodFacts
a72e60b72cc14406,80768258,train,OpenFoodFacts
aa7b9a400c87a600,8901719131219,train,OpenFoodFacts
038e1183037577f2,8902080003075,train,OpenFoodFacts
36501439d7986cdb,8904083303077,train,OpenFoodFacts
63628eb72096778a,8904004401554,val,OpenFoodFacts
ee54ef993fd5d252,8901063142664,train,OpenFoodFacts
b5c0f443eb3ee6a7,8906010502041,val,OpenFoodFacts
11e0e2e1da365e11,8904004400694,test,OpenFoodFacts
3569446262e11a93,8904071704527,val,OpenFoodFacts
bc2ffe26a9aabe48,8901491504782,val,OpenFoodFacts
7a4d38983634637a,8906010500276,test,OpenFoodFacts
1e05928be530e53c,3948764092305,train,OpenFoodFacts
e503af691510158b,8908000794023,train,OpenFoodFacts
0823fc4a13d7dc10,8901719135224,test,OpenFoodFacts
51c3b34f23cd434d,8901491103084,val,OpenFoodFacts
9f83e443a410e0ec,8901491100533,train,OpenFoodFacts
a684198339b2991b,89009949,train,OpenFoodFacts
5b94acc843f86aad,8901262180115,train,OpenFoodFacts
abd1eb41dfd5fa67,8902080002283,train,OpenFoodFacts
959e98cc3c1b8e1d,8901058023800,train,OpenFoodFacts
c9d29cc342b674a9,8901491503013,train,OpenFoodFacts
e4b40501d7fe8f59,8904004400571,train,OpenFoodFacts
f4855ca8820a66e7,3948764072277,val,OpenFoodFacts
7a9b30a5aa253f4a,8906010500894,test,OpenFoodFacts
43d59049afeeb71a,8906010500368,train,OpenFoodFacts
1f40ff0b2c4df276,8901595863280,train,OpenFoodFacts
cb5dd4d7349b85ed,8906010500030,val,OpenFoodFacts
4c27dd15835f6335,8901595862818,train,OpenFoodFacts
cabce4076e9a8275,8902579002442,train,OpenFoodFacts
8c0b7acce8cc9838,8901725016296,train,OpenFoodFacts
321103ce13540ff7,8906010503444,val,OpenFoodFacts
092db918a45a9b17,8906010500474,val,OpenFoodFacts
c91520ab73acd37c,0070970474088,train,OpenFoodFacts
651213231b20e5de,0811594100102,test,OpenFoodFacts
b8f65c0298c0604a,4000417224002,train,OpenFoodFacts
c0ee68b186a30cf7,8992760221028,train,OpenFoodFacts
04856365544dd678,8902080204342,test,OpenFoodFacts
5148a0a556bcb9cd,8901764022913,train,OpenFoodFacts
5399149f1e8d4bf7,3948764012273,train,OpenFoodFacts
d421cc51d8a40acb,8901725013691,train,OpenFoodFacts
db8f05a047017948,8904004403671,train,OpenFoodFacts
7dff15e6551a1299,7622202216695,train,OpenFoodFacts
6567a0799e3c083b,8901719130144,train,OpenFoodFacts
5cfd2039d239b0d3,8901063012868,train,OpenFoodFacts
7f52868861592be5,8909081005251,train,OpenFoodFacts
8e3e6dc3873a91ec,8906010500498,val,OpenFoodFacts
a336851c671ec047,8901207900839,train,OpenFoodFacts
bc85b832fa0db896,8904004400250,train,OpenFoodFacts
7fa940799a9b4d71,8901071211307,train,OpenFoodFacts
2530e53e93271a1b,8906007280242,test,OpenFoodFacts
fce1419a0b356674,8901725007508,val,OpenFoodFacts
de066d3bea7973a7,8901764052910,test,OpenFoodFacts
51ca2e1002c15177,8902080364060,train,OpenFoodFacts
4a9c866aa2ef7af8,3948764042270,train,OpenFoodFacts
7dffb471be83441a,8901030831706,train,OpenFoodFacts
7829352905da1d2d,8904004400243,train,OpenFoodFacts
b300e91669285257,8901063162464,train,OpenFoodFacts
8cb0fc89496d1a4c,8906006330276,train,OpenFoodFacts
f9e8dc00cff7cf2f,8901764012600,train,OpenFoodFacts
da621b5d314b6acf,8901491365703,train,OpenFoodFacts
c7c665a2c1678a7d,19017198,test,OpenFoodFacts
6dc680b2c5865959,8901719100369,train,OpenFoodFacts
9e0417249f806a77,8906010503550,val,OpenFoodFacts
dc7b7b1f923cad09,12111202,train,OpenFoodFacts
1cd500190fb20b68,8902579002299,train,OpenFoodFacts
448375063c927a18,8901058005080,train,OpenFoodFacts
bc70e77bacb0cfab,8901058009729,train,OpenFoodFacts
ec86baf7a1e5a540,8902080001828,train,OpenFoodFacts
d36c33e77be30bb7,8904335604150,train,OpenFoodFacts
9106ffe8da9e7a43,8904004400687,train,OpenFoodFacts
e1eae13a9949ba91,8906009501031,train,OpenFoodFacts
3c6a4b74a758ae22,54491496,train,OpenFoodFacts
7855ef38c4796c9e,8901262020039,train,OpenFoodFacts
5d4069ab28e61508,0015000047757,train,OpenFoodFacts
88d1a5d065638369,8901262200189,train,OpenFoodFacts
015b5b44577727be,8904004409253,train,OpenFoodFacts
cd0acd3f74f8668a,8901764362309,test,OpenFoodFacts
0ce499bcebaa0c20,8901058000269,train,OpenFoodFacts
abc2857eeacba59d,8901088050586,test,OpenFoodFacts
853313641467fb5d,8909081005046,train,OpenFoodFacts
e24fd96de50a90cb,8906010500429,train,OpenFoodFacts
a0087ece8395ab35,8901063093591,train,OpenFoodFacts
2dea388eafd84f98,8901088047142,train,OpenFoodFacts
a9255a7ad200a581,8901207005527,test,OpenFoodFacts
be1ac8dd67ec7ce6,0856069005209,train,OpenFoodFacts
a31d0b72a7f63cd3,8901088000345,train,OpenFoodFacts
34504a63283ff24a,8904004403800,train,OpenFoodFacts
c5e73c4e51c5e0c6,8902080364022,train,OpenFoodFacts
bd535f84d68311ea,8901595863013,train,OpenFoodFacts
2cb25da8d3a3eaab,8906010503529,test,OpenFoodFacts
cd6abe102a76f9fa,8901030902369,test,OpenFoodFacts
43cf8bdcceb4fb0c,7622202309830,train,OpenFoodFacts
0c7a4eaa5a62dfbc,8904422711365,train,OpenFoodFacts
c1d1c7cb980f5d11,3948063139329,train,OpenFoodFacts
78d81b9b419ececc,8904004404630,val,OpenFoodFacts
621a812e16269d0b,8901491000789,test,OpenFoodFacts
14910950c7122cd2,3948764032271,val,OpenFoodFacts
7e29646c67c7912f,8902346012353,train,OpenFoodFacts
986e6e39ef0583f5,8901725000622,test,OpenFoodFacts
1829759976efb1f2,8901030877131,val,OpenFoodFacts
fefb24bd4b815517,8902080404575,train,OpenFoodFacts
bf97932392cb9055,8902080204588,train,OpenFoodFacts
9272828856a5fbf9,8904327600948,train,OpenFoodFacts
ef0dbfeb3a7767f9,8901063092822,val,OpenFoodFacts
74d858c8ba2bdd08,8901063014404,test,OpenFoodFacts
c27fc371c544fcd3,8906004560149,train,OpenFoodFacts
7ee4e123b6cee496,7622202252419,train,OpenFoodFacts
f81960b3705d7cde,8901063142015,train,OpenFoodFacts
790e27a8eb420a42,8901491502030,train,OpenFoodFacts
d1b988f3923945ce,0073935942400,train,OpenFoodFacts
26ec2ea6ca4a1979,8906010501242,val,OpenFoodFacts
9cd2e0b3f8fc411c,8908005144632,train,OpenFoodFacts
798bc46a09358cfc,8904327600405,val,OpenFoodFacts
ba206006a6630b52,8901030735097,val,OpenFoodFacts
b9652e7a9c146fa4,8901491103046,test,OpenFoodFacts
e33965bb0bb3ebb6,8906010503512,train,OpenFoodFacts
b2cf776facc077ec,8906010500092,test,OpenFoodFacts
be8e8c27dd731b96,8906001023050,train,OpenFoodFacts
2de5617db61526d8,8909081001147,train,OpenFoodFacts
80d09150db23519c,8901725012953,val,OpenFoodFacts
8efc9bab70b70e44,8901595972111,val,OpenFoodFacts
6d5a4c0dd2ff80ec,8901030702556,train,OpenFoodFacts
dc249c69a93433b9,7622202325960,val,OpenFoodFacts
4757fd369c589bfc,8906010502492,train,OpenFoodFacts
ffba6459e74ca92c,7622202318078,train,OpenFoodFacts
40648cd29ff823d8,8901491380010,train,OpenFoodFacts
1dd62d7bb261506a,8901088068741,train,OpenFoodFacts
51c438a07467101c,5000232192202,val,OpenFoodFacts
7d07acb5099648d2,8901262150088,test,OpenFoodFacts
65c9cb3810fabe6a,8901262200004,train,OpenFoodFacts
020ef0209b38bf34,3948764092800,train,OpenFoodFacts
6faa60fa5fd6c330,8901030872693,train,OpenFoodFacts
7436ab2bec554f71,0846203081923,val,OpenFoodFacts
08cb9fe1477f6133,8901063028241,train,OpenFoodFacts
c587c1823e10355c,8901262070676,train,OpenFoodFacts
a2b68d0605b45fab,8901207062865,test,OpenFoodFacts
ded17468c0dbe560,8901262020015,train,OpenFoodFacts
e1293ab39b1d7a1a,8901207025372,train,OpenFoodFacts
cac19fab6df99754,8901262151863,train,OpenFoodFacts
a57338fa34b90fd9,0712345678904,val,OpenFoodFacts
eb752e8a50258ef9,8906017290774,train,OpenFoodFacts
c886673f0cf06836,8901262172448,train,OpenFoodFacts
f0e0cd980ef3aa4c,8904004400045,test,OpenFoodFacts
ccd3ff609f142eca,8901012350010,train,OpenFoodFacts
09911c902f1421ce,8901491000772,train,OpenFoodFacts
9320d4e2a8106f8b,8901058003000,train,OpenFoodFacts
6c8f4ccba1ab49c2,8901058015171,train,OpenFoodFacts
11fca2cc3c5b10cc,8901764112270,val,OpenFoodFacts
3e5f040a3e4ce278,8901058016222,train,OpenFoodFacts
ce3ea142f756e223,7622202315152,train,OpenFoodFacts
c5dab76876afebb9,8901058018677,train,OpenFoodFacts
ff52fb11eccd325f,8901058017601,train,OpenFoodFacts
d18782bb2b648ee8,8906009803777,train,OpenFoodFacts
a0791d2c33304644,8901262151696,train,OpenFoodFacts
660fb57d035b2c39,8906010500085,train,OpenFoodFacts
85db7bbbc13d9423,8906010500269,train,OpenFoodFacts
21c98d04ef5b0837,0073893212256,train,OpenFoodFacts
bed3b534aafe9e61,3948764175091,train,OpenFoodFacts
d423bd268d1791df,8901063017627,train,OpenFoodFacts
20f1e6434e4ca782,8906010500702,train,OpenFoodFacts
c0be394e875661fc,8901491103800,val,OpenFoodFacts
4a84be8f751c2206,8901030898105,val,OpenFoodFacts
18a9014344a0817f,8906009532356,train,OpenFoodFacts
bdbaba3c50a856fd,8906004560767,test,OpenFoodFacts
f14417be052aab8f,4897036692455,train,OpenFoodFacts
589c8d1614169996,7622202272639,train,OpenFoodFacts
a19b8b29466d1e5c,8906136651968,train,OpenFoodFacts
1ad3ecfd23bbb81d,8904482000003,test,OpenFoodFacts
61b097ebce67fded,8901719125348,train,OpenFoodFacts
7e870d8a4dedb958,18111286,train,OpenFoodFacts
6accd6e8d14d4946,3948764111259,train,OpenFoodFacts
fd93dbfeb6730180,89000724,train,OpenFoodFacts
40da2be0bc5a0fd0,8904258701707,train,OpenFoodFacts
fc3c3ace279ff7e0,8901719121685,val,OpenFoodFacts
fe9a640178bfa791,8906035030055,test,OpenFoodFacts
3270389b1b5c92b5,8904004402247,test,OpenFoodFacts
f4134638bbdc116f,8904043926612,train,OpenFoodFacts
deebb1020ae78194,8908013982646,val,OpenFoodFacts
dbd03b3aaa3bb845,8901499023339,train,OpenFoodFacts
8808f631bed10c59,8901207040337,train,OpenFoodFacts
6dcb81c226ec0746,8901491001809,train,OpenFoodFacts
ace1bc97b8c77d63,0850006000012,train,OpenFoodFacts
e2a50834f394355a,8904043552644,train,OpenFoodFacts
b98a276657795ac3,8901595863594,train,OpenFoodFacts
d0941cfd6fa74a6e,8903553851377,train,OpenFoodFacts
201507e758fdea58,8901058017670,train,OpenFoodFacts
ed8b52f73966d25c,8901071706834,train,OpenFoodFacts
5eb76f607fe525b4,8901491981552,train,OpenFoodFacts
e430e50c5769a96f,8904109450112,train,OpenFoodFacts
ec22202c9a2130f6,8906017290026,train,OpenFoodFacts
ea2f916feddfac83,12345678,train,OpenFoodFacts
df72d308bff0abf2,8901088068758,train,OpenFoodFacts
483a3fc450426623,8901262260107,train,OpenFoodFacts
ab0d952a012bd9b4,8904004400601,train,OpenFoodFacts
e3b81215b431f024,8906010501952,train,OpenFoodFacts
e827e663c8db322e,8906009070834,test,OpenFoodFacts
328ea7f78df3885f,8886467122408,train,OpenFoodFacts
13ad0dff63a4501c,8901207006241,train,OpenFoodFacts
bfd73df492f79ddd,8901764111259,train,OpenFoodFacts
0e3939ec420aab79,8901063163331,train,OpenFoodFacts
cf64b708cc758709,8903241110434,test,OpenFoodFacts
e5e231a0fba6ebe5,8901512540102,train,OpenFoodFacts
32970b432ed949eb,8902080364589,val,OpenFoodFacts
cc30c60098979eaa,8901063093089,train,OpenFoodFacts
a275129ef346fe84,8901030902352,train,OpenFoodFacts
cdb613f3a7d530de,8901030987007,train,OpenFoodFacts
f768349f92296bde,0846203004885,train,OpenFoodFacts
984392eb1283c254,7622202237416,train,OpenFoodFacts
ce2cbbbb2156f97b,8908006989355,test,OpenFoodFacts
8518f0f7337c6fec,8901063155534,test,OpenFoodFacts
733b52a4984e6d0a,8901764312601,train,OpenFoodFacts
b0d9b5f4740f7e0b,8904004401561,train,OpenFoodFacts
d0954ab8b0d38cae,8901719135477,train,OpenFoodFacts
efb405b05f45a883,8901764972041,train,OpenFoodFacts
0d8c077bbeb41792,7622202344213,train,OpenFoodFacts
13604f091a16547b,8904004401134,train,OpenFoodFacts
9a4f960ccce11065,8906001023036,val,OpenFoodFacts
2040820af8c14ca6,8901491367219,val,OpenFoodFacts
32d29f51bf66c512,8901764011252,train,OpenFoodFacts
36e0fbd8bd7cb6ea,19010588,val,OpenFoodFacts
79f63369e6deeed8,8901491365666,train,OpenFoodFacts
e478c64d7627b09b,8901491981538,test,OpenFoodFacts
86189a217beba9f4,8902080204021,train,OpenFoodFacts
82b43daf18e2e206,8906069403412,train,OpenFoodFacts
436b100343155c90,8908005144014,train,OpenFoodFacts
e4c598691b32403a,3948764022913,train,OpenFoodFacts
825b749525e33196,8901063338593,train,OpenFoodFacts
585e75008d00794a,8908000861107,val,OpenFoodFacts
2e5ae4a58d642451,8901764092152,train,OpenFoodFacts
87294dfd21cc1f80,8901030953217,val,OpenFoodFacts
b9e9b98e045b5049,8909081001123,test,OpenFoodFacts
021a8b95f05c2f6b,8904004400021,train,OpenFoodFacts
c3bd983f605ba75b,8901030980053,train,OpenFoodFacts
461fb36929273792,8901719129179,test,OpenFoodFacts
3768537d0438f530,8901725018016,val,OpenFoodFacts
df68a794658d255d,8901719126468,train,OpenFoodFacts
bd71af54de8e31d0,8906002006601,train,OpenFoodFacts
572d9223420494a2,8906004560262,train,OpenFoodFacts
70e7e8683f051927,8904071700031,train,OpenFoodFacts
1667e334fc79b163,8906010502300,train,OpenFoodFacts
7965472cad7260f5,8901725123123,train,OpenFoodFacts
420540e08ea0246d,8904004400083,train,OpenFoodFacts
b3b13866cd9f3932,8901030779282,val,OpenFoodFacts
d0420c1d76d8a2ae,8886467122439,test,OpenFoodFacts
7784025928adab71,8904071700192,val,OpenFoodFacts
03c8c7eec3a8cdd4,8904090906520,train,OpenFoodFacts
771d1bf9fd6b7507,8901595851218,train,OpenFoodFacts
0bbcc349a0c9f163,8901262174114,test,OpenFoodFacts
fb7e70acceb1557f,8901725104641,val,OpenFoodFacts
810c780c7ae57bcd,8902579001438,train,OpenFoodFacts
93669c662b0ee71f,8901117250000,train,OpenFoodFacts
738d9af44fed550c,8901088136945,train,OpenFoodFacts
29541aefeb201a12,8908010900070,train,OpenFoodFacts
1ae98568b2f75544,8906010501822,train,OpenFoodFacts
403b6bf13fad80a4,3948764052910,train,OpenFoodFacts
8e9c9ca7b6ed6fea,8906032018919,test,OpenFoodFacts
33725c2acf8d74f4,8996001312476,train,OpenFoodFacts
8ffd3e9c1d734e97,8901030919305,train,OpenFoodFacts
9d592654c5324048,8901725005986,train,OpenFoodFacts
67e82b792a2ece31,8906032018810,train,OpenFoodFacts
d53a9889a6f0d236,8904004404661,test,OpenFoodFacts
d4216b0515226f9d,8906010500511,train,OpenFoodFacts
bb8b4d6cd2bd6f70,8901764012907,val,OpenFoodFacts
e497036f1ab0c502,3948262200196,val,OpenFoodFacts
462e3332aa271c89,8901719135156,val,OpenFoodFacts
c551dbe20aa3176f,7622202324260,train,OpenFoodFacts
45062e5007f55dfe,8906080604690,train,OpenFoodFacts
24f2d1545c483615,8901030735110,train,OpenFoodFacts
27a4d62c0bf5d9ed,8901058851298,val,OpenFoodFacts
731eac8fd82ee4a8,8906010501419,train,OpenFoodFacts
95a10ca6b775dd76,8906006721821,test,OpenFoodFacts
9a218e8c44f9598c,0786162002969,val,OpenFoodFacts
a4bbc948aa1671b1,8904004400588,test,OpenFoodFacts
83d6f8bbd5b9451e,8906010500535,train,OpenFoodFacts
fae35fc482f2f847,8901491702188,test,OpenFoodFacts
56eae68a902ba2fd,8906002000494,train,OpenFoodFacts
af40ca113096a023,8901491435109,train,OpenFoodFacts
eeb56105f6e586f5,8901512540201,train,OpenFoodFacts
c2391fce59a2266f,8901491001854,train,OpenFoodFacts
3574e9e53e5ed4cc,8901063142244,train,OpenFoodFacts
12ec086afcb9627e,8901058904741,train,OpenFoodFacts
83bebe17c79c1846,8906007611602,test,OpenFoodFacts
95682973e1d42f31,8901725013684,train,OpenFoodFacts
94f9487818850c95,8901058875577,train,OpenFoodFacts
5c9bba6e7c9277e3,8904004403626,train,OpenFoodFacts
8a992355ec0c9145,8906005508904,train,OpenFoodFacts
0db57df57ac08b1a,0992880034469,train,OpenFoodFacts
929509235b283971,8901764175015,val,OpenFoodFacts
63002ac622882841,7622202216916,train,OpenFoodFacts
b541474199055992,8901088213608,train,OpenFoodFacts
800cd84bfe35efc5,8901058016116,train,OpenFoodFacts
68dfcd0d2c981afe,8901063365964,train,OpenFoodFacts
9c5ae6d5cc204bab,8906151420389,train,OpenFoodFacts
9017abb998b576a7,3948764012600,val,OpenFoodFacts
1a5ef1b1dd1ae396,8901719127106,train,OpenFoodFacts
5d0c138e3e494372,8906010500320,train,OpenFoodFacts
b24161a3d4b873b5,7622202324697,train,OpenFoodFacts
0b7cdec4fbf6b74b,8906031252314,val,OpenFoodFacts
fe35a4053ca301d5,8901058022193,test,OpenFoodFacts
59592760711b8f34,8901262010023,train,OpenFoodFacts
3bc59d33eea1a3cb,8901262020046,train,OpenFoodFacts
ad7eaa778a55acd6,8906017290125,test,OpenFoodFacts
9b9fdfe984621448,8902579103170,train,OpenFoodFacts
9ce1bd3bfb6a0504,8000500347508,train,OpenFoodFacts
26950ebbdb9d3243,8901499010483,train,OpenFoodFacts
5a129c73abbfa01e,8904004407617,train,OpenFoodFacts
8a706334acf51ef2,8901262071864,train,OpenFoodFacts
b2dcacfc61b7706e,8901246005373,test,OpenFoodFacts
e8f6cee3713a9d43,8906010261078,train,OpenFoodFacts
9f5e7fa47f20f58e,8901030902383,train,OpenFoodFacts
ccd02dad79509e4e,8906006783058,val,OpenFoodFacts
2d2d6b2cb03baef0,8904272600154,train,OpenFoodFacts
d3c23f6a20381af2,8901063162648,test,OpenFoodFacts
3afb964a272dc7d1,8901207019234,test,OpenFoodFacts
83670e26516e566b,7622201763329,train,OpenFoodFacts
842d4d34c9fc2741,8902080204052,test,OpenFoodFacts
98f26dadb20ebe44,8904320015404,train,OpenFoodFacts
d61ff765c0dcd425,8906010501198,train,OpenFoodFacts
36a9118c8edcf3f6,00001295,train,OpenFoodFacts
5fb4742bb2323e45,8906090573047,train,OpenFoodFacts
