image_id,blur_variance,brightness_mean,contrast_std,blur_flag,low_light_flag,poor_contrast_flag,overall_readability,annotation_method
8a3f58d261516185,427578.2,110.6,52.6,0,0,0,0.658,AUTO_CV_METRIC
29e6ab7f24e5e428,496931.4,108.3,54.4,0,0,0,0.68,AUTO_CV_METRIC
6afa5ebc9e46b38f,485106.4,113.6,54.9,0,0,0,0.687,AUTO_CV_METRIC
69d1d1545d0e3f72,404385.8,109.9,50.8,0,0,0,0.636,AUTO_CV_METRIC
ad4fb3864427a3fd,485395.4,106.6,56.4,0,0,0,0.705,AUTO_CV_METRIC
57d1b1f91f5a1901,1049962.6,129.6,59.0,0,0,0,0.738,AUTO_CV_METRIC
b1837da4ec82ded3,418446.2,112.7,55.9,0,0,0,0.699,AUTO_CV_METRIC
482c40e5921e547e,980434.9,123.6,58.3,0,0,0,0.729,AUTO_CV_METRIC
235b12aaaf1569d8,623980.4,106.6,57.3,0,0,0,0.717,AUTO_CV_METRIC
6fa2a1825c49de68,843725.2,128.0,61.2,0,0,0,0.765,AUTO_CV_METRIC
a7f200184bfa743d,1030724.9,117.8,61.5,0,0,0,0.769,AUTO_CV_METRIC
12073a5d0e30e08d,686783.8,108.7,55.3,0,0,0,0.691,AUTO_CV_METRIC
640d9b766a0d7ca2,542122.0,118.6,49.0,0,0,0,0.612,AUTO_CV_METRIC
cd9e8b61c6f40236,547137.1,116.9,60.7,0,0,0,0.759,AUTO_CV_METRIC
1fa2612a717aec68,401967.4,111.0,52.0,0,0,0,0.65,AUTO_CV_METRIC
bee1616f88d83cc2,608294.0,107.9,56.4,0,0,0,0.706,AUTO_CV_METRIC
06d6f8a343032b2b,506945.8,113.4,55.1,0,0,0,0.689,AUTO_CV_METRIC
c9022d3b2defd8b8,506196.4,107.9,54.2,0,0,0,0.678,AUTO_CV_METRIC
87317d0a43f7a985,385974.8,111.7,56.0,0,0,0,0.7,AUTO_CV_METRIC
495c25e3299f7dd3,446272.2,119.7,49.0,0,0,0,0.613,AUTO_CV_METRIC
2b99b51f79332a92,208019.0,108.8,53.4,0,0,0,0.667,AUTO_CV_METRIC
c78188c91fc45c42,522580.0,114.1,59.6,0,0,0,0.745,AUTO_CV_METRIC
19786650cfc93d4f,451749.2,118.5,48.3,0,0,0,0.604,AUTO_CV_METRIC
e247a5b195f97516,563721.8,116.2,53.8,0,0,0,0.672,AUTO_CV_METRIC
eb4ab71bff825d4f,560478.9,112.2,54.3,0,0,0,0.679,AUTO_CV_METRIC
84560f92759c71da,458361.4,107.5,49.0,0,0,0,0.613,AUTO_CV_METRIC
3511adc7f930869c,567084.2,113.7,51.9,0,0,0,0.649,AUTO_CV_METRIC
afa1aa1a326a04b8,442901.2,115.7,51.9,0,0,0,0.648,AUTO_CV_METRIC
bd3e46855902341f,459907.5,116.1,52.9,0,0,0,0.662,AUTO_CV_METRIC
77eef684fbe8387e,358552.2,116.4,58.8,0,0,0,0.735,AUTO_CV_METRIC
9d8b7e5e1c1064b8,480996.6,111.7,54.7,0,0,0,0.684,AUTO_CV_METRIC
a71610ae205958aa,421728.0,113.5,49.0,0,0,0,0.612,AUTO_CV_METRIC
c2745ff79dee34af,827757.8,117.5,59.9,0,0,0,0.748,AUTO_CV_METRIC
982f6d04f131ee42,576970.4,95.8,57.9,0,0,0,0.724,AUTO_CV_METRIC
0eec3f4dd9d05539,254676.4,114.6,50.3,0,0,0,0.629,AUTO_CV_METRIC
e7d8cfa976427dca,806806.1,114.4,62.0,0,0,0,0.775,AUTO_CV_METRIC
5a6786e63b18073a,567047.6,103.3,57.8,0,0,0,0.723,AUTO_CV_METRIC
b55ee1705cebaf18,313800.8,109.3,50.2,0,0,0,0.628,AUTO_CV_METRIC
03e75b263a78a110,938398.1,101.3,58.9,0,0,0,0.736,AUTO_CV_METRIC
e3d6a87a2301061e,1350818.4,103.7,68.0,0,0,0,0.85,AUTO_CV_METRIC
fce9229558cd0479,666328.8,114.9,56.4,0,0,0,0.705,AUTO_CV_METRIC
685613088453305e,742205.1,85.6,65.8,0,0,0,0.822,AUTO_CV_METRIC
9aa33bb9426ef29c,410422.3,109.7,58.6,0,0,0,0.732,AUTO_CV_METRIC
b417682f7ebfb4ec,317397.5,113.1,49.1,0,0,0,0.614,AUTO_CV_METRIC
f42d09cb5f6a4f97,501013.0,106.4,55.4,0,0,0,0.692,AUTO_CV_METRIC
7ef254d0f3f17212,254797.5,115.8,50.0,0,0,0,0.625,AUTO_CV_METRIC
06bd4ab37704ffd8,248906.1,119.2,41.4,0,0,0,0.517,AUTO_CV_METRIC
9dbe13d3d6d2c0ef,803816.2,100.3,58.4,0,0,0,0.73,AUTO_CV_METRIC
23ee5136ac3b9889,826514.4,108.2,62.2,0,0,0,0.778,AUTO_CV_METRIC
700d668026631f11,627703.9,100.9,58.7,0,0,0,0.734,AUTO_CV_METRIC
a359d0b43a198f0c,1140347.6,103.8,70.7,0,0,0,0.884,AUTO_CV_METRIC
abf25b6227b8d500,446408.0,114.9,46.8,0,0,0,0.585,AUTO_CV_METRIC
95437bca98099124,853860.6,104.3,61.0,0,0,0,0.763,AUTO_CV_METRIC
f2cf31d93cf11104,899466.2,110.1,59.3,0,0,0,0.741,AUTO_CV_METRIC
ab707204d4a472f7,407948.7,104.2,50.0,0,0,0,0.625,AUTO_CV_METRIC
0bbf57552801694f,658574.2,104.4,55.9,0,0,0,0.699,AUTO_CV_METRIC
0a121cc377ec427b,304497.3,114.7,44.9,0,0,0,0.562,AUTO_CV_METRIC
dfd8370e32e6358a,775773.2,114.4,56.0,0,0,0,0.7,AUTO_CV_METRIC
e784f518ba69151e,529360.6,95.6,52.5,0,0,0,0.656,AUTO_CV_METRIC
f2326a3f48c8f18c,896111.2,118.0,59.6,0,0,0,0.746,AUTO_CV_METRIC
72961d36e0fa4f9a,337557.7,105.5,58.3,0,0,0,0.729,AUTO_CV_METRIC
c7b9d0630b3d7959,484028.8,106.5,54.4,0,0,0,0.68,AUTO_CV_METRIC
553df61b49223f4d,294485.6,109.1,46.7,0,0,0,0.584,AUTO_CV_METRIC
5f96cc1f44457c1c,282410.6,124.4,53.7,0,0,0,0.671,AUTO_CV_METRIC
05b469c5e660fe63,410162.4,121.9,59.1,0,0,0,0.738,AUTO_CV_METRIC
2953937ffb3e8161,412608.6,110.4,55.1,0,0,0,0.688,AUTO_CV_METRIC
3e7744467e51bc0c,355323.4,131.1,56.4,0,0,0,0.705,AUTO_CV_METRIC
9f028f2a125a86ea,188177.7,104.0,53.2,0,0,0,0.665,AUTO_CV_METRIC
4b839cdaf991f354,461397.6,112.7,58.2,0,0,0,0.728,AUTO_CV_METRIC
a950d62b48ab970f,511908.9,114.2,51.2,0,0,0,0.64,AUTO_CV_METRIC
1ec7d9e4fe132d82,420500.0,108.9,57.5,0,0,0,0.719,AUTO_CV_METRIC
dec357febe692831,396552.8,113.3,48.7,0,0,0,0.609,AUTO_CV_METRIC
46db73f6964916f9,353615.2,111.9,56.6,0,0,0,0.708,AUTO_CV_METRIC
219b6493162499bf,390694.6,122.5,55.1,0,0,0,0.689,AUTO_CV_METRIC
dbc52f905be59606,577452.9,134.3,51.1,0,0,0,0.639,AUTO_CV_METRIC
944ced0461ac3186,531951.2,113.3,52.0,0,0,0,0.65,AUTO_CV_METRIC
6a8584d02e7c74cc,440606.9,125.9,49.6,0,0,0,0.62,AUTO_CV_METRIC
1f08ce87dc03b316,390895.3,107.8,54.0,0,0,0,0.676,AUTO_CV_METRIC
12697481ce2c7013,555460.6,120.4,60.7,0,0,0,0.759,AUTO_CV_METRIC
3417dbbbf18a8db1,294006.0,107.8,50.9,0,0,0,0.636,AUTO_CV_METRIC
576d7f2ff09b40e3,413794.0,121.7,56.2,0,0,0,0.702,AUTO_CV_METRIC
09e8b77aabac6356,449444.2,106.8,56.5,0,0,0,0.706,AUTO_CV_METRIC
267d130a15d1fe3c,276355.0,107.1,55.2,0,0,0,0.69,AUTO_CV_METRIC
ac1ef22c8e1334d8,104267.6,120.3,48.1,0,0,0,0.601,AUTO_CV_METRIC
046e229498c60736,317455.8,119.3,53.1,0,0,0,0.664,AUTO_CV_METRIC
6b39e15b1fc9e41f,157609.0,152.8,43.5,0,0,0,0.544,AUTO_CV_METRIC
17123811d5263ed0,122749.2,108.8,51.2,0,0,0,0.64,AUTO_CV_METRIC
745fec50ae9f4d01,395722.1,112.9,55.2,0,0,0,0.691,AUTO_CV_METRIC
33d43166a7b89e0e,240776.3,102.5,41.0,0,0,0,0.513,AUTO_CV_METRIC
eae93176ab3f4595,387495.8,112.0,48.8,0,0,0,0.609,AUTO_CV_METRIC
4233f6da388545ac,214360.8,101.5,53.4,0,0,0,0.668,AUTO_CV_METRIC
6f29f12d1528f184,63310.7,140.0,49.8,0,0,0,0.623,AUTO_CV_METRIC
2d567d47b1fcbcc3,202291.8,123.3,44.6,0,0,0,0.558,AUTO_CV_METRIC
c33a0764f1ed191b,383984.5,113.5,53.7,0,0,0,0.671,AUTO_CV_METRIC
c0a5e75ab85e3052,642142.7,90.3,54.1,0,0,0,0.677,AUTO_CV_METRIC
241932aaf514af7f,372462.8,111.0,54.1,0,0,0,0.677,AUTO_CV_METRIC
93acb5f106c7c76c,247079.3,125.5,46.2,0,0,0,0.578,AUTO_CV_METRIC
c82d672b4ec70832,385095.4,115.7,55.4,0,0,0,0.693,AUTO_CV_METRIC
e58f850122e91520,185288.0,96.6,50.3,0,0,0,0.629,AUTO_CV_METRIC
725a63c1da722314,228575.0,101.0,47.5,0,0,0,0.593,AUTO_CV_METRIC
231fbe4bd2925e15,170733.1,122.6,44.3,0,0,0,0.554,AUTO_CV_METRIC
ba4818b3b03e0d09,239786.2,102.1,54.1,0,0,0,0.677,AUTO_CV_METRIC
2b5edfc26be2b564,269612.1,102.9,53.1,0,0,0,0.664,AUTO_CV_METRIC
4822139475468a55,188636.1,119.9,44.5,0,0,0,0.556,AUTO_CV_METRIC
f951a34d8baf44ce,361907.4,115.4,50.5,0,0,0,0.631,AUTO_CV_METRIC
4e5388d2f8d257ae,195445.2,114.1,49.1,0,0,0,0.614,AUTO_CV_METRIC
85fa77d885718689,77684.7,119.1,48.7,0,0,0,0.609,AUTO_CV_METRIC
1c50830d25224158,324999.2,110.9,50.6,0,0,0,0.633,AUTO_CV_METRIC
d0a6c5f17f91e289,219474.1,108.9,52.6,0,0,0,0.657,AUTO_CV_METRIC
483faab9f6805af4,374669.3,116.1,57.7,0,0,0,0.721,AUTO_CV_METRIC
5491c1f341c6306d,348168.7,116.9,53.6,0,0,0,0.67,AUTO_CV_METRIC
085d4ca98b2fe0c7,280230.0,112.3,45.9,0,0,0,0.574,AUTO_CV_METRIC
453004400204b6b2,395858.3,89.7,55.7,0,0,0,0.697,AUTO_CV_METRIC
c13770eb1c3af2df,70359.2,127.1,43.7,0,0,0,0.546,AUTO_CV_METRIC
e1031267d9bee75d,606149.6,106.8,60.8,0,0,0,0.76,AUTO_CV_METRIC
7451842ec52b6eb9,338639.3,105.4,57.4,0,0,0,0.718,AUTO_CV_METRIC
034a76a15c4cdab8,1198132.8,108.2,58.3,0,0,0,0.729,AUTO_CV_METRIC
f3fac7931d3cb730,578863.1,121.0,63.7,0,0,0,0.796,AUTO_CV_METRIC
d7ec810cd4ef8359,660355.2,122.9,57.9,0,0,0,0.724,AUTO_CV_METRIC
ec0da7f20c82ba13,547720.8,111.2,58.7,0,0,0,0.734,AUTO_CV_METRIC
f07e95967425a1e6,665882.4,117.6,63.2,0,0,0,0.791,AUTO_CV_METRIC
4b758ef7cb720d04,284950.2,101.3,58.1,0,0,0,0.726,AUTO_CV_METRIC
f510e228ad22ce30,347820.6,100.2,61.6,0,0,0,0.769,AUTO_CV_METRIC
f6a791a7c968c308,696592.1,119.1,61.6,0,0,0,0.769,AUTO_CV_METRIC
a0ee5b8e35526ba2,481415.2,109.2,62.3,0,0,0,0.779,AUTO_CV_METRIC
273636ab1b1f2714,662513.8,118.4,61.9,0,0,0,0.773,AUTO_CV_METRIC
28e22a0c68ea8f55,528994.4,108.0,64.1,0,0,0,0.801,AUTO_CV_METRIC
4a3b45e09d5ee40a,550649.9,108.8,59.0,0,0,0,0.738,AUTO_CV_METRIC
9857fc96141b16ee,1045758.3,110.0,59.6,0,0,0,0.745,AUTO_CV_METRIC
b2f09fe927a35a2d,555030.9,111.9,57.9,0,0,0,0.724,AUTO_CV_METRIC
17f30b0313346cd2,689743.8,108.0,60.8,0,0,0,0.76,AUTO_CV_METRIC
8bd45f1d3e1ce73b,862117.6,107.9,55.9,0,0,0,0.698,AUTO_CV_METRIC
1421fed41c404019,596509.1,102.9,58.8,0,0,0,0.735,AUTO_CV_METRIC
1619cc4d02af49c9,997331.8,106.2,55.1,0,0,0,0.689,AUTO_CV_METRIC
d8d2c20dff012ec0,196061.6,103.0,47.2,0,0,0,0.59,AUTO_CV_METRIC
8f365eddaa0d7a85,559387.4,120.7,47.3,0,0,0,0.592,AUTO_CV_METRIC
fd059758513058f1,408137.1,116.5,53.7,0,0,0,0.672,AUTO_CV_METRIC
3191d5d0272cc6f3,618474.8,107.1,51.0,0,0,0,0.638,AUTO_CV_METRIC
daf39039cca694d2,544501.0,118.6,49.1,0,0,0,0.614,AUTO_CV_METRIC
49e931f8c72f8ba0,332885.0,111.6,48.7,0,0,0,0.608,AUTO_CV_METRIC
3e9a8d49f9dc95b0,357888.3,115.0,52.1,0,0,0,0.651,AUTO_CV_METRIC
8bed141624022d7e,564817.0,119.6,47.5,0,0,0,0.593,AUTO_CV_METRIC
7a902966e2b0397c,361691.0,113.1,47.8,0,0,0,0.597,AUTO_CV_METRIC
0c5fc8bc4cd63c7a,527598.8,116.1,49.3,0,0,0,0.616,AUTO_CV_METRIC
8f3870634f60b844,343575.9,111.5,47.3,0,0,0,0.591,AUTO_CV_METRIC
fb2a0a56da1f9068,436159.5,105.8,50.7,0,0,0,0.634,AUTO_CV_METRIC
93b795d25ef102df,622164.1,115.0,49.5,0,0,0,0.619,AUTO_CV_METRIC
4669b43b5e3acb04,408849.1,116.0,49.4,0,0,0,0.618,AUTO_CV_METRIC
f71672fa3cd52048,313465.8,109.1,50.7,0,0,0,0.634,AUTO_CV_METRIC
329e82e1affb9159,424319.3,131.3,48.2,0,0,0,0.603,AUTO_CV_METRIC
9592cdd514982bd2,340875.9,114.1,55.9,0,0,0,0.699,AUTO_CV_METRIC
a8f1bf4ea212d98f,613647.1,113.7,50.8,0,0,0,0.635,AUTO_CV_METRIC
c2d851f5be71926a,187879.5,125.2,48.3,0,0,0,0.604,AUTO_CV_METRIC
c9af7e327b9dce0f,816290.8,118.0,56.3,0,0,0,0.704,AUTO_CV_METRIC
8f3e8f04005dcff9,682171.6,111.0,51.2,0,0,0,0.64,AUTO_CV_METRIC
0d730e4211aeb325,309227.4,109.3,48.9,0,0,0,0.611,AUTO_CV_METRIC
65527d396ba01ee3,632377.6,111.7,47.9,0,0,0,0.598,AUTO_CV_METRIC
f6998012a44cd52f,486005.8,117.4,48.6,0,0,0,0.608,AUTO_CV_METRIC
bedb6802f69e4116,272450.8,120.0,49.6,0,0,0,0.62,AUTO_CV_METRIC
4e662f182fee0684,153901.4,135.3,43.6,0,0,0,0.545,AUTO_CV_METRIC
340a9cd820cfe217,353777.4,107.4,50.1,0,0,0,0.626,AUTO_CV_METRIC
bbb952fae239a0c2,240584.1,92.6,53.9,0,0,0,0.674,AUTO_CV_METRIC
ef755feb0c7f30a1,154966.6,106.5,42.6,0,0,0,0.533,AUTO_CV_METRIC
71c65b20641418bf,299408.5,100.3,57.9,0,0,0,0.724,AUTO_CV_METRIC
29e2386226114530,208801.5,108.9,48.2,0,0,0,0.603,AUTO_CV_METRIC
245449ccdf4a4ff2,69827.4,152.9,36.0,0,0,0,0.45,AUTO_CV_METRIC
3a753a000c1b0a79,216596.0,109.8,51.2,0,0,0,0.64,AUTO_CV_METRIC
c447c9880cdd620c,40670.0,151.4,40.8,0,0,0,0.511,AUTO_CV_METRIC
41e81721200a7b18,192149.7,91.7,58.0,0,0,0,0.724,AUTO_CV_METRIC
b5712c894c5e02ba,328095.4,107.6,50.0,0,0,0,0.624,AUTO_CV_METRIC
236952fef3f18e97,288027.8,107.2,49.5,0,0,0,0.618,AUTO_CV_METRIC
890e8d33853d3a6c,313468.3,95.2,59.0,0,0,0,0.738,AUTO_CV_METRIC
2f2549d1d1378ede,326101.2,108.6,52.2,0,0,0,0.653,AUTO_CV_METRIC
88dfd2ae55911af8,320854.1,97.4,54.3,0,0,0,0.679,AUTO_CV_METRIC
1651c1de082b8227,197849.1,86.6,58.3,0,0,0,0.729,AUTO_CV_METRIC
b2bc6edd815a4e12,184248.0,107.3,41.6,0,0,0,0.52,AUTO_CV_METRIC
e80c39b5eddee3f6,151776.3,93.3,56.9,0,0,0,0.711,AUTO_CV_METRIC
566fd6ddbc72c5ba,279591.1,102.0,52.2,0,0,0,0.653,AUTO_CV_METRIC
a9c06339e56d4473,308570.9,107.8,50.7,0,0,0,0.634,AUTO_CV_METRIC
bec811f7460cf8f1,212372.7,108.8,51.4,0,0,0,0.643,AUTO_CV_METRIC
51314321945ee938,63377.1,152.1,38.5,0,0,0,0.482,AUTO_CV_METRIC
7973251339604ea8,23425.4,149.2,36.5,0,0,0,0.456,AUTO_CV_METRIC
3f9e163222c961da,180063.2,118.0,41.7,0,0,0,0.521,AUTO_CV_METRIC
5c0a8d1106ad290c,395678.5,93.1,60.1,0,0,0,0.752,AUTO_CV_METRIC
e641f0139cf7779d,205882.2,108.2,52.3,0,0,0,0.654,AUTO_CV_METRIC
c8502ff9ca2db238,289698.5,98.6,58.8,0,0,0,0.735,AUTO_CV_METRIC
63f913744d15ab86,335049.8,104.9,49.8,0,0,0,0.623,AUTO_CV_METRIC
a6959c41c77be1d9,168254.5,105.1,47.6,0,0,0,0.595,AUTO_CV_METRIC
64782b29b5e7bf48,44388.9,85.0,52.8,0,0,0,0.66,AUTO_CV_METRIC
3ec20beee4174675,437368.7,110.6,47.1,0,0,0,0.589,AUTO_CV_METRIC
75c3da5ae19958df,228740.8,115.3,44.3,0,0,0,0.554,AUTO_CV_METRIC
ecc2d976059c4213,377466.0,135.6,52.3,0,0,0,0.654,AUTO_CV_METRIC
c7d4408a635cfc15,427630.7,112.7,52.4,0,0,0,0.655,AUTO_CV_METRIC
eb8369f6f3e31fe6,319802.4,132.8,54.1,0,0,0,0.676,AUTO_CV_METRIC
f06cb46b32878a8c,566091.9,107.1,59.0,0,0,0,0.737,AUTO_CV_METRIC
3b300eee196258f2,135007.3,114.1,45.8,0,0,0,0.573,AUTO_CV_METRIC
b47d3afe040e7792,54213.2,132.0,40.4,0,0,0,0.504,AUTO_CV_METRIC
46422351352bb41c,410557.4,128.2,56.9,0,0,0,0.711,AUTO_CV_METRIC
692987aca135da7f,468311.8,104.2,59.1,0,0,0,0.739,AUTO_CV_METRIC
84ee007b9e7c2e6a,613699.3,110.6,63.2,0,0,0,0.791,AUTO_CV_METRIC
1c2774cf3590db8e,261518.4,112.9,47.1,0,0,0,0.589,AUTO_CV_METRIC
c6b58d18762ccb7e,603578.7,106.0,55.5,0,0,0,0.693,AUTO_CV_METRIC
87168985bca631ba,606144.1,114.6,60.4,0,0,0,0.755,AUTO_CV_METRIC
0e2f0f88e30f3521,356413.7,116.1,62.6,0,0,0,0.783,AUTO_CV_METRIC
e6d88430bfa2e92d,439817.6,106.7,50.7,0,0,0,0.634,AUTO_CV_METRIC
0573573d13dce3a3,434330.6,106.4,50.7,0,0,0,0.634,AUTO_CV_METRIC
51369bd8b56311a3,205260.6,111.1,47.1,0,0,0,0.589,AUTO_CV_METRIC
581bba8c289af3e2,423299.5,107.6,55.3,0,0,0,0.691,AUTO_CV_METRIC
af89691e891c24d2,417745.8,102.7,55.6,0,0,0,0.695,AUTO_CV_METRIC
4a17f84a451eb624,295018.6,128.7,57.1,0,0,0,0.713,AUTO_CV_METRIC
b97cd344f0586488,448865.4,128.2,57.7,0,0,0,0.721,AUTO_CV_METRIC
26219e1fc4824310,610892.1,108.5,61.4,0,0,0,0.767,AUTO_CV_METRIC
776fc883c88c9c91,320817.2,129.5,56.8,0,0,0,0.71,AUTO_CV_METRIC
ab2391e6c18b1765,437630.2,124.5,58.1,0,0,0,0.726,AUTO_CV_METRIC
c3049c3519e49c51,500621.1,112.5,53.6,0,0,0,0.67,AUTO_CV_METRIC
0c35009bb4b76a6c,310471.8,113.9,57.3,0,0,0,0.717,AUTO_CV_METRIC
5fc2398e02aad85e,505161.9,93.6,67.8,0,0,0,0.848,AUTO_CV_METRIC
c1ffcb6ee4fee065,799217.3,115.7,61.9,0,0,0,0.774,AUTO_CV_METRIC
64f136ac199e66d8,943339.2,98.0,55.1,0,0,0,0.689,AUTO_CV_METRIC
c64fff5dca291dce,869627.8,105.0,55.2,0,0,0,0.691,AUTO_CV_METRIC
c256c54378aff68e,808215.9,115.4,60.3,0,0,0,0.754,AUTO_CV_METRIC
6bbb8859561e18a3,257335.2,111.9,52.5,0,0,0,0.656,AUTO_CV_METRIC
cd1fe3495cbd79e6,738431.9,120.6,46.7,0,0,0,0.584,AUTO_CV_METRIC
47a9d598a269ee6f,784960.4,120.0,57.7,0,0,0,0.721,AUTO_CV_METRIC
7cfde51e63e1e9e5,978067.8,114.7,61.3,0,0,0,0.767,AUTO_CV_METRIC
1bdbba1df693d87e,926087.4,101.4,57.0,0,0,0,0.713,AUTO_CV_METRIC
83d616e3dec86e76,786224.0,99.2,54.5,0,0,0,0.681,AUTO_CV_METRIC
4f4a6f44c9648eea,928758.1,123.8,57.4,0,0,0,0.717,AUTO_CV_METRIC
b1e3571a2c57ec73,498955.7,106.4,52.8,0,0,0,0.659,AUTO_CV_METRIC
81e5c6f52cad84f0,604030.6,117.8,48.6,0,0,0,0.607,AUTO_CV_METRIC
e814a68994c9122a,568834.5,105.2,51.1,0,0,0,0.639,AUTO_CV_METRIC
7f10042e41d40078,826588.9,108.7,52.1,0,0,0,0.652,AUTO_CV_METRIC
306c219262475697,647203.1,100.6,53.4,0,0,0,0.667,AUTO_CV_METRIC
de29f246805ae986,429348.1,122.3,59.0,0,0,0,0.737,AUTO_CV_METRIC
9f269ef37e8d695a,131348.5,91.3,62.6,0,0,0,0.782,AUTO_CV_METRIC
279b98430844e1ee,298356.1,96.6,66.9,0,0,0,0.836,AUTO_CV_METRIC
f3ec37e3a5aae741,1095437.6,102.0,53.4,0,0,0,0.668,AUTO_CV_METRIC
86886ebc4abd80e6,886744.4,100.6,57.8,0,0,0,0.722,AUTO_CV_METRIC
25c603e0562dbe39,273479.2,114.9,62.1,0,0,0,0.776,AUTO_CV_METRIC
fd9d5e13331793f4,217611.3,108.8,55.1,0,0,0,0.689,AUTO_CV_METRIC
68b839939872878f,128200.5,121.7,44.4,0,0,0,0.555,AUTO_CV_METRIC
1ade133e02e958d9,274463.6,122.6,53.0,0,0,0,0.663,AUTO_CV_METRIC
7e382ff22f219fac,356499.3,105.9,53.9,0,0,0,0.674,AUTO_CV_METRIC
6e185d880877225f,125462.3,119.0,43.8,0,0,0,0.547,AUTO_CV_METRIC
1d386c6970aa936b,182062.7,120.0,45.0,0,0,0,0.562,AUTO_CV_METRIC
2ef71242fba276db,465137.9,109.5,51.1,0,0,0,0.638,AUTO_CV_METRIC
5ffc1e8f913cf3ae,254472.0,109.0,47.0,0,0,0,0.588,AUTO_CV_METRIC
cb3ac20187ac7683,175448.9,106.3,55.8,0,0,0,0.697,AUTO_CV_METRIC
5a9df880ca692760,289869.3,126.6,51.9,0,0,0,0.649,AUTO_CV_METRIC
cf55a2ffc3e2be3b,187649.2,118.8,50.8,0,0,0,0.635,AUTO_CV_METRIC
387795d619f4c87e,288063.6,114.5,57.8,0,0,0,0.723,AUTO_CV_METRIC
9560f59cb9374a6d,196067.0,120.1,52.1,0,0,0,0.651,AUTO_CV_METRIC
e0c1c92dbfaa87a7,153772.3,114.4,45.2,0,0,0,0.564,AUTO_CV_METRIC
00aef1f6c89c3627,173437.9,119.8,46.7,0,0,0,0.584,AUTO_CV_METRIC
e2ba096778ad5cc4,497297.1,110.1,54.6,0,0,0,0.682,AUTO_CV_METRIC
b07990dc2ac14407,366531.8,115.5,56.4,0,0,0,0.705,AUTO_CV_METRIC
f7701f1e4ecb6624,224947.3,115.2,51.7,0,0,0,0.646,AUTO_CV_METRIC
2ad45882afcf1878,410611.2,108.3,53.3,0,0,0,0.666,AUTO_CV_METRIC
b6b48c0c73b4fe3c,227814.3,122.6,51.4,0,0,0,0.642,AUTO_CV_METRIC
50c33d3b2d5a80a7,452250.3,110.9,56.5,0,0,0,0.706,AUTO_CV_METRIC
1e88b654cb8e3042,263160.8,119.6,51.9,0,0,0,0.649,AUTO_CV_METRIC
151c1d1afe30ab98,562611.3,117.4,52.9,0,0,0,0.662,AUTO_CV_METRIC
c3193c0282ba0e3b,301539.7,116.0,53.7,0,0,0,0.671,AUTO_CV_METRIC
2974d6cd945a96ba,127540.7,118.2,44.2,0,0,0,0.553,AUTO_CV_METRIC
9e36f67ae7a7f1e8,241040.7,104.4,50.5,0,0,0,0.632,AUTO_CV_METRIC
25f6aa7a9bace8de,620476.8,102.8,63.0,0,0,0,0.787,AUTO_CV_METRIC
76d3814b81efa731,706555.6,99.2,63.5,0,0,0,0.793,AUTO_CV_METRIC
45e29ec9338cccd6,722081.1,101.4,66.0,0,0,0,0.825,AUTO_CV_METRIC
8bee6054a6405723,632858.9,110.2,65.4,0,0,0,0.817,AUTO_CV_METRIC
1e576025b07f3ffa,880290.4,99.4,68.4,0,0,0,0.855,AUTO_CV_METRIC
bf2402e3fd50455d,158488.8,121.0,53.5,0,0,0,0.669,AUTO_CV_METRIC
5a37b3a246336cba,988610.5,102.9,67.5,0,0,0,0.844,AUTO_CV_METRIC
627aa7f0b2833ab7,519315.4,111.3,50.4,0,0,0,0.63,AUTO_CV_METRIC
0a45f1630bc1bd57,658970.5,103.5,64.1,0,0,0,0.801,AUTO_CV_METRIC
87778721754cf970,244898.4,115.8,52.6,0,0,0,0.657,AUTO_CV_METRIC
a3ae0f0ac26dce4b,449315.6,106.5,64.0,0,0,0,0.799,AUTO_CV_METRIC
d861dd77afb4dd09,310771.3,103.0,69.4,0,0,0,0.868,AUTO_CV_METRIC
27210352a3d51db9,543409.5,110.3,48.2,0,0,0,0.603,AUTO_CV_METRIC
f985fb4a3e613264,279935.3,112.4,63.1,0,0,0,0.789,AUTO_CV_METRIC
565efa0f241a3d37,639168.1,108.1,65.0,0,0,0,0.813,AUTO_CV_METRIC
77aea328c2488b7a,772622.2,110.3,63.3,0,0,0,0.791,AUTO_CV_METRIC
37f7d3feb5b872a1,552021.3,124.5,45.9,0,0,0,0.573,AUTO_CV_METRIC
82050beed6ebbfd6,852822.8,111.8,62.9,0,0,0,0.786,AUTO_CV_METRIC
aea3fa06720e15f2,631687.4,105.0,66.6,0,0,0,0.832,AUTO_CV_METRIC
f24005cb58dcabba,536156.6,108.3,55.8,0,0,0,0.698,AUTO_CV_METRIC
35893633097a03d7,430361.3,110.2,55.4,0,0,0,0.693,AUTO_CV_METRIC
a858a69046032f6c,730245.1,100.1,57.8,0,0,0,0.723,AUTO_CV_METRIC
4df7f485f07622a9,552623.3,102.1,58.8,0,0,0,0.734,AUTO_CV_METRIC
7fc28f38b6860f43,682520.6,105.9,63.1,0,0,0,0.788,AUTO_CV_METRIC
ba0547f969810200,350838.4,105.4,58.3,0,0,0,0.729,AUTO_CV_METRIC
a47d5dda71d741e7,274636.0,97.3,54.3,0,0,0,0.679,AUTO_CV_METRIC
b7b19aea24e5612f,282411.6,93.8,55.4,0,0,0,0.692,AUTO_CV_METRIC
cf15d00333bf8a8a,586161.8,116.3,64.5,0,0,0,0.806,AUTO_CV_METRIC
dba79726d7642d43,893502.4,107.1,60.0,0,0,0,0.75,AUTO_CV_METRIC
3cfa8c040e637f77,292552.8,98.8,56.8,0,0,0,0.71,AUTO_CV_METRIC
718db11a30d7bd95,538586.1,117.8,63.9,0,0,0,0.799,AUTO_CV_METRIC
fcbe567075722826,320328.1,108.4,55.5,0,0,0,0.693,AUTO_CV_METRIC
a49b5beff722669d,442509.6,110.1,58.3,0,0,0,0.728,AUTO_CV_METRIC
cfdbb14af2eac0e0,578792.4,99.1,58.5,0,0,0,0.731,AUTO_CV_METRIC
c67d5b9acc219634,534109.3,104.5,56.6,0,0,0,0.707,AUTO_CV_METRIC
810a2e2e21761fc9,686313.6,102.2,57.8,0,0,0,0.723,AUTO_CV_METRIC
e72bf2b64bbec39f,408499.7,121.6,65.9,0,0,0,0.824,AUTO_CV_METRIC
56f0b66c7fe93947,443759.3,115.3,64.3,0,0,0,0.803,AUTO_CV_METRIC
d33c40dc6778163f,344432.3,103.8,59.5,0,0,0,0.744,AUTO_CV_METRIC
9f4eb4896a6db0bc,433021.6,109.9,56.5,0,0,0,0.706,AUTO_CV_METRIC
4cc7e775bd000288,729575.3,119.7,67.7,0,0,0,0.846,AUTO_CV_METRIC
c2f0e7be0a0ff626,476412.2,105.4,55.7,0,0,0,0.696,AUTO_CV_METRIC
98a367b7bd8d11de,440146.7,105.2,61.4,0,0,0,0.768,AUTO_CV_METRIC
ae1a30b8ed1fb940,428884.4,121.2,52.3,0,0,0,0.653,AUTO_CV_METRIC
69a9befbf6b4ecf8,411471.0,99.0,61.7,0,0,0,0.771,AUTO_CV_METRIC
096a678be2f084ec,318814.5,138.8,45.9,0,0,0,0.574,AUTO_CV_METRIC
28ac654be4f4977d,326896.8,121.7,53.3,0,0,0,0.666,AUTO_CV_METRIC
495e0e0a923b61c6,483804.9,140.3,48.6,0,0,0,0.608,AUTO_CV_METRIC
8b50fc1e15fcc9f4,130941.2,145.7,52.0,0,0,0,0.649,AUTO_CV_METRIC
bd0945af49c20efb,664503.2,103.5,56.5,0,0,0,0.706,AUTO_CV_METRIC
91c7e024759e7abe,422301.8,125.9,53.8,0,0,0,0.672,AUTO_CV_METRIC
c21a47913efea4c1,502448.2,134.5,47.8,0,0,0,0.598,AUTO_CV_METRIC
129b725518406f2c,227930.2,142.4,43.3,0,0,0,0.541,AUTO_CV_METRIC
f6d49dffbf19f0d3,538216.4,120.2,49.0,0,0,0,0.613,AUTO_CV_METRIC
4aba02f94bdeb7c6,226937.3,148.3,40.4,0,0,0,0.505,AUTO_CV_METRIC
2e96bae99630c7f6,409828.7,141.2,47.5,0,0,0,0.594,AUTO_CV_METRIC
3a8647cef1343674,390320.5,108.9,52.6,0,0,0,0.658,AUTO_CV_METRIC
3acd7039ce559cfe,841684.0,99.5,56.8,0,0,0,0.71,AUTO_CV_METRIC
44c2f70142d520ba,294899.4,146.0,47.5,0,0,0,0.593,AUTO_CV_METRIC
e3fb1a6471e08d08,364476.3,137.3,46.6,0,0,0,0.582,AUTO_CV_METRIC
c1453b51ebe6fcec,186855.1,121.4,50.9,0,0,0,0.636,AUTO_CV_METRIC
2702cb60262a1ab6,188321.6,140.9,42.8,0,0,0,0.535,AUTO_CV_METRIC
c57d8270696e1ea9,352491.8,122.2,49.3,0,0,0,0.616,AUTO_CV_METRIC
ee0d2bb5cc4c50e4,202677.0,144.5,49.2,0,0,0,0.615,AUTO_CV_METRIC
c43eea3578787f75,724808.6,129.0,56.4,0,0,0,0.704,AUTO_CV_METRIC
fac86108002f9906,637829.0,112.4,52.2,0,0,0,0.652,AUTO_CV_METRIC
ad1797a946e59bb4,425535.3,140.6,47.8,0,0,0,0.597,AUTO_CV_METRIC
59d0575fef97d1ac,569116.1,112.9,50.7,0,0,0,0.634,AUTO_CV_METRIC
3fc7b91a30549dd6,350530.8,140.2,43.3,0,0,0,0.541,AUTO_CV_METRIC
a90632b2b49f8006,456833.1,131.0,48.4,0,0,0,0.605,AUTO_CV_METRIC
911a5d007598c573,570248.7,116.9,52.8,0,0,0,0.661,AUTO_CV_METRIC
3f3357fbc6c64a43,500665.3,148.3,53.4,0,0,0,0.668,AUTO_CV_METRIC
1c226c4ff6bba48b,644946.7,112.2,51.8,0,0,0,0.648,AUTO_CV_METRIC
00f4a68917974765,153628.9,146.6,39.9,0,0,0,0.499,AUTO_CV_METRIC
801a5a0b2e0d1afe,323654.0,141.5,40.6,0,0,0,0.508,AUTO_CV_METRIC
e76140d5e6c00776,238317.8,102.8,50.5,0,0,0,0.631,AUTO_CV_METRIC
7b81245b1a7c9d49,413930.8,112.2,51.7,0,0,0,0.646,AUTO_CV_METRIC
37fd6e72b6aefc67,390792.3,129.8,43.7,0,0,0,0.546,AUTO_CV_METRIC
4354c92c83a7d061,367742.5,123.1,48.2,0,0,0,0.602,AUTO_CV_METRIC
da22fa7892e3da02,348886.9,111.5,49.2,0,0,0,0.615,AUTO_CV_METRIC
5fe6ecbc9acd6cef,563940.6,111.2,51.2,0,0,0,0.64,AUTO_CV_METRIC
cda1b5a8e6157d09,196165.4,109.4,50.5,0,0,0,0.631,AUTO_CV_METRIC
c08f82de5f93c1bf,231248.2,114.6,48.9,0,0,0,0.611,AUTO_CV_METRIC
4e108761d66c7faf,430830.9,125.1,45.7,0,0,0,0.571,AUTO_CV_METRIC
0811ccf6f93a09ad,374748.3,103.3,53.1,0,0,0,0.663,AUTO_CV_METRIC
fb8e9ff85e96a6ac,383679.6,122.7,49.1,0,0,0,0.613,AUTO_CV_METRIC
2fc621459fda8628,471724.1,109.0,51.4,0,0,0,0.642,AUTO_CV_METRIC
679530b6e74213fc,389517.7,131.0,45.3,0,0,0,0.567,AUTO_CV_METRIC
783b2a568958469c,390035.1,109.8,52.9,0,0,0,0.661,AUTO_CV_METRIC
c11160d062bb6227,365188.7,121.1,47.2,0,0,0,0.59,AUTO_CV_METRIC
a5a8fc369839f853,396437.6,110.9,52.0,0,0,0,0.651,AUTO_CV_METRIC
317ac95cfaa66a0b,215432.4,107.1,52.7,0,0,0,0.659,AUTO_CV_METRIC
45e3142f1cfd55a6,355118.0,115.8,52.7,0,0,0,0.658,AUTO_CV_METRIC
cfc30ba4c34678e1,504621.2,110.8,59.0,0,0,0,0.737,AUTO_CV_METRIC
2a31ca7973f0c11f,516537.8,123.0,47.4,0,0,0,0.592,AUTO_CV_METRIC
eb9a0e80c0b45956,511169.5,108.8,51.4,0,0,0,0.643,AUTO_CV_METRIC
77ed3f87039dc8a6,524880.1,107.6,51.8,0,0,0,0.648,AUTO_CV_METRIC
6660f3cf84b3c4c0,403823.3,111.5,52.0,0,0,0,0.649,AUTO_CV_METRIC
b1ef49858d9d4ddf,230474.4,134.3,42.3,0,0,0,0.528,AUTO_CV_METRIC
d8d209eb19e6b2fd,520641.8,111.8,52.4,0,0,0,0.655,AUTO_CV_METRIC
9945f767475132a8,369819.7,110.3,52.0,0,0,0,0.651,AUTO_CV_METRIC
e8f14c76ac5ff2de,326458.2,121.7,47.3,0,0,0,0.591,AUTO_CV_METRIC
5e2d8af7a02f0e4a,404637.8,129.7,46.9,0,0,0,0.587,AUTO_CV_METRIC
5e36af4667fb7746,420541.4,124.7,46.0,0,0,0,0.575,AUTO_CV_METRIC
5730f8265b9cf6b6,459970.1,109.7,54.1,0,0,0,0.676,AUTO_CV_METRIC
3c06d28109017819,488149.8,117.8,53.0,0,0,0,0.663,AUTO_CV_METRIC
4588d3449013929f,337215.2,117.8,51.4,0,0,0,0.642,AUTO_CV_METRIC
e5e773588a0f0c24,358186.9,110.4,65.6,0,0,0,0.82,AUTO_CV_METRIC
64153c07289b7670,266218.5,116.8,51.1,0,0,0,0.639,AUTO_CV_METRIC
52e8bf0527930761,459259.4,119.0,54.9,0,0,0,0.686,AUTO_CV_METRIC
53014387ea056dee,466339.9,119.2,52.2,0,0,0,0.653,AUTO_CV_METRIC
a2fb2c1c67d9702b,326142.5,101.5,59.2,0,0,0,0.74,AUTO_CV_METRIC
d430778a581795e9,299885.1,92.9,60.5,0,0,0,0.757,AUTO_CV_METRIC
bcc8e8cb0dccde9d,579557.7,119.4,56.3,0,0,0,0.703,AUTO_CV_METRIC
5fd10420c47a8ca6,666518.6,124.3,56.3,0,0,0,0.703,AUTO_CV_METRIC
62393ad3804f9456,365382.7,118.1,51.8,0,0,0,0.648,AUTO_CV_METRIC
c4d0ce3ee429307d,306397.8,119.5,49.4,0,0,0,0.617,AUTO_CV_METRIC
db4ccd3718cfafd3,432453.8,117.6,51.5,0,0,0,0.644,AUTO_CV_METRIC
8ff03be54f1a93b3,437653.3,116.5,51.7,0,0,0,0.647,AUTO_CV_METRIC
456870524fbfce5f,399129.8,103.2,60.8,0,0,0,0.76,AUTO_CV_METRIC
52887462b4d74135,293184.8,117.1,51.0,0,0,0,0.637,AUTO_CV_METRIC
8a9932ea141363a3,556951.4,102.8,63.2,0,0,0,0.79,AUTO_CV_METRIC
5aa2ee2c06557922,339116.8,109.7,62.7,0,0,0,0.784,AUTO_CV_METRIC
a150a0d35ce7fdb9,345114.8,114.7,51.6,0,0,0,0.645,AUTO_CV_METRIC
5fc963d78b225e61,312975.5,121.6,49.3,0,0,0,0.616,AUTO_CV_METRIC
c2299902c9897bec,388991.9,120.8,53.2,0,0,0,0.665,AUTO_CV_METRIC
a548c8e949112536,397764.0,130.0,53.7,0,0,0,0.671,AUTO_CV_METRIC
9c79dba58c6d9e3a,619341.1,118.8,52.1,0,0,0,0.651,AUTO_CV_METRIC
7818399624cc07b5,445702.9,117.2,51.2,0,0,0,0.64,AUTO_CV_METRIC
8cd61bb0847e35ff,526330.6,126.6,52.5,0,0,0,0.656,AUTO_CV_METRIC
ce93c9287f5585cd,465379.5,101.9,62.1,0,0,0,0.776,AUTO_CV_METRIC
a97bf65676645e12,344883.4,127.7,52.7,0,0,0,0.659,AUTO_CV_METRIC
3df7ed69d2718628,384634.1,119.8,53.5,0,0,0,0.668,AUTO_CV_METRIC
2181373deb0aed66,478009.9,120.4,60.5,0,0,0,0.757,AUTO_CV_METRIC
a2d4d1d8e7290dbc,543705.6,126.9,51.7,0,0,0,0.647,AUTO_CV_METRIC
eebac19ef784b74d,299389.6,123.6,44.3,0,0,0,0.554,AUTO_CV_METRIC
c846d438d441192f,406285.8,123.5,57.3,0,0,0,0.716,AUTO_CV_METRIC
7c6ebcc9b217fed0,445487.6,127.2,60.0,0,0,0,0.749,AUTO_CV_METRIC
14ac20f0457ae664,221626.5,125.3,47.7,0,0,0,0.596,AUTO_CV_METRIC
f8bb2f073ee283cb,297037.5,112.3,58.2,0,0,0,0.728,AUTO_CV_METRIC
c7f1189b0184fd03,550231.4,129.3,51.0,0,0,0,0.638,AUTO_CV_METRIC
bb72eecb2aba1c26,396679.5,118.5,60.3,0,0,0,0.753,AUTO_CV_METRIC
4d3f02aab5b6ce0f,515819.0,135.0,49.1,0,0,0,0.614,AUTO_CV_METRIC
2323fec66ab00f12,548515.1,126.1,57.3,0,0,0,0.716,AUTO_CV_METRIC
31e21a557dae5298,412177.2,121.5,61.8,0,0,0,0.773,AUTO_CV_METRIC
384db085b2e483c0,508644.8,132.3,52.6,0,0,0,0.658,AUTO_CV_METRIC
9953523086463e14,424330.3,127.0,51.4,0,0,0,0.643,AUTO_CV_METRIC
fab60c09ae9960bc,637015.6,125.4,56.4,0,0,0,0.705,AUTO_CV_METRIC
091edbd1ee2fb3aa,409298.2,126.8,54.3,0,0,0,0.679,AUTO_CV_METRIC
f311b8124acd04f2,534355.5,124.2,61.3,0,0,0,0.766,AUTO_CV_METRIC
4432716708229e3c,549858.8,128.3,50.7,0,0,0,0.634,AUTO_CV_METRIC
3e080f415d709e4a,559537.4,124.6,56.0,0,0,0,0.7,AUTO_CV_METRIC
154d82e441883acb,225640.9,111.4,57.7,0,0,0,0.721,AUTO_CV_METRIC
8329cc9905783587,495830.9,128.2,51.3,0,0,0,0.641,AUTO_CV_METRIC
c9332c1a7f96e3d2,453112.6,130.3,49.8,0,0,0,0.623,AUTO_CV_METRIC
ad5a0b8f571e83d8,240048.2,118.6,62.0,0,0,0,0.775,AUTO_CV_METRIC
6eb92d71d85066c8,325365.1,138.8,41.6,0,0,0,0.52,AUTO_CV_METRIC
cf753d96192fb27f,481423.8,131.0,52.5,0,0,0,0.657,AUTO_CV_METRIC
d879a8c700914784,178424.6,108.5,47.8,0,0,0,0.597,AUTO_CV_METRIC
a18f1f027f492928,219049.3,130.8,44.0,0,0,0,0.551,AUTO_CV_METRIC
a5ae58da2601e206,267960.9,135.5,49.9,0,0,0,0.624,AUTO_CV_METRIC
71bd1da3bfc53075,267953.0,131.3,47.0,0,0,0,0.588,AUTO_CV_METRIC
b7bb3231501a5612,328988.7,134.9,46.6,0,0,0,0.582,AUTO_CV_METRIC
d79e4fe11913a333,487386.4,121.4,49.1,0,0,0,0.614,AUTO_CV_METRIC
2566072fa142d29c,146870.6,108.8,43.3,0,0,0,0.541,AUTO_CV_METRIC
159d6a47cec9c173,197096.2,105.1,49.6,0,0,0,0.62,AUTO_CV_METRIC
9122879fc61bb487,288463.1,130.3,46.0,0,0,0,0.576,AUTO_CV_METRIC
3d714e494c10f653,177554.4,126.5,47.2,0,0,0,0.59,AUTO_CV_METRIC
546f7b8b691bd1f3,210023.5,134.1,42.7,0,0,0,0.533,AUTO_CV_METRIC
6b7d664df9861674,483151.4,134.9,50.9,0,0,0,0.637,AUTO_CV_METRIC
408278d56ce7ad41,732317.9,104.4,62.7,0,0,0,0.784,AUTO_CV_METRIC
db14559134dbe3a9,242918.2,135.1,45.5,0,0,0,0.569,AUTO_CV_METRIC
839fb52f55d8aa80,339031.7,97.2,57.9,0,0,0,0.724,AUTO_CV_METRIC
892610c3bd82cdd9,358584.8,111.5,62.4,0,0,0,0.78,AUTO_CV_METRIC
471a2b52f6354c51,195155.4,144.3,40.4,0,0,0,0.506,AUTO_CV_METRIC
b14933f453b04589,252419.2,136.9,48.4,0,0,0,0.605,AUTO_CV_METRIC
ea80c963d793c1f4,552064.4,106.9,61.2,0,0,0,0.764,AUTO_CV_METRIC
ff03b1e304a0ef5e,145781.0,106.1,44.4,0,0,0,0.555,AUTO_CV_METRIC
5fe23518fd167a0d,280027.2,129.5,47.0,0,0,0,0.587,AUTO_CV_METRIC
9788e1233508830d,155703.9,107.0,45.1,0,0,0,0.564,AUTO_CV_METRIC
38cce791dba90265,428343.9,134.2,52.5,0,0,0,0.657,AUTO_CV_METRIC
587efd65412f0fd7,196123.7,108.8,55.8,0,0,0,0.698,AUTO_CV_METRIC
e5fba0395b2c6a0a,509898.9,105.3,68.1,0,0,0,0.851,AUTO_CV_METRIC
9ef24a72350aa3f4,414688.6,122.6,50.3,0,0,0,0.629,AUTO_CV_METRIC
d7082c319f66b7a2,463622.4,107.2,67.3,0,0,0,0.841,AUTO_CV_METRIC
50d28f931c1326e6,679709.8,105.4,64.6,0,0,0,0.808,AUTO_CV_METRIC
56a5fe28aa337ffc,706130.2,114.4,62.3,0,0,0,0.779,AUTO_CV_METRIC
e42ac68d9115c506,901145.4,104.7,65.3,0,0,0,0.816,AUTO_CV_METRIC
9e89aca3f23b6aaa,668763.2,113.1,58.7,0,0,0,0.734,AUTO_CV_METRIC
57e04f4339c38208,413063.7,102.1,49.5,0,0,0,0.619,AUTO_CV_METRIC
048e52dbef5abf09,566648.9,118.8,51.4,0,0,0,0.643,AUTO_CV_METRIC
b7fb2faa9a576c83,827950.9,102.8,54.7,0,0,0,0.684,AUTO_CV_METRIC
bb89e0df49d9b3c0,338732.3,101.6,59.6,0,0,0,0.745,AUTO_CV_METRIC
b3ee081b1744ac45,1074772.8,109.6,61.3,0,0,0,0.766,AUTO_CV_METRIC
945bf0a11405e67b,498466.8,100.2,49.3,0,0,0,0.616,AUTO_CV_METRIC
f0a7eb32e6bdda82,357963.2,119.4,45.9,0,0,0,0.574,AUTO_CV_METRIC
9a81697f936eddd3,349537.7,125.5,46.4,0,0,0,0.58,AUTO_CV_METRIC
23e868727b221104,459138.4,108.6,54.2,0,0,0,0.678,AUTO_CV_METRIC
3b52a8f4598c6399,886141.6,96.1,61.5,0,0,0,0.769,AUTO_CV_METRIC
cce21162413a930c,505297.8,108.9,53.4,0,0,0,0.668,AUTO_CV_METRIC
ee06fcc4ea06bd90,368989.1,112.7,51.6,0,0,0,0.645,AUTO_CV_METRIC
b5da3a85eaf16796,1134766.4,110.7,62.3,0,0,0,0.779,AUTO_CV_METRIC
6f2035b86d4cbc15,208068.6,114.2,45.9,0,0,0,0.573,AUTO_CV_METRIC
85f6779c51d15c0f,405494.7,99.2,49.9,0,0,0,0.624,AUTO_CV_METRIC
c73c4204e7063c12,240884.7,110.6,46.4,0,0,0,0.58,AUTO_CV_METRIC
b7878ca1d027d4a2,375296.4,110.4,48.9,0,0,0,0.612,AUTO_CV_METRIC
bb3dcdfebf5c6d70,856788.5,96.4,64.8,0,0,0,0.81,AUTO_CV_METRIC
5aa702e6d02242d7,195271.3,117.6,47.9,0,0,0,0.599,AUTO_CV_METRIC
2a9bd6e09e5291d7,596603.6,86.8,61.6,0,0,0,0.77,AUTO_CV_METRIC
076078553157ce98,644129.4,132.1,54.6,0,0,0,0.683,AUTO_CV_METRIC
c00256b6414c2bcb,436408.9,98.7,68.6,0,0,0,0.857,AUTO_CV_METRIC
bd874b379ec97dea,282839.0,104.2,52.0,0,0,0,0.65,AUTO_CV_METRIC
7374f721ee9ba574,731019.2,101.8,56.3,0,0,0,0.704,AUTO_CV_METRIC
32bba670a67f3830,522770.4,101.3,58.7,0,0,0,0.733,AUTO_CV_METRIC
c3e82316ab6a7a41,811207.6,137.9,50.0,0,0,0,0.625,AUTO_CV_METRIC
0a70f61780b3dde4,381600.2,109.2,49.7,0,0,0,0.621,AUTO_CV_METRIC
e874bc56029d41c3,579695.8,106.4,64.2,0,0,0,0.802,AUTO_CV_METRIC
072f71edfc84a38a,295491.5,115.7,46.0,0,0,0,0.575,AUTO_CV_METRIC
23485f685024d9ae,747194.4,124.8,51.5,0,0,0,0.644,AUTO_CV_METRIC
21dba33280602b91,414438.0,97.3,61.3,0,0,0,0.766,AUTO_CV_METRIC
ae17bb62999ff60f,293496.5,113.5,54.5,0,0,0,0.681,AUTO_CV_METRIC
447dab5956a81122,387259.2,116.2,50.2,0,0,0,0.627,AUTO_CV_METRIC
05a5d692eb9e3b13,252681.8,109.6,48.4,0,0,0,0.604,AUTO_CV_METRIC
ba302766f99ae6fd,468785.4,95.2,66.8,0,0,0,0.834,AUTO_CV_METRIC
f8226e4b49d9666b,202849.9,111.5,47.3,0,0,0,0.591,AUTO_CV_METRIC
99bd01729cc4f41e,247935.4,106.9,52.6,0,0,0,0.657,AUTO_CV_METRIC
de34eb7265a8aab5,281426.9,107.0,51.6,0,0,0,0.646,AUTO_CV_METRIC
52255b370ba5dc55,263176.9,109.9,49.9,0,0,0,0.623,AUTO_CV_METRIC
c7f11d98fcd61d43,470613.6,104.1,53.3,0,0,0,0.666,AUTO_CV_METRIC
abc96fb0970c1b86,393595.8,114.2,48.9,0,0,0,0.611,AUTO_CV_METRIC
30fb9d6d350ff048,156471.0,115.9,47.1,0,0,0,0.589,AUTO_CV_METRIC
7e0eb99c2a3602fa,791827.1,100.8,55.9,0,0,0,0.699,AUTO_CV_METRIC
36593d1c941e52be,669190.1,106.5,51.6,0,0,0,0.644,AUTO_CV_METRIC
473630603ffa1d92,657720.0,114.5,45.7,0,0,0,0.571,AUTO_CV_METRIC
e94bedd10ecc5354,1058432.9,106.6,59.9,0,0,0,0.749,AUTO_CV_METRIC
3c1a89351357e871,668926.8,108.0,51.8,0,0,0,0.647,AUTO_CV_METRIC
535615e133a54ade,529530.2,112.4,47.1,0,0,0,0.588,AUTO_CV_METRIC
9e907831d95b55b9,828583.7,114.1,49.4,0,0,0,0.618,AUTO_CV_METRIC
5641b12a5a4da638,763190.9,112.2,56.3,0,0,0,0.704,AUTO_CV_METRIC
31d6d876b9c362ce,482779.3,101.9,52.3,0,0,0,0.654,AUTO_CV_METRIC
ced345abb5a59446,441965.0,111.6,54.2,0,0,0,0.677,AUTO_CV_METRIC
4146052be2c4bb7b,747929.4,103.1,53.0,0,0,0,0.663,AUTO_CV_METRIC
e1a1d829d70c078a,894974.0,99.5,58.4,0,0,0,0.73,AUTO_CV_METRIC
015ccf831afd44fa,803330.1,109.8,52.4,0,0,0,0.655,AUTO_CV_METRIC
bebff83b38b643e8,1112211.6,102.6,60.2,0,0,0,0.752,AUTO_CV_METRIC
35d9ba3bab0bc79c,644372.6,104.6,51.3,0,0,0,0.642,AUTO_CV_METRIC
9628c25763ee5840,795709.1,115.2,49.2,0,0,0,0.614,AUTO_CV_METRIC
83561fde443451ee,533452.8,111.6,47.6,0,0,0,0.595,AUTO_CV_METRIC
c5ddb8634fd1cb21,883184.1,105.1,59.3,0,0,0,0.742,AUTO_CV_METRIC
8423847e2e032f86,397115.4,118.2,53.0,0,0,0,0.663,AUTO_CV_METRIC
52a29ada5a8e3196,784374.8,113.3,53.4,0,0,0,0.667,AUTO_CV_METRIC
769a2cec2be7df35,945280.9,115.1,59.2,0,0,0,0.74,AUTO_CV_METRIC
d68c56e019382cef,876274.6,99.6,59.3,0,0,0,0.741,AUTO_CV_METRIC
a275c7b6a0441389,663763.2,104.6,54.4,0,0,0,0.68,AUTO_CV_METRIC
63f2c14d8065e8d9,854995.9,111.9,54.1,0,0,0,0.676,AUTO_CV_METRIC
ebd7812c1e6e7e5e,747676.5,109.4,51.2,0,0,0,0.64,AUTO_CV_METRIC
0d30c3b7438a90ef,615353.5,101.0,53.5,0,0,0,0.669,AUTO_CV_METRIC
92b3a5f6ce687cd6,546372.2,112.0,48.9,0,0,0,0.611,AUTO_CV_METRIC
b2de424e2b4c444f,493923.4,96.7,69.0,0,0,0,0.862,AUTO_CV_METRIC
85091fbab5b5c0fa,572113.6,125.1,57.1,0,0,0,0.714,AUTO_CV_METRIC
d2af64195e31cc00,614445.6,104.4,65.9,0,0,0,0.823,AUTO_CV_METRIC
3919e52b8f6af228,653906.1,107.9,52.9,0,0,0,0.661,AUTO_CV_METRIC
81c2a8a46e937a61,216566.7,109.4,48.3,0,0,0,0.604,AUTO_CV_METRIC
ae72cc4b211187cd,168576.5,110.7,39.0,0,0,0,0.488,AUTO_CV_METRIC
689d48fa52bcab21,575461.2,98.0,59.5,0,0,0,0.744,AUTO_CV_METRIC
39d86caeaeebd94f,547622.9,103.5,65.2,0,0,0,0.815,AUTO_CV_METRIC
401292de6cf3d510,403310.1,105.4,59.4,0,0,0,0.742,AUTO_CV_METRIC
98199c4bba023309,481918.8,108.4,43.2,0,0,0,0.54,AUTO_CV_METRIC
ef7efeb842a809dc,612521.1,111.3,54.7,0,0,0,0.684,AUTO_CV_METRIC
44c93fff62c3e2c7,356931.1,110.6,50.1,0,0,0,0.626,AUTO_CV_METRIC
3a2d58a37a061c3a,419949.4,103.1,70.7,0,0,0,0.883,AUTO_CV_METRIC
2323c143cbc13eb6,664886.4,110.8,55.4,0,0,0,0.692,AUTO_CV_METRIC
6befba94e66b328c,599860.7,105.5,61.3,0,0,0,0.766,AUTO_CV_METRIC
b3db94a812ae80ac,734274.3,115.9,57.6,0,0,0,0.72,AUTO_CV_METRIC
a4108243382e182e,245525.3,112.9,49.2,0,0,0,0.615,AUTO_CV_METRIC
9683876910a7dab1,322627.9,93.7,60.7,0,0,0,0.759,AUTO_CV_METRIC
f17706033f1a1d6d,791901.3,97.7,56.1,0,0,0,0.701,AUTO_CV_METRIC
38253bbd991c8223,548315.8,97.6,66.3,0,0,0,0.828,AUTO_CV_METRIC
e8acef43c54570fb,657345.4,95.2,50.8,0,0,0,0.634,AUTO_CV_METRIC
9ba6921479ceee30,492422.8,97.8,50.3,0,0,0,0.629,AUTO_CV_METRIC
cee86a928af3c51e,346323.7,116.6,41.1,0,0,0,0.513,AUTO_CV_METRIC
a08e2ba2c6e16178,321048.6,119.5,41.8,0,0,0,0.522,AUTO_CV_METRIC
d86dcf8d030335bb,530450.6,123.9,42.9,0,0,0,0.537,AUTO_CV_METRIC
551faf3a72b302f0,372808.2,119.8,56.1,0,0,0,0.701,AUTO_CV_METRIC
f0c8d0cb2fbd4253,536681.9,118.7,54.6,0,0,0,0.683,AUTO_CV_METRIC
6f243d69507649fc,369967.4,109.5,51.5,0,0,0,0.643,AUTO_CV_METRIC
af6711e5af918bc2,632492.8,117.3,58.8,0,0,0,0.735,AUTO_CV_METRIC
d8352aa467a2239b,490055.4,103.4,44.1,0,0,0,0.551,AUTO_CV_METRIC
8c8b0fbe253da068,323337.2,104.5,65.0,0,0,0,0.813,AUTO_CV_METRIC
ed6b86f5d244db79,765900.8,99.5,59.7,0,0,0,0.747,AUTO_CV_METRIC
69e385112a488309,623111.2,101.4,66.9,0,0,0,0.836,AUTO_CV_METRIC
40d861fa8c7e7956,425906.2,107.9,50.0,0,0,0,0.625,AUTO_CV_METRIC
0f25b825a4af195d,275391.8,111.1,47.6,0,0,0,0.595,AUTO_CV_METRIC
0a83e5734bce97c2,355115.2,108.9,56.7,0,0,0,0.709,AUTO_CV_METRIC
59f1aa68a522d9b3,222889.1,110.1,50.3,0,0,0,0.628,AUTO_CV_METRIC
518922d7527da015,533686.9,111.3,43.0,0,0,0,0.537,AUTO_CV_METRIC
de921b44743c310f,331321.0,117.6,46.8,0,0,0,0.584,AUTO_CV_METRIC
04a9aeca9ed8ca2c,348771.6,92.8,52.8,0,0,0,0.66,AUTO_CV_METRIC
f50af8f9a1208219,467976.7,114.9,54.0,0,0,0,0.675,AUTO_CV_METRIC
60e0ed7a3bce0387,306454.1,117.9,46.5,0,0,0,0.581,AUTO_CV_METRIC
4b72b93f1e2e221c,283156.7,116.3,39.6,0,0,0,0.496,AUTO_CV_METRIC
6b1985fa06f7ef9b,240535.9,113.3,55.4,0,0,0,0.693,AUTO_CV_METRIC
aac758e9597e49e6,351440.4,108.9,48.2,0,0,0,0.603,AUTO_CV_METRIC
4ed438c4e24a9cb7,715398.2,98.6,59.3,0,0,0,0.742,AUTO_CV_METRIC
a996dd4bdb155035,274012.2,113.3,47.7,0,0,0,0.597,AUTO_CV_METRIC
c7d0b20d0c9c6eac,349095.5,109.1,52.5,0,0,0,0.657,AUTO_CV_METRIC
e1d25e3948c5ecd5,389459.0,98.9,54.6,0,0,0,0.683,AUTO_CV_METRIC
2b21d5e45f60ebac,284556.2,113.2,50.0,0,0,0,0.625,AUTO_CV_METRIC
56b878b406861c7e,454618.3,86.7,66.2,0,0,0,0.828,AUTO_CV_METRIC
3b0bd0c5c2fe3462,564397.3,110.7,45.3,0,0,0,0.566,AUTO_CV_METRIC
b06f136804b64de1,244896.4,114.1,46.7,0,0,0,0.584,AUTO_CV_METRIC
b3c7c535671bcbcf,455023.6,110.7,54.6,0,0,0,0.682,AUTO_CV_METRIC
9d532f12677b0f71,317837.9,123.1,51.1,0,0,0,0.639,AUTO_CV_METRIC
8bf8c0271d568be7,190301.5,99.3,53.8,0,0,0,0.672,AUTO_CV_METRIC
829f9da7c6446f91,330456.1,97.0,55.9,0,0,0,0.699,AUTO_CV_METRIC
239c8013988a65ff,253910.2,117.1,53.0,0,0,0,0.662,AUTO_CV_METRIC
994dcbe939b338f5,529002.2,77.0,53.5,0,0,0,0.669,AUTO_CV_METRIC
fdfaa8c048646b52,232859.4,103.2,45.0,0,0,0,0.563,AUTO_CV_METRIC
1dee80d57bd18524,300834.1,100.5,54.5,0,0,0,0.682,AUTO_CV_METRIC
2642191cd5621463,230253.0,114.9,52.3,0,0,0,0.653,AUTO_CV_METRIC
701ffbe1c365c6cd,408876.3,98.2,54.8,0,0,0,0.685,AUTO_CV_METRIC
17bc18c168f06583,870993.5,108.6,63.3,0,0,0,0.791,AUTO_CV_METRIC
3a74391056499cb1,581868.0,107.6,57.1,0,0,0,0.714,AUTO_CV_METRIC
8980670ec7aac39f,183328.9,102.4,56.4,0,0,0,0.705,AUTO_CV_METRIC
090fdc8db222f0ac,200107.4,110.5,52.6,0,0,0,0.658,AUTO_CV_METRIC
477fd184423b2220,540593.1,97.5,45.6,0,0,0,0.57,AUTO_CV_METRIC
b9574e0d8dfe3e43,399924.6,112.9,49.0,0,0,0,0.613,AUTO_CV_METRIC
292976a7dde440de,526076.4,114.9,61.0,0,0,0,0.763,AUTO_CV_METRIC
aa1dac87510f45a7,132063.6,101.6,52.5,0,0,0,0.656,AUTO_CV_METRIC
cc975339fe4f03e8,308664.1,106.6,62.0,0,0,0,0.775,AUTO_CV_METRIC
47605366b19381a8,414370.4,109.3,64.0,0,0,0,0.799,AUTO_CV_METRIC
3b2d338e172de374,355358.8,106.7,59.1,0,0,0,0.739,AUTO_CV_METRIC
8759dfe334345551,237965.2,104.4,52.9,0,0,0,0.661,AUTO_CV_METRIC
f8460c32ce21f5f7,353598.3,111.7,62.0,0,0,0,0.775,AUTO_CV_METRIC
68ae6e2491b52ed5,280496.6,111.0,60.6,0,0,0,0.758,AUTO_CV_METRIC
3c3fedcb0cd6b850,374202.0,114.4,51.2,0,0,0,0.64,AUTO_CV_METRIC
4a289d44c1ddd657,697019.4,100.0,47.0,0,0,0,0.588,AUTO_CV_METRIC
a7ae63186b4d7e9c,353702.2,104.5,58.8,0,0,0,0.735,AUTO_CV_METRIC
5d71e7b6d04e9acc,249385.3,109.3,57.6,0,0,0,0.72,AUTO_CV_METRIC
8f73f96155e644cb,362279.4,113.2,60.6,0,0,0,0.757,AUTO_CV_METRIC
75fdc77ba0c69697,668363.9,100.1,55.5,0,0,0,0.693,AUTO_CV_METRIC
d253521e99347301,296456.2,110.4,54.9,0,0,0,0.687,AUTO_CV_METRIC
04c3218efc6de941,485315.9,111.0,62.5,0,0,0,0.781,AUTO_CV_METRIC
84eed536310337c0,313545.2,107.4,60.4,0,0,0,0.755,AUTO_CV_METRIC
dc27c6b295a6de89,865483.9,100.1,49.6,0,0,0,0.62,AUTO_CV_METRIC
ccd90e87be97648a,394412.1,105.2,61.0,0,0,0,0.762,AUTO_CV_METRIC
bfb41f029a0f6847,309849.5,109.9,58.9,0,0,0,0.736,AUTO_CV_METRIC
3d1a2ac4d891c176,377356.3,109.5,47.2,0,0,0,0.589,AUTO_CV_METRIC
b361c368dd0eae0b,426880.2,103.6,43.4,0,0,0,0.543,AUTO_CV_METRIC
ea1e27c28ad1bbf9,412443.9,110.7,63.5,0,0,0,0.794,AUTO_CV_METRIC
fc7cbf9ce2b8c3a0,401766.2,105.6,65.1,0,0,0,0.814,AUTO_CV_METRIC
a9d05aa2459f084d,295159.4,102.3,62.5,0,0,0,0.781,AUTO_CV_METRIC
4d2ced55213b4f49,683378.6,121.3,63.8,0,0,0,0.797,AUTO_CV_METRIC
1b97531bb0813340,184298.3,132.5,38.9,0,0,0,0.486,AUTO_CV_METRIC
eb61543c1a5a3f2a,691595.0,107.9,53.2,0,0,0,0.665,AUTO_CV_METRIC
5430297f782502e7,438063.7,99.7,49.8,0,0,0,0.623,AUTO_CV_METRIC
2f85fca4bcdd55e1,570951.2,117.8,52.7,0,0,0,0.659,AUTO_CV_METRIC
f910e311954f2f53,835286.8,93.2,57.8,0,0,0,0.722,AUTO_CV_METRIC
5694e08cc4e34b6e,175625.3,129.4,47.2,0,0,0,0.59,AUTO_CV_METRIC
ce74bb9d76a23bf7,62626.5,131.2,44.0,0,0,0,0.55,AUTO_CV_METRIC
a0aafaab75f1b0fa,220215.0,114.9,45.1,0,0,0,0.564,AUTO_CV_METRIC
c4495f1fe67c4bb0,184064.2,124.9,40.4,0,0,0,0.505,AUTO_CV_METRIC
2adb17ceeaa2d00e,197236.9,107.6,46.8,0,0,0,0.585,AUTO_CV_METRIC
364bd535b24366bc,635859.9,118.0,53.6,0,0,0,0.67,AUTO_CV_METRIC
b781c51d06c9fd99,119862.2,126.7,45.4,0,0,0,0.567,AUTO_CV_METRIC
e964b7597655d0f4,257330.4,131.5,42.5,0,0,0,0.531,AUTO_CV_METRIC
f1a497110b285eb3,289871.0,143.0,43.4,0,0,0,0.542,AUTO_CV_METRIC
c581c9fbeae4e65c,537120.0,134.1,49.3,0,0,0,0.617,AUTO_CV_METRIC
357e57967c9d5e26,526229.5,102.4,59.9,0,0,0,0.749,AUTO_CV_METRIC
7bb5b8d5d80f9702,244589.0,144.7,44.7,0,0,0,0.559,AUTO_CV_METRIC
9a882293b9e76f2b,166736.3,125.5,45.8,0,0,0,0.572,AUTO_CV_METRIC
8efc9a957362e6cd,208493.3,129.1,41.3,0,0,0,0.516,AUTO_CV_METRIC
960f9639bd109b2f,660931.4,94.3,57.9,0,0,0,0.723,AUTO_CV_METRIC
105edfd61530c7a9,245307.9,149.6,43.5,0,0,0,0.543,AUTO_CV_METRIC
7238b7e88ebfb453,682692.1,98.0,58.0,0,0,0,0.726,AUTO_CV_METRIC
9c340ad380729bbc,323518.6,100.1,59.3,0,0,0,0.742,AUTO_CV_METRIC
861e54de2af8161a,303710.2,111.1,58.4,0,0,0,0.729,AUTO_CV_METRIC
803de9ecf6aa92a6,298399.8,144.0,44.6,0,0,0,0.557,AUTO_CV_METRIC
eea2a428160889de,249346.8,147.4,51.5,0,0,0,0.644,AUTO_CV_METRIC
1f1c40a8926df3ff,102831.6,113.0,47.1,0,0,0,0.589,AUTO_CV_METRIC
37de37b7b0d55443,643194.4,98.6,58.5,0,0,0,0.731,AUTO_CV_METRIC
53dd5b14487a9fa1,752673.2,101.5,59.0,0,0,0,0.737,AUTO_CV_METRIC
cd63c2439a5d83ca,1111012.2,104.0,71.6,0,0,0,0.895,AUTO_CV_METRIC
08d8c31217b71dd5,774453.6,121.2,55.5,0,0,0,0.694,AUTO_CV_METRIC
b9bc2999be5f9f4b,111479.4,131.9,43.0,0,0,0,0.538,AUTO_CV_METRIC
69aefea740e40a2b,128540.5,145.2,37.6,0,0,0,0.47,AUTO_CV_METRIC
f7b9452ee9bceaae,488501.8,105.2,57.5,0,0,0,0.718,AUTO_CV_METRIC
311e55e24ad0a284,475150.9,120.3,56.7,0,0,0,0.709,AUTO_CV_METRIC
9b2354fa60042818,531333.9,116.2,53.4,0,0,0,0.668,AUTO_CV_METRIC
77a9ff978be0df6a,270209.8,127.1,46.6,0,0,0,0.583,AUTO_CV_METRIC
95b28ed7eab4b4f4,394471.6,106.6,59.1,0,0,0,0.738,AUTO_CV_METRIC
babbd5692583bf24,376678.0,109.2,55.3,0,0,0,0.692,AUTO_CV_METRIC
07d517f63438a33d,342100.4,140.1,50.8,0,0,0,0.635,AUTO_CV_METRIC
b17d181529cac6d0,169875.3,129.1,45.9,0,0,0,0.574,AUTO_CV_METRIC
58c08ed73a51929a,393215.8,114.1,51.7,0,0,0,0.646,AUTO_CV_METRIC
bc7c8522935f5923,358433.9,128.5,47.8,0,0,0,0.598,AUTO_CV_METRIC
8937816bfc24ced3,287439.5,131.8,52.2,0,0,0,0.652,AUTO_CV_METRIC
bf0ff6f5a9522711,398459.4,128.3,47.0,0,0,0,0.588,AUTO_CV_METRIC
7afac8fc6f19f2bc,323037.7,125.5,47.0,0,0,0,0.588,AUTO_CV_METRIC
0288ddefce3d3844,389756.8,123.0,47.1,0,0,0,0.589,AUTO_CV_METRIC
c4e27db6e1c0b0af,508476.2,122.4,53.3,0,0,0,0.666,AUTO_CV_METRIC
57455e6a5747c022,457610.7,111.4,56.8,0,0,0,0.71,AUTO_CV_METRIC
296d3cc636d162cb,414938.3,101.4,57.7,0,0,0,0.722,AUTO_CV_METRIC
49005cab77c80c87,491087.6,136.6,43.8,0,0,0,0.547,AUTO_CV_METRIC
80c6494787e48651,649469.5,125.7,59.0,0,0,0,0.738,AUTO_CV_METRIC
0efed7e04d29ce1c,221487.9,122.0,47.5,0,0,0,0.594,AUTO_CV_METRIC
b135c795c9c9cd1d,493065.0,127.8,56.2,0,0,0,0.702,AUTO_CV_METRIC
2cc7c27e4543b6e2,403745.2,98.5,56.0,0,0,0,0.7,AUTO_CV_METRIC
7a9b2bfc55a54373,413021.0,123.4,57.1,0,0,0,0.714,AUTO_CV_METRIC
53803fdb3953f5ec,530849.8,140.2,51.2,0,0,0,0.64,AUTO_CV_METRIC
3daebcb3a5ea6333,352654.3,108.2,57.8,0,0,0,0.722,AUTO_CV_METRIC
04e0300a890bc8b5,421582.7,116.7,49.3,0,0,0,0.617,AUTO_CV_METRIC
e604b15bc7184b95,387524.5,128.0,45.1,0,0,0,0.564,AUTO_CV_METRIC
95ea24acbbfa48b4,359898.2,123.7,47.5,0,0,0,0.594,AUTO_CV_METRIC
ed4dc839ba0e6440,471517.0,114.5,53.9,0,0,0,0.673,AUTO_CV_METRIC
720dd86507dedc99,387666.5,129.6,49.2,0,0,0,0.615,AUTO_CV_METRIC
bd877ac9e91c4207,362721.7,124.3,55.4,0,0,0,0.692,AUTO_CV_METRIC
cc66af5d4fda6c58,471671.4,114.2,51.6,0,0,0,0.644,AUTO_CV_METRIC
6bff67fede9f3f4f,436060.0,111.7,45.1,0,0,0,0.563,AUTO_CV_METRIC
906a5af240599704,638905.6,109.3,55.0,0,0,0,0.688,AUTO_CV_METRIC
58cbc75160f3fe0d,497723.9,105.0,52.7,0,0,0,0.659,AUTO_CV_METRIC
9e67e3639f24d821,307443.0,99.5,52.3,0,0,0,0.654,AUTO_CV_METRIC
f5ae89976cc5aac9,309384.3,105.7,55.0,0,0,0,0.688,AUTO_CV_METRIC
da4bffd923a7b3fb,214530.4,122.4,46.6,0,0,0,0.583,AUTO_CV_METRIC
eb502514128f05bb,577601.4,110.2,51.3,0,0,0,0.642,AUTO_CV_METRIC
de14f7962fd71b24,490556.0,109.6,54.4,0,0,0,0.68,AUTO_CV_METRIC
666d2ecfa136b6f7,673501.9,107.6,53.6,0,0,0,0.67,AUTO_CV_METRIC
84672586886a5e20,682883.6,105.3,52.3,0,0,0,0.653,AUTO_CV_METRIC
5e03380c571f0e0d,485132.5,121.3,52.5,0,0,0,0.657,AUTO_CV_METRIC
b171d552a9676b84,934978.6,111.1,56.1,0,0,0,0.702,AUTO_CV_METRIC
f7c0da62f911da65,264348.0,108.3,53.0,0,0,0,0.662,AUTO_CV_METRIC
f922f1cb5a2da3e9,165721.3,112.5,50.0,0,0,0,0.625,AUTO_CV_METRIC
19bd356fd33e7eef,645484.9,106.3,56.1,0,0,0,0.702,AUTO_CV_METRIC
e95a614e58b355dd,488475.4,113.1,52.6,0,0,0,0.658,AUTO_CV_METRIC
a16937083bc04e05,899881.7,112.9,54.5,0,0,0,0.681,AUTO_CV_METRIC
72f479df774b1ba9,559589.0,110.0,56.5,0,0,0,0.706,AUTO_CV_METRIC
820503e2ce6d04fb,195142.5,119.5,53.2,0,0,0,0.664,AUTO_CV_METRIC
e71285ad02ef2285,644297.8,109.2,53.1,0,0,0,0.664,AUTO_CV_METRIC
483d66287d5c7d4e,262437.3,107.5,53.5,0,0,0,0.669,AUTO_CV_METRIC
b7a1ab989c117d67,925573.9,112.0,55.9,0,0,0,0.698,AUTO_CV_METRIC
e2d7e7a0d7369979,402693.8,105.3,51.7,0,0,0,0.647,AUTO_CV_METRIC
26dc8ad49809e410,382774.2,118.0,52.1,0,0,0,0.651,AUTO_CV_METRIC
a95345ce7b646980,642801.7,108.9,52.9,0,0,0,0.661,AUTO_CV_METRIC
eba26654767e40cc,480035.2,102.7,53.7,0,0,0,0.672,AUTO_CV_METRIC
18050bf9eaacb126,671167.0,110.2,53.6,0,0,0,0.67,AUTO_CV_METRIC
89c7acd336e8939c,938046.6,104.1,54.1,0,0,0,0.676,AUTO_CV_METRIC
603356bd944821e7,448361.9,109.6,54.3,0,0,0,0.679,AUTO_CV_METRIC
194737e4e2ff9e9c,483179.1,106.0,55.5,0,0,0,0.694,AUTO_CV_METRIC
3700815fca6bce49,553829.7,110.2,52.3,0,0,0,0.653,AUTO_CV_METRIC
f751c06952da0994,413097.6,125.1,46.7,0,0,0,0.584,AUTO_CV_METRIC
be4d02d7828dc58b,208332.5,124.9,56.2,0,0,0,0.702,AUTO_CV_METRIC
7a5439ee7e25edba,248530.6,119.6,56.9,0,0,0,0.712,AUTO_CV_METRIC
ecceb452df462563,254857.6,133.5,48.0,0,0,0,0.6,AUTO_CV_METRIC
0ea0d361222e57a9,341086.6,120.3,64.0,0,0,0,0.801,AUTO_CV_METRIC
9aeb5635c13f552d,293447.4,107.9,59.0,0,0,0,0.738,AUTO_CV_METRIC
488b66c884eed33a,142816.8,111.7,63.1,0,0,0,0.788,AUTO_CV_METRIC
0cf245b5d82d0d0c,237624.5,119.0,53.7,0,0,0,0.672,AUTO_CV_METRIC
387e916544bc4968,638351.8,115.9,55.4,0,0,0,0.692,AUTO_CV_METRIC
2d34af3f433b83df,384027.4,116.1,60.3,0,0,0,0.754,AUTO_CV_METRIC
89ca0a799f1d75da,186019.8,117.3,54.2,0,0,0,0.677,AUTO_CV_METRIC
5cbe02239f164b72,567103.8,134.5,50.8,0,0,0,0.635,AUTO_CV_METRIC
f721d4ee20f2b9f8,578787.3,128.1,59.9,0,0,0,0.749,AUTO_CV_METRIC
c6cb26c8598da3ac,247473.5,126.9,60.9,0,0,0,0.761,AUTO_CV_METRIC
d6bb34c90042185e,176782.4,118.9,47.8,0,0,0,0.597,AUTO_CV_METRIC
588728a78429b5d7,607354.0,134.7,54.6,0,0,0,0.682,AUTO_CV_METRIC
b1358b970f22343c,190369.9,123.6,50.8,0,0,0,0.635,AUTO_CV_METRIC
411d3b3328716910,327990.7,117.5,66.0,0,0,0,0.825,AUTO_CV_METRIC
abaf1f27d056c512,235625.7,105.6,62.6,0,0,0,0.783,AUTO_CV_METRIC
a45b21a6e26550aa,364525.2,126.5,50.0,0,0,0,0.625,AUTO_CV_METRIC
197a0eacbbb68f61,546967.9,113.8,54.4,0,0,0,0.679,AUTO_CV_METRIC
45ac4ba48e0f6ee8,56629.2,114.1,60.5,0,0,0,0.757,AUTO_CV_METRIC
7a3bb23da4e9aebe,571652.8,116.0,53.3,0,0,0,0.666,AUTO_CV_METRIC
c48e56f875e0ee54,331327.2,125.1,56.2,0,0,0,0.703,AUTO_CV_METRIC
a7cce753e76bb594,124613.2,114.9,48.9,0,0,0,0.611,AUTO_CV_METRIC
4e9eb71dd37011e9,271982.3,121.1,58.9,0,0,0,0.736,AUTO_CV_METRIC
923b02fd4b89c501,245952.5,128.1,51.9,0,0,0,0.648,AUTO_CV_METRIC
d664592708ff49d4,492330.6,113.5,51.9,0,0,0,0.649,AUTO_CV_METRIC
d2aaf0234a8ba4c5,737313.7,119.1,51.9,0,0,0,0.649,AUTO_CV_METRIC
002e9bab40c30400,328777.9,107.9,52.3,0,0,0,0.654,AUTO_CV_METRIC
d2d93548aba9710a,472640.4,130.7,52.7,0,0,0,0.659,AUTO_CV_METRIC
50b969a32e56f806,402353.8,111.1,51.3,0,0,0,0.641,AUTO_CV_METRIC
a3ae45a3bcdc469d,299581.7,117.7,49.1,0,0,0,0.614,AUTO_CV_METRIC
f15da20ca57e1aa9,542272.9,123.4,48.9,0,0,0,0.612,AUTO_CV_METRIC
bb6286edd7bf72b0,219003.1,120.4,46.7,0,0,0,0.584,AUTO_CV_METRIC
07670099fb37e760,455410.0,123.2,45.7,0,0,0,0.571,AUTO_CV_METRIC
28ca432bfa1e1bc0,478488.1,112.7,50.4,0,0,0,0.63,AUTO_CV_METRIC
27b6b5178e905831,435467.6,106.4,50.4,0,0,0,0.63,AUTO_CV_METRIC
4d35e65c6e4953b8,452604.9,108.8,52.5,0,0,0,0.656,AUTO_CV_METRIC
e225367c886d4d7c,545146.9,120.9,47.1,0,0,0,0.588,AUTO_CV_METRIC
f77dd6e915a32c1d,472937.7,125.6,50.9,0,0,0,0.636,AUTO_CV_METRIC
4b42c5a99eeddbb4,719694.5,131.8,51.0,0,0,0,0.637,AUTO_CV_METRIC
fee2d0d4d3340ece,505011.5,107.7,52.0,0,0,0,0.65,AUTO_CV_METRIC
445547b7a7c9c1f3,724536.7,117.7,52.2,0,0,0,0.653,AUTO_CV_METRIC
038a6d6fcadf3199,659602.9,130.6,51.2,0,0,0,0.64,AUTO_CV_METRIC
e4a4fb04abc364dd,234591.0,115.0,51.3,0,0,0,0.642,AUTO_CV_METRIC
41d63edb7ae26a2d,378819.6,132.8,50.3,0,0,0,0.629,AUTO_CV_METRIC
84afbc07e68c7283,182537.6,118.8,55.2,0,0,0,0.689,AUTO_CV_METRIC
0c3c49518fccafc0,739423.4,96.2,62.4,0,0,0,0.781,AUTO_CV_METRIC
3d134697011d798e,476282.0,127.3,50.3,0,0,0,0.629,AUTO_CV_METRIC
6c4518c3f53520fb,349757.6,126.1,51.2,0,0,0,0.64,AUTO_CV_METRIC
43bc548dc2b121ca,255553.8,115.6,51.5,0,0,0,0.644,AUTO_CV_METRIC
f9fc8a3a5548dcd2,826284.9,126.9,61.4,0,0,0,0.767,AUTO_CV_METRIC
71487d4be3c241bc,170863.5,107.9,49.2,0,0,0,0.614,AUTO_CV_METRIC
f3bffc08c9809b85,105477.1,99.5,57.8,0,0,0,0.722,AUTO_CV_METRIC
87bc81b54be96384,500120.3,120.3,56.4,0,0,0,0.705,AUTO_CV_METRIC
8fc514bb526799a6,476800.2,113.6,51.6,0,0,0,0.645,AUTO_CV_METRIC
6a6fad4b3d34c39f,1170451.4,115.5,63.4,0,0,0,0.792,AUTO_CV_METRIC
4c51ec6a808d3cab,556514.1,114.7,50.0,0,0,0,0.626,AUTO_CV_METRIC
fd449e1bef8c8c80,1281306.1,114.0,68.2,0,0,0,0.853,AUTO_CV_METRIC
abe9b43db01d9fa0,231423.8,108.8,50.2,0,0,0,0.628,AUTO_CV_METRIC
4f7f5a6949bfbf68,243082.3,121.3,49.9,0,0,0,0.624,AUTO_CV_METRIC
e69462697bc97088,461498.1,96.7,65.0,0,0,0,0.812,AUTO_CV_METRIC
828fa2c95a132db9,15141.0,111.9,48.6,0,0,0,0.608,AUTO_CV_METRIC
117b692856433472,680963.1,126.6,63.1,0,0,0,0.789,AUTO_CV_METRIC
fa299392654c2cce,262256.3,118.2,47.7,0,0,0,0.597,AUTO_CV_METRIC
44b8633c3cd9a530,338511.3,116.8,53.9,0,0,0,0.674,AUTO_CV_METRIC
cb260156022d2f82,285219.9,115.4,60.8,0,0,0,0.76,AUTO_CV_METRIC
f6db552cdd249167,325754.1,122.2,59.8,0,0,0,0.747,AUTO_CV_METRIC
c73c8037adaf4977,681530.9,132.4,62.0,0,0,0,0.775,AUTO_CV_METRIC
16b440f08536bec5,549799.8,113.9,55.2,0,0,0,0.69,AUTO_CV_METRIC
85f7bcfe0cd1a11b,631545.6,125.6,57.8,0,0,0,0.723,AUTO_CV_METRIC
1bb017fab78505a7,363644.9,114.3,55.0,0,0,0,0.687,AUTO_CV_METRIC
c196de90cb0abd4e,613026.2,126.2,50.5,0,0,0,0.632,AUTO_CV_METRIC
da38a6b708510c77,964879.0,126.8,60.7,0,0,0,0.759,AUTO_CV_METRIC
fd4db61af2f7e060,294413.6,110.1,52.7,0,0,0,0.658,AUTO_CV_METRIC
002777560bd9c42b,890643.4,124.9,52.0,0,0,0,0.65,AUTO_CV_METRIC
ffe55cf8c8b8c9e2,575791.1,122.0,48.9,0,0,0,0.612,AUTO_CV_METRIC
e2c324815b8cda6a,361168.0,140.1,45.1,0,0,0,0.564,AUTO_CV_METRIC
bda2babaf4061acb,579917.2,112.4,50.7,0,0,0,0.634,AUTO_CV_METRIC
6734ceda61b2183d,637190.4,127.4,49.5,0,0,0,0.619,AUTO_CV_METRIC
41154731c5288ee0,431330.1,114.9,58.3,0,0,0,0.729,AUTO_CV_METRIC
b9ec34e1609ff7cf,306908.4,117.7,57.1,0,0,0,0.714,AUTO_CV_METRIC
238966fa14f69cd1,306926.2,116.3,50.7,0,0,0,0.633,AUTO_CV_METRIC
bc193b5bae82d4fb,390527.1,145.0,48.7,0,0,0,0.608,AUTO_CV_METRIC
68ca2394ad8efebc,250072.8,123.2,48.5,0,0,0,0.607,AUTO_CV_METRIC
44c71689124159ae,656649.2,127.5,49.3,0,0,0,0.616,AUTO_CV_METRIC
2fe00b13e9972bc4,751409.1,131.7,51.7,0,0,0,0.647,AUTO_CV_METRIC
775a1850c164dc78,228579.3,124.1,55.1,0,0,0,0.689,AUTO_CV_METRIC
2ca95546975af301,345632.1,142.2,42.1,0,0,0,0.526,AUTO_CV_METRIC
d78b0e564f1d2e6d,620567.1,136.7,50.3,0,0,0,0.628,AUTO_CV_METRIC
44f3315e1ecea58d,610759.4,125.0,50.3,0,0,0,0.628,AUTO_CV_METRIC
607405cd13804a51,373707.4,124.1,43.7,0,0,0,0.546,AUTO_CV_METRIC
cc441dc86072a72a,247463.8,128.1,45.6,0,0,0,0.57,AUTO_CV_METRIC
2b99df71e943e852,1018589.6,130.2,51.2,0,0,0,0.64,AUTO_CV_METRIC
204e90e676edbac1,438354.8,118.3,48.2,0,0,0,0.603,AUTO_CV_METRIC
2a6a640fff156a65,453364.5,124.0,54.9,0,0,0,0.686,AUTO_CV_METRIC
d00872b888f76163,349027.4,104.5,54.9,0,0,0,0.687,AUTO_CV_METRIC
68d4dda62ceed2fa,648343.9,134.7,49.5,0,0,0,0.619,AUTO_CV_METRIC
c598a4df87d732c9,396514.2,138.6,51.6,0,0,0,0.646,AUTO_CV_METRIC
94083df5a8080d9c,411285.3,138.2,51.8,0,0,0,0.648,AUTO_CV_METRIC
b0a9a0892cbbf00a,669375.9,122.1,44.8,0,0,0,0.559,AUTO_CV_METRIC
6856dd1be543b409,421724.8,135.6,50.8,0,0,0,0.636,AUTO_CV_METRIC
d5d55ce50bf0dc3a,559092.9,131.7,50.4,0,0,0,0.63,AUTO_CV_METRIC
fe54f8b6c04e9a24,399570.0,142.9,42.8,0,0,0,0.535,AUTO_CV_METRIC
e17995a05f611d12,411705.0,118.0,50.0,0,0,0,0.625,AUTO_CV_METRIC
f24b1d469aebaf6c,694135.9,130.9,50.2,0,0,0,0.628,AUTO_CV_METRIC
2c90ec7da856a5b5,976427.8,112.2,68.1,0,0,0,0.852,AUTO_CV_METRIC
11d6c53fec9320c3,745678.9,132.4,51.6,0,0,0,0.645,AUTO_CV_METRIC
7c00d25c92aeec09,436762.4,119.3,52.4,0,0,0,0.655,AUTO_CV_METRIC
d86ff88b9c85b366,278206.2,123.9,49.8,0,0,0,0.622,AUTO_CV_METRIC
16f27be1fac5a0b3,353187.1,118.6,46.2,0,0,0,0.577,AUTO_CV_METRIC
05d227fe14a10a9e,155946.1,144.6,47.6,0,0,0,0.594,AUTO_CV_METRIC
4eb43baf9df10571,697776.9,106.9,66.8,0,0,0,0.834,AUTO_CV_METRIC
f53cdd908195c020,334064.0,130.7,45.9,0,0,0,0.573,AUTO_CV_METRIC
c50b49a6da65c690,299868.8,140.6,48.5,0,0,0,0.607,AUTO_CV_METRIC
91fec13a57a4358a,202686.2,127.0,45.5,0,0,0,0.569,AUTO_CV_METRIC
e0c982a4a8b92b4f,238186.5,127.7,48.0,0,0,0,0.6,AUTO_CV_METRIC
fbc44aa0617ba501,109601.7,133.7,47.1,0,0,0,0.589,AUTO_CV_METRIC
67f8b01d88d9b067,308673.9,130.2,51.0,0,0,0,0.637,AUTO_CV_METRIC
9fd71cd12f445693,247618.2,123.0,56.7,0,0,0,0.709,AUTO_CV_METRIC
e8aeb1cb65d66e44,801727.1,128.9,53.3,0,0,0,0.666,AUTO_CV_METRIC
b3a5334b698c1d70,567058.5,137.2,39.7,0,0,0,0.496,AUTO_CV_METRIC
5e3beebec31c0557,578426.2,128.5,51.8,0,0,0,0.648,AUTO_CV_METRIC
5414ee2ec63d242e,156126.8,112.5,49.2,0,0,0,0.615,AUTO_CV_METRIC
115baf826eb1b15a,231209.5,131.1,46.8,0,0,0,0.585,AUTO_CV_METRIC
1c1106772d62b83e,485709.1,104.4,57.4,0,0,0,0.717,AUTO_CV_METRIC
1c1203945edbbd74,176553.3,124.5,54.9,0,0,0,0.687,AUTO_CV_METRIC
d4fd6272ab19193b,320946.8,134.6,50.3,0,0,0,0.628,AUTO_CV_METRIC
94c67ab36b23716f,817634.3,131.3,52.4,0,0,0,0.655,AUTO_CV_METRIC
adcc5c2f57c10e1e,512531.3,103.4,59.1,0,0,0,0.739,AUTO_CV_METRIC
215059c6c9b0f1fc,269468.6,106.5,61.3,0,0,0,0.766,AUTO_CV_METRIC
d4c082d1d0e074f5,200164.6,128.9,45.8,0,0,0,0.573,AUTO_CV_METRIC
931af93ecd486e0f,752072.2,106.0,53.8,0,0,0,0.672,AUTO_CV_METRIC
be0a30ff43119e60,390257.5,105.1,50.1,0,0,0,0.626,AUTO_CV_METRIC
fd2b46fa2a224955,705464.5,105.2,57.6,0,0,0,0.72,AUTO_CV_METRIC
4a5dfb3d8c5e14a4,114118.5,122.7,47.1,0,0,0,0.589,AUTO_CV_METRIC
348a6109248006cf,345715.5,116.8,56.9,0,0,0,0.712,AUTO_CV_METRIC
06e8588395de1e58,217876.3,120.9,54.6,0,0,0,0.683,AUTO_CV_METRIC
b96affb0c6ec3703,674835.2,127.2,53.5,0,0,0,0.668,AUTO_CV_METRIC
81a96550b4df8d31,668402.9,132.5,53.3,0,0,0,0.666,AUTO_CV_METRIC
3ca17288bceb8c12,103243.0,128.5,57.0,0,0,0,0.712,AUTO_CV_METRIC
f547a41d397e2418,409033.8,133.0,51.3,0,0,0,0.642,AUTO_CV_METRIC
5c146d48f02692ab,963625.6,128.5,50.8,0,0,0,0.635,AUTO_CV_METRIC
d1e5332aebf2d96b,1057996.4,134.9,50.7,0,0,0,0.633,AUTO_CV_METRIC
fb15cb99fdd2685a,573292.7,117.6,54.0,0,0,0,0.675,AUTO_CV_METRIC
fbc47ec02e54dbe7,396797.1,106.4,46.9,0,0,0,0.587,AUTO_CV_METRIC
cf407ab552fe319d,231426.9,121.6,54.6,0,0,0,0.682,AUTO_CV_METRIC
a3aad02752de0619,580547.8,133.1,51.0,0,0,0,0.637,AUTO_CV_METRIC
7539ee286ea8d8c9,229089.9,140.9,50.0,0,0,0,0.625,AUTO_CV_METRIC
ff0cbe6911781040,620015.7,96.4,59.0,0,0,0,0.738,AUTO_CV_METRIC
abc61d4fc9a6cec8,847139.7,106.5,63.8,0,0,0,0.798,AUTO_CV_METRIC
a16bee7aedadf679,1643802.1,101.0,63.3,0,0,0,0.791,AUTO_CV_METRIC
08de4876c8600e15,778947.4,111.2,56.9,0,0,0,0.711,AUTO_CV_METRIC
60b9aaf586c0ad94,1583777.4,106.9,58.5,0,0,0,0.731,AUTO_CV_METRIC
fe18416273c683cb,947547.4,84.3,59.6,0,0,0,0.745,AUTO_CV_METRIC
ebd4d118ea69411b,422424.1,79.9,60.7,0,0,0,0.759,AUTO_CV_METRIC
97cb0f7b43a3297f,2174285.5,98.7,74.5,0,0,0,0.931,AUTO_CV_METRIC
f21880d78a3389b5,1343854.8,114.6,79.4,0,0,0,0.992,AUTO_CV_METRIC
c5515f07151f776c,1289815.6,108.2,72.5,0,0,0,0.906,AUTO_CV_METRIC
26d1ef8c523b48be,2132012.8,95.5,68.4,0,0,0,0.855,AUTO_CV_METRIC
865e6f71f9610152,1217059.5,93.6,61.6,0,0,0,0.77,AUTO_CV_METRIC
24df9b07e9db4773,1435646.1,95.7,60.3,0,0,0,0.753,AUTO_CV_METRIC
a65f9d39cf97e8bb,489865.1,104.1,56.3,0,0,0,0.704,AUTO_CV_METRIC
2541f66d354ae950,1326922.2,94.1,63.4,0,0,0,0.792,AUTO_CV_METRIC
b10c1050da8e0d42,343088.2,101.7,51.8,0,0,0,0.648,AUTO_CV_METRIC
a6bcd5149a108a86,229120.9,98.8,57.0,0,0,0,0.713,AUTO_CV_METRIC
a000eb62708f8fbe,338525.8,110.0,58.2,0,0,0,0.728,AUTO_CV_METRIC
30c33e0f3bd3eb20,291625.2,87.4,60.3,0,0,0,0.754,AUTO_CV_METRIC
a09bb71b2b3571a4,928692.1,97.9,60.1,0,0,0,0.751,AUTO_CV_METRIC
58feffbd0da540cf,1279086.8,104.3,70.6,0,0,0,0.882,AUTO_CV_METRIC
bf2db7bcce9248c9,2566848.8,96.1,71.6,0,0,0,0.896,AUTO_CV_METRIC
a2c4e94746bde330,2587265.0,101.1,72.2,0,0,0,0.902,AUTO_CV_METRIC
8f0dd6213391a088,1489882.8,106.7,65.7,0,0,0,0.821,AUTO_CV_METRIC
4d21c93199d40e36,1044365.7,108.8,67.6,0,0,0,0.845,AUTO_CV_METRIC
73ebc5eeb4006a8b,1969154.2,99.3,73.5,0,0,0,0.919,AUTO_CV_METRIC
3a2a58a7e861c618,1709983.1,99.2,68.4,0,0,0,0.855,AUTO_CV_METRIC
9c32d1ebf7a16aeb,1828924.1,97.6,71.5,0,0,0,0.894,AUTO_CV_METRIC
b5e28659aff3b7c2,923821.5,90.2,66.1,0,0,0,0.826,AUTO_CV_METRIC
c09ec28ba34cbfa6,2136911.5,92.2,68.3,0,0,0,0.854,AUTO_CV_METRIC
147ff878fd2b1389,2254939.0,110.2,64.9,0,0,0,0.811,AUTO_CV_METRIC
ce6de22d7aea4f32,1263332.2,102.2,55.6,0,0,0,0.696,AUTO_CV_METRIC
23276f217675ee9e,1756742.5,105.9,65.8,0,0,0,0.823,AUTO_CV_METRIC
b10c6b1b5ef5bf25,1143832.1,107.1,61.0,0,0,0,0.762,AUTO_CV_METRIC
db37fcc9529c9f27,497513.2,115.9,55.2,0,0,0,0.69,AUTO_CV_METRIC
fcefc5b1c67b4fcd,1773511.9,132.7,61.5,0,0,0,0.769,AUTO_CV_METRIC
b7025772d87c6f11,862443.8,127.9,54.9,0,0,0,0.686,AUTO_CV_METRIC
9cb90c1cff171570,908183.8,120.9,57.4,0,0,0,0.718,AUTO_CV_METRIC
969c51608ac88f68,1491602.1,130.7,59.3,0,0,0,0.741,AUTO_CV_METRIC
6a159a78cf342cb9,488007.4,119.8,51.1,0,0,0,0.638,AUTO_CV_METRIC
540596185451f5fc,224965.9,128.1,52.6,0,0,0,0.657,AUTO_CV_METRIC
afb85c3050d5ec3f,491140.3,114.1,54.9,0,0,0,0.686,AUTO_CV_METRIC
9ec54b4e119fdd9c,572794.0,117.4,55.7,0,0,0,0.696,AUTO_CV_METRIC
1016720c2e6f8fd0,749668.9,108.4,59.1,0,0,0,0.739,AUTO_CV_METRIC
a346ba67f470d05c,671083.1,104.6,59.5,0,0,0,0.744,AUTO_CV_METRIC
f7d5984054ea27bc,564736.8,101.0,64.4,0,0,0,0.805,AUTO_CV_METRIC
378924b561104823,428071.1,110.5,57.1,0,0,0,0.714,AUTO_CV_METRIC
636f4d10141205a2,1095338.2,116.8,63.3,0,0,0,0.791,AUTO_CV_METRIC
4248e256444989f9,971224.5,98.9,56.9,0,0,0,0.711,AUTO_CV_METRIC
4819d4e7f6100f86,267807.7,138.9,50.8,0,0,0,0.635,AUTO_CV_METRIC
22d94b732f96e7e4,721902.6,124.6,59.2,0,0,0,0.74,AUTO_CV_METRIC
f51b3b2ea8d7af57,332895.8,128.2,53.7,0,0,0,0.671,AUTO_CV_METRIC
67bdbdc905ff59e8,195892.8,145.5,52.3,0,0,0,0.654,AUTO_CV_METRIC
543ad8060bd4b4ee,576098.4,113.3,54.9,0,0,0,0.686,AUTO_CV_METRIC
533ff4becdeba124,884733.1,125.8,58.3,0,0,0,0.729,AUTO_CV_METRIC
5513898a60a11504,916377.2,113.0,60.8,0,0,0,0.76,AUTO_CV_METRIC
a40a94dfaa6cb270,899973.9,111.0,51.5,0,0,0,0.643,AUTO_CV_METRIC
ce41dc0dcdba39dc,631503.6,100.3,65.8,0,0,0,0.823,AUTO_CV_METRIC
60b73558961ff4a9,750044.2,114.6,53.1,0,0,0,0.663,AUTO_CV_METRIC
1acd5b38400684e8,848109.8,117.8,55.2,0,0,0,0.69,AUTO_CV_METRIC
fc1984666a461ef6,900051.5,121.2,64.1,0,0,0,0.801,AUTO_CV_METRIC
31220998c48ae828,295943.4,92.1,61.2,0,0,0,0.765,AUTO_CV_METRIC
ebca9d3f9dc0c1f0,438897.6,87.2,60.1,0,0,0,0.751,AUTO_CV_METRIC
28b22da94b9cbcf0,1402612.1,98.4,55.9,0,0,0,0.699,AUTO_CV_METRIC
fe73176bac07cbe9,202844.3,102.4,56.6,0,0,0,0.708,AUTO_CV_METRIC
78793e95b666e159,139174.2,97.8,59.5,0,0,0,0.743,AUTO_CV_METRIC
8e1911ea41561fb7,482957.3,105.6,60.1,0,0,0,0.752,AUTO_CV_METRIC
c6f91bcfa47c8671,924694.9,107.9,57.1,0,0,0,0.713,AUTO_CV_METRIC
6246995ffc2f8717,1235024.1,93.8,53.5,0,0,0,0.669,AUTO_CV_METRIC
ccf786ca2c0a73ed,935400.6,97.3,55.0,0,0,0,0.688,AUTO_CV_METRIC
884436c95a0ecd7b,328098.6,90.6,54.4,0,0,0,0.68,AUTO_CV_METRIC
33aec9b84c7bbba8,91079.9,91.2,56.7,0,0,0,0.708,AUTO_CV_METRIC
6c70e6075de16123,997861.4,89.8,54.3,0,0,0,0.679,AUTO_CV_METRIC
5c637ebb9de25da7,527355.9,94.6,55.2,0,0,0,0.69,AUTO_CV_METRIC
9bf1d759236d895a,1648808.2,86.6,60.0,0,0,0,0.75,AUTO_CV_METRIC
f695aab8c1e7571e,930605.4,114.0,64.5,0,0,0,0.807,AUTO_CV_METRIC
e543fbc853095dda,1370893.6,107.4,60.2,0,0,0,0.753,AUTO_CV_METRIC
9743facee1fd48d4,1262769.9,116.1,58.5,0,0,0,0.731,AUTO_CV_METRIC
beaaf078449a2556,1275571.6,116.0,55.6,0,0,0,0.695,AUTO_CV_METRIC
d7c4d15133ebb472,847186.0,97.6,58.1,0,0,0,0.726,AUTO_CV_METRIC
eee5bf6e5e7d47a0,799113.3,117.8,60.6,0,0,0,0.757,AUTO_CV_METRIC
47adf9e686a57f9a,525774.6,119.7,58.9,0,0,0,0.736,AUTO_CV_METRIC
79d66171984955f6,694298.6,120.5,59.8,0,0,0,0.748,AUTO_CV_METRIC
0abc155277a2699b,575614.4,125.7,59.7,0,0,0,0.746,AUTO_CV_METRIC
5c4ef2599b315970,354297.0,116.9,58.9,0,0,0,0.736,AUTO_CV_METRIC
0ac097a6f9f18008,340468.1,123.4,57.9,0,0,0,0.724,AUTO_CV_METRIC
5b71da079947f91a,385532.5,126.5,58.4,0,0,0,0.73,AUTO_CV_METRIC
345361747577b6a6,574038.3,121.2,60.2,0,0,0,0.753,AUTO_CV_METRIC
3e8d5882abad8988,1122148.4,123.1,63.1,0,0,0,0.788,AUTO_CV_METRIC
c0b52dff3de2b75b,501606.1,125.1,59.3,0,0,0,0.741,AUTO_CV_METRIC
b765dd073213e6ca,76031.1,118.9,50.6,0,0,0,0.632,AUTO_CV_METRIC
05dadc9c57e3eb13,784883.1,127.3,53.4,0,0,0,0.667,AUTO_CV_METRIC
67ef5225241207a1,876374.2,114.6,56.7,0,0,0,0.709,AUTO_CV_METRIC
43f8125539da9eaa,203570.9,106.3,57.8,0,0,0,0.722,AUTO_CV_METRIC
ddc01cb1905f64fc,815618.0,107.9,55.7,0,0,0,0.697,AUTO_CV_METRIC
82effa9a85a968e3,515286.0,134.8,59.5,0,0,0,0.744,AUTO_CV_METRIC
b53ebe9b61c2c369,191194.6,110.7,51.1,0,0,0,0.639,AUTO_CV_METRIC
8516e2dd4a37bb29,84121.5,140.5,45.3,0,0,0,0.567,AUTO_CV_METRIC
c573b86c4315880c,158988.9,138.2,48.0,0,0,0,0.6,AUTO_CV_METRIC
b19e5d3f3f3a0740,535897.4,127.0,58.2,0,0,0,0.728,AUTO_CV_METRIC
87fed196dc21698b,776425.9,130.8,58.9,0,0,0,0.737,AUTO_CV_METRIC
98e967b416dd3794,209018.2,105.3,56.9,0,0,0,0.712,AUTO_CV_METRIC
cae81a4c283d226b,660373.9,118.4,55.4,0,0,0,0.692,AUTO_CV_METRIC
3064af282bd73d27,288536.4,117.3,52.8,0,0,0,0.66,AUTO_CV_METRIC
0dfde3f68482156b,459988.5,122.2,57.0,0,0,0,0.712,AUTO_CV_METRIC
045bf34fb8c12379,174277.6,123.7,51.7,0,0,0,0.646,AUTO_CV_METRIC
904a4c646122a59a,808855.6,128.7,54.0,0,0,0,0.675,AUTO_CV_METRIC
1ec80adf658f53a2,402252.9,122.2,53.8,0,0,0,0.672,AUTO_CV_METRIC
a30484a3f009a662,301073.3,111.3,53.2,0,0,0,0.666,AUTO_CV_METRIC
69d7351b75950fec,379721.9,122.3,59.3,0,0,0,0.741,AUTO_CV_METRIC
d4909c17f1c997f9,779062.4,122.2,50.3,0,0,0,0.629,AUTO_CV_METRIC
40b5cb01658703a7,799716.7,128.9,55.2,0,0,0,0.69,AUTO_CV_METRIC
22a9b3d9099d8db1,550852.8,112.9,56.0,0,0,0,0.699,AUTO_CV_METRIC
d057b8cb8a7f48b1,854051.6,119.9,50.2,0,0,0,0.627,AUTO_CV_METRIC
befde77bc48009bb,515208.2,128.5,56.2,0,0,0,0.702,AUTO_CV_METRIC
b9b3fe10a9af2112,875082.3,127.0,53.4,0,0,0,0.667,AUTO_CV_METRIC
52898617bc5d38a0,281624.9,128.1,52.0,0,0,0,0.65,AUTO_CV_METRIC
d9c3961ddd6fd3c6,828649.4,130.8,54.5,0,0,0,0.681,AUTO_CV_METRIC
b72d4d26b60d95e1,243073.3,107.0,56.3,0,0,0,0.704,AUTO_CV_METRIC
39340aacf4b80bb9,484060.1,126.7,52.4,0,0,0,0.655,AUTO_CV_METRIC
c592c18093d33246,323831.3,124.1,49.7,0,0,0,0.621,AUTO_CV_METRIC
2b79d7c1132600ef,606681.6,113.9,54.5,0,0,0,0.681,AUTO_CV_METRIC
bb607a23d28fef86,1072581.1,134.5,55.4,0,0,0,0.693,AUTO_CV_METRIC
25d2cbac65c479d0,588679.7,118.1,55.0,0,0,0,0.688,AUTO_CV_METRIC
77abc0926be36398,348032.5,121.6,57.1,0,0,0,0.713,AUTO_CV_METRIC
c9a3c77526c5bc8d,230555.0,125.7,58.6,0,0,0,0.733,AUTO_CV_METRIC
a91b34f5918638af,722591.6,126.7,56.0,0,0,0,0.7,AUTO_CV_METRIC
fc202355c7ef16ff,258190.9,120.5,53.4,0,0,0,0.667,AUTO_CV_METRIC
a4d47019e9de51a9,554107.1,119.6,61.1,0,0,0,0.763,AUTO_CV_METRIC
6ea8e99e6a59bd8f,731556.6,117.0,54.3,0,0,0,0.679,AUTO_CV_METRIC
5113517e9ddc5553,389672.1,115.0,55.9,0,0,0,0.699,AUTO_CV_METRIC
dc638a2cff018f3c,492464.4,127.0,62.1,0,0,0,0.776,AUTO_CV_METRIC
86121a5f31660180,628012.8,116.8,56.9,0,0,0,0.711,AUTO_CV_METRIC
c1b359d9ff4644ba,891862.9,122.7,59.3,0,0,0,0.742,AUTO_CV_METRIC
534187fadb63530b,922416.9,127.4,63.0,0,0,0,0.788,AUTO_CV_METRIC
ae5db2c95eae5ead,556889.8,119.3,58.1,0,0,0,0.726,AUTO_CV_METRIC
33f26b797e7c8394,469630.4,110.0,57.0,0,0,0,0.713,AUTO_CV_METRIC
f46ef4c5fa12237b,877245.2,123.2,60.0,0,0,0,0.75,AUTO_CV_METRIC
6a5c81f6482924ca,537016.2,112.4,61.5,0,0,0,0.769,AUTO_CV_METRIC
3dc973ef6c8a49ef,516729.4,123.3,61.2,0,0,0,0.764,AUTO_CV_METRIC
518ef9e6b9cd2ff1,776530.9,129.0,50.8,0,0,0,0.635,AUTO_CV_METRIC
a981c3b2d37c4231,605832.4,124.5,55.1,0,0,0,0.689,AUTO_CV_METRIC
4fc3b1cc21d91994,405861.9,110.6,55.4,0,0,0,0.693,AUTO_CV_METRIC
9d4e216520c88201,572161.9,109.8,59.9,0,0,0,0.749,AUTO_CV_METRIC
f7743370166cacd3,701811.8,133.1,51.3,0,0,0,0.642,AUTO_CV_METRIC
c301b8ff8e0771e4,623203.9,127.9,52.2,0,0,0,0.652,AUTO_CV_METRIC
c503fd57e7ff83b3,856926.9,120.6,66.3,0,0,0,0.829,AUTO_CV_METRIC
3c0ef1b9a444b41f,517345.3,126.1,60.6,0,0,0,0.758,AUTO_CV_METRIC
75dc94be3651e6ca,886846.4,123.4,62.0,0,0,0,0.775,AUTO_CV_METRIC
621caf42bb4cc0d9,352394.6,115.9,46.1,0,0,0,0.576,AUTO_CV_METRIC
e122a3cadd740b45,213433.5,116.7,46.9,0,0,0,0.586,AUTO_CV_METRIC
a95410ca9785be71,386414.3,121.9,50.9,0,0,0,0.636,AUTO_CV_METRIC
3983e9ce133849a0,418791.8,108.0,53.0,0,0,0,0.662,AUTO_CV_METRIC
8112103a225a7226,387445.3,123.8,51.4,0,0,0,0.642,AUTO_CV_METRIC
fd84ad47249fee3c,488288.2,117.8,50.3,0,0,0,0.629,AUTO_CV_METRIC
b07be855cfd47f6b,231268.3,132.1,48.8,0,0,0,0.61,AUTO_CV_METRIC
318046899b02b6ea,212463.8,133.4,47.6,0,0,0,0.594,AUTO_CV_METRIC
2f81a2433968d866,281418.8,122.0,52.4,0,0,0,0.656,AUTO_CV_METRIC
06cd26f3abe08f8c,12547.9,125.0,48.5,0,0,0,0.607,AUTO_CV_METRIC
377dd75bd73c0855,562763.6,110.8,47.9,0,0,0,0.599,AUTO_CV_METRIC
106ce3e5148b196b,285325.1,129.5,50.7,0,0,0,0.633,AUTO_CV_METRIC
314a7f04f29dc1e5,327548.8,128.7,46.7,0,0,0,0.583,AUTO_CV_METRIC
4eacafb11e6d7e9f,502890.5,107.4,52.9,0,0,0,0.661,AUTO_CV_METRIC
f996a76d0486db01,10051.5,127.5,48.8,0,0,0,0.609,AUTO_CV_METRIC
6d08e5c0a4881178,603662.6,110.5,48.2,0,0,0,0.603,AUTO_CV_METRIC
0a9cbc0e437d6867,451478.6,108.2,54.2,0,0,0,0.678,AUTO_CV_METRIC
4f0c302a1b5062e4,607785.6,111.9,53.9,0,0,0,0.674,AUTO_CV_METRIC
6f248efaa091ece4,385901.9,112.1,57.7,0,0,0,0.721,AUTO_CV_METRIC
fb5f3a1aa6c1d347,378427.7,117.2,48.6,0,0,0,0.608,AUTO_CV_METRIC
b0944f22f32d3bd5,98823.7,123.5,45.7,0,0,0,0.571,AUTO_CV_METRIC
de371dc1f7d1caa6,312097.4,126.1,53.5,0,0,0,0.669,AUTO_CV_METRIC
047c207886ee70dd,483065.3,103.9,56.5,0,0,0,0.706,AUTO_CV_METRIC
d11cbed7c30a6f24,243117.3,126.0,56.0,0,0,0,0.7,AUTO_CV_METRIC
3f8f0eadf92834c8,437610.6,121.5,60.1,0,0,0,0.752,AUTO_CV_METRIC
e044213256d7b5c8,383470.3,118.4,55.6,0,0,0,0.695,AUTO_CV_METRIC
acb4d650aad2ac44,336693.4,121.5,57.8,0,0,0,0.722,AUTO_CV_METRIC
2255df878ee37670,281949.5,113.4,51.1,0,0,0,0.639,AUTO_CV_METRIC
28a6f7f02b51e969,276515.9,114.8,51.5,0,0,0,0.643,AUTO_CV_METRIC
4597628c7663d73d,192993.3,110.4,58.3,0,0,0,0.729,AUTO_CV_METRIC
4ffaf263dd8b2d1b,338381.4,131.6,49.7,0,0,0,0.621,AUTO_CV_METRIC
c7a9ae44b8e7d564,348782.6,127.7,53.7,0,0,0,0.671,AUTO_CV_METRIC
a2a9bc7411e64cc7,242033.5,107.0,53.2,0,0,0,0.665,AUTO_CV_METRIC
1751217ce9139a17,233294.6,129.1,49.1,0,0,0,0.614,AUTO_CV_METRIC
5d99c3cdb543407a,440032.1,117.7,56.9,0,0,0,0.711,AUTO_CV_METRIC
5d354ee3bb5613aa,297500.2,131.4,44.5,0,0,0,0.556,AUTO_CV_METRIC
56a635c8b5067102,303437.5,116.1,52.9,0,0,0,0.661,AUTO_CV_METRIC
74b614c521d55103,275507.5,125.3,52.9,0,0,0,0.661,AUTO_CV_METRIC
3b059e52d79b93fb,247358.2,130.4,50.6,0,0,0,0.633,AUTO_CV_METRIC
e9ff95d611e73d1e,357743.3,111.6,48.2,0,0,0,0.602,AUTO_CV_METRIC
5a4e84072d34ec6a,200705.2,112.5,47.0,0,0,0,0.588,AUTO_CV_METRIC
274f9db682fc09a9,229827.6,111.4,56.3,0,0,0,0.704,AUTO_CV_METRIC
bc9a895db2870b30,429166.4,111.7,50.5,0,0,0,0.632,AUTO_CV_METRIC
7327ae56e7bff4cf,205127.9,117.9,49.9,0,0,0,0.624,AUTO_CV_METRIC
59436f561e09641b,295498.9,118.7,56.1,0,0,0,0.702,AUTO_CV_METRIC
f000fc4dbbc5e693,310474.1,116.7,46.4,0,0,0,0.58,AUTO_CV_METRIC
7127126f4bf627e5,111007.5,117.5,48.4,0,0,0,0.604,AUTO_CV_METRIC
48e84eb24dadea04,275870.1,112.8,48.4,0,0,0,0.605,AUTO_CV_METRIC
5b9042b2fbf843d4,484150.5,100.3,69.4,0,0,0,0.867,AUTO_CV_METRIC
47a60ba5c14df2d0,793516.8,122.2,64.6,0,0,0,0.807,AUTO_CV_METRIC
ba02318115064bd9,732446.4,107.7,59.7,0,0,0,0.746,AUTO_CV_METRIC
e815d69f67cd75b0,242740.0,111.3,61.5,0,0,0,0.768,AUTO_CV_METRIC
b066c060d9e97a92,512521.2,111.1,71.2,0,0,0,0.89,AUTO_CV_METRIC
9a872e254d85c9ca,444265.1,110.6,64.0,0,0,0,0.8,AUTO_CV_METRIC
a5a73daab514056d,613141.8,102.1,66.5,0,0,0,0.831,AUTO_CV_METRIC
6435f029b0ecc76a,488843.5,123.8,58.2,0,0,0,0.728,AUTO_CV_METRIC
0a4d2c0723fcbe12,1042278.7,104.7,59.8,0,0,0,0.748,AUTO_CV_METRIC
65b13ad34cf1052e,689093.1,122.1,65.7,0,0,0,0.821,AUTO_CV_METRIC
97fc89152e26c591,742336.1,123.3,59.7,0,0,0,0.746,AUTO_CV_METRIC
e972f31b3eae1afd,380330.1,108.0,66.2,0,0,0,0.828,AUTO_CV_METRIC
17ebb8ba129c58bd,727564.5,120.2,58.5,0,0,0,0.732,AUTO_CV_METRIC
4474c047c3f0f3b0,322783.1,113.3,58.0,0,0,0,0.725,AUTO_CV_METRIC
66cd0c7abdd3373f,658624.6,123.8,62.4,0,0,0,0.78,AUTO_CV_METRIC
ffc9ce524e64ef3b,829742.2,103.5,68.3,0,0,0,0.853,AUTO_CV_METRIC
7c23f1fb3af88309,648890.9,119.3,65.0,0,0,0,0.813,AUTO_CV_METRIC
3429b76b57247000,878287.0,104.5,58.5,0,0,0,0.731,AUTO_CV_METRIC
f2b4d4e7b097a2a0,391717.2,123.3,60.2,0,0,0,0.753,AUTO_CV_METRIC
f52847bde21481b8,568444.1,92.4,55.7,0,0,0,0.696,AUTO_CV_METRIC
1a17457eda41b4a9,235572.5,115.4,47.4,0,0,0,0.593,AUTO_CV_METRIC
586910176123b0ff,351830.3,97.9,49.8,0,0,0,0.622,AUTO_CV_METRIC
f7136ea93ba59c7d,371272.5,97.5,55.4,0,0,0,0.693,AUTO_CV_METRIC
d656bd65cba85b6d,369796.4,95.1,56.6,0,0,0,0.708,AUTO_CV_METRIC
02176e1afbd67748,92313.6,126.5,44.4,0,0,0,0.555,AUTO_CV_METRIC
2bf15ac8ca3db5d0,339907.7,98.6,49.6,0,0,0,0.62,AUTO_CV_METRIC
eebc569094546cd5,350621.9,108.4,47.8,0,0,0,0.597,AUTO_CV_METRIC
894dc231a8508ccf,123511.9,114.9,51.8,0,0,0,0.647,AUTO_CV_METRIC
85ff1080a5b8bc39,345535.4,101.0,51.5,0,0,0,0.644,AUTO_CV_METRIC
8bc5b748d3aba61e,229776.0,119.8,39.9,0,0,0,0.499,AUTO_CV_METRIC
733c041f2f014831,242949.2,102.6,52.7,0,0,0,0.658,AUTO_CV_METRIC
822645113c06edcf,421800.6,117.3,46.7,0,0,0,0.584,AUTO_CV_METRIC
8e78c32bef1577d7,134409.2,103.8,54.1,0,0,0,0.676,AUTO_CV_METRIC
465e49cbe29823f5,340440.0,111.1,46.5,0,0,0,0.581,AUTO_CV_METRIC
eb639bffcaea3d32,301597.9,100.0,55.8,0,0,0,0.697,AUTO_CV_METRIC
1e6ec5c8ef04231c,293481.1,116.7,38.9,0,0,0,0.486,AUTO_CV_METRIC
f65d23122f1f1792,341222.8,118.2,40.8,0,0,0,0.511,AUTO_CV_METRIC
26e91c9cf82139e6,292741.6,113.5,47.0,0,0,0,0.587,AUTO_CV_METRIC
f6dd10118d6de65f,363098.1,103.8,52.8,0,0,0,0.66,AUTO_CV_METRIC
efc7b1ab210224e7,180865.5,110.8,44.1,0,0,0,0.551,AUTO_CV_METRIC
4b154998de152adf,346821.0,105.5,56.9,0,0,0,0.712,AUTO_CV_METRIC
3596c7d5a3d442e1,260421.7,104.1,52.1,0,0,0,0.651,AUTO_CV_METRIC
715a7e7549758d1d,262535.8,119.7,44.1,0,0,0,0.551,AUTO_CV_METRIC
5eaa4e758c14a629,127851.7,115.5,50.7,0,0,0,0.634,AUTO_CV_METRIC
a886743a5ef1858b,294367.6,121.4,46.1,0,0,0,0.576,AUTO_CV_METRIC
4d2b6d19e6d3870b,198290.1,105.4,45.7,0,0,0,0.571,AUTO_CV_METRIC
544cf2b2016b35ad,295756.1,117.1,48.8,0,0,0,0.611,AUTO_CV_METRIC
43a1878de4ef6b13,471926.2,108.2,44.6,0,0,0,0.557,AUTO_CV_METRIC
c46e98c3ee73a8ef,416253.2,115.4,46.4,0,0,0,0.58,AUTO_CV_METRIC
7c237279e253b61e,344559.3,117.6,48.8,0,0,0,0.61,AUTO_CV_METRIC
c5cef131105cfeba,77549.3,127.5,41.8,0,0,0,0.522,AUTO_CV_METRIC
49a879bdd9a209b7,325719.7,121.5,48.2,0,0,0,0.603,AUTO_CV_METRIC
6c529d98f8cd58b1,327708.5,115.2,47.0,0,0,0,0.588,AUTO_CV_METRIC
1deb140dd51a6f6d,52774.1,123.1,41.6,0,0,0,0.521,AUTO_CV_METRIC
9e9304f8b6ac81ac,142484.8,121.9,42.1,0,0,0,0.527,AUTO_CV_METRIC
578511291d1fcf31,256018.0,111.3,43.4,0,0,0,0.542,AUTO_CV_METRIC
fe723a9903a30068,305626.4,117.5,49.7,0,0,0,0.621,AUTO_CV_METRIC
e5877c678cc29dd6,286226.8,122.9,47.4,0,0,0,0.593,AUTO_CV_METRIC
7f09ec29cbff320c,474311.0,117.7,48.9,0,0,0,0.611,AUTO_CV_METRIC
fef84c06e3c1dfb7,383190.9,121.3,47.5,0,0,0,0.594,AUTO_CV_METRIC
dd2ccc456bbd92fb,317050.5,101.4,51.2,0,0,0,0.639,AUTO_CV_METRIC
9ef65744fb36ea25,177165.8,126.5,42.8,0,0,0,0.535,AUTO_CV_METRIC
0c3d3449928b31ce,477164.2,116.7,49.4,0,0,0,0.617,AUTO_CV_METRIC
b9ce206dbcf290d7,94170.5,113.8,43.0,0,0,0,0.538,AUTO_CV_METRIC
39009edd007a2ddc,348407.4,117.5,46.2,0,0,0,0.577,AUTO_CV_METRIC
b15fc32815eeda8c,145197.1,117.6,51.2,0,0,0,0.64,AUTO_CV_METRIC
192bdd4701345e4e,479426.5,121.8,46.5,0,0,0,0.582,AUTO_CV_METRIC
86a8c75225ce2738,431312.5,119.7,47.1,0,0,0,0.589,AUTO_CV_METRIC
973cf5beb107f671,50400.7,116.1,50.8,0,0,0,0.635,AUTO_CV_METRIC
45b16e00977439ba,161328.4,101.0,48.8,0,0,0,0.61,AUTO_CV_METRIC
01b45956e5cb9cef,441986.2,121.6,47.4,0,0,0,0.592,AUTO_CV_METRIC
dad210618f2ad8b4,487236.0,114.9,46.0,0,0,0,0.575,AUTO_CV_METRIC
8e5bf643b3a9cd0c,323475.1,118.3,49.8,0,0,0,0.623,AUTO_CV_METRIC
081684d5c19fe209,127766.8,128.5,51.4,0,0,0,0.643,AUTO_CV_METRIC
59fd8a24ed36373f,221387.8,131.6,41.4,0,0,0,0.518,AUTO_CV_METRIC
2745918e58678fee,268264.8,133.6,50.7,0,0,0,0.634,AUTO_CV_METRIC
fe50d8bc164a45d6,127406.1,132.8,50.1,0,0,0,0.626,AUTO_CV_METRIC
41d2555871b6d1bf,342887.8,134.3,46.6,0,0,0,0.582,AUTO_CV_METRIC
cb2e634881325b1d,266683.9,135.5,51.5,0,0,0,0.643,AUTO_CV_METRIC
e2f037e4d0bacbbd,213296.5,119.4,59.2,0,0,0,0.74,AUTO_CV_METRIC
5562684b506bdfe8,273043.2,129.7,54.3,0,0,0,0.678,AUTO_CV_METRIC
7b1c16cb4ce97e14,241819.2,108.6,57.4,0,0,0,0.718,AUTO_CV_METRIC
7669239f3fcb113a,177961.6,124.0,46.4,0,0,0,0.58,AUTO_CV_METRIC
4e9f4fbc24dd8547,206338.5,116.2,58.7,0,0,0,0.734,AUTO_CV_METRIC
74f5cbcdbe894b0b,272944.1,128.6,55.4,0,0,0,0.692,AUTO_CV_METRIC
090bead8cf310610,379936.9,122.6,60.9,0,0,0,0.762,AUTO_CV_METRIC
4d948a3dea6f586b,275298.9,130.7,50.6,0,0,0,0.633,AUTO_CV_METRIC
61d30bf4e042d292,374604.9,118.9,61.5,0,0,0,0.769,AUTO_CV_METRIC
131c46c90af494c0,135416.2,137.2,51.5,0,0,0,0.644,AUTO_CV_METRIC
30220d8a56987674,141067.9,137.8,47.3,0,0,0,0.592,AUTO_CV_METRIC
9d57e249fa5e2f05,294734.3,139.6,54.3,0,0,0,0.679,AUTO_CV_METRIC
68b4a61322598afc,330669.7,129.3,56.4,0,0,0,0.705,AUTO_CV_METRIC
a748024c5936a24b,372870.7,110.2,63.0,0,0,0,0.788,AUTO_CV_METRIC
d41859fba0a80c7a,429749.3,115.8,63.1,0,0,0,0.788,AUTO_CV_METRIC
cb7465f5b2dde23a,847796.9,103.6,65.1,0,0,0,0.814,AUTO_CV_METRIC
fc89cfe5cd8a5226,370371.2,123.0,52.2,0,0,0,0.652,AUTO_CV_METRIC
4dd1f047c0cd3923,501078.6,107.3,61.3,0,0,0,0.767,AUTO_CV_METRIC
dd7c9f1ace7cd534,1011168.5,107.5,56.1,0,0,0,0.702,AUTO_CV_METRIC
923e0ea63d3c7faa,976576.1,134.1,53.8,0,0,0,0.673,AUTO_CV_METRIC
81578e065185dc71,401224.6,125.1,58.4,0,0,0,0.73,AUTO_CV_METRIC
a1207fec181004e9,385651.9,113.3,61.0,0,0,0,0.763,AUTO_CV_METRIC
c25ffb3151c50830,729982.1,113.4,67.1,0,0,0,0.839,AUTO_CV_METRIC
18d675b5a4df1109,549370.0,121.1,56.1,0,0,0,0.702,AUTO_CV_METRIC
eeaf55c6318d9dbe,700851.1,108.0,60.3,0,0,0,0.754,AUTO_CV_METRIC
2ce652a98f8f392a,798234.9,132.4,52.2,0,0,0,0.652,AUTO_CV_METRIC
582d7a8739a405f1,299653.6,114.6,59.5,0,0,0,0.744,AUTO_CV_METRIC
f525fbc670aefb55,183056.0,107.1,60.6,0,0,0,0.757,AUTO_CV_METRIC
570cb0429228a5fa,757856.3,123.1,50.3,0,0,0,0.629,AUTO_CV_METRIC
a31e26cd69fe8cae,280296.1,129.6,49.8,0,0,0,0.623,AUTO_CV_METRIC
b58148c3a009a403,314236.7,117.8,47.9,0,0,0,0.598,AUTO_CV_METRIC
cb6b6494d597df39,574937.9,106.0,65.2,0,0,0,0.815,AUTO_CV_METRIC
707a873cbce4f26f,624258.9,115.9,55.0,0,0,0,0.687,AUTO_CV_METRIC
a678a0ee5fb91543,677398.4,109.5,60.7,0,0,0,0.759,AUTO_CV_METRIC
d5eac15af803e3f4,319814.0,119.5,54.2,0,0,0,0.677,AUTO_CV_METRIC
780dc154469ff85a,404968.7,127.1,52.5,0,0,0,0.656,AUTO_CV_METRIC
0c7b99b8b5d4c773,293164.4,132.1,44.8,0,0,0,0.56,AUTO_CV_METRIC
dc75911c2969986a,428260.4,134.4,52.0,0,0,0,0.65,AUTO_CV_METRIC
6500482c8c1310c4,439335.9,131.2,50.0,0,0,0,0.625,AUTO_CV_METRIC
2505cc951f91841c,382289.7,127.9,45.5,0,0,0,0.569,AUTO_CV_METRIC
d3280c2a565435c7,253295.1,125.8,52.9,0,0,0,0.661,AUTO_CV_METRIC
53de7aa3e894d22d,298173.9,126.0,50.6,0,0,0,0.633,AUTO_CV_METRIC
4a267224182f61ed,419953.3,103.3,58.2,0,0,0,0.728,AUTO_CV_METRIC
de57355a0519e6ef,361209.0,131.7,49.5,0,0,0,0.618,AUTO_CV_METRIC
6b9880db629acb01,303276.4,128.0,50.7,0,0,0,0.634,AUTO_CV_METRIC
727b0e42daeb31a7,322978.2,112.2,57.0,0,0,0,0.712,AUTO_CV_METRIC
4c87e7e8dbb94c24,459863.8,122.4,50.2,0,0,0,0.627,AUTO_CV_METRIC
d72f41c93db508fc,204261.9,126.9,49.8,0,0,0,0.622,AUTO_CV_METRIC
6d153730f6d998ba,522279.0,132.7,49.0,0,0,0,0.613,AUTO_CV_METRIC
4129d02d5fcbf107,365366.4,102.6,57.6,0,0,0,0.72,AUTO_CV_METRIC
2f0414a9dbf1e036,357564.7,122.1,52.1,0,0,0,0.651,AUTO_CV_METRIC
5d6a806d119b9dcd,172497.7,117.0,50.3,0,0,0,0.629,AUTO_CV_METRIC
1ffaaf33d67fdab4,265937.7,123.8,51.5,0,0,0,0.644,AUTO_CV_METRIC
f3e039dcb924133c,293015.0,128.5,51.7,0,0,0,0.646,AUTO_CV_METRIC
81c4eba3be176d9a,227204.3,129.1,45.6,0,0,0,0.57,AUTO_CV_METRIC
e3f0c983c8c7993f,303643.7,103.1,57.1,0,0,0,0.714,AUTO_CV_METRIC
0786b8fdad99db26,372253.9,124.4,51.7,0,0,0,0.646,AUTO_CV_METRIC
0584a3dba3245f61,423874.4,127.0,51.6,0,0,0,0.645,AUTO_CV_METRIC
d73b402221eeeb0b,287750.6,128.4,49.9,0,0,0,0.624,AUTO_CV_METRIC
330174d999a1d2b4,656233.1,129.9,52.5,0,0,0,0.657,AUTO_CV_METRIC
0557a5c41a1590a2,645235.6,128.7,52.9,0,0,0,0.661,AUTO_CV_METRIC
2e6c88e35b952841,1166881.1,98.3,56.3,0,0,0,0.704,AUTO_CV_METRIC
89b0bde2fccc680e,1297960.0,105.0,56.3,0,0,0,0.704,AUTO_CV_METRIC
3a75191aed57582b,931527.6,102.0,61.9,0,0,0,0.773,AUTO_CV_METRIC
3ff0a9d433a2973f,690088.6,99.0,61.7,0,0,0,0.772,AUTO_CV_METRIC
8f41648e92874003,682658.4,107.5,62.2,0,0,0,0.778,AUTO_CV_METRIC
b375431d26698613,979980.8,96.8,57.8,0,0,0,0.722,AUTO_CV_METRIC
94f1215b1170bb4f,646649.6,101.2,59.6,0,0,0,0.745,AUTO_CV_METRIC
ef9dd85a936f3a87,1057646.6,113.9,59.1,0,0,0,0.738,AUTO_CV_METRIC
f4d208b4420288de,1392302.6,95.3,56.8,0,0,0,0.71,AUTO_CV_METRIC
fdc38106d2433de0,786762.2,105.7,60.7,0,0,0,0.759,AUTO_CV_METRIC
458233c1a2d4a228,657640.4,103.1,61.0,0,0,0,0.763,AUTO_CV_METRIC
2b78c401e8c51d76,565373.0,121.4,48.6,0,0,0,0.608,AUTO_CV_METRIC
dacb3cea1ce06771,771166.2,98.0,59.7,0,0,0,0.746,AUTO_CV_METRIC
09e29b9964c875c6,955651.7,104.6,61.1,0,0,0,0.764,AUTO_CV_METRIC
94ca42d186fbc644,254723.7,126.7,49.7,0,0,0,0.621,AUTO_CV_METRIC
ffa158663f553ab2,482312.2,129.8,58.2,0,0,0,0.728,AUTO_CV_METRIC
cf7701eee714d378,771556.4,98.2,58.7,0,0,0,0.734,AUTO_CV_METRIC
687e4a7807c53824,1024522.2,110.3,58.2,0,0,0,0.727,AUTO_CV_METRIC
ccd3cd0885d520fb,1045879.3,106.8,59.4,0,0,0,0.742,AUTO_CV_METRIC
800b5a11412f7c55,1254859.1,108.0,59.7,0,0,0,0.746,AUTO_CV_METRIC
5fb29a38b36ce9dd,881678.8,110.7,60.0,0,0,0,0.751,AUTO_CV_METRIC
2427b505a94fd5f9,705511.2,112.6,57.4,0,0,0,0.718,AUTO_CV_METRIC
e93909c9d6c9993e,737220.3,109.7,55.9,0,0,0,0.699,AUTO_CV_METRIC
1d1011ea17f11c6b,802372.9,108.8,58.4,0,0,0,0.73,AUTO_CV_METRIC
396a4c99d8e4ef87,726639.1,105.6,58.2,0,0,0,0.727,AUTO_CV_METRIC
ac7d5aeef0edcf7e,918185.6,108.6,59.0,0,0,0,0.737,AUTO_CV_METRIC
6dea24cf0cd65228,996438.9,108.4,59.6,0,0,0,0.745,AUTO_CV_METRIC
d2929e4b09a4358d,1362753.9,110.4,58.9,0,0,0,0.736,AUTO_CV_METRIC
530e6f5332d1c411,762910.9,109.8,60.0,0,0,0,0.75,AUTO_CV_METRIC
87b984a85689a60d,990038.7,112.1,58.2,0,0,0,0.728,AUTO_CV_METRIC
253bacf6f60317c5,615550.1,113.3,51.3,0,0,0,0.641,AUTO_CV_METRIC
68197da5d1a55410,330810.3,133.4,55.1,0,0,0,0.689,AUTO_CV_METRIC
36c0f5fa02fd04a1,338687.7,140.3,47.9,0,0,0,0.599,AUTO_CV_METRIC
888644b6e9266243,310669.2,114.0,56.9,0,0,0,0.711,AUTO_CV_METRIC
ffb5b5ceb4fbed2e,592753.9,131.9,55.9,0,0,0,0.698,AUTO_CV_METRIC
4f5a66b9a7ece86a,430448.1,132.3,55.3,0,0,0,0.691,AUTO_CV_METRIC
4a21abb52428b3fb,362322.3,130.7,55.3,0,0,0,0.692,AUTO_CV_METRIC
f8d875a2720daa45,593284.9,126.0,50.9,0,0,0,0.637,AUTO_CV_METRIC
2af5f5d2057620ea,830615.4,128.9,50.1,0,0,0,0.627,AUTO_CV_METRIC
bd7a2323bfcbd7f9,406061.7,128.5,54.3,0,0,0,0.678,AUTO_CV_METRIC
97e6e1345cfc616f,169819.5,131.5,54.7,0,0,0,0.684,AUTO_CV_METRIC
f09e169bba820906,244889.0,110.2,54.6,0,0,0,0.683,AUTO_CV_METRIC
5c350bcb33504dcf,397083.9,125.4,52.1,0,0,0,0.651,AUTO_CV_METRIC
be4bdd23c007aa52,250266.1,114.3,54.3,0,0,0,0.678,AUTO_CV_METRIC
31fd2e9e0ea52f9b,318995.3,121.5,52.5,0,0,0,0.656,AUTO_CV_METRIC
5f64b69fe8e73e73,83376.2,126.3,45.8,0,0,0,0.572,AUTO_CV_METRIC
3e4796bf0cd3af7c,789320.0,127.2,57.3,0,0,0,0.717,AUTO_CV_METRIC
ad363e144abe8a2e,487011.8,119.9,56.1,0,0,0,0.701,AUTO_CV_METRIC
55c0dd27077b14e5,397852.0,108.4,57.3,0,0,0,0.717,AUTO_CV_METRIC
dd14a686d859af68,554153.8,133.6,46.4,0,0,0,0.58,AUTO_CV_METRIC
f40ec5a201a0d658,717918.4,140.0,48.9,0,0,0,0.611,AUTO_CV_METRIC
2ce4d59f61d3b0c2,365838.0,134.0,49.2,0,0,0,0.615,AUTO_CV_METRIC
20b32ce08287182a,396909.7,136.3,46.0,0,0,0,0.574,AUTO_CV_METRIC
c9f2f7a5f32ea105,577488.6,128.6,52.8,0,0,0,0.66,AUTO_CV_METRIC
8a8e26d16fbd2eab,327913.0,137.6,52.1,0,0,0,0.652,AUTO_CV_METRIC
fbdb98b244087a4c,693024.4,126.9,54.6,0,0,0,0.683,AUTO_CV_METRIC
bd8afba9c9e34517,778360.2,134.2,48.3,0,0,0,0.604,AUTO_CV_METRIC
49c3dc2222d0ca82,279106.8,119.8,48.0,0,0,0,0.6,AUTO_CV_METRIC
314a92941cf87a93,487040.5,118.2,58.8,0,0,0,0.736,AUTO_CV_METRIC
9ae940ff7af6e91e,128533.9,117.9,47.0,0,0,0,0.587,AUTO_CV_METRIC
c70ec2e141946b43,374174.8,133.6,45.0,0,0,0,0.562,AUTO_CV_METRIC
30942bbf2296235d,559773.9,138.8,46.4,0,0,0,0.58,AUTO_CV_METRIC
abfafcecef8884f6,721267.2,132.6,49.8,0,0,0,0.622,AUTO_CV_METRIC
0b7a11b6013ef51f,719897.2,123.6,50.5,0,0,0,0.632,AUTO_CV_METRIC
c4bf02c4e7bf933e,508399.1,134.5,48.2,0,0,0,0.602,AUTO_CV_METRIC
1e6ab289d3222ff8,154234.1,141.3,40.6,0,0,0,0.507,AUTO_CV_METRIC
2f20a75120ddd82b,490882.9,139.8,41.9,0,0,0,0.524,AUTO_CV_METRIC
f4d22c4506eb7ba5,569568.2,118.9,59.2,0,0,0,0.741,AUTO_CV_METRIC
f0a5d22095cc6e80,446783.8,116.4,50.8,0,0,0,0.635,AUTO_CV_METRIC
658c48d4936dc172,653092.8,116.8,56.9,0,0,0,0.711,AUTO_CV_METRIC
a32df5ab8ac6529b,419356.8,127.3,42.7,0,0,0,0.533,AUTO_CV_METRIC
d53e9a655c95c61d,625073.1,132.8,48.3,0,0,0,0.603,AUTO_CV_METRIC
a1b098ea116a9689,383355.0,117.5,50.3,0,0,0,0.628,AUTO_CV_METRIC
d846431229712fc9,616459.5,120.3,56.5,0,0,0,0.706,AUTO_CV_METRIC
3bf0b10eecf7f834,677744.3,131.9,45.3,0,0,0,0.566,AUTO_CV_METRIC
4499a32a5a59e085,314680.7,126.1,42.4,0,0,0,0.53,AUTO_CV_METRIC
c262896a10b35040,690033.8,119.5,52.8,0,0,0,0.66,AUTO_CV_METRIC
f3da313d4cab006c,582608.4,120.5,52.7,0,0,0,0.659,AUTO_CV_METRIC
090ffb1353dfe376,466117.1,120.8,53.0,0,0,0,0.663,AUTO_CV_METRIC
4dbc63e01f27147e,353344.8,119.2,51.8,0,0,0,0.647,AUTO_CV_METRIC
a279311154584ea6,521975.3,119.8,55.9,0,0,0,0.698,AUTO_CV_METRIC
60a223d42a783145,654544.8,121.4,58.1,0,0,0,0.726,AUTO_CV_METRIC
cadddae9e455f7c4,518317.9,137.5,42.5,0,0,0,0.532,AUTO_CV_METRIC
6ad3d166fc643c14,573036.9,110.5,59.2,0,0,0,0.74,AUTO_CV_METRIC
6bedb2da2da4cdf4,299184.6,121.2,45.2,0,0,0,0.565,AUTO_CV_METRIC
c061e0e6bac791b9,455647.2,102.3,57.6,0,0,0,0.72,AUTO_CV_METRIC
f28d80edc53c67d7,1119857.0,127.5,56.0,0,0,0,0.7,AUTO_CV_METRIC
95475b9f03647ea8,1228248.8,129.1,57.6,0,0,0,0.721,AUTO_CV_METRIC
b1969ad40ce0e111,925110.9,124.5,56.9,0,0,0,0.711,AUTO_CV_METRIC
eb572bed4b54d463,391293.3,110.1,53.5,0,0,0,0.668,AUTO_CV_METRIC
6d9c62e8cfcfd7b4,451574.8,111.2,55.7,0,0,0,0.696,AUTO_CV_METRIC
9be80014313a6033,391424.8,133.3,51.4,0,0,0,0.642,AUTO_CV_METRIC
75b1d5ec645d32e2,396412.1,125.6,48.5,0,0,0,0.607,AUTO_CV_METRIC
15449beb725716e7,271758.2,111.7,53.6,0,0,0,0.67,AUTO_CV_METRIC
cd13141a35e39fd9,180767.2,126.4,55.9,0,0,0,0.698,AUTO_CV_METRIC
82d7d81b01c511a9,432782.2,127.9,55.1,0,0,0,0.689,AUTO_CV_METRIC
08da5f33377caba8,334012.4,127.2,53.9,0,0,0,0.674,AUTO_CV_METRIC
117dcbb840176670,359961.0,123.1,57.1,0,0,0,0.714,AUTO_CV_METRIC
abe76c70fcb5222b,410331.2,119.8,59.3,0,0,0,0.741,AUTO_CV_METRIC
50021c6b82704784,507596.5,125.8,52.2,0,0,0,0.652,AUTO_CV_METRIC
8f9162aa1924f233,319365.3,114.6,55.9,0,0,0,0.698,AUTO_CV_METRIC
b42016631938bfc6,618164.9,133.1,57.2,0,0,0,0.714,AUTO_CV_METRIC
6c3a37952e8eaa49,376074.0,128.6,51.2,0,0,0,0.641,AUTO_CV_METRIC
99e3f353e702c95e,461356.4,116.9,58.5,0,0,0,0.731,AUTO_CV_METRIC
d79fc16ebc2a269e,680059.9,134.6,57.3,0,0,0,0.716,AUTO_CV_METRIC
b9e3fba51d255a06,533014.9,125.3,54.6,0,0,0,0.682,AUTO_CV_METRIC
57b541dc21518ff3,410907.2,122.8,51.4,0,0,0,0.643,AUTO_CV_METRIC
d9c6096b5b8c53da,576515.8,132.1,55.2,0,0,0,0.69,AUTO_CV_METRIC
b026cc633b004c71,152067.3,113.9,49.7,0,0,0,0.621,AUTO_CV_METRIC
54701c3fbe18b611,405927.7,124.4,49.5,0,0,0,0.618,AUTO_CV_METRIC
37efa502ef9d54c1,249354.4,120.3,58.0,0,0,0,0.725,AUTO_CV_METRIC
a41ca240374a491a,521378.8,132.8,47.8,0,0,0,0.598,AUTO_CV_METRIC
47eee47d5baf50cf,132143.2,123.9,49.4,0,0,0,0.618,AUTO_CV_METRIC
6e1e319d90d95b59,224619.6,112.8,59.3,0,0,0,0.741,AUTO_CV_METRIC
fd5c8e2e12d24991,478785.2,125.3,50.9,0,0,0,0.636,AUTO_CV_METRIC
4046e3c3571e7382,261781.7,123.8,57.0,0,0,0,0.712,AUTO_CV_METRIC
d97ebced3aafed1c,350590.0,126.8,48.8,0,0,0,0.61,AUTO_CV_METRIC
18e560262ac7dea2,200745.6,122.3,53.2,0,0,0,0.665,AUTO_CV_METRIC
bf6cbe2e77ad73f2,336456.6,113.3,53.0,0,0,0,0.663,AUTO_CV_METRIC
55b1fc50986c3078,467914.2,127.2,54.2,0,0,0,0.678,AUTO_CV_METRIC
1700b4538df4b111,346998.5,116.6,48.2,0,0,0,0.602,AUTO_CV_METRIC
559fdc6e8ef382a8,322915.9,118.6,51.4,0,0,0,0.643,AUTO_CV_METRIC
0543bda30526d953,270634.6,128.8,51.0,0,0,0,0.638,AUTO_CV_METRIC
a06dc13dfbf52aea,211284.1,115.6,52.0,0,0,0,0.65,AUTO_CV_METRIC
2cd6b4be0aee7451,310351.8,112.3,48.4,0,0,0,0.606,AUTO_CV_METRIC
2a828bb408cb51ac,443197.9,121.0,49.4,0,0,0,0.618,AUTO_CV_METRIC
e6a64cef98ad504a,382618.8,113.5,52.1,0,0,0,0.651,AUTO_CV_METRIC
c84120e89fc5e757,328832.2,111.1,48.3,0,0,0,0.603,AUTO_CV_METRIC
bfdbaf719f13edca,325335.4,115.1,52.6,0,0,0,0.657,AUTO_CV_METRIC
effbe015dee654e0,698330.0,125.7,54.2,0,0,0,0.678,AUTO_CV_METRIC
9dada97da242ab75,393050.4,137.9,49.7,0,0,0,0.621,AUTO_CV_METRIC
6e3b0faf2e8514af,233734.0,113.7,50.3,0,0,0,0.629,AUTO_CV_METRIC
dc2720d5ad2cf459,379325.4,110.0,50.3,0,0,0,0.629,AUTO_CV_METRIC
47984c9fb208eacd,170732.2,118.5,50.2,0,0,0,0.628,AUTO_CV_METRIC
f752f8cb11c1c711,411586.1,118.8,52.9,0,0,0,0.661,AUTO_CV_METRIC
ad81dd785bae146e,420196.4,111.0,50.4,0,0,0,0.63,AUTO_CV_METRIC
44f7d9f92e95ce8c,500175.0,97.2,61.1,0,0,0,0.764,AUTO_CV_METRIC
ebd8bc6b4bab5d31,242669.1,110.6,46.5,0,0,0,0.582,AUTO_CV_METRIC
9fe85384e1b3bdea,182024.2,127.0,44.3,0,0,0,0.554,AUTO_CV_METRIC
e8a19ee9e68df81e,280569.3,99.6,57.6,0,0,0,0.72,AUTO_CV_METRIC
d645e0c35aa188db,414388.9,100.4,59.5,0,0,0,0.744,AUTO_CV_METRIC
b45b7ae472bb18ea,131084.3,131.9,39.4,0,0,0,0.493,AUTO_CV_METRIC
3feacde6cf22be6a,325734.8,97.0,57.9,0,0,0,0.724,AUTO_CV_METRIC
b78d0d199113f2d5,245391.8,150.4,48.7,0,0,0,0.609,AUTO_CV_METRIC
a9e20349657af1d6,353970.9,97.2,59.0,0,0,0,0.737,AUTO_CV_METRIC
0274e86aaf99949c,364527.8,96.5,59.5,0,0,0,0.744,AUTO_CV_METRIC
daff169b1431c672,185094.8,96.3,58.7,0,0,0,0.733,AUTO_CV_METRIC
eaa109af4ffa28d3,194505.0,112.2,49.4,0,0,0,0.617,AUTO_CV_METRIC
860bb3932234a691,240132.8,131.2,36.1,0,0,0,0.451,AUTO_CV_METRIC
29f9070e8a511554,302513.2,162.6,44.4,0,0,0,0.555,AUTO_CV_METRIC
9044dffb7220b79c,258855.0,147.2,41.4,0,0,0,0.518,AUTO_CV_METRIC
b21560820ab80dff,229940.5,110.8,41.7,0,0,0,0.521,AUTO_CV_METRIC
82b34a82c82c4754,152539.2,123.4,46.8,0,0,0,0.585,AUTO_CV_METRIC
c802bbdc6e5ee9d2,218543.9,111.8,44.6,0,0,0,0.558,AUTO_CV_METRIC
3f7fe05626111b9f,150404.7,121.3,47.7,0,0,0,0.597,AUTO_CV_METRIC
83b203d6096761d9,327090.0,91.3,56.2,0,0,0,0.703,AUTO_CV_METRIC
f11461b32b7d900e,283839.4,124.8,40.3,0,0,0,0.504,AUTO_CV_METRIC
b5c8269253769b95,379646.0,105.1,58.9,0,0,0,0.736,AUTO_CV_METRIC
34fb3c4abcea46c3,416439.6,88.7,56.8,0,0,0,0.71,AUTO_CV_METRIC
fbe107dabf3e914a,324364.7,117.9,56.3,0,0,0,0.704,AUTO_CV_METRIC
ea14e5b5eeab2498,338612.2,92.2,58.2,0,0,0,0.728,AUTO_CV_METRIC
4a05d15fbca64fe9,336418.0,95.1,58.3,0,0,0,0.729,AUTO_CV_METRIC
915078606f2e764b,383960.5,128.4,60.1,0,0,0,0.751,AUTO_CV_METRIC
2efd5a5977fcf39c,663912.2,123.4,59.4,0,0,0,0.742,AUTO_CV_METRIC
3a1575d41f2266a7,257488.6,101.0,62.1,0,0,0,0.777,AUTO_CV_METRIC
cc5aff694dc136c9,450816.0,100.6,62.0,0,0,0,0.775,AUTO_CV_METRIC
cd00d1e7b836a416,255600.8,116.4,57.4,0,0,0,0.718,AUTO_CV_METRIC
04182cd317773adf,481515.8,127.8,56.7,0,0,0,0.709,AUTO_CV_METRIC
4ea9561dba652fa9,286616.8,94.2,61.2,0,0,0,0.764,AUTO_CV_METRIC
60e7fb46a470be84,365339.0,92.0,63.3,0,0,0,0.792,AUTO_CV_METRIC
f638c463c3b35154,431625.0,128.7,59.5,0,0,0,0.744,AUTO_CV_METRIC
e5df4e0dbedfb876,519280.0,123.1,56.4,0,0,0,0.706,AUTO_CV_METRIC
d19811f67da559f3,317872.3,100.2,62.9,0,0,0,0.786,AUTO_CV_METRIC
5f0a8052b7d3ca96,376197.9,116.9,56.3,0,0,0,0.703,AUTO_CV_METRIC
66e940ccaa0ea6aa,330641.1,96.5,61.1,0,0,0,0.764,AUTO_CV_METRIC
a95154bd018d39b6,447712.3,126.7,59.2,0,0,0,0.74,AUTO_CV_METRIC
e60bb860fda9abd7,318102.1,115.3,56.3,0,0,0,0.704,AUTO_CV_METRIC
c08d0f913173bc3f,149039.3,141.7,39.3,0,0,0,0.491,AUTO_CV_METRIC
c72a339dd817d81d,311554.1,118.3,48.8,0,0,0,0.61,AUTO_CV_METRIC
16baa0df421d9757,173356.8,139.9,43.0,0,0,0,0.538,AUTO_CV_METRIC
c1d9bd9f9f6a5dfa,169848.8,114.5,49.8,0,0,0,0.622,AUTO_CV_METRIC
d0563dca9e5aa2dc,290566.9,131.9,51.5,0,0,0,0.644,AUTO_CV_METRIC
7e19d2379f0ab218,142892.0,142.8,42.1,0,0,0,0.526,AUTO_CV_METRIC
34e2dcfeabad14f9,278668.2,127.6,48.5,0,0,0,0.607,AUTO_CV_METRIC
2d3661f41cdeb735,108186.7,128.7,43.6,0,0,0,0.545,AUTO_CV_METRIC
f5b59078a9d3ee55,255599.7,139.4,43.4,0,0,0,0.542,AUTO_CV_METRIC
5b5a7ed5b3d1c91e,365956.2,128.5,45.2,0,0,0,0.565,AUTO_CV_METRIC
aa268abc8b3ad3dc,387411.1,127.6,50.5,0,0,0,0.631,AUTO_CV_METRIC
12b739fd69790245,453056.6,107.4,55.5,0,0,0,0.693,AUTO_CV_METRIC
e65c2c1588d9d143,389879.1,138.2,54.1,0,0,0,0.677,AUTO_CV_METRIC
e66832c6aa88553a,456453.8,128.4,48.5,0,0,0,0.606,AUTO_CV_METRIC
1a44c3c867f30acd,954201.9,127.9,53.4,0,0,0,0.667,AUTO_CV_METRIC
06e86f4b2e716cec,637583.9,128.1,51.4,0,0,0,0.643,AUTO_CV_METRIC
e504aaaad6cea83c,1112767.4,113.9,58.3,0,0,0,0.728,AUTO_CV_METRIC
2e9e727904f63969,443542.2,104.4,53.7,0,0,0,0.672,AUTO_CV_METRIC
89d98c7403d1171b,733995.6,133.1,55.0,0,0,0,0.687,AUTO_CV_METRIC
05ead6eb7b4fdb48,382327.2,99.5,56.8,0,0,0,0.71,AUTO_CV_METRIC
c7a23c6414fc5f77,626437.2,115.0,54.1,0,0,0,0.676,AUTO_CV_METRIC
9a248525887ce25d,193647.0,103.1,49.9,0,0,0,0.624,AUTO_CV_METRIC
e67672ae3694feb7,718153.5,126.6,51.2,0,0,0,0.64,AUTO_CV_METRIC
758132e1d56b915c,395889.3,105.4,51.3,0,0,0,0.642,AUTO_CV_METRIC
5abc8f1d75e7c308,544376.9,137.4,55.7,0,0,0,0.696,AUTO_CV_METRIC
3da05e4f34ef6bbf,843481.8,109.4,57.8,0,0,0,0.722,AUTO_CV_METRIC
e87038869c374fc5,475702.6,136.5,58.2,0,0,0,0.727,AUTO_CV_METRIC
c4ac72d62b191c7f,538060.9,122.9,50.0,0,0,0,0.624,AUTO_CV_METRIC
f71adddb98ff9407,351597.3,129.0,52.2,0,0,0,0.652,AUTO_CV_METRIC
663903a89ddc217b,883490.2,112.8,55.0,0,0,0,0.687,AUTO_CV_METRIC
65d30ec551b892ba,402256.3,99.3,56.5,0,0,0,0.706,AUTO_CV_METRIC
6d7039326172e754,1069834.6,124.3,55.1,0,0,0,0.688,AUTO_CV_METRIC
cd6e1da905df38d1,416303.1,120.5,55.0,0,0,0,0.687,AUTO_CV_METRIC
fa057feb4610cfb2,556294.2,115.3,57.3,0,0,0,0.717,AUTO_CV_METRIC
98d78882e6e73450,270594.1,110.3,51.0,0,0,0,0.638,AUTO_CV_METRIC
36d906009c298dd4,1002383.3,114.9,57.5,0,0,0,0.718,AUTO_CV_METRIC
c372b36fcdb7fe86,309578.8,138.5,43.6,0,0,0,0.544,AUTO_CV_METRIC
9f1fb49ef8689bee,339541.7,139.7,45.0,0,0,0,0.562,AUTO_CV_METRIC
1df59069ab509df1,381004.5,107.5,50.8,0,0,0,0.635,AUTO_CV_METRIC
1a2cc6937e49fdca,679053.0,113.4,53.1,0,0,0,0.663,AUTO_CV_METRIC
1a91836c3d7f7fdc,757916.6,129.3,47.9,0,0,0,0.599,AUTO_CV_METRIC
c55096cd823431c3,433561.7,105.5,54.8,0,0,0,0.685,AUTO_CV_METRIC
4f05735cad63478b,154525.6,150.2,33.2,0,0,0,0.415,AUTO_CV_METRIC
0d0c1208a34ba876,403278.4,143.3,44.1,0,0,0,0.551,AUTO_CV_METRIC
977a22f7964afc52,422628.8,131.3,48.1,0,0,0,0.602,AUTO_CV_METRIC
5d2722814f943943,695889.6,103.1,51.7,0,0,0,0.647,AUTO_CV_METRIC
d68595ea750b3c35,253675.9,152.7,28.0,0,0,0,0.35,AUTO_CV_METRIC
69a72cafa296e0f8,658347.0,86.7,61.7,0,0,0,0.771,AUTO_CV_METRIC
1abe0f40e85b09fe,703424.8,127.8,48.8,0,0,0,0.61,AUTO_CV_METRIC
214fc5fcd32d9f40,571693.7,115.3,52.4,0,0,0,0.655,AUTO_CV_METRIC
cdd4f466df5abd19,678504.8,110.8,51.8,0,0,0,0.648,AUTO_CV_METRIC
f13ff6d71e1070bc,214798.3,142.6,43.6,0,0,0,0.545,AUTO_CV_METRIC
b6c3cd6cbf984577,501321.2,93.9,61.1,0,0,0,0.764,AUTO_CV_METRIC
d7aedd647da5b4f0,776568.6,123.0,48.9,0,0,0,0.612,AUTO_CV_METRIC
4b7df545cc6aeee2,935098.8,126.6,53.0,0,0,0,0.662,AUTO_CV_METRIC
28ad4f74dbeb1237,575307.8,137.9,46.9,0,0,0,0.586,AUTO_CV_METRIC
bddfb46e401c0b8f,562608.5,125.0,50.4,0,0,0,0.63,AUTO_CV_METRIC
40c8961a8cd882cf,826031.5,104.5,53.4,0,0,0,0.668,AUTO_CV_METRIC
a04a1ae773965511,243792.5,144.3,38.0,0,0,0,0.474,AUTO_CV_METRIC
49a347bce39e7084,598855.2,110.2,55.5,0,0,0,0.693,AUTO_CV_METRIC
4d2065da60e658fa,479779.6,132.8,48.0,0,0,0,0.601,AUTO_CV_METRIC
5cc0381ba38685c1,450993.4,138.2,44.6,0,0,0,0.557,AUTO_CV_METRIC
78d79e462052fe76,693072.9,110.8,53.2,0,0,0,0.665,AUTO_CV_METRIC
ef6ea01047b8a0bf,229099.2,140.4,46.2,0,0,0,0.578,AUTO_CV_METRIC
e6bfe22a4e06d0d5,551484.6,89.5,52.9,0,0,0,0.661,AUTO_CV_METRIC
e28c433aa558acef,199465.9,152.0,27.3,0,0,0,0.341,AUTO_CV_METRIC
44a9aeb8f3630a42,751403.2,128.9,45.4,0,0,0,0.567,AUTO_CV_METRIC
5efd89e4e7becca3,622048.4,112.2,53.6,0,0,0,0.67,AUTO_CV_METRIC
4a9e3c47c4d38756,843305.8,126.8,52.3,0,0,0,0.654,AUTO_CV_METRIC
a8b5c81770fbb11f,492371.2,101.6,50.2,0,0,0,0.628,AUTO_CV_METRIC
013ea8e0dca316a9,429935.4,133.5,46.7,0,0,0,0.584,AUTO_CV_METRIC
6103c13866e7f475,221181.5,117.9,52.7,0,0,0,0.659,AUTO_CV_METRIC
cdf7e1b73d81104e,334646.2,124.8,51.9,0,0,0,0.648,AUTO_CV_METRIC
0629bfce46759218,362666.2,122.5,52.9,0,0,0,0.662,AUTO_CV_METRIC
3581d9bc65eeb0dc,358291.2,123.2,58.0,0,0,0,0.725,AUTO_CV_METRIC
1eeaebcd14e9a4d0,338958.8,124.7,55.9,0,0,0,0.698,AUTO_CV_METRIC
c23da79673578d0d,392686.6,88.1,58.8,0,0,0,0.735,AUTO_CV_METRIC
86cdec4636c57c17,585820.1,123.3,51.4,0,0,0,0.643,AUTO_CV_METRIC
7cb9039b0ed54a52,507637.7,131.5,57.2,0,0,0,0.716,AUTO_CV_METRIC
4513899e29b38ee6,271231.0,111.4,52.2,0,0,0,0.652,AUTO_CV_METRIC
b3e08eb2c3cc5c09,433741.3,126.0,54.1,0,0,0,0.676,AUTO_CV_METRIC
e32ca9b274141031,391561.6,122.6,58.0,0,0,0,0.725,AUTO_CV_METRIC
a0b741478358114c,443712.2,88.4,50.7,0,0,0,0.634,AUTO_CV_METRIC
f6f29a19ba6073e6,419163.2,122.0,52.4,0,0,0,0.655,AUTO_CV_METRIC
1ea93b9806da0c9e,178914.5,97.0,40.2,0,0,0,0.502,AUTO_CV_METRIC
d23b1ff7c22071d5,345726.1,116.1,55.8,0,0,0,0.698,AUTO_CV_METRIC
7a52f68066ea1c07,551773.3,129.0,58.1,0,0,0,0.726,AUTO_CV_METRIC
4b50100d69d359d8,329238.0,118.9,52.0,0,0,0,0.65,AUTO_CV_METRIC
c59d6aa84e978b3e,179930.2,99.8,45.8,0,0,0,0.573,AUTO_CV_METRIC
2919cf8404540257,344925.8,129.5,50.7,0,0,0,0.634,AUTO_CV_METRIC
554fc7caa89a452d,204010.0,107.4,49.2,0,0,0,0.615,AUTO_CV_METRIC
84c751b0628bf97c,340455.8,124.7,48.8,0,0,0,0.611,AUTO_CV_METRIC
18157a84c23a6da7,199922.6,110.1,49.5,0,0,0,0.619,AUTO_CV_METRIC
64e2799e0d202fec,474843.2,126.4,49.3,0,0,0,0.616,AUTO_CV_METRIC
a88920a978fb97e7,367821.2,122.8,54.0,0,0,0,0.675,AUTO_CV_METRIC
89b20d7e3fb53d69,550804.2,123.0,57.9,0,0,0,0.724,AUTO_CV_METRIC
85454b077e4a236a,391477.9,128.3,51.1,0,0,0,0.638,AUTO_CV_METRIC
90ba69ef8436e1c0,403869.9,95.9,49.2,0,0,0,0.615,AUTO_CV_METRIC
b1a0e9ecd542c437,322708.1,117.5,55.5,0,0,0,0.693,AUTO_CV_METRIC
f3108cf5081beb66,432491.0,99.7,47.6,0,0,0,0.595,AUTO_CV_METRIC
b4f14f0a23be02f5,211061.5,123.8,48.1,0,0,0,0.602,AUTO_CV_METRIC
5586d21ba6c0355a,360649.3,118.1,46.9,0,0,0,0.586,AUTO_CV_METRIC
d8b3035886d9ffc3,704667.2,108.5,62.4,0,0,0,0.78,AUTO_CV_METRIC
349b19730c00b7cf,169716.5,115.5,40.9,0,0,0,0.511,AUTO_CV_METRIC
08551df4b43c1ee4,274123.5,128.0,41.9,0,0,0,0.523,AUTO_CV_METRIC
ac1fe01658b1d6de,632152.2,109.7,62.5,0,0,0,0.782,AUTO_CV_METRIC
489eeb18fd0ba0f8,542179.6,89.1,69.6,0,0,0,0.869,AUTO_CV_METRIC
f40c4ca7c737b2ed,173621.2,121.1,42.1,0,0,0,0.527,AUTO_CV_METRIC
c564aeec6dd1441e,377362.3,112.0,40.9,0,0,0,0.511,AUTO_CV_METRIC
ccadf14fbc13dbb9,203983.6,122.4,35.6,0,0,0,0.444,AUTO_CV_METRIC
5396e993e6becc6a,247140.3,118.9,50.2,0,0,0,0.627,AUTO_CV_METRIC
c77df4d17b72cb76,124236.3,115.6,43.2,0,0,0,0.541,AUTO_CV_METRIC
ffc980e920f46b16,262916.1,109.8,47.5,0,0,0,0.594,AUTO_CV_METRIC
ef45de2ea4842425,287270.5,118.1,49.9,0,0,0,0.624,AUTO_CV_METRIC
210be9c94be6a12c,82705.9,126.0,42.1,0,0,0,0.526,AUTO_CV_METRIC
04daeada214bfe98,211615.2,117.6,50.2,0,0,0,0.627,AUTO_CV_METRIC
1bd04e5cf9222dc8,538366.9,126.6,50.7,0,0,0,0.634,AUTO_CV_METRIC
efa48b0e7afa59a5,244968.6,124.3,42.0,0,0,0,0.525,AUTO_CV_METRIC
98a29d67c578c5b4,340290.3,117.1,50.5,0,0,0,0.631,AUTO_CV_METRIC
b8845aa3a5cf8765,282903.7,119.2,46.0,0,0,0,0.575,AUTO_CV_METRIC
70979e70f3943f67,341174.4,115.4,49.6,0,0,0,0.62,AUTO_CV_METRIC
25e6a6ef1aaee0a4,593343.9,109.1,62.8,0,0,0,0.785,AUTO_CV_METRIC
7038c2ae2689ed90,110608.7,115.2,42.8,0,0,0,0.535,AUTO_CV_METRIC
c546fc6a3fecf799,319953.3,115.1,49.4,0,0,0,0.617,AUTO_CV_METRIC
5d0ef2b10e0192ee,160427.1,115.2,45.1,0,0,0,0.564,AUTO_CV_METRIC
695ea4144d121386,208415.0,121.4,38.6,0,0,0,0.482,AUTO_CV_METRIC
5e5ed026bda535ef,365097.0,118.0,50.5,0,0,0,0.631,AUTO_CV_METRIC
85b3816687fd6490,108474.6,120.6,42.3,0,0,0,0.528,AUTO_CV_METRIC
2768d2ecde10f9c2,766299.2,122.4,66.3,0,0,0,0.828,AUTO_CV_METRIC
eb5ae9208b4b9ed4,361067.5,113.6,46.1,0,0,0,0.576,AUTO_CV_METRIC
8abf467678d80409,335919.0,134.8,43.4,0,0,0,0.542,AUTO_CV_METRIC
02a828bef6e47454,436909.3,130.8,54.4,0,0,0,0.68,AUTO_CV_METRIC
a49ffa310646deb4,178111.6,111.9,43.7,0,0,0,0.546,AUTO_CV_METRIC
b0daa79f021df367,428297.5,109.1,60.6,0,0,0,0.758,AUTO_CV_METRIC
7dde6a1466fe2bac,253644.7,129.5,59.4,0,0,0,0.743,AUTO_CV_METRIC
61f39b47430a5e96,382729.2,101.3,63.0,0,0,0,0.788,AUTO_CV_METRIC
6b3f5081f5185d60,512826.0,90.7,54.8,0,0,0,0.685,AUTO_CV_METRIC
bc1c36bab96c2594,352901.7,129.6,54.1,0,0,0,0.677,AUTO_CV_METRIC
8e34266ce06c10d7,270951.4,138.5,58.9,0,0,0,0.737,AUTO_CV_METRIC
5a5d308954834d49,392955.4,100.4,49.2,0,0,0,0.615,AUTO_CV_METRIC
6e55f45af341bb69,532074.0,97.6,62.9,0,0,0,0.786,AUTO_CV_METRIC
320bc471c87bf7b7,396196.1,134.0,54.4,0,0,0,0.68,AUTO_CV_METRIC
2897cdd988e53d34,329722.6,95.3,48.7,0,0,0,0.609,AUTO_CV_METRIC
8f43416574efbe87,426708.8,79.5,54.4,0,0,0,0.68,AUTO_CV_METRIC
a91e7627d233b170,272475.9,130.2,46.2,0,0,0,0.577,AUTO_CV_METRIC
afe78efd703981c3,442303.7,88.7,58.2,0,0,0,0.727,AUTO_CV_METRIC
4d5875c3f6372604,559007.9,101.8,63.3,0,0,0,0.791,AUTO_CV_METRIC
85ac01655422bd0c,324389.8,134.2,48.2,0,0,0,0.602,AUTO_CV_METRIC
88b59c34f42e7b25,286054.0,103.3,54.4,0,0,0,0.679,AUTO_CV_METRIC
a31afdef64995eac,436420.0,115.9,61.5,0,0,0,0.769,AUTO_CV_METRIC
109d477c5ce054d9,317033.8,112.9,62.3,0,0,0,0.779,AUTO_CV_METRIC
da69ca3edb372930,247083.3,127.3,63.5,0,0,0,0.793,AUTO_CV_METRIC
78093527ebef1d82,496222.9,100.4,60.6,0,0,0,0.757,AUTO_CV_METRIC
261ce7fce9a2dc6b,466529.1,102.9,59.5,0,0,0,0.744,AUTO_CV_METRIC
813a0ac4c25658ab,442236.0,109.0,63.6,0,0,0,0.795,AUTO_CV_METRIC
be1863ecfafb976a,462387.6,104.9,47.0,0,0,0,0.587,AUTO_CV_METRIC
a882b0724e43fd45,438861.4,102.1,55.9,0,0,0,0.699,AUTO_CV_METRIC
01b13c1face7f9a5,459661.1,111.6,58.2,0,0,0,0.728,AUTO_CV_METRIC
c6619ed1135d08ac,250095.1,101.5,57.2,0,0,0,0.715,AUTO_CV_METRIC
8604f26a49272100,281867.7,102.8,53.5,0,0,0,0.669,AUTO_CV_METRIC
362b5c9a785ef9dc,627199.0,105.1,62.5,0,0,0,0.781,AUTO_CV_METRIC
8dbfba94a1f310f8,647040.1,101.9,60.5,0,0,0,0.756,AUTO_CV_METRIC
50f4a02248a44a96,414864.9,119.9,59.2,0,0,0,0.74,AUTO_CV_METRIC
4a039892c4ad753b,272435.0,118.3,56.2,0,0,0,0.702,AUTO_CV_METRIC
981ad144e04f03a3,402277.2,106.0,52.2,0,0,0,0.652,AUTO_CV_METRIC
8b85c71bbfbe542e,400378.9,117.8,50.8,0,0,0,0.635,AUTO_CV_METRIC
7cc07546b5170fca,249052.0,109.6,55.3,0,0,0,0.692,AUTO_CV_METRIC
464b09bc500e5557,333167.9,116.2,52.7,0,0,0,0.658,AUTO_CV_METRIC
386a09082ee7f763,412497.2,96.5,59.7,0,0,0,0.746,AUTO_CV_METRIC
f17ff369387f1254,492064.9,124.6,54.1,0,0,0,0.676,AUTO_CV_METRIC
25c880e870668cf7,574168.9,110.9,56.2,0,0,0,0.703,AUTO_CV_METRIC
e626c636bc857cf1,392472.0,101.6,57.8,0,0,0,0.722,AUTO_CV_METRIC
db5eb501cc4f6ea3,548867.1,107.2,53.5,0,0,0,0.669,AUTO_CV_METRIC
a5a556ad8b5fd964,560251.9,93.8,61.5,0,0,0,0.769,AUTO_CV_METRIC
88c18fd55f84ce3d,408729.7,108.9,61.5,0,0,0,0.769,AUTO_CV_METRIC
83ee66a91fe0f436,512196.7,108.0,63.0,0,0,0,0.787,AUTO_CV_METRIC
c57e0b46f58143a9,545906.8,103.8,62.4,0,0,0,0.78,AUTO_CV_METRIC
18a11b09eb946f24,285636.9,106.9,48.4,0,0,0,0.605,AUTO_CV_METRIC
7b0db984a80b151d,225992.6,123.6,51.4,0,0,0,0.643,AUTO_CV_METRIC
5be2fb29e11f71bf,438914.2,117.4,55.6,0,0,0,0.696,AUTO_CV_METRIC
2e5a789bfb881338,284644.9,88.8,60.3,0,0,0,0.753,AUTO_CV_METRIC
704501828955fefa,360115.0,105.7,58.6,0,0,0,0.733,AUTO_CV_METRIC
c922c2b504758785,443219.8,111.3,50.0,0,0,0,0.625,AUTO_CV_METRIC
3990f42f6d5ae460,513326.2,110.9,54.3,0,0,0,0.679,AUTO_CV_METRIC
4c8c279073889149,308926.2,106.4,59.7,0,0,0,0.746,AUTO_CV_METRIC
41ce4d7ddb2acf19,663393.8,116.6,49.0,0,0,0,0.613,AUTO_CV_METRIC
6d8f83e93e7f8253,386812.7,108.3,52.0,0,0,0,0.65,AUTO_CV_METRIC
4b623ad34e1d7326,367356.0,94.5,58.0,0,0,0,0.725,AUTO_CV_METRIC
5d0a744e92eb6ec3,246842.5,113.0,57.2,0,0,0,0.715,AUTO_CV_METRIC
01f006897a7339c9,436417.1,94.0,60.6,0,0,0,0.758,AUTO_CV_METRIC
6420d5acc41801a6,381973.2,116.2,53.9,0,0,0,0.673,AUTO_CV_METRIC
f8bf0392bde491c8,281300.7,112.7,47.0,0,0,0,0.587,AUTO_CV_METRIC
459964fc9b190739,414610.6,104.9,55.9,0,0,0,0.698,AUTO_CV_METRIC
c05ee674063c944a,296056.9,102.8,54.9,0,0,0,0.686,AUTO_CV_METRIC
1f56800d45aab63d,394800.7,127.6,49.4,0,0,0,0.618,AUTO_CV_METRIC
18fcf195736cddc4,263271.7,127.0,49.8,0,0,0,0.623,AUTO_CV_METRIC
a17d14cf29d2ea24,574769.9,112.9,52.1,0,0,0,0.651,AUTO_CV_METRIC
6c0a88349726cf3e,446000.5,117.5,52.8,0,0,0,0.66,AUTO_CV_METRIC
5adc3dab5f0acf65,441026.0,113.7,52.7,0,0,0,0.659,AUTO_CV_METRIC
68246816ba6b4c55,379181.9,114.7,50.4,0,0,0,0.63,AUTO_CV_METRIC
83844822c9158e64,89006.4,124.3,41.0,0,0,0,0.513,AUTO_CV_METRIC
6edd8f32abfc2ae0,460171.7,121.9,51.7,0,0,0,0.646,AUTO_CV_METRIC
dfc7cdf60968aeee,415353.8,134.7,42.0,0,0,0,0.525,AUTO_CV_METRIC
b46dac2c2b0d93bc,508122.7,112.5,53.0,0,0,0,0.662,AUTO_CV_METRIC
5679fcbd8f98cf19,529111.4,119.4,53.6,0,0,0,0.67,AUTO_CV_METRIC
dae4d0d1a87aa4a5,282616.7,122.6,51.2,0,0,0,0.64,AUTO_CV_METRIC
85260504eedf10c1,55616.9,128.9,42.0,0,0,0,0.525,AUTO_CV_METRIC
e268d3145ebb3acf,105791.8,119.5,43.0,0,0,0,0.537,AUTO_CV_METRIC
bfba03e044dcb056,480219.6,110.1,51.7,0,0,0,0.646,AUTO_CV_METRIC
93a7a852e87120d4,736187.0,115.6,53.3,0,0,0,0.666,AUTO_CV_METRIC
d52ca9652af00536,496371.6,120.4,52.4,0,0,0,0.655,AUTO_CV_METRIC
d64dfd29e68e69f0,591079.0,132.1,45.6,0,0,0,0.57,AUTO_CV_METRIC
66aaab3557264194,267530.2,132.1,38.3,0,0,0,0.478,AUTO_CV_METRIC
b5c736dce9c38a94,276460.3,135.1,40.5,0,0,0,0.507,AUTO_CV_METRIC
e1809b6b9ac8ca8b,414391.2,110.3,52.7,0,0,0,0.658,AUTO_CV_METRIC
e463cbe813cf4db4,283099.3,121.4,52.9,0,0,0,0.662,AUTO_CV_METRIC
419d20bae12f7f4a,360033.3,111.7,52.8,0,0,0,0.66,AUTO_CV_METRIC
ccba707ee75744d7,393093.4,134.7,46.3,0,0,0,0.579,AUTO_CV_METRIC
71efb8895293d2de,608523.4,113.8,52.6,0,0,0,0.657,AUTO_CV_METRIC
38d9dd2d39bef9d7,309395.0,131.8,34.9,0,0,0,0.436,AUTO_CV_METRIC
74a7bb3c68df6da5,650641.5,116.2,52.7,0,0,0,0.659,AUTO_CV_METRIC
ca9e21aefe1c9eeb,457381.9,112.7,52.5,0,0,0,0.657,AUTO_CV_METRIC
8962faef9be075a6,289764.5,123.0,49.2,0,0,0,0.615,AUTO_CV_METRIC
2493147a17a8ed7d,566999.2,110.5,52.6,0,0,0,0.657,AUTO_CV_METRIC
65666e6741a776ae,247124.4,105.9,50.7,0,0,0,0.634,AUTO_CV_METRIC
961e54fe5a1e1bae,74323.0,118.8,41.7,0,0,0,0.521,AUTO_CV_METRIC
e101607c79a91c33,190399.6,118.6,45.1,0,0,0,0.563,AUTO_CV_METRIC
ba07f8547f979434,637062.4,120.3,56.1,0,0,0,0.702,AUTO_CV_METRIC
84be31783b561cb1,225437.6,136.4,56.2,0,0,0,0.703,AUTO_CV_METRIC
19ca096775a366f5,49695.2,113.6,37.2,0,0,0,0.465,AUTO_CV_METRIC
46f667c1135ae039,283730.7,129.8,50.9,0,0,0,0.637,AUTO_CV_METRIC
f90aa85d102570ff,107739.6,119.6,42.5,0,0,0,0.532,AUTO_CV_METRIC
0a33cd03f3e81822,378278.6,120.6,54.0,0,0,0,0.675,AUTO_CV_METRIC
c5a482a05f8c4171,649105.6,125.3,52.7,0,0,0,0.659,AUTO_CV_METRIC
79cdc9e0e3096a29,390620.5,133.9,52.4,0,0,0,0.655,AUTO_CV_METRIC
acd358c148d26f08,1032832.5,116.6,64.2,0,0,0,0.803,AUTO_CV_METRIC
2108425aba42db60,104867.4,113.5,39.4,0,0,0,0.493,AUTO_CV_METRIC
76196957d2fd1a86,706479.1,114.5,67.0,0,0,0,0.838,AUTO_CV_METRIC
732a29572583329a,319126.1,130.6,50.2,0,0,0,0.627,AUTO_CV_METRIC
8c2a44a28b02fa54,312961.0,124.6,53.6,0,0,0,0.67,AUTO_CV_METRIC
6b563126e5f11cd3,593073.3,119.9,60.4,0,0,0,0.755,AUTO_CV_METRIC
9ad3b0992bf002a7,553863.8,130.2,52.4,0,0,0,0.655,AUTO_CV_METRIC
5f3220d64c5105f5,362895.8,106.9,47.1,0,0,0,0.589,AUTO_CV_METRIC
2a0043711cfda114,379279.8,108.0,54.9,0,0,0,0.686,AUTO_CV_METRIC
d02014ffe215bc7d,146256.3,109.4,49.0,0,0,0,0.613,AUTO_CV_METRIC
df16939e8e13770c,419145.6,118.3,56.2,0,0,0,0.703,AUTO_CV_METRIC
58b93b5f662779c2,173439.1,125.8,49.8,0,0,0,0.622,AUTO_CV_METRIC
bf7552439079469e,178562.3,116.7,61.7,0,0,0,0.771,AUTO_CV_METRIC
41e3577cfc453244,365996.2,118.2,39.4,0,0,0,0.493,AUTO_CV_METRIC
296c785dc3f54e96,409941.3,133.1,52.7,0,0,0,0.658,AUTO_CV_METRIC
8e307700ee5015fa,578549.7,113.4,51.5,0,0,0,0.644,AUTO_CV_METRIC
ea9d6f49f26365ab,862541.2,110.5,54.3,0,0,0,0.679,AUTO_CV_METRIC
c3882ef8d5cf7276,376169.9,117.9,50.3,0,0,0,0.628,AUTO_CV_METRIC
41517523900d2bdb,586925.3,109.2,50.2,0,0,0,0.627,AUTO_CV_METRIC
c822c2fb1649e052,535306.8,112.9,53.3,0,0,0,0.667,AUTO_CV_METRIC
738ec8a081d9f8f5,337015.5,105.3,54.2,0,0,0,0.678,AUTO_CV_METRIC
82493006c19d3bf9,526291.2,116.8,52.4,0,0,0,0.655,AUTO_CV_METRIC
193fce7a2b840a39,268858.3,124.8,49.4,0,0,0,0.618,AUTO_CV_METRIC
404afb206d231b5c,557724.4,111.8,51.0,0,0,0,0.638,AUTO_CV_METRIC
3ccf86dad607d9b5,305602.0,111.5,49.6,0,0,0,0.62,AUTO_CV_METRIC
6a5b7caee13997f2,332132.4,125.0,48.8,0,0,0,0.61,AUTO_CV_METRIC
fc3aa1a4b6c7c700,258496.3,105.8,49.0,0,0,0,0.613,AUTO_CV_METRIC
2168b6d2f9b87cd3,267869.8,107.8,53.2,0,0,0,0.665,AUTO_CV_METRIC
3d78272990596e82,333459.2,140.0,44.2,0,0,0,0.553,AUTO_CV_METRIC
1823fd885e1afa5e,552347.1,130.1,48.2,0,0,0,0.602,AUTO_CV_METRIC
7462fbf6bde5c9a8,308389.8,104.6,47.1,0,0,0,0.589,AUTO_CV_METRIC
07aa6db9b32203c0,259979.5,124.2,49.4,0,0,0,0.617,AUTO_CV_METRIC
a518df64cf0405f5,935659.3,106.7,53.5,0,0,0,0.668,AUTO_CV_METRIC
0e767e37b93db824,722201.4,123.4,58.4,0,0,0,0.73,AUTO_CV_METRIC
84c199423dc609ed,388582.1,130.2,61.6,0,0,0,0.77,AUTO_CV_METRIC
9f9f10e2f1ce838b,810486.8,129.9,54.0,0,0,0,0.675,AUTO_CV_METRIC
ca0b76634dcaa286,368397.2,108.0,59.5,0,0,0,0.743,AUTO_CV_METRIC
0a122726454f11ee,304762.6,110.2,42.7,0,0,0,0.533,AUTO_CV_METRIC
f87f2b4ffae72fef,875571.2,137.9,51.8,0,0,0,0.647,AUTO_CV_METRIC
63671332c0b2851d,563186.1,114.4,48.4,0,0,0,0.605,AUTO_CV_METRIC
7fb8c1d1d86d8bf9,370763.3,114.8,44.2,0,0,0,0.552,AUTO_CV_METRIC
b29935367945db87,653592.4,134.5,47.7,0,0,0,0.596,AUTO_CV_METRIC
b2b9e9e83ed59359,450541.0,135.8,52.5,0,0,0,0.657,AUTO_CV_METRIC
12578d092faf298a,203354.5,120.2,50.3,0,0,0,0.628,AUTO_CV_METRIC
e9934b6051a92fb8,233306.0,139.4,53.4,0,0,0,0.668,AUTO_CV_METRIC
a02c8da7b0a1c163,435375.2,125.3,50.6,0,0,0,0.633,AUTO_CV_METRIC
4ac74c785ab2792d,785593.6,126.9,49.5,0,0,0,0.618,AUTO_CV_METRIC
e7684be7cbc94b07,583234.8,113.5,53.8,0,0,0,0.673,AUTO_CV_METRIC
c8ebfb4ebcb3823c,223735.8,108.1,54.5,0,0,0,0.681,AUTO_CV_METRIC
6ad3ca85fa232800,556823.2,115.5,57.1,0,0,0,0.714,AUTO_CV_METRIC
17ce2fe951035ea3,298696.2,109.4,47.7,0,0,0,0.597,AUTO_CV_METRIC
adb58ec9e65dcc50,222175.1,115.3,47.8,0,0,0,0.598,AUTO_CV_METRIC
04a2b581cad54c2b,428943.6,120.9,47.2,0,0,0,0.591,AUTO_CV_METRIC
71bc890aa72243ee,632588.8,118.0,56.0,0,0,0,0.7,AUTO_CV_METRIC
89b099d4a1b596c2,179944.9,134.1,49.4,0,0,0,0.618,AUTO_CV_METRIC
5f2b98d2fd56fc14,295248.6,126.1,52.8,0,0,0,0.66,AUTO_CV_METRIC
079939e012101ef5,779630.8,119.8,48.8,0,0,0,0.61,AUTO_CV_METRIC
4b431210ce933b51,649042.5,119.5,49.4,0,0,0,0.617,AUTO_CV_METRIC
b1e23646d05c5530,304005.8,129.8,47.0,0,0,0,0.588,AUTO_CV_METRIC
4d9835a4ebea610f,703724.1,113.6,54.4,0,0,0,0.68,AUTO_CV_METRIC
492fe628beb0ddf8,224126.6,117.3,52.1,0,0,0,0.652,AUTO_CV_METRIC
999a7c489f9e42f0,456024.2,120.5,50.3,0,0,0,0.629,AUTO_CV_METRIC
2007b61f30f07471,502878.0,127.3,53.7,0,0,0,0.671,AUTO_CV_METRIC
1e65641fec6a8781,608517.6,121.3,49.7,0,0,0,0.621,AUTO_CV_METRIC
3b8efd9d8ec85459,511204.1,129.8,53.3,0,0,0,0.666,AUTO_CV_METRIC
69121859c75fd6f8,458511.5,129.0,49.9,0,0,0,0.623,AUTO_CV_METRIC
2a36cdef083ff90a,367227.1,121.5,50.7,0,0,0,0.634,AUTO_CV_METRIC
a4e211d39f84f438,193513.4,113.7,44.6,0,0,0,0.558,AUTO_CV_METRIC
0f37074854884757,446655.9,138.7,50.2,0,0,0,0.627,AUTO_CV_METRIC
e3a90bce9efe8a3c,304264.4,122.1,46.1,0,0,0,0.576,AUTO_CV_METRIC
70f596eeebad8125,483907.7,120.6,46.8,0,0,0,0.585,AUTO_CV_METRIC
888d8d711a3e768f,224689.6,118.3,43.5,0,0,0,0.544,AUTO_CV_METRIC
a7c17e3a97dcfc01,108250.3,102.0,44.8,0,0,0,0.56,AUTO_CV_METRIC
b4c45c7fbd1a0fd3,591324.5,123.5,52.4,0,0,0,0.656,AUTO_CV_METRIC
b3a7fea466137cfc,339114.1,123.1,54.9,0,0,0,0.686,AUTO_CV_METRIC
87e085c4fff617e4,258743.4,135.1,50.8,0,0,0,0.635,AUTO_CV_METRIC
0aff83f70fde509e,575992.0,119.1,52.7,0,0,0,0.659,AUTO_CV_METRIC
2fea7010c79127e5,567291.9,126.4,59.4,0,0,0,0.743,AUTO_CV_METRIC
5af3e6bf9d7bafd7,500714.4,128.5,51.6,0,0,0,0.646,AUTO_CV_METRIC
d8d3d6dad020c9e9,791108.8,138.2,48.3,0,0,0,0.603,AUTO_CV_METRIC
4781764913eb09db,312710.8,121.8,52.1,0,0,0,0.652,AUTO_CV_METRIC
370b32d2d1564567,550570.8,120.8,55.2,0,0,0,0.69,AUTO_CV_METRIC
e8bc9cdd3f66d2d6,391087.3,128.4,46.7,0,0,0,0.584,AUTO_CV_METRIC
0c8bea36ae71edeb,632160.4,110.0,51.5,0,0,0,0.644,AUTO_CV_METRIC
509ce67c1a78c2e1,221295.8,111.2,44.9,0,0,0,0.562,AUTO_CV_METRIC
aaa5fc39d8f77948,895124.6,132.3,50.6,0,0,0,0.632,AUTO_CV_METRIC
cf40fab66a6a3a81,420493.2,129.8,48.8,0,0,0,0.61,AUTO_CV_METRIC
548268e17df3453d,654384.0,125.0,54.5,0,0,0,0.681,AUTO_CV_METRIC
20be1e2a55d5a31f,412148.5,129.7,53.8,0,0,0,0.672,AUTO_CV_METRIC
4bbea3e016058ec6,470106.6,119.7,47.1,0,0,0,0.589,AUTO_CV_METRIC
1086b7d2dc65fe08,282542.4,134.2,42.1,0,0,0,0.526,AUTO_CV_METRIC
9aae408ad05ca28d,100722.2,106.9,48.4,0,0,0,0.605,AUTO_CV_METRIC
bda7e7452ac70df8,720100.6,114.5,53.6,0,0,0,0.67,AUTO_CV_METRIC
5bc3ec60eb2ae7bd,480104.0,116.8,53.5,0,0,0,0.668,AUTO_CV_METRIC
9815758a99199c5a,940721.3,127.5,52.0,0,0,0,0.651,AUTO_CV_METRIC
1cc5d4b03cb2d747,220301.7,127.6,53.4,0,0,0,0.668,AUTO_CV_METRIC
8dcade8168848751,221212.7,97.0,48.4,0,0,0,0.605,AUTO_CV_METRIC
9df83c201a78a7ef,732244.3,128.3,50.5,0,0,0,0.631,AUTO_CV_METRIC
d5431c9c6fcfe499,360575.2,113.8,54.4,0,0,0,0.68,AUTO_CV_METRIC
a3fd922e9b6dfc31,359659.7,122.1,44.1,0,0,0,0.552,AUTO_CV_METRIC
fca6b4d55d46c3dd,288464.2,127.1,50.5,0,0,0,0.631,AUTO_CV_METRIC
3cfd468c8cb75b99,474131.8,110.8,51.8,0,0,0,0.647,AUTO_CV_METRIC
1a27e06f03616ebd,519353.3,120.0,58.2,0,0,0,0.727,AUTO_CV_METRIC
569f8b135e59ab73,172524.6,111.1,57.4,0,0,0,0.717,AUTO_CV_METRIC
714f99315256e444,226467.8,107.1,57.0,0,0,0,0.713,AUTO_CV_METRIC
1e4d2770d2c309d5,795851.1,118.7,59.0,0,0,0,0.737,AUTO_CV_METRIC
3c9e7c83f26e2a38,267888.6,115.4,53.8,0,0,0,0.673,AUTO_CV_METRIC
c8a341051e1d201f,564557.6,120.2,58.5,0,0,0,0.732,AUTO_CV_METRIC
7cb02dfba8874f21,654203.0,119.0,58.4,0,0,0,0.73,AUTO_CV_METRIC
406bf9ea5ef1bb1c,482090.1,115.7,58.7,0,0,0,0.734,AUTO_CV_METRIC
cd5aa7481268138b,269202.0,117.9,52.3,0,0,0,0.654,AUTO_CV_METRIC
66735e361c71a8a8,358287.7,114.2,54.2,0,0,0,0.678,AUTO_CV_METRIC
fde7dfe8a3641149,482123.5,127.2,55.7,0,0,0,0.696,AUTO_CV_METRIC
743a694ac2f67e28,311776.7,129.2,54.0,0,0,0,0.675,AUTO_CV_METRIC
15e0ca5488f468b9,210083.3,142.3,50.0,0,0,0,0.625,AUTO_CV_METRIC
acbc8292381606e4,414300.7,108.6,56.6,0,0,0,0.707,AUTO_CV_METRIC
99debcd6e9d5f6e1,225503.3,136.0,50.4,0,0,0,0.631,AUTO_CV_METRIC
243615adb042909d,416678.4,105.8,56.3,0,0,0,0.704,AUTO_CV_METRIC
408b458de28136d4,309607.3,115.4,56.7,0,0,0,0.708,AUTO_CV_METRIC
55c1370a0025304f,163844.9,138.7,47.5,0,0,0,0.594,AUTO_CV_METRIC
b90c6a7c9c1644ec,533079.6,130.0,53.6,0,0,0,0.67,AUTO_CV_METRIC
6fb0d8dd107d3922,445925.6,116.2,56.4,0,0,0,0.705,AUTO_CV_METRIC
642f2511f1e30507,528675.6,119.7,57.0,0,0,0,0.712,AUTO_CV_METRIC
8f263633bd8ef9c5,264148.1,137.1,50.3,0,0,0,0.629,AUTO_CV_METRIC
493e716cd6214905,349521.9,119.0,56.2,0,0,0,0.703,AUTO_CV_METRIC
f434de0a549cedc5,280350.4,113.5,48.9,0,0,0,0.611,AUTO_CV_METRIC
e0b05bb6efb725d8,315569.9,110.1,57.9,0,0,0,0.724,AUTO_CV_METRIC
028474409e921925,259052.1,114.2,56.6,0,0,0,0.707,AUTO_CV_METRIC
3822c2f1d618be89,495283.1,119.2,55.1,0,0,0,0.689,AUTO_CV_METRIC
d5d01b632b2ea695,412740.1,114.4,54.7,0,0,0,0.684,AUTO_CV_METRIC
8fc799b46e7ff0ad,278179.1,120.0,54.7,0,0,0,0.684,AUTO_CV_METRIC
c517936f775c1990,343560.3,116.5,51.2,0,0,0,0.64,AUTO_CV_METRIC
03dbc3b937d60919,3995764.5,216.7,62.2,0,0,0,0.777,AUTO_CV_METRIC
4ddd4a80dca703ee,4819764.5,224.6,64.6,0,0,0,0.808,AUTO_CV_METRIC
7b799608c8c39ba8,682584.0,226.8,45.9,0,0,0,0.574,AUTO_CV_METRIC
599f65473eb8d457,791478.8,228.2,46.0,0,0,0,0.575,AUTO_CV_METRIC
71bff94cd04d9579,5016321.5,201.9,84.6,0,0,0,1.0,AUTO_CV_METRIC
bfb7971c415ecebb,1309413.4,219.1,57.6,0,0,0,0.72,AUTO_CV_METRIC
203b5247a549eb85,483161.6,223.2,50.8,0,0,0,0.635,AUTO_CV_METRIC
08d9d85a1d0212eb,498545.8,231.8,37.8,0,0,0,0.472,AUTO_CV_METRIC
ffa99167f85cc9c7,5259163.5,204.7,83.8,0,0,0,1.0,AUTO_CV_METRIC
7311d5c43424a800,700863.7,226.3,47.4,0,0,0,0.592,AUTO_CV_METRIC
73ede1be3d914792,4600901.5,199.9,87.5,0,0,0,1.0,AUTO_CV_METRIC
42833e3c30ee18a6,4794061.0,198.2,86.9,0,0,0,1.0,AUTO_CV_METRIC
f6932577bcee1cd7,1707099.4,230.1,44.0,0,0,0,0.55,AUTO_CV_METRIC
1a71182850093c54,1681554.9,230.9,44.7,0,0,0,0.558,AUTO_CV_METRIC
8ee4c010959bdcbc,2135610.0,225.9,51.0,0,0,0,0.638,AUTO_CV_METRIC
2ef14bf8c4227093,1416634.0,230.7,44.4,0,0,0,0.555,AUTO_CV_METRIC
14be27c8b9d5154a,8161657.0,208.9,73.2,0,0,0,0.915,AUTO_CV_METRIC
4b5ac0913653a4d0,9949688.0,203.0,80.5,0,0,0,1.0,AUTO_CV_METRIC
2e609329c6050891,885485.9,237.1,36.4,0,0,0,0.455,AUTO_CV_METRIC
6c89dfbf2e88869f,2478260.5,225.2,58.6,0,0,0,0.733,AUTO_CV_METRIC
9f06aa4fd36f6725,1380049.6,235.3,39.0,0,0,0,0.487,AUTO_CV_METRIC
30bb302be7863474,2027158.8,228.7,53.6,0,0,0,0.67,AUTO_CV_METRIC
9ff8a82d62ed73b8,944276.4,211.8,64.0,0,0,0,0.799,AUTO_CV_METRIC
bfd577d7fc686e3e,2089032.2,229.5,52.9,0,0,0,0.662,AUTO_CV_METRIC
f86ae3ba9bd08de7,1652173.9,229.6,46.0,0,0,0,0.575,AUTO_CV_METRIC
7d405004fe9915b7,2923889.0,227.0,55.7,0,0,0,0.697,AUTO_CV_METRIC
e89f456795552f4c,4494355.5,217.7,61.0,0,0,0,0.763,AUTO_CV_METRIC
ee13f6caab5f308b,2614091.0,233.6,45.8,0,0,0,0.573,AUTO_CV_METRIC
b10736e39149bedc,5876808.0,220.2,57.5,0,0,0,0.719,AUTO_CV_METRIC
268b7919074d067d,5002983.5,215.8,60.2,0,0,0,0.753,AUTO_CV_METRIC
7520b45a3adbfcd6,1101763.9,214.5,64.9,0,0,0,0.811,AUTO_CV_METRIC
465b146f08f038e4,559643.4,159.4,47.9,0,0,0,0.598,AUTO_CV_METRIC
7c3518b1ea69f155,1534629.9,195.3,79.8,0,0,0,0.997,AUTO_CV_METRIC
46435574169b210a,1904119.4,115.2,59.2,0,0,0,0.74,AUTO_CV_METRIC
a8afe5c82ab0a8f9,961207.1,133.0,60.3,0,0,0,0.754,AUTO_CV_METRIC
cbeea7ee053cbde4,8131854.0,163.3,75.1,0,0,0,0.938,AUTO_CV_METRIC
9bff3c36afeef33c,2255283.0,110.8,58.9,0,0,0,0.736,AUTO_CV_METRIC
88e7af29b33655ac,995159.1,114.0,54.2,0,0,0,0.678,AUTO_CV_METRIC
2474025e54da4e7b,639507.3,120.6,56.7,0,0,0,0.709,AUTO_CV_METRIC
1db7680480df43ed,697957.6,219.3,75.0,0,0,0,0.937,AUTO_CV_METRIC
aabe8314f2a2ffe6,398330.7,90.9,51.6,0,0,0,0.645,AUTO_CV_METRIC
e36bc2f43897e730,779654.2,113.6,56.6,0,0,0,0.708,AUTO_CV_METRIC
91b7ebf7481a86b7,1324503.4,95.0,56.8,0,0,0,0.711,AUTO_CV_METRIC
642fa9b442986ea2,1197076.9,176.1,64.5,0,0,0,0.806,AUTO_CV_METRIC
8796596c68486423,1483869.5,218.2,74.1,0,0,0,0.926,AUTO_CV_METRIC
cfb81c9b839d970e,1903190.6,113.5,49.4,0,0,0,0.617,AUTO_CV_METRIC
24fc0806c7b41a21,1914773.1,90.4,45.0,0,0,0,0.562,AUTO_CV_METRIC
f929537ae1fddb86,285770.0,140.3,37.5,0,0,0,0.469,AUTO_CV_METRIC
a25fee9e7291205a,342185.9,147.7,43.8,0,0,0,0.548,AUTO_CV_METRIC
6432db1810288127,16074.3,99.7,47.6,0,0,0,0.595,AUTO_CV_METRIC
2e315d883454d76b,10259319.0,77.7,63.7,0,0,0,0.796,AUTO_CV_METRIC
6bc37f56e969b649,245477.0,136.4,50.2,0,0,0,0.628,AUTO_CV_METRIC
80f43b118065ac75,1720873.9,198.3,52.7,0,0,0,0.658,AUTO_CV_METRIC
5945ee2a38c92c92,613836.6,116.4,51.3,0,0,0,0.641,AUTO_CV_METRIC
a58ebe3bce144f9a,493352.3,93.6,52.7,0,0,0,0.658,AUTO_CV_METRIC
82446f1813922ec5,20292.7,152.2,30.3,0,0,0,0.379,AUTO_CV_METRIC
d72dd76f7089c100,2291144.5,182.5,59.2,0,0,0,0.74,AUTO_CV_METRIC
a5cba340e626e25b,1645590.1,111.6,46.7,0,0,0,0.584,AUTO_CV_METRIC
b7242f3c9b646e72,661294.9,114.5,55.3,0,0,0,0.692,AUTO_CV_METRIC
698e3ac973f6fb99,2660990.0,116.9,60.5,0,0,0,0.756,AUTO_CV_METRIC
f4e1a7e66d517187,976530.1,75.2,49.2,0,0,0,0.615,AUTO_CV_METRIC
439709ed78d9440b,664464.5,47.6,48.1,0,1,0,0.42,AUTO_CV_METRIC
a942d4c76e540c6c,1560673.5,80.8,57.9,0,0,0,0.724,AUTO_CV_METRIC
c50f6fd825c5a52e,1092231.8,117.9,52.6,0,0,0,0.658,AUTO_CV_METRIC
f65383162b66358f,572748.8,209.0,53.7,0,0,0,0.671,AUTO_CV_METRIC
fd262f90dd7c38c2,157504.0,87.1,53.3,0,0,0,0.666,AUTO_CV_METRIC
368da1ccf44d0a6e,169751.6,120.2,35.6,0,0,0,0.445,AUTO_CV_METRIC
379c2e2461b6e8d6,1322272.0,173.2,50.0,0,0,0,0.625,AUTO_CV_METRIC
80823f6f52c47686,1238590.6,155.2,49.3,0,0,0,0.617,AUTO_CV_METRIC
37da4b52248746d9,1312664.4,98.6,61.5,0,0,0,0.768,AUTO_CV_METRIC
5ef745e5a5906fa3,567361.5,141.2,53.5,0,0,0,0.669,AUTO_CV_METRIC
70796864cb77da8d,511163.1,103.6,72.1,0,0,0,0.901,AUTO_CV_METRIC
6bb200d7d7981527,1195004.8,155.6,47.7,0,0,0,0.596,AUTO_CV_METRIC
7144b1e7007ac24d,772715.3,82.0,38.0,0,0,0,0.475,AUTO_CV_METRIC
5942214060153b63,3823806.5,127.2,71.6,0,0,0,0.895,AUTO_CV_METRIC
9ca574a9cd24d309,1121359.6,100.6,48.1,0,0,0,0.601,AUTO_CV_METRIC
c1c690e2d4ca47aa,8036942.5,122.4,107.1,0,0,0,1.0,AUTO_CV_METRIC
4eec3125a97df880,1197707.9,143.7,53.6,0,0,0,0.67,AUTO_CV_METRIC
26dae43c4909a7ee,1071207.1,88.3,54.8,0,0,0,0.685,AUTO_CV_METRIC
4631340481f915c9,212841.7,94.3,48.6,0,0,0,0.608,AUTO_CV_METRIC
6ec66dfe523fcacc,716291.7,128.2,34.9,0,0,0,0.436,AUTO_CV_METRIC
8c65486363436f03,720120.9,135.9,52.1,0,0,0,0.651,AUTO_CV_METRIC
ba96ca6533165ab6,44011.5,91.0,57.0,0,0,0,0.712,AUTO_CV_METRIC
06132a5474766e39,823715.2,136.2,45.2,0,0,0,0.565,AUTO_CV_METRIC
199e0daefbdc885a,824922.3,126.6,50.7,0,0,0,0.633,AUTO_CV_METRIC
db14fabafed902a9,1564744.8,86.9,39.8,0,0,0,0.497,AUTO_CV_METRIC
632b2032bc21e919,393285.6,110.9,52.4,0,0,0,0.655,AUTO_CV_METRIC
9cc82a6490088d5c,179143.5,120.0,37.8,0,0,0,0.472,AUTO_CV_METRIC
6909414b18004fff,301730.0,90.5,39.4,0,0,0,0.492,AUTO_CV_METRIC
c8cdff511f6ed029,627512.2,100.5,56.4,0,0,0,0.704,AUTO_CV_METRIC
1323aed36e4e7bc9,90326.6,136.6,37.6,0,0,0,0.47,AUTO_CV_METRIC
5baa42cd43edd0c6,2817144.8,191.8,61.2,0,0,0,0.764,AUTO_CV_METRIC
fca09f5b626c1fe3,795391.1,146.5,44.3,0,0,0,0.554,AUTO_CV_METRIC
e99237bec181ee2e,42067.8,138.6,31.0,0,0,0,0.387,AUTO_CV_METRIC
b965e1e60fdd6750,103243.2,76.7,60.0,0,0,0,0.749,AUTO_CV_METRIC
e478d4a65555b5c4,195838.4,108.3,37.2,0,0,0,0.465,AUTO_CV_METRIC
7921e36c27865091,1416585.2,81.3,50.4,0,0,0,0.63,AUTO_CV_METRIC
ee6dd1b9e0692fa8,2212628.2,168.5,54.7,0,0,0,0.683,AUTO_CV_METRIC
2c2932d74a4448fa,397117.1,69.6,47.7,0,0,0,0.596,AUTO_CV_METRIC
d3680e42bf1c987b,1387285.4,141.7,50.7,0,0,0,0.633,AUTO_CV_METRIC
57b8410ddce06cbe,6003708.5,122.6,101.8,0,0,0,1.0,AUTO_CV_METRIC
6194e6e4e5aa86f7,4943259.0,166.4,68.2,0,0,0,0.853,AUTO_CV_METRIC
bbe70178a635072f,238396.9,131.3,36.1,0,0,0,0.451,AUTO_CV_METRIC
693aa5e86d2eda42,1135282.8,105.9,62.1,0,0,0,0.776,AUTO_CV_METRIC
21497b361ff00a3b,1516501.0,124.9,55.4,0,0,0,0.693,AUTO_CV_METRIC
d62aab4eb794f802,118641.7,161.9,32.0,0,0,0,0.401,AUTO_CV_METRIC
3923575f5941847c,1591260.6,145.5,49.6,0,0,0,0.62,AUTO_CV_METRIC
e01be50cf2bcd482,3978325.5,144.1,76.7,0,0,0,0.958,AUTO_CV_METRIC
cea0b0e036a9fa7f,486979.1,113.2,47.2,0,0,0,0.59,AUTO_CV_METRIC
7994d1f1bfc8bd17,1122226.2,123.4,46.3,0,0,0,0.578,AUTO_CV_METRIC
697ff6df5ff7394a,670980.0,100.4,50.1,0,0,0,0.627,AUTO_CV_METRIC
2622ec1b9d6e3881,969689.6,109.1,56.7,0,0,0,0.709,AUTO_CV_METRIC
6dba89480fd3b7d7,490522.5,67.2,40.5,0,0,0,0.506,AUTO_CV_METRIC
15fec00e2ba18799,4511163.5,172.4,55.0,0,0,0,0.688,AUTO_CV_METRIC
70f0ad5f8493ca9c,4563483.5,96.9,53.6,0,0,0,0.67,AUTO_CV_METRIC
b7bcf5a206b9664a,251362.5,83.5,53.1,0,0,0,0.664,AUTO_CV_METRIC
717843ecd9bef059,269080.8,110.9,50.8,0,0,0,0.635,AUTO_CV_METRIC
ce446604c841e6c0,1577841.6,127.9,58.1,0,0,0,0.727,AUTO_CV_METRIC
f6ae771e5cf07835,678259.8,93.4,50.0,0,0,0,0.624,AUTO_CV_METRIC
4df716eb23b9ad28,1612974.8,123.6,46.4,0,0,0,0.58,AUTO_CV_METRIC
a766786f52ec27d8,165620.0,71.2,53.9,0,0,0,0.673,AUTO_CV_METRIC
4af2b1ba76358509,377923.0,114.7,43.7,0,0,0,0.547,AUTO_CV_METRIC
9b42d0807a994cff,1181752.9,132.7,62.5,0,0,0,0.781,AUTO_CV_METRIC
30a23ed62fbe2fab,1907866.9,127.9,59.9,0,0,0,0.749,AUTO_CV_METRIC
b817f6403043e0ba,105338.9,108.7,51.5,0,0,0,0.643,AUTO_CV_METRIC
947d918d3f3d6686,550973.4,106.4,49.1,0,0,0,0.613,AUTO_CV_METRIC
89d2279a61386c60,89672.1,118.8,62.4,0,0,0,0.78,AUTO_CV_METRIC
b4fa598543b00448,345790.5,121.4,48.8,0,0,0,0.611,AUTO_CV_METRIC
4eb2a69bbd3f32d7,2099326.0,135.1,48.8,0,0,0,0.61,AUTO_CV_METRIC
0446a742f0ed1a50,243589.6,133.9,54.4,0,0,0,0.679,AUTO_CV_METRIC
7cfd7dd94a8ee2a8,1144480.6,95.4,49.5,0,0,0,0.618,AUTO_CV_METRIC
1c511ffc1ca18b9f,405674.3,134.8,42.6,0,0,0,0.532,AUTO_CV_METRIC
01bc83a3a5540acb,2043348.4,161.4,49.0,0,0,0,0.613,AUTO_CV_METRIC
359b5a0a1851e451,720754.4,105.7,58.6,0,0,0,0.733,AUTO_CV_METRIC
8a742e6085d56bb7,682727.3,131.4,56.1,0,0,0,0.702,AUTO_CV_METRIC
eb17c78b612ddf2c,1161947.6,106.2,60.9,0,0,0,0.761,AUTO_CV_METRIC
68811b05d0f58f2e,1175597.9,146.7,46.7,0,0,0,0.584,AUTO_CV_METRIC
27c88a2fb958b164,369119.1,106.9,59.2,0,0,0,0.74,AUTO_CV_METRIC
acf41e1b3e3a89d3,1014913.6,129.0,41.6,0,0,0,0.52,AUTO_CV_METRIC
d662c9a996dc4b88,678292.4,110.2,50.9,0,0,0,0.637,AUTO_CV_METRIC
1c453b63c2aa3201,2302063.8,176.0,64.7,0,0,0,0.808,AUTO_CV_METRIC
f31c1b132117a23f,910859.1,104.7,65.4,0,0,0,0.818,AUTO_CV_METRIC
bd9418a570c10e30,41005.8,93.4,44.8,0,0,0,0.56,AUTO_CV_METRIC
c25baff9712194f8,516282.4,108.7,62.7,0,0,0,0.784,AUTO_CV_METRIC
66321cb90aa830f8,172987.4,88.1,51.2,0,0,0,0.64,AUTO_CV_METRIC
cba727095c183933,385608.1,129.4,34.3,0,0,0,0.429,AUTO_CV_METRIC
e42dd34ad13f384c,965954.1,189.6,53.2,0,0,0,0.665,AUTO_CV_METRIC
20698a262c382506,446448.1,135.8,44.0,0,0,0,0.55,AUTO_CV_METRIC
5cf83bf7cc96067e,580489.6,75.6,45.1,0,0,0,0.563,AUTO_CV_METRIC
bb7472a770c16139,866971.1,124.1,55.9,0,0,0,0.699,AUTO_CV_METRIC
693e2d926728a131,946442.8,94.8,56.4,0,0,0,0.705,AUTO_CV_METRIC
902cefa3cf995f43,333585.1,114.7,59.1,0,0,0,0.739,AUTO_CV_METRIC
abc0d00b51936026,160252.0,65.6,41.7,0,0,0,0.522,AUTO_CV_METRIC
0b6b2d47194a5fbe,1314683.4,118.0,59.7,0,0,0,0.746,AUTO_CV_METRIC
8985827cdecce7ca,467568.7,114.4,41.5,0,0,0,0.519,AUTO_CV_METRIC
af3843cb75cda6bf,1083731.0,122.4,47.8,0,0,0,0.597,AUTO_CV_METRIC
9705f9a34b929fd9,1008408.2,61.0,59.8,0,0,0,0.747,AUTO_CV_METRIC
b49514284be519b9,215723.5,68.0,45.6,0,0,0,0.57,AUTO_CV_METRIC
7567c02a378bb906,199358.8,119.0,48.6,0,0,0,0.607,AUTO_CV_METRIC
e560556cc1a61723,1958260.1,116.7,64.7,0,0,0,0.809,AUTO_CV_METRIC
0ca45d296781930e,255992.7,108.3,45.5,0,0,0,0.569,AUTO_CV_METRIC
ab72b5a2842cc47b,451069.7,99.4,53.0,0,0,0,0.662,AUTO_CV_METRIC
b3fb01ff9428150b,174363.9,90.0,40.8,0,0,0,0.51,AUTO_CV_METRIC
43f8d95f91cfb869,1365964.6,91.9,52.9,0,0,0,0.661,AUTO_CV_METRIC
e4d6942671ec94d9,762844.7,87.8,44.8,0,0,0,0.56,AUTO_CV_METRIC
0f6b3cda5dbe8484,600929.9,133.7,56.0,0,0,0,0.7,AUTO_CV_METRIC
1adb0ad9dcbc0b2e,2211247.2,91.3,66.6,0,0,0,0.833,AUTO_CV_METRIC
48a9b62251362133,2274666.5,180.6,72.4,0,0,0,0.905,AUTO_CV_METRIC
84ad0910ca0b09d8,494605.8,122.7,46.8,0,0,0,0.585,AUTO_CV_METRIC
77f2744e4a691d81,34711.7,89.7,51.8,0,0,0,0.647,AUTO_CV_METRIC
14dcb871295aa997,780293.2,103.3,36.6,0,0,0,0.457,AUTO_CV_METRIC
b349a8fe2cfefbbc,2278645.5,191.4,52.9,0,0,0,0.661,AUTO_CV_METRIC
9322ecaa04f9ce9e,396931.6,119.9,46.7,0,0,0,0.584,AUTO_CV_METRIC
08864d45e2b4d6db,969779.3,135.5,51.8,0,0,0,0.648,AUTO_CV_METRIC
62389268bc6e1eaf,831301.2,102.9,42.8,0,0,0,0.535,AUTO_CV_METRIC
0da13ac57464d01b,406761.8,135.3,43.4,0,0,0,0.542,AUTO_CV_METRIC
066899c72fea3d6e,847305.0,115.6,52.7,0,0,0,0.658,AUTO_CV_METRIC
1c2948ea327f0399,3274324.0,80.9,49.2,0,0,0,0.615,AUTO_CV_METRIC
bbadf2bc310034ee,784141.8,103.6,53.2,0,0,0,0.665,AUTO_CV_METRIC
02e9ea559f69fe84,1737186.6,91.3,49.0,0,0,0,0.613,AUTO_CV_METRIC
083e184d3374a789,638874.1,149.4,31.5,0,0,0,0.394,AUTO_CV_METRIC
f8289031e8c9b202,694804.4,100.9,59.8,0,0,0,0.747,AUTO_CV_METRIC
3cfc56bcd640a745,916417.4,55.7,50.1,0,1,0,0.438,AUTO_CV_METRIC
491fa40d59b2885c,134521.7,116.6,32.5,0,0,0,0.407,AUTO_CV_METRIC
6e47fb76864f38b9,1163723.8,102.9,62.9,0,0,0,0.786,AUTO_CV_METRIC
5eaceb898f0590e3,3714130.0,121.4,82.1,0,0,0,1.0,AUTO_CV_METRIC
86fa48116f799a50,1389772.6,112.1,42.0,0,0,0,0.525,AUTO_CV_METRIC
f5aa5864332f8589,1708719.0,129.6,67.1,0,0,0,0.838,AUTO_CV_METRIC
897567529d65de5d,760100.7,94.7,47.8,0,0,0,0.598,AUTO_CV_METRIC
1d7a22f23f5b24b8,590402.7,121.9,50.1,0,0,0,0.626,AUTO_CV_METRIC
ddf5ae0ab4416e9b,552343.6,73.3,50.1,0,0,0,0.626,AUTO_CV_METRIC
1c4b6e3065ae18b7,1250561.6,132.6,53.3,0,0,0,0.667,AUTO_CV_METRIC
1024c5350cd18cb8,1793870.1,101.8,57.7,0,0,0,0.722,AUTO_CV_METRIC
8cb76e816099a1b8,2363593.8,122.3,67.1,0,0,0,0.839,AUTO_CV_METRIC
b990c3dd6b1aab49,838484.9,136.0,45.9,0,0,0,0.574,AUTO_CV_METRIC
e7d78f5c882ed000,1534417.5,102.0,54.2,0,0,0,0.677,AUTO_CV_METRIC
7c48c6bcaa105c5c,785449.0,124.0,46.2,0,0,0,0.578,AUTO_CV_METRIC
d1761134b500086f,82567.2,100.5,51.4,0,0,0,0.643,AUTO_CV_METRIC
9407097781bfe240,89995.5,122.0,64.6,0,0,0,0.807,AUTO_CV_METRIC
9d3926eed9ccdacb,440671.2,120.9,54.7,0,0,0,0.684,AUTO_CV_METRIC
a26525178966531b,1903335.2,120.8,52.6,0,0,0,0.657,AUTO_CV_METRIC
c755d1dd8786a049,333030.1,82.9,61.1,0,0,0,0.764,AUTO_CV_METRIC
464be2c512fd7f82,1019799.5,117.3,41.1,0,0,0,0.514,AUTO_CV_METRIC
e8b810525190d41f,327837.4,111.7,57.9,0,0,0,0.724,AUTO_CV_METRIC
67edcd10076082b1,470392.5,103.9,48.8,0,0,0,0.61,AUTO_CV_METRIC
992c57c3e11fe7fe,820427.4,111.5,60.3,0,0,0,0.753,AUTO_CV_METRIC
0c0f6468ac4f4ea5,46839.4,131.7,38.8,0,0,0,0.485,AUTO_CV_METRIC
8e02ddb767c536c9,821673.4,98.4,52.0,0,0,0,0.65,AUTO_CV_METRIC
25485ca32b4dbb61,771066.8,90.7,42.0,0,0,0,0.526,AUTO_CV_METRIC
ea04eaeb219aecd3,475261.9,134.7,57.4,0,0,0,0.717,AUTO_CV_METRIC
a72e60b72cc14406,432841.7,142.7,62.1,0,0,0,0.776,AUTO_CV_METRIC
aa7b9a400c87a600,604711.9,130.6,48.1,0,0,0,0.601,AUTO_CV_METRIC
038e1183037577f2,451718.7,141.3,42.4,0,0,0,0.53,AUTO_CV_METRIC
36501439d7986cdb,1472180.5,103.5,66.9,0,0,0,0.836,AUTO_CV_METRIC
63628eb72096778a,899704.6,144.3,55.8,0,0,0,0.697,AUTO_CV_METRIC
ee54ef993fd5d252,2097409.2,100.5,53.9,0,0,0,0.673,AUTO_CV_METRIC
b5c0f443eb3ee6a7,576592.4,103.6,35.0,0,0,0,0.438,AUTO_CV_METRIC
11e0e2e1da365e11,1750193.4,123.2,62.2,0,0,0,0.777,AUTO_CV_METRIC
3569446262e11a93,901186.9,118.3,52.5,0,0,0,0.656,AUTO_CV_METRIC
bc2ffe26a9aabe48,111323.2,86.8,33.6,0,0,0,0.42,AUTO_CV_METRIC
7a4d38983634637a,1014203.2,109.1,38.1,0,0,0,0.476,AUTO_CV_METRIC
1e05928be530e53c,221189.6,142.1,40.5,0,0,0,0.507,AUTO_CV_METRIC
e503af691510158b,413498.4,100.2,56.9,0,0,0,0.712,AUTO_CV_METRIC
0823fc4a13d7dc10,1512765.4,115.4,60.6,0,0,0,0.758,AUTO_CV_METRIC
51c3b34f23cd434d,2246512.8,125.7,51.6,0,0,0,0.644,AUTO_CV_METRIC
9f83e443a410e0ec,1371870.0,112.6,49.8,0,0,0,0.622,AUTO_CV_METRIC
a684198339b2991b,1028750.8,105.0,49.4,0,0,0,0.617,AUTO_CV_METRIC
5b94acc843f86aad,482902.6,134.8,43.4,0,0,0,0.543,AUTO_CV_METRIC
abd1eb41dfd5fa67,123746.4,116.0,64.6,0,0,0,0.808,AUTO_CV_METRIC
959e98cc3c1b8e1d,1362900.0,179.0,44.7,0,0,0,0.558,AUTO_CV_METRIC
c9d29cc342b674a9,698446.2,124.5,43.7,0,0,0,0.547,AUTO_CV_METRIC
e4b40501d7fe8f59,56472.1,123.6,33.2,0,0,0,0.415,AUTO_CV_METRIC
f4855ca8820a66e7,706823.5,126.7,53.7,0,0,0,0.671,AUTO_CV_METRIC
7a9b30a5aa253f4a,567113.8,103.8,42.9,0,0,0,0.537,AUTO_CV_METRIC
43d59049afeeb71a,717718.2,139.6,36.9,0,0,0,0.462,AUTO_CV_METRIC
1f40ff0b2c4df276,893119.8,109.1,65.3,0,0,0,0.816,AUTO_CV_METRIC
cb5dd4d7349b85ed,626071.4,90.8,46.0,0,0,0,0.575,AUTO_CV_METRIC
4c27dd15835f6335,848406.9,107.2,50.6,0,0,0,0.633,AUTO_CV_METRIC
cabce4076e9a8275,2012195.9,115.2,50.3,0,0,0,0.629,AUTO_CV_METRIC
8c0b7acce8cc9838,1435909.2,99.1,56.6,0,0,0,0.707,AUTO_CV_METRIC
321103ce13540ff7,98709.6,108.4,71.6,0,0,0,0.895,AUTO_CV_METRIC
092db918a45a9b17,751103.6,87.0,61.1,0,0,0,0.763,AUTO_CV_METRIC
c91520ab73acd37c,2139546.2,108.6,45.3,0,0,0,0.566,AUTO_CV_METRIC
651213231b20e5de,2528099.2,137.1,57.5,0,0,0,0.718,AUTO_CV_METRIC
b8f65c0298c0604a,1310610.8,117.3,56.2,0,0,0,0.703,AUTO_CV_METRIC
c0ee68b186a30cf7,1360000.5,109.1,53.8,0,0,0,0.673,AUTO_CV_METRIC
04856365544dd678,104633.6,103.0,45.7,0,0,0,0.571,AUTO_CV_METRIC
5148a0a556bcb9cd,894222.6,110.0,54.7,0,0,0,0.683,AUTO_CV_METRIC
5399149f1e8d4bf7,3969579.0,153.3,96.8,0,0,0,1.0,AUTO_CV_METRIC
d421cc51d8a40acb,43917.9,108.6,37.4,0,0,0,0.467,AUTO_CV_METRIC
db8f05a047017948,910810.9,70.6,58.2,0,0,0,0.727,AUTO_CV_METRIC
7dff15e6551a1299,140565.6,92.6,58.5,0,0,0,0.731,AUTO_CV_METRIC
6567a0799e3c083b,1486191.2,83.5,43.9,0,0,0,0.548,AUTO_CV_METRIC
5cfd2039d239b0d3,973621.8,49.0,64.0,0,1,0,0.56,AUTO_CV_METRIC
7f52868861592be5,832436.6,101.4,35.7,0,0,0,0.446,AUTO_CV_METRIC
8e3e6dc3873a91ec,847594.4,132.8,50.2,0,0,0,0.628,AUTO_CV_METRIC
a336851c671ec047,533796.5,114.2,55.0,0,0,0,0.688,AUTO_CV_METRIC
bc85b832fa0db896,467230.5,132.8,45.7,0,0,0,0.571,AUTO_CV_METRIC
7fa940799a9b4d71,1764097.1,114.5,73.6,0,0,0,0.92,AUTO_CV_METRIC
2530e53e93271a1b,124226.6,150.6,43.3,0,0,0,0.542,AUTO_CV_METRIC
fce1419a0b356674,212580.7,83.2,32.8,0,0,0,0.41,AUTO_CV_METRIC
de066d3bea7973a7,404427.5,113.2,53.0,0,0,0,0.662,AUTO_CV_METRIC
51ca2e1002c15177,327202.9,114.8,50.1,0,0,0,0.626,AUTO_CV_METRIC
4a9c866aa2ef7af8,618747.8,107.3,53.2,0,0,0,0.664,AUTO_CV_METRIC
7dffb471be83441a,151769.1,93.8,47.8,0,0,0,0.598,AUTO_CV_METRIC
7829352905da1d2d,428339.3,102.2,36.6,0,0,0,0.457,AUTO_CV_METRIC
b300e91669285257,259008.3,124.9,37.6,0,0,0,0.47,AUTO_CV_METRIC
8cb0fc89496d1a4c,1132638.2,142.2,44.8,0,0,0,0.56,AUTO_CV_METRIC
f9e8dc00cff7cf2f,443168.7,104.7,58.4,0,0,0,0.73,AUTO_CV_METRIC
da621b5d314b6acf,532924.9,135.0,53.2,0,0,0,0.665,AUTO_CV_METRIC
c7c665a2c1678a7d,534485.9,132.4,52.9,0,0,0,0.661,AUTO_CV_METRIC
6dc680b2c5865959,2716023.8,92.9,53.5,0,0,0,0.668,AUTO_CV_METRIC
9e0417249f806a77,332878.1,131.0,57.4,0,0,0,0.718,AUTO_CV_METRIC
dc7b7b1f923cad09,1211061.8,96.3,46.7,0,0,0,0.584,AUTO_CV_METRIC
1cd500190fb20b68,215076.3,118.8,51.7,0,0,0,0.646,AUTO_CV_METRIC
448375063c927a18,735215.7,81.9,50.8,0,0,0,0.635,AUTO_CV_METRIC
bc70e77bacb0cfab,703122.1,90.3,46.6,0,0,0,0.582,AUTO_CV_METRIC
ec86baf7a1e5a540,883377.8,100.2,63.5,0,0,0,0.794,AUTO_CV_METRIC
d36c33e77be30bb7,794318.1,117.6,44.9,0,0,0,0.561,AUTO_CV_METRIC
9106ffe8da9e7a43,481584.8,131.6,42.2,0,0,0,0.527,AUTO_CV_METRIC
e1eae13a9949ba91,843195.3,109.6,52.4,0,0,0,0.655,AUTO_CV_METRIC
3c6a4b74a758ae22,864162.4,90.2,62.6,0,0,0,0.783,AUTO_CV_METRIC
7855ef38c4796c9e,115377.2,111.5,37.9,0,0,0,0.474,AUTO_CV_METRIC
5d4069ab28e61508,2245551.5,202.8,45.9,0,0,0,0.574,AUTO_CV_METRIC
88d1a5d065638369,702820.4,121.3,58.1,0,0,0,0.726,AUTO_CV_METRIC
015b5b44577727be,1477404.5,111.3,59.8,0,0,0,0.748,AUTO_CV_METRIC
cd0acd3f74f8668a,207020.0,119.3,45.9,0,0,0,0.573,AUTO_CV_METRIC
0ce499bcebaa0c20,702666.3,139.0,42.2,0,0,0,0.528,AUTO_CV_METRIC
abc2857eeacba59d,203935.4,109.3,51.7,0,0,0,0.646,AUTO_CV_METRIC
853313641467fb5d,3243172.0,116.7,68.1,0,0,0,0.851,AUTO_CV_METRIC
e24fd96de50a90cb,1294751.2,112.6,49.3,0,0,0,0.616,AUTO_CV_METRIC
a0087ece8395ab35,460165.7,137.5,35.9,0,0,0,0.449,AUTO_CV_METRIC
2dea388eafd84f98,1489104.2,105.0,54.0,0,0,0,0.675,AUTO_CV_METRIC
a9255a7ad200a581,1530105.6,120.0,72.4,0,0,0,0.906,AUTO_CV_METRIC
be1ac8dd67ec7ce6,226348.2,111.3,26.6,0,0,0,0.333,AUTO_CV_METRIC
a31d0b72a7f63cd3,1280140.9,92.8,48.7,0,0,0,0.609,AUTO_CV_METRIC
34504a63283ff24a,664444.3,111.9,59.7,0,0,0,0.746,AUTO_CV_METRIC
c5e73c4e51c5e0c6,942574.0,94.1,39.7,0,0,0,0.496,AUTO_CV_METRIC
bd535f84d68311ea,166134.8,135.5,38.8,0,0,0,0.485,AUTO_CV_METRIC
2cb25da8d3a3eaab,1751661.9,108.1,49.9,0,0,0,0.624,AUTO_CV_METRIC
cd6abe102a76f9fa,1246764.0,107.0,59.6,0,0,0,0.745,AUTO_CV_METRIC
43cf8bdcceb4fb0c,506710.4,121.3,48.6,0,0,0,0.608,AUTO_CV_METRIC
0c7a4eaa5a62dfbc,554769.5,126.4,35.5,0,0,0,0.444,AUTO_CV_METRIC
c1d1c7cb980f5d11,509578.3,107.9,48.7,0,0,0,0.609,AUTO_CV_METRIC
78d81b9b419ececc,135462.6,86.3,50.1,0,0,0,0.626,AUTO_CV_METRIC
621a812e16269d0b,1760780.5,115.6,60.3,0,0,0,0.754,AUTO_CV_METRIC
14910950c7122cd2,1385007.0,108.2,59.3,0,0,0,0.741,AUTO_CV_METRIC
7e29646c67c7912f,860539.9,103.7,50.1,0,0,0,0.626,AUTO_CV_METRIC
986e6e39ef0583f5,334022.0,94.3,46.1,0,0,0,0.576,AUTO_CV_METRIC
1829759976efb1f2,883006.9,127.8,53.3,0,0,0,0.666,AUTO_CV_METRIC
fefb24bd4b815517,244335.9,129.8,41.0,0,0,0,0.512,AUTO_CV_METRIC
bf97932392cb9055,325707.4,137.8,60.8,0,0,0,0.76,AUTO_CV_METRIC
9272828856a5fbf9,1256296.9,108.1,55.4,0,0,0,0.692,AUTO_CV_METRIC
ef0dbfeb3a7767f9,250063.4,105.6,44.9,0,0,0,0.561,AUTO_CV_METRIC
74d858c8ba2bdd08,1270803.6,127.5,55.2,0,0,0,0.69,AUTO_CV_METRIC
c27fc371c544fcd3,198455.1,118.3,53.0,0,0,0,0.663,AUTO_CV_METRIC
7ee4e123b6cee496,4010960.0,88.5,74.3,0,0,0,0.928,AUTO_CV_METRIC
f81960b3705d7cde,2189373.8,198.5,66.6,0,0,0,0.832,AUTO_CV_METRIC
790e27a8eb420a42,398773.9,103.5,48.7,0,0,0,0.609,AUTO_CV_METRIC
d1b988f3923945ce,452154.6,72.0,46.5,0,0,0,0.581,AUTO_CV_METRIC
26ec2ea6ca4a1979,49263.8,48.5,40.3,0,1,0,0.353,AUTO_CV_METRIC
9cd2e0b3f8fc411c,1386121.6,104.5,55.6,0,0,0,0.695,AUTO_CV_METRIC
798bc46a09358cfc,1550162.1,131.6,52.9,0,0,0,0.661,AUTO_CV_METRIC
ba206006a6630b52,1476377.5,46.3,55.2,0,1,0,0.483,AUTO_CV_METRIC
b9652e7a9c146fa4,19699.6,97.4,27.4,0,0,0,0.342,AUTO_CV_METRIC
e33965bb0bb3ebb6,54041.7,118.1,31.2,0,0,0,0.391,AUTO_CV_METRIC
b2cf776facc077ec,204001.2,113.1,36.5,0,0,0,0.456,AUTO_CV_METRIC
be8e8c27dd731b96,85658.6,121.4,52.8,0,0,0,0.66,AUTO_CV_METRIC
2de5617db61526d8,26176.9,151.1,36.3,0,0,0,0.453,AUTO_CV_METRIC
80d09150db23519c,467881.8,143.8,40.6,0,0,0,0.508,AUTO_CV_METRIC
8efc9bab70b70e44,1920459.0,122.3,63.1,0,0,0,0.788,AUTO_CV_METRIC
6d5a4c0dd2ff80ec,804752.8,120.6,61.1,0,0,0,0.763,AUTO_CV_METRIC
dc249c69a93433b9,4057990.8,77.8,57.6,0,0,0,0.72,AUTO_CV_METRIC
4757fd369c589bfc,947774.6,69.6,46.7,0,0,0,0.584,AUTO_CV_METRIC
ffba6459e74ca92c,1219825.6,107.9,51.9,0,0,0,0.648,AUTO_CV_METRIC
40648cd29ff823d8,88942.7,118.5,49.0,0,0,0,0.613,AUTO_CV_METRIC
1dd62d7bb261506a,992073.6,132.5,56.6,0,0,0,0.708,AUTO_CV_METRIC
51c438a07467101c,1177113.5,88.5,48.1,0,0,0,0.602,AUTO_CV_METRIC
7d07acb5099648d2,1546502.8,110.8,69.2,0,0,0,0.865,AUTO_CV_METRIC
65c9cb3810fabe6a,217088.9,95.9,77.2,0,0,0,0.965,AUTO_CV_METRIC
020ef0209b38bf34,100158.4,121.8,47.3,0,0,0,0.592,AUTO_CV_METRIC
6faa60fa5fd6c330,954027.6,131.8,63.6,0,0,0,0.795,AUTO_CV_METRIC
7436ab2bec554f71,408397.3,81.2,57.3,0,0,0,0.716,AUTO_CV_METRIC
08cb9fe1477f6133,568086.9,93.6,44.2,0,0,0,0.552,AUTO_CV_METRIC
c587c1823e10355c,445286.2,68.8,46.1,0,0,0,0.576,AUTO_CV_METRIC
a2b68d0605b45fab,486526.7,79.5,68.3,0,0,0,0.853,AUTO_CV_METRIC
ded17468c0dbe560,115079.5,123.8,53.0,0,0,0,0.662,AUTO_CV_METRIC
e1293ab39b1d7a1a,97872.0,103.8,54.0,0,0,0,0.675,AUTO_CV_METRIC
cac19fab6df99754,338477.1,141.9,49.5,0,0,0,0.619,AUTO_CV_METRIC
a57338fa34b90fd9,1904041.8,153.4,80.2,0,0,0,1.0,AUTO_CV_METRIC
eb752e8a50258ef9,1678883.9,99.9,55.4,0,0,0,0.693,AUTO_CV_METRIC
c886673f0cf06836,381527.6,91.3,42.4,0,0,0,0.53,AUTO_CV_METRIC
f0e0cd980ef3aa4c,381352.0,147.1,41.8,0,0,0,0.523,AUTO_CV_METRIC
ccd3ff609f142eca,314408.4,138.9,58.3,0,0,0,0.729,AUTO_CV_METRIC
09911c902f1421ce,677959.7,139.5,50.0,0,0,0,0.625,AUTO_CV_METRIC
9320d4e2a8106f8b,1470358.9,152.1,52.7,0,0,0,0.659,AUTO_CV_METRIC
6c8f4ccba1ab49c2,398196.8,104.2,46.1,0,0,0,0.576,AUTO_CV_METRIC
11fca2cc3c5b10cc,178929.7,79.7,51.9,0,0,0,0.649,AUTO_CV_METRIC
3e5f040a3e4ce278,638445.9,130.6,42.7,0,0,0,0.534,AUTO_CV_METRIC
ce3ea142f756e223,1450653.1,131.5,49.2,0,0,0,0.616,AUTO_CV_METRIC
c5dab76876afebb9,341621.8,66.9,57.9,0,0,0,0.724,AUTO_CV_METRIC
ff52fb11eccd325f,593712.1,94.8,50.1,0,0,0,0.626,AUTO_CV_METRIC
d18782bb2b648ee8,169165.6,86.5,36.1,0,0,0,0.451,AUTO_CV_METRIC
a0791d2c33304644,577800.9,125.8,54.9,0,0,0,0.687,AUTO_CV_METRIC
660fb57d035b2c39,989158.6,116.0,52.8,0,0,0,0.66,AUTO_CV_METRIC
85db7bbbc13d9423,258088.8,110.2,47.0,0,0,0,0.587,AUTO_CV_METRIC
21c98d04ef5b0837,7207775.0,132.7,88.3,0,0,0,1.0,AUTO_CV_METRIC
bed3b534aafe9e61,333293.2,116.1,60.5,0,0,0,0.756,AUTO_CV_METRIC
d423bd268d1791df,479200.5,137.4,57.0,0,0,0,0.712,AUTO_CV_METRIC
20f1e6434e4ca782,578999.7,101.5,66.5,0,0,0,0.831,AUTO_CV_METRIC
c0be394e875661fc,1055393.9,88.9,58.0,0,0,0,0.725,AUTO_CV_METRIC
4a84be8f751c2206,1102181.9,98.7,60.1,0,0,0,0.751,AUTO_CV_METRIC
18a9014344a0817f,1249736.6,82.4,47.2,0,0,0,0.59,AUTO_CV_METRIC
bdbaba3c50a856fd,742732.1,114.2,81.6,0,0,0,1.0,AUTO_CV_METRIC
f14417be052aab8f,122874.7,106.4,46.9,0,0,0,0.586,AUTO_CV_METRIC
589c8d1614169996,683948.6,82.4,62.9,0,0,0,0.786,AUTO_CV_METRIC
a19b8b29466d1e5c,672372.7,100.4,69.9,0,0,0,0.873,AUTO_CV_METRIC
1ad3ecfd23bbb81d,301057.7,57.8,51.2,0,1,0,0.448,AUTO_CV_METRIC
61b097ebce67fded,2473199.0,125.5,71.6,0,0,0,0.895,AUTO_CV_METRIC
7e870d8a4dedb958,605115.9,108.8,48.1,0,0,0,0.601,AUTO_CV_METRIC
6accd6e8d14d4946,328131.6,154.6,73.4,0,0,0,0.917,AUTO_CV_METRIC
fd93dbfeb6730180,547828.1,141.2,48.4,0,0,0,0.604,AUTO_CV_METRIC
40da2be0bc5a0fd0,3060829.2,151.6,64.9,0,0,0,0.811,AUTO_CV_METRIC
fc3c3ace279ff7e0,884384.7,150.7,53.3,0,0,0,0.666,AUTO_CV_METRIC
fe9a640178bfa791,938821.9,134.4,42.7,0,0,0,0.533,AUTO_CV_METRIC
3270389b1b5c92b5,384119.7,97.6,53.2,0,0,0,0.665,AUTO_CV_METRIC
f4134638bbdc116f,1892900.0,100.1,51.0,0,0,0,0.637,AUTO_CV_METRIC
deebb1020ae78194,968278.4,218.7,50.2,0,0,0,0.627,AUTO_CV_METRIC
dbd03b3aaa3bb845,401506.7,125.8,55.8,0,0,0,0.697,AUTO_CV_METRIC
8808f631bed10c59,1319832.8,116.5,54.5,0,0,0,0.681,AUTO_CV_METRIC
6dcb81c226ec0746,388215.1,108.7,56.0,0,0,0,0.7,AUTO_CV_METRIC
ace1bc97b8c77d63,488155.4,92.4,62.4,0,0,0,0.78,AUTO_CV_METRIC
e2a50834f394355a,1175573.6,137.8,48.9,0,0,0,0.612,AUTO_CV_METRIC
b98a276657795ac3,571639.0,138.5,54.9,0,0,0,0.687,AUTO_CV_METRIC
d0941cfd6fa74a6e,592384.8,135.3,42.3,0,0,0,0.529,AUTO_CV_METRIC
201507e758fdea58,240266.4,108.5,40.3,0,0,0,0.504,AUTO_CV_METRIC
ed8b52f73966d25c,52959.1,42.0,41.7,0,1,0,0.365,AUTO_CV_METRIC
5eb76f607fe525b4,798901.2,110.1,42.3,0,0,0,0.528,AUTO_CV_METRIC
e430e50c5769a96f,224177.7,83.9,60.5,0,0,0,0.756,AUTO_CV_METRIC
ec22202c9a2130f6,621541.2,119.8,50.2,0,0,0,0.628,AUTO_CV_METRIC
ea2f916feddfac83,1777.9,48.6,32.1,0,1,0,0.281,AUTO_CV_METRIC
df72d308bff0abf2,1928259.5,108.6,68.4,0,0,0,0.855,AUTO_CV_METRIC
483a3fc450426623,879024.0,135.7,54.6,0,0,0,0.683,AUTO_CV_METRIC
ab0d952a012bd9b4,411664.0,137.9,37.3,0,0,0,0.466,AUTO_CV_METRIC
e3b81215b431f024,2675395.0,111.4,51.7,0,0,0,0.646,AUTO_CV_METRIC
e827e663c8db322e,749625.1,106.2,43.4,0,0,0,0.543,AUTO_CV_METRIC
328ea7f78df3885f,1721825.2,90.1,60.6,0,0,0,0.757,AUTO_CV_METRIC
13ad0dff63a4501c,1223568.0,114.5,60.4,0,0,0,0.756,AUTO_CV_METRIC
bfd73df492f79ddd,858040.7,114.8,54.9,0,0,0,0.687,AUTO_CV_METRIC
0e3939ec420aab79,1036352.1,90.4,49.6,0,0,0,0.62,AUTO_CV_METRIC
cf64b708cc758709,869488.9,97.9,52.3,0,0,0,0.654,AUTO_CV_METRIC
e5e231a0fba6ebe5,698381.9,127.0,54.2,0,0,0,0.677,AUTO_CV_METRIC
32970b432ed949eb,347450.1,121.3,58.2,0,0,0,0.727,AUTO_CV_METRIC
cc30c60098979eaa,3796379.8,114.7,59.9,0,0,0,0.749,AUTO_CV_METRIC
a275129ef346fe84,355564.4,113.4,48.4,0,0,0,0.605,AUTO_CV_METRIC
cdb613f3a7d530de,1904040.4,65.2,51.1,0,0,0,0.639,AUTO_CV_METRIC
f768349f92296bde,376335.4,102.4,47.7,0,0,0,0.597,AUTO_CV_METRIC
984392eb1283c254,775220.2,107.6,52.1,0,0,0,0.651,AUTO_CV_METRIC
ce2cbbbb2156f97b,704765.8,100.4,55.9,0,0,0,0.699,AUTO_CV_METRIC
8518f0f7337c6fec,1295260.4,127.4,69.7,0,0,0,0.871,AUTO_CV_METRIC
733b52a4984e6d0a,124243.7,101.2,51.2,0,0,0,0.64,AUTO_CV_METRIC
b0d9b5f4740f7e0b,1519900.1,127.5,58.5,0,0,0,0.732,AUTO_CV_METRIC
d0954ab8b0d38cae,1471612.0,128.4,52.0,0,0,0,0.65,AUTO_CV_METRIC
efb405b05f45a883,497721.0,102.3,49.6,0,0,0,0.62,AUTO_CV_METRIC
0d8c077bbeb41792,1655431.6,92.3,61.6,0,0,0,0.77,AUTO_CV_METRIC
13604f091a16547b,432825.3,81.8,42.8,0,0,0,0.535,AUTO_CV_METRIC
9a4f960ccce11065,115869.3,156.7,41.8,0,0,0,0.523,AUTO_CV_METRIC
2040820af8c14ca6,478274.6,107.8,39.2,0,0,0,0.49,AUTO_CV_METRIC
32d29f51bf66c512,1083628.4,99.6,52.9,0,0,0,0.661,AUTO_CV_METRIC
36e0fbd8bd7cb6ea,2399008.0,172.4,72.4,0,0,0,0.905,AUTO_CV_METRIC
79f63369e6deeed8,287396.9,152.3,38.5,0,0,0,0.481,AUTO_CV_METRIC
e478c64d7627b09b,1025795.8,115.4,50.0,0,0,0,0.625,AUTO_CV_METRIC
86189a217beba9f4,613170.7,131.2,36.9,0,0,0,0.461,AUTO_CV_METRIC
82b43daf18e2e206,1895313.1,166.6,79.8,0,0,0,0.997,AUTO_CV_METRIC
436b100343155c90,4031872.0,155.1,62.4,0,0,0,0.78,AUTO_CV_METRIC
e4c598691b32403a,334047.2,114.7,45.8,0,0,0,0.572,AUTO_CV_METRIC
825b749525e33196,924457.1,78.9,57.6,0,0,0,0.72,AUTO_CV_METRIC
585e75008d00794a,706271.1,100.0,42.5,0,0,0,0.532,AUTO_CV_METRIC
2e5ae4a58d642451,127672.9,137.5,40.0,0,0,0,0.5,AUTO_CV_METRIC
87294dfd21cc1f80,1717046.2,125.2,73.7,0,0,0,0.921,AUTO_CV_METRIC
b9e9b98e045b5049,261456.1,83.1,52.4,0,0,0,0.655,AUTO_CV_METRIC
021a8b95f05c2f6b,501976.9,125.0,48.9,0,0,0,0.611,AUTO_CV_METRIC
c3bd983f605ba75b,432361.7,121.8,46.7,0,0,0,0.584,AUTO_CV_METRIC
461fb36929273792,207684.7,117.5,38.0,0,0,0,0.475,AUTO_CV_METRIC
3768537d0438f530,257889.0,121.9,40.0,0,0,0,0.5,AUTO_CV_METRIC
df68a794658d255d,1080955.2,103.5,57.4,0,0,0,0.718,AUTO_CV_METRIC
bd71af54de8e31d0,1185305.1,131.0,51.3,0,0,0,0.642,AUTO_CV_METRIC
572d9223420494a2,3511973.5,121.8,50.6,0,0,0,0.633,AUTO_CV_METRIC
70e7e8683f051927,1406049.1,106.8,51.0,0,0,0,0.637,AUTO_CV_METRIC
1667e334fc79b163,3158121.2,118.5,64.6,0,0,0,0.807,AUTO_CV_METRIC
7965472cad7260f5,73022.3,112.2,36.7,0,0,0,0.458,AUTO_CV_METRIC
420540e08ea0246d,1450084.5,118.5,51.8,0,0,0,0.647,AUTO_CV_METRIC
b3b13866cd9f3932,424802.6,113.6,46.5,0,0,0,0.581,AUTO_CV_METRIC
d0420c1d76d8a2ae,1698338.4,130.0,54.3,0,0,0,0.679,AUTO_CV_METRIC
7784025928adab71,1000154.1,94.0,49.6,0,0,0,0.62,AUTO_CV_METRIC
03c8c7eec3a8cdd4,83068.5,80.0,35.2,0,0,0,0.44,AUTO_CV_METRIC
771d1bf9fd6b7507,1242474.9,115.9,60.5,0,0,0,0.756,AUTO_CV_METRIC
0bbcc349a0c9f163,235828.0,110.0,41.9,0,0,0,0.524,AUTO_CV_METRIC
fb7e70acceb1557f,645520.3,129.9,58.9,0,0,0,0.737,AUTO_CV_METRIC
810c780c7ae57bcd,393143.1,102.7,50.9,0,0,0,0.636,AUTO_CV_METRIC
93669c662b0ee71f,414126.9,146.0,44.9,0,0,0,0.561,AUTO_CV_METRIC
738d9af44fed550c,62961.7,91.8,63.0,0,0,0,0.788,AUTO_CV_METRIC
29541aefeb201a12,526891.4,109.5,47.9,0,0,0,0.598,AUTO_CV_METRIC
1ae98568b2f75544,347628.5,151.8,57.8,0,0,0,0.723,AUTO_CV_METRIC
403b6bf13fad80a4,370625.0,128.1,48.1,0,0,0,0.602,AUTO_CV_METRIC
8e9c9ca7b6ed6fea,551057.5,140.7,58.0,0,0,0,0.725,AUTO_CV_METRIC
33725c2acf8d74f4,244476.7,142.4,56.6,0,0,0,0.708,AUTO_CV_METRIC
8ffd3e9c1d734e97,519414.8,83.2,53.6,0,0,0,0.67,AUTO_CV_METRIC
9d592654c5324048,603122.7,98.1,42.0,0,0,0,0.525,AUTO_CV_METRIC
67e82b792a2ece31,2461086.5,130.8,65.4,0,0,0,0.817,AUTO_CV_METRIC
d53a9889a6f0d236,1522571.0,99.6,55.8,0,0,0,0.697,AUTO_CV_METRIC
d4216b0515226f9d,1750140.9,117.7,49.8,0,0,0,0.622,AUTO_CV_METRIC
bb8b4d6cd2bd6f70,694789.6,100.9,51.8,0,0,0,0.647,AUTO_CV_METRIC
e497036f1ab0c502,1188433.4,105.1,58.7,0,0,0,0.734,AUTO_CV_METRIC
462e3332aa271c89,317989.3,153.6,37.6,0,0,0,0.47,AUTO_CV_METRIC
c551dbe20aa3176f,1418825.5,79.8,54.3,0,0,0,0.678,AUTO_CV_METRIC
45062e5007f55dfe,740287.8,144.0,37.8,0,0,0,0.473,AUTO_CV_METRIC
24f2d1545c483615,1288022.1,136.7,53.3,0,0,0,0.666,AUTO_CV_METRIC
27a4d62c0bf5d9ed,2319898.0,186.2,57.7,0,0,0,0.721,AUTO_CV_METRIC
731eac8fd82ee4a8,854458.9,89.3,54.2,0,0,0,0.677,AUTO_CV_METRIC
95a10ca6b775dd76,455560.5,90.5,62.1,0,0,0,0.776,AUTO_CV_METRIC
9a218e8c44f9598c,2702017.8,128.1,67.3,0,0,0,0.841,AUTO_CV_METRIC
a4bbc948aa1671b1,259533.6,146.9,31.0,0,0,0,0.388,AUTO_CV_METRIC
83d6f8bbd5b9451e,602525.0,143.5,61.0,0,0,0,0.762,AUTO_CV_METRIC
fae35fc482f2f847,1608972.1,119.9,61.4,0,0,0,0.768,AUTO_CV_METRIC
56eae68a902ba2fd,315440.6,104.4,61.7,0,0,0,0.771,AUTO_CV_METRIC
af40ca113096a023,609413.3,123.2,41.0,0,0,0,0.512,AUTO_CV_METRIC
eeb56105f6e586f5,2025633.4,117.6,62.9,0,0,0,0.786,AUTO_CV_METRIC
c2391fce59a2266f,1003071.5,95.8,55.9,0,0,0,0.699,AUTO_CV_METRIC
3574e9e53e5ed4cc,395910.3,104.1,44.2,0,0,0,0.552,AUTO_CV_METRIC
12ec086afcb9627e,146030.3,86.5,38.6,0,0,0,0.483,AUTO_CV_METRIC
83bebe17c79c1846,512793.2,135.6,43.9,0,0,0,0.549,AUTO_CV_METRIC
95682973e1d42f31,640673.2,107.6,57.0,0,0,0,0.713,AUTO_CV_METRIC
94f9487818850c95,4170745.2,205.4,54.8,0,0,0,0.685,AUTO_CV_METRIC
5c9bba6e7c9277e3,472939.2,78.0,45.6,0,0,0,0.569,AUTO_CV_METRIC
8a992355ec0c9145,1546652.9,126.4,62.6,0,0,0,0.783,AUTO_CV_METRIC
0db57df57ac08b1a,1697469.8,90.8,57.6,0,0,0,0.72,AUTO_CV_METRIC
929509235b283971,174019.6,150.2,30.0,0,0,0,0.375,AUTO_CV_METRIC
63002ac622882841,1848686.6,117.1,59.5,0,0,0,0.744,AUTO_CV_METRIC
b541474199055992,130383.5,144.6,31.1,0,0,0,0.389,AUTO_CV_METRIC
800cd84bfe35efc5,104204.5,79.5,31.5,0,0,0,0.394,AUTO_CV_METRIC
68dfcd0d2c981afe,2728393.5,96.3,59.8,0,0,0,0.747,AUTO_CV_METRIC
9c5ae6d5cc204bab,265690.7,110.1,36.5,0,0,0,0.457,AUTO_CV_METRIC
9017abb998b576a7,647736.9,101.1,62.5,0,0,0,0.782,AUTO_CV_METRIC
1a5ef1b1dd1ae396,1541746.4,105.7,64.1,0,0,0,0.801,AUTO_CV_METRIC
5d0c138e3e494372,182344.4,89.5,47.7,0,0,0,0.596,AUTO_CV_METRIC
b24161a3d4b873b5,498230.0,123.0,57.8,0,0,0,0.722,AUTO_CV_METRIC
0b7cdec4fbf6b74b,1268088.0,119.4,48.1,0,0,0,0.601,AUTO_CV_METRIC
fe35a4053ca301d5,536462.8,83.2,52.0,0,0,0,0.65,AUTO_CV_METRIC
59592760711b8f34,489664.2,64.6,39.1,0,0,0,0.488,AUTO_CV_METRIC
3bc59d33eea1a3cb,185612.0,115.9,50.5,0,0,0,0.631,AUTO_CV_METRIC
ad7eaa778a55acd6,231661.8,114.3,46.6,0,0,0,0.583,AUTO_CV_METRIC
9b9fdfe984621448,373509.7,227.0,44.0,0,0,0,0.55,AUTO_CV_METRIC
9ce1bd3bfb6a0504,847979.7,126.0,70.2,0,0,0,0.877,AUTO_CV_METRIC
26950ebbdb9d3243,2294206.5,134.5,59.6,0,0,0,0.745,AUTO_CV_METRIC
5a129c73abbfa01e,114484.7,65.4,42.3,0,0,0,0.529,AUTO_CV_METRIC
8a706334acf51ef2,1184474.2,94.4,50.8,0,0,0,0.635,AUTO_CV_METRIC
b2dcacfc61b7706e,762365.6,116.0,39.7,0,0,0,0.496,AUTO_CV_METRIC
e8f6cee3713a9d43,353564.8,108.8,34.2,0,0,0,0.428,AUTO_CV_METRIC
9f5e7fa47f20f58e,2197188.2,113.4,62.0,0,0,0,0.775,AUTO_CV_METRIC
ccd02dad79509e4e,82207.7,117.0,51.7,0,0,0,0.646,AUTO_CV_METRIC
2d2d6b2cb03baef0,441331.2,122.1,56.6,0,0,0,0.708,AUTO_CV_METRIC
d3c23f6a20381af2,576226.6,106.5,48.2,0,0,0,0.603,AUTO_CV_METRIC
3afb964a272dc7d1,651176.4,108.8,38.5,0,0,0,0.482,AUTO_CV_METRIC
83670e26516e566b,640404.8,106.4,44.1,0,0,0,0.551,AUTO_CV_METRIC
842d4d34c9fc2741,687297.1,108.8,39.9,0,0,0,0.498,AUTO_CV_METRIC
98f26dadb20ebe44,648626.1,95.0,60.5,0,0,0,0.756,AUTO_CV_METRIC
d61ff765c0dcd425,426875.8,113.1,44.0,0,0,0,0.55,AUTO_CV_METRIC
36a9118c8edcf3f6,97140.4,132.2,47.9,0,0,0,0.599,AUTO_CV_METRIC
5fb4742bb2323e45,1244009.2,104.2,61.6,0,0,0,0.77,AUTO_CV_METRIC
