barcode,view_type,product_name,brand,categories,countries,image_url,local_image_path,license,source
6111242100992,front,Perly,Jaouda,"Snacks, Plain fermented dairy desserts with cream","France, India, Morocco, Netherlands, United States",https://images.openfoodfacts.org/images/products/611/124/210/0992/front_fr.172.400.jpg,./off_download\images\6111242100992_front.jpg,CC BY-SA 4.0,Open Food Facts
3017620425035,front,Nutella,Nutella,"Cocoa and hazelnuts spreads, Confectionary based spreads, pates-a-tartiner-au-chocolat, pates-a-tartiner-aux-noisettes, pates-a-tartiner-aux-noisettes-et-au-cacao, petit-dejeuners, produits-a-tartiner, produits-a-tartiner-sucres","Algeria, Belgium, Bulgaria, France, Germany, Guadeloupe, India, Italy, Luxembourg, Martinique, Morocco, Réunion, Spain, Switzerland, Tunisia, United Kingdom, United States",https://images.openfoodfacts.org/images/products/301/762/042/5035/front_en.583.400.jpg,./off_download\images\3017620425035_front.jpg,CC BY-SA 4.0,Open Food Facts
5449000000996,front,Coca-Cola,"COCA-COLA SERVICES SA/NV, Coca-Cola","Colas, pt:bebidas cafeína","Albania, Austria, Belgium, Bulgaria, Canada, Czech Republic, France, Georgia, Germany, Ghana, Iceland, India, Italy, Latvia, Lithuania, Mexico, Morocco, Poland, Romania, Senegal, Spain, Switzerland, Turkey, Ukraine, United Kingdom, United States",https://images.openfoodfacts.org/images/products/544/900/000/0996/front_en.1129.400.jpg,./off_download\images\5449000000996_front.jpg,CC BY-SA 4.0,Open Food Facts
8901719134845,front,Parle-G Biscuit,Parle,Dry biscuits,India,https://images.openfoodfacts.org/images/products/890/171/913/4845/front_en.11.400.jpg,./off_download\images\8901719134845_front.jpg,CC BY-SA 4.0,Open Food Facts
7613035833272,front,Perrier,"Nestlé, Nestlé Waters, Perrier","Non-alcoholic beverages, Unsweetened beverages, Carbonated mineral waters","Belgium, Benin, Burundi, Cameroon, Canada, Central African Republic, Chad, China, Comoros, Côte d'Ivoire, Democratic Republic of the Congo, Djibouti, Equatorial Guinea, France, French Guiana, French Polynesia, French Southern and Antarctic Lands, Gabon, Germany, Guadeloupe, Guinea, Haiti, India, Italy, Lebanon, Luxembourg, Madagascar, Martinique, Mauritius, Mayotte, Monaco, New Caledonia, Republic of the Congo, Réunion, Romania, Rwanda, Saint-Barthélemy, Saint Martin, Saint Pierre and Miquelon, Senegal, Seychelles, Switzerland, Syria, Togo, United Kingdom, United States, Vanuatu, Wallis and Futuna, Clipperton Island",https://images.openfoodfacts.org/images/products/761/303/583/3272/front_en.149.400.jpg,./off_download\images\7613035833272_front.jpg,CC BY-SA 4.0,Open Food Facts
8901719134852,front,Parle G biscuit,Parle,Biscuits,India,https://images.openfoodfacts.org/images/products/890/171/913/4852/front_en.3.400.jpg,./off_download\images\8901719134852_front.jpg,CC BY-SA 4.0,Open Food Facts
8902080000227,front,Sting Energy,Sting,Energy drink with sugar,India,https://images.openfoodfacts.org/images/products/890/208/000/0227/front_en.81.400.jpg,./off_download\images\8902080000227_front.jpg,CC BY-SA 4.0,Open Food Facts
8901063139329,front,bourbon,britannia,Biscuits,India,https://images.openfoodfacts.org/images/products/890/106/313/9329/front_en.14.400.jpg,./off_download\images\8901063139329_front.jpg,CC BY-SA 4.0,Open Food Facts
90162602,front,Red Bull Energy Drink,Red Bull,"Sodas, Energy drinks, Sweetened beverages, Carbonated Sodas","Albania, Australia, Bulgaria, Egypt, France, Greece, India, Ireland, Morocco, Switzerland, Tunisia, United Kingdom, United States",https://images.openfoodfacts.org/images/products/000/009/016/2602/front_en.151.400.jpg,./off_download\images\90162602_front.jpg,CC BY-SA 4.0,Open Food Facts
8901063093522,front,Good Day - Cashew Cookies,Britannia,"Biscuits or cookies variety packs, Biscuit mixes, Biscuits/Cookies (Shelf Stable)",India,https://images.openfoodfacts.org/images/products/890/106/309/3522/front_en.28.400.jpg,./off_download\images\8901063093522_front.jpg,CC BY-SA 4.0,Open Food Facts
8901058017687,front,maggi,Maggi,"Noodles, Maggi, Maggie",India,https://images.openfoodfacts.org/images/products/890/105/801/7687/front_en.13.400.jpg,./off_download\images\8901058017687_front.jpg,CC BY-SA 4.0,Open Food Facts
8901063162914,front,Marie Gold Biscuit,Britannia,Biscuits,"India, United Kingdom",https://images.openfoodfacts.org/images/products/890/106/316/2914/front_en.3.400.jpg,./off_download\images\8901063162914_front.jpg,CC BY-SA 4.0,Open Food Facts
8906010500559,front,Mung Dal,Balaji,"Snacks, Food",India,https://images.openfoodfacts.org/images/products/890/601/050/0559/front_es.15.400.jpg,./off_download\images\8906010500559_front.jpg,CC BY-SA 4.0,Open Food Facts
8901764042911,front,Thums up,Thums up,"Carbonated waters, Colas, Sweetened beverages",India,https://images.openfoodfacts.org/images/products/890/176/404/2911/front_en.41.400.jpg,./off_download\images\8901764042911_front.jpg,CC BY-SA 4.0,Open Food Facts
8906010500245,front,Balaji Wafers Masala Sev Murmura,Balaji Wafers,Wafers,"France, India",https://images.openfoodfacts.org/images/products/890/601/050/0245/front_en.20.400.jpg,./off_download\images\8906010500245_front.jpg,CC BY-SA 4.0,Open Food Facts
8906010502232,front,Balaji wafers panjabi tadka,Balaji,"Crisps, Namkeen",India,https://images.openfoodfacts.org/images/products/890/601/050/2232/front_en.6.400.jpg,./off_download\images\8906010502232_front.jpg,CC BY-SA 4.0,Open Food Facts
8906010500900,front,Wheelos Masala Flavour,Balaji Wafers,Appetizers,India,https://images.openfoodfacts.org/images/products/890/601/050/0900/front_en.20.400.jpg,./off_download\images\8906010500900_front.jpg,CC BY-SA 4.0,Open Food Facts
8901764032912,front,Sprite,"Coca-Cola, sprite","Sodas, Sweetened beverages",India,https://images.openfoodfacts.org/images/products/890/176/403/2912/front_en.26.400.jpg,./off_download\images\8901764032912_front.jpg,CC BY-SA 4.0,Open Food Facts
8906010500023,front,POTATO WAFERS,Balaji,"Appetizers, POTATO WAFERS",India,https://images.openfoodfacts.org/images/products/890/601/050/0023/front_en.8.400.jpg,./off_download\images\8906010500023_front.jpg,CC BY-SA 4.0,Open Food Facts
5999884034469,front,HELL,Hell,"Energy drink with sugar, Sweetened beverages","Bulgaria, Croatia, Greece, India, Morocco, Romania, Spain, Tunisia",https://images.openfoodfacts.org/images/products/599/988/403/4469/front_en.61.400.jpg,./off_download\images\5999884034469_front.jpg,CC BY-SA 4.0,Open Food Facts
7622202225512,front,Original Oreo,Cadbury,"Filled biscuits, Des","India, United States",https://images.openfoodfacts.org/images/products/762/220/222/5512/front_en.28.400.jpg,./off_download\images\7622202225512_front.jpg,CC BY-SA 4.0,Open Food Facts
8901058000290,front,maggi,Nestlé,"Instant noodles, Instant Noodles with Seasoning",India,https://images.openfoodfacts.org/images/products/890/105/800/0290/front_en.36.400.jpg,./off_download\images\8901058000290_front.jpg,CC BY-SA 4.0,Open Food Facts
8904043901015,front,Tata Salt,Tata,"Table salts, Groceries",India,https://images.openfoodfacts.org/images/products/890/404/390/1015/front_en.34.400.jpg,./off_download\images\8904043901015_front.jpg,CC BY-SA 4.0,Open Food Facts
5000108478119,front,Quaker White Oats,Quaker,Rolled oats,"Côte d'Ivoire, Cyprus, France, Gabon, India, Italy, Réunion, Saudi Arabia, Senegal, Spain",https://images.openfoodfacts.org/images/products/500/010/847/8119/front_en.71.400.jpg,./off_download\images\5000108478119_front.jpg,CC BY-SA 4.0,Open Food Facts
3948764032912,front,Sprite,"Coca-Cola, Sprite",Sodas,India,https://images.openfoodfacts.org/images/products/394/876/403/2912/front_en.12.400.jpg,./off_download\images\3948764032912_front.jpg,CC BY-SA 4.0,Open Food Facts
8901063092853,front,Good Day cashew cookie,Britannia,Biscuits,"India, United Kingdom",https://images.openfoodfacts.org/images/products/890/106/309/2853/front_en.4.400.jpg,./off_download\images\8901063092853_front.jpg,CC BY-SA 4.0,Open Food Facts
8906017290040,front,Bisleri 1ltr MADE IN INDIA,Bisleri,Waters,"France, India",https://images.openfoodfacts.org/images/products/890/601/729/0040/front_en.8.400.jpg,./off_download\images\8906017290040_front.jpg,CC BY-SA 4.0,Open Food Facts
3948764042911,front,thums up,thumsup,"Colas, Sweetened beverages",India,https://images.openfoodfacts.org/images/products/394/876/404/2911/front_en.20.400.jpg,./off_download\images\3948764042911_front.jpg,CC BY-SA 4.0,Open Food Facts
8901719129988,front,Happy happy - Parl,Parle,"Biscuits, Happy happy biscuit",India,https://images.openfoodfacts.org/images/products/890/171/912/9988/front_en.14.400.jpg,./off_download\images\8901719129988_front.jpg,CC BY-SA 4.0,Open Food Facts
7622202334009,front,dairy milk,"Cadbury, Dairy Milk",Milk chocolates,India,https://images.openfoodfacts.org/images/products/762/220/233/4009/front_en.9.400.jpg,./off_download\images\7622202334009_front.jpg,CC BY-SA 4.0,Open Food Facts
8906010500627,front,Chataka Pataka Tangy Tomato,Balaji,"Crisps, Chatapataka, Chis",India,https://images.openfoodfacts.org/images/products/890/601/050/0627/front_en.4.400.jpg,./off_download\images\8906010500627_front.jpg,CC BY-SA 4.0,Open Food Facts
8901491100519,front,Kurkure,Kurkure,"Crisps, Namkeen","Canada, France, India, Nepal, Spain",https://images.openfoodfacts.org/images/products/890/149/110/0519/front_en.48.400.jpg,./off_download\images\8901491100519_front.jpg,CC BY-SA 4.0,Open Food Facts
8901030921667,front,kissan,Kissan,"Ketchup, Tomato & Chill Ketchup",India,https://images.openfoodfacts.org/images/products/890/103/092/1667/front_en.39.400.jpg,./off_download\images\8901030921667_front.jpg,CC BY-SA 4.0,Open Food Facts
8901764092206,front,Maaza,"Mazza, The Coca-Cola Company","Juices and nectars, juice",India,https://images.openfoodfacts.org/images/products/890/176/409/2206/front_en.86.400.jpg,./off_download\images\8901764092206_front.jpg,CC BY-SA 4.0,Open Food Facts
8901030535895,front,Bru Instant Coffee,Bru,"Coffees, Instant coffees",India,https://images.openfoodfacts.org/images/products/890/103/053/5895/front_en.3.400.jpg,./off_download\images\8901030535895_front.jpg,CC BY-SA 4.0,Open Food Facts
8901764082405,front,Kinley Mineral Water 1ltr,Kinley,Waters,India,https://images.openfoodfacts.org/images/products/890/176/408/2405/front_en.40.400.jpg,./off_download\images\8901764082405_front.jpg,CC BY-SA 4.0,Open Food Facts
8901030897542,front,kissan fresh tomato,Kissan,Tomato Ketchup,India,https://images.openfoodfacts.org/images/products/890/103/089/7542/front_en.22.400.jpg,./off_download\images\8901030897542_front.jpg,CC BY-SA 4.0,Open Food Facts
8906010500337,front,Aloo Sev,Balaji,"Snacks, Snack Mixes, indian",India,https://images.openfoodfacts.org/images/products/890/601/050/0337/front_en.4.400.jpg,./off_download\images\8906010500337_front.jpg,CC BY-SA 4.0,Open Food Facts
8901063029255,front,Jimjam 57g (57),Britannia,Biscuits,India,https://images.openfoodfacts.org/images/products/890/106/302/9255/front_en.9.400.jpg,./off_download\images\8901063029255_front.jpg,CC BY-SA 4.0,Open Food Facts
8901262010016,front,Amul Pasteurized Butter,Amul,Butters,"Bahrain, Hong Kong, India, Kuwait, Malaysia, New Zealand, Oman, Qatar, Singapore, Sri Lanka, United Arab Emirates, United States",https://images.openfoodfacts.org/images/products/890/126/201/0016/front_en.53.400.jpg,./off_download\images\8901262010016_front.jpg,CC BY-SA 4.0,Open Food Facts
8901764042904,front,Thumsup,Coca-Cola,Sodas,India,https://images.openfoodfacts.org/images/products/890/176/404/2904/front_en.6.400.jpg,./off_download\images\8901764042904_front.jpg,CC BY-SA 4.0,Open Food Facts
8901262200196,front,Amul Masti Spiced Buttermilk 200ml,Amul,"Beverages, Milks, Buttermilks","India, United States",https://images.openfoodfacts.org/images/products/890/126/220/0196/front_en.54.400.jpg,./off_download\images\8901262200196_front.jpg,CC BY-SA 4.0,Open Food Facts
8906010502119,front,Chataka pataka,Balaji,"Crisps, Chataka pataka","India, United States",https://images.openfoodfacts.org/images/products/890/601/050/2119/front_en.7.400.jpg,./off_download\images\8906010502119_front.jpg,CC BY-SA 4.0,Open Food Facts
5000354908248,front,Original Custard powder,Bird's,"Dessert mixes, Custards and pastry creams, Custard powder","France, Germany, India, United Kingdom",https://images.openfoodfacts.org/images/products/500/035/490/8248/front_en.33.400.jpg,./off_download\images\5000354908248_front.jpg,CC BY-SA 4.0,Open Food Facts
8901764032707,front,Sprite,Coca Cola,"Artificially sweetened beverages, Sodas, Still fruit soft drink with reduced sugar and with 10-50% of fruit juice, Sweetened beverages",India,https://images.openfoodfacts.org/images/products/890/176/403/2707/front_en.20.400.jpg,./off_download\images\8901764032707_front.jpg,CC BY-SA 4.0,Open Food Facts
8906010502294,front,Flaming hot nachos,,Crisps,"India, United Kingdom",https://images.openfoodfacts.org/images/products/890/601/050/2294/front_en.8.400.jpg,./off_download\images\8906010502294_front.jpg,CC BY-SA 4.0,Open Food Facts
8906010500078,front,Balaji Farali Chivda,Balaji Namkeen,Snacks,India,https://images.openfoodfacts.org/images/products/890/601/050/0078/front_en.5.400.jpg,./off_download\images\8906010500078_front.jpg,CC BY-SA 4.0,Open Food Facts
8901719135248,front,Krackjack,Parle,Biscuits,India,https://images.openfoodfacts.org/images/products/890/171/913/5248/front_en.25.400.jpg,./off_download\images\8901719135248_front.jpg,CC BY-SA 4.0,Open Food Facts
8906010501570,front,Balaji Wafers Crunchex,Balaji,"Crisps, Salty snacks made from potato, Kurkure",India,https://images.openfoodfacts.org/images/products/890/601/050/1570/front_en.13.400.jpg,./off_download\images\8906010501570_front.jpg,CC BY-SA 4.0,Open Food Facts
8996001312506,front,Malkist Cheese Flavoured Crunchy Layered Cracker Biscuits,Mayora,"Biscuits, Crackers (Appetizers), cream-biscuit",India,https://images.openfoodfacts.org/images/products/899/600/131/2506/front_en.3.400.jpg,./off_download\images\8996001312506_front.jpg,CC BY-SA 4.0,Open Food Facts
8901595862962,front,Schezwan Chutney,Ching's Secret,Schezean Chutney,India,https://images.openfoodfacts.org/images/products/890/159/586/2962/front_en.51.400.jpg,./off_download\images\8901595862962_front.jpg,CC BY-SA 4.0,Open Food Facts
8901058005233,front,Kitkat mini chocolate coated wafer,"KitKat, Nestle nutrition","Chocolate candies, Bars, Chocolate biscuits, Dark chocolate bar",India,https://images.openfoodfacts.org/images/products/890/105/800/5233/front_en.26.400.jpg,./off_download\images\8901058005233_front.jpg,CC BY-SA 4.0,Open Food Facts
8901063023901,front,Marie Gold,Britannia,"Biscuits, Snack biscuit with fruits filling",India,https://images.openfoodfacts.org/images/products/890/106/302/3901/front_en.6.400.jpg,./off_download\images\8901063023901_front.jpg,CC BY-SA 4.0,Open Food Facts
8901030921797,front,kissan fresh tomato,"Kissan, Unilever",Tomato Ketchup,India,https://images.openfoodfacts.org/images/products/890/103/092/1797/front_en.14.400.jpg,./off_download\images\8901030921797_front.jpg,CC BY-SA 4.0,Open Food Facts
8902080104581,front,Pepsi,Pepsi Cola,"Carbonated waters, Carbonated soft drinks without fruit juice, Cola with sugar, Diet cola soft drink, Sweetened beverages",India,https://images.openfoodfacts.org/images/products/890/208/010/4581/front_en.3.400.jpg,./off_download\images\8902080104581_front.jpg,CC BY-SA 4.0,Open Food Facts
3948764061257,front,Diet coke,Coca-Cola,Diet cola soft drink,India,https://images.openfoodfacts.org/images/products/394/876/406/1257/front_en.4.400.jpg,./off_download\images\3948764061257_front.jpg,CC BY-SA 4.0,Open Food Facts
8901719135118,front,MONACO,Parle,"Appetizers, Biscuits, Monaco-biscuit",India,https://images.openfoodfacts.org/images/products/890/171/913/5118/front_en.24.400.jpg,./off_download\images\8901719135118_front.jpg,CC BY-SA 4.0,Open Food Facts
8901063162532,front,Marie gold,Britannia,Biscuits,India,https://images.openfoodfacts.org/images/products/890/106/316/2532/front_en.5.400.jpg,./off_download\images\8901063162532_front.jpg,CC BY-SA 4.0,Open Food Facts
8901764032905,front,Sprite,"Coca cola, Sprite","Artificially sweetened beverages, Sodas",India,https://images.openfoodfacts.org/images/products/890/176/403/2905/front_en.28.400.jpg,./off_download\images\8901764032905_front.jpg,CC BY-SA 4.0,Open Food Facts
89080153,front,Maggi masala magic,"Maggi, Maggie",Spices,India,https://images.openfoodfacts.org/images/products/000/008/908/0153/front_en.8.400.jpg,./off_download\images\89080153_front.jpg,CC BY-SA 4.0,Open Food Facts
8901491361026,front,Kurkure Masala Munch,"Kurkure, PepsiCo","Crisps, Crackers (Appetizers), Puffed salty snacks, Masala-munch-with-gingelly-oil",India,https://images.openfoodfacts.org/images/products/890/149/136/1026/front_en.51.400.jpg,./off_download\images\8901491361026_front.jpg,CC BY-SA 4.0,Open Food Facts
8904272600291,front,Storia 100% Tender Coconut Water 1L,Storia Foods & Beverages,Coconut waters,India,https://images.openfoodfacts.org/images/products/890/427/260/0291/front_en.32.400.jpg,./off_download\images\8904272600291_front.jpg,CC BY-SA 4.0,Open Food Facts
8901262260121,front,Amul Taaza Milky Milk,"Amul, Amul taaza",Whole pasteurised milks,India,https://images.openfoodfacts.org/images/products/890/126/226/0121/front_en.52.400.jpg,./off_download\images\8901262260121_front.jpg,CC BY-SA 4.0,Open Food Facts
8901764092305,front,Maaza Origina,HINDUSTAN COCA-COLA BEVERAGES PVT LTD.,Sweetened beverages,India,https://images.openfoodfacts.org/images/products/890/176/409/2305/front_en.4.400.jpg,./off_download\images\8901764092305_front.jpg,CC BY-SA 4.0,Open Food Facts
8901725016258,front,Dark fantasy bourbon,,Biscuits,India,https://images.openfoodfacts.org/images/products/890/172/501/6258/front_en.13.400.jpg,./off_download\images\8901725016258_front.jpg,CC BY-SA 4.0,Open Food Facts
8906010500863,front,Shing Bhujiya - Nimbu Chatka,Balaji Wafers,"Appetizers, Bhujia, Shing-bhujiq","India, United States",https://images.openfoodfacts.org/images/products/890/601/050/0863/front_en.3.400.jpg,./off_download\images\8906010500863_front.jpg,CC BY-SA 4.0,Open Food Facts
8901764061257,front,Diet Coke Can 250ml,Coke,Diet cola soft drink,India,https://images.openfoodfacts.org/images/products/890/176/406/1257/front_en.15.400.jpg,./off_download\images\8901764061257_front.jpg,CC BY-SA 4.0,Open Food Facts
8906010500481,front,Crunchm,Balaji,"Appetizers, Chips and fries",India,https://images.openfoodfacts.org/images/products/890/601/050/0481/front_en.3.400.jpg,./off_download\images\8906010500481_front.jpg,CC BY-SA 4.0,Open Food Facts
1234567890128,front,Chocolat en poudre,Munch,"Beverages, Breakfasts, Instant chocolate powders","France, Germany, India, Morocco, Spain, United States",https://images.openfoodfacts.org/images/products/123/456/789/0128/front_en.119.400.jpg,./off_download\images\1234567890128_front.jpg,CC BY-SA 4.0,Open Food Facts
8901764042706,front,Thumsup,Cola,"Colas, Sweetened beverages",India,https://images.openfoodfacts.org/images/products/890/176/404/2706/front_en.26.400.jpg,./off_download\images\8901764042706_front.jpg,CC BY-SA 4.0,Open Food Facts
8901764362804,front,Pulpy Orange,Minute Maid,Orange juices,India,https://images.openfoodfacts.org/images/products/890/176/436/2804/front_en.40.400.jpg,./off_download\images\8901764362804_front.jpg,CC BY-SA 4.0,Open Food Facts
8850389100684,front,Mogu lychee,Sappe Public Company Limited,"Fruit juices from concentrate, Lychees, Still fruit soft drink with sugar and with 10-50% of fruit juice, Sweetened beverages","Australia, France, India, Mexico, Morocco, New Zealand, Philippines, United States",https://images.openfoodfacts.org/images/products/885/038/910/0684/front_en.123.400.jpg,./off_download\images\8850389100684_front.jpg,CC BY-SA 4.0,Open Food Facts
8904004402636,front,,Haldiram's,"Chips, Fast-food","India, United States",https://images.openfoodfacts.org/images/products/890/400/440/2636/front_en.8.400.jpg,./off_download\images\8904004402636_front.jpg,CC BY-SA 4.0,Open Food Facts
8901719123870,front,Parle-G 250g,Parle,Biscuits,India,https://images.openfoodfacts.org/images/products/890/171/912/3870/front_en.27.400.jpg,./off_download\images\8901719123870_front.jpg,CC BY-SA 4.0,Open Food Facts
3948764032707,front,Sprite,Coca-Cola Company,"Sodas, Carbonated waters, Sweetened beverages",India,https://images.openfoodfacts.org/images/products/394/876/403/2707/front_en.11.400.jpg,./off_download\images\3948764032707_front.jpg,CC BY-SA 4.0,Open Food Facts
8906010500214,front,Balaji Wafers Sev Murmura,Balaji Wafers,"Snacks, Puffed rice","Belgium, India",https://images.openfoodfacts.org/images/products/890/601/050/0214/front_en.8.400.jpg,./off_download\images\8906010500214_front.jpg,CC BY-SA 4.0,Open Food Facts
8906032018513,front,Doodh Biscuits,Patanjali,Biscuits,India,https://images.openfoodfacts.org/images/products/890/603/201/8513/front_en.3.400.jpg,./off_download\images\8906032018513_front.jpg,CC BY-SA 4.0,Open Food Facts
8906010500016,front,Simply Salted,Balaji Wafers,Crisps,India,https://images.openfoodfacts.org/images/products/890/601/050/0016/front_en.24.400.jpg,./off_download\images\8906010500016_front.jpg,CC BY-SA 4.0,Open Food Facts
8901491001168,front,Masala munch,,Appetizers,India,https://images.openfoodfacts.org/images/products/890/149/100/1168/front_fr.3.400.jpg,./off_download\images\8901491001168_front.jpg,CC BY-SA 4.0,Open Food Facts
8901725118938,front,Bingo Tedhe Medhe,Bingo,"Crisps, Plain salty snacks",India,https://images.openfoodfacts.org/images/products/890/172/511/8938/front_en.29.400.jpg,./off_download\images\8901725118938_front.jpg,CC BY-SA 4.0,Open Food Facts
8901764042300,front,Thums Up,Coca-Cola,"Colas, Sweetened beverages",India,https://images.openfoodfacts.org/images/products/890/176/404/2300/front_en.6.400.jpg,./off_download\images\8901764042300_front.jpg,CC BY-SA 4.0,Open Food Facts
8901764032301,front,Sprite,Sprite,"Sodas, Sweetened beverages",India,https://images.openfoodfacts.org/images/products/890/176/403/2301/front_en.4.400.jpg,./off_download\images\8901764032301_front.jpg,CC BY-SA 4.0,Open Food Facts
0716270001660,front,Ginger Crystallized In Dark Chocolate,Chocolove,"Candied fruits, Ginger, Crystallized ginger, Groceries","India, United States, world",https://images.openfoodfacts.org/images/products/071/627/000/1660/front_en.41.400.jpg,./off_download\images\0716270001660_front.jpg,CC BY-SA 4.0,Open Food Facts
8901719105913,front,parle hide & seek 120g,PARLE,Chocolate biscuits,India,https://images.openfoodfacts.org/images/products/890/171/910/5913/front_en.22.400.jpg,./off_download\images\8901719105913_front.jpg,CC BY-SA 4.0,Open Food Facts
8901719121630,front,20-20,Parle,"Confectioneries, Biscuits",India,https://images.openfoodfacts.org/images/products/890/171/912/1630/front_en.7.400.jpg,./off_download\images\8901719121630_front.jpg,CC BY-SA 4.0,Open Food Facts
8901030831690,front,kissan mixed fruit jam,kissan,Tropical fruit jams,India,https://images.openfoodfacts.org/images/products/890/103/083/1690/front_en.32.400.jpg,./off_download\images\8901030831690_front.jpg,CC BY-SA 4.0,Open Food Facts
8901719130014,front,Happy happy biscuit - Parle - Parle,Parle,"Biscuits, Happy happy",India,https://images.openfoodfacts.org/images/products/890/171/913/0014/front_en.3.400.jpg,./off_download\images\8901719130014_front.jpg,CC BY-SA 4.0,Open Food Facts
8901491101844,front,Lay's Potato Chips,Lay's,Flavoured potato crisps,"Canada, India, United States",https://images.openfoodfacts.org/images/products/890/149/110/1844/front_en.32.400.jpg,./off_download\images\8901491101844_front.jpg,CC BY-SA 4.0,Open Food Facts
8904004400731,front,Aloo bhujia,Haldiram's,"Snacks, Namkeen",India,https://images.openfoodfacts.org/images/products/890/400/440/0731/front_en.4.400.jpg,./off_download\images\8904004400731_front.jpg,CC BY-SA 4.0,Open Food Facts
3948764042904,front,Thumbs Up,,"Sodas, Thumms up",India,https://images.openfoodfacts.org/images/products/394/876/404/2904/front_en.3.400.jpg,./off_download\images\3948764042904_front.jpg,CC BY-SA 4.0,Open Food Facts
8904004400236,front,Haldiram's Soya sticks,Haldirams,"Snacks, Soya snack",India,https://images.openfoodfacts.org/images/products/890/400/440/0236/front_en.14.400.jpg,./off_download\images\8904004400236_front.jpg,CC BY-SA 4.0,Open Food Facts
8906032018520,front,Patanjali,,Biscuit (cookie) snack w chocolate filling,"India, United Kingdom",https://images.openfoodfacts.org/images/products/890/603/201/8520/front_en.3.400.jpg,./off_download\images\8906032018520_front.jpg,CC BY-SA 4.0,Open Food Facts
8904004403718,front,Moong Dal,Haldiram's,"Crisps, Mung beans, Vegan, Vegetarian",India,https://images.openfoodfacts.org/images/products/890/400/440/3718/front_en.4.400.jpg,./off_download\images\8904004403718_front.jpg,CC BY-SA 4.0,Open Food Facts
8901499008169,front,Chocos,Kellogg's,Breakfast cereals filled with chocolate,India,https://images.openfoodfacts.org/images/products/890/149/900/8169/front_en.16.400.jpg,./off_download\images\8901499008169_front.jpg,CC BY-SA 4.0,Open Food Facts
7622202225550,front,Oreo choco,Cadbuary,Filled biscuits,India,https://images.openfoodfacts.org/images/products/762/220/222/5550/front_en.3.400.jpg,./off_download\images\7622202225550_front.jpg,CC BY-SA 4.0,Open Food Facts
8906010500818,front,Potato chips,Balaji,Crisps,India,https://images.openfoodfacts.org/images/products/890/601/050/0818/front_en.3.400.jpg,./off_download\images\8906010500818_front.jpg,CC BY-SA 4.0,Open Food Facts
0074305001161,front,APPLE CIDER VINEGAR,BRAGG,"Sauces, Cider vinegars, Groceries","France, India, United States, world",https://images.openfoodfacts.org/images/products/007/430/500/1161/front_en.73.400.jpg,./off_download\images\0074305001161_front.jpg,CC BY-SA 4.0,Open Food Facts
3948764032301,front,,,"Artificially sweetened beverages, Sodas, A",India,https://images.openfoodfacts.org/images/products/394/876/403/2301/front_en.4.400.jpg,./off_download\images\3948764032301_front.jpg,CC BY-SA 4.0,Open Food Facts
6291100213146,front,UAE by,,Dates,India,https://images.openfoodfacts.org/images/products/629/110/021/3146/front_en.34.400.jpg,./off_download\images\6291100213146_front.jpg,CC BY-SA 4.0,Open Food Facts
8904004403732,front,Haldiram moong dal,Haldiram,"Pulses, Fried foods",India,https://images.openfoodfacts.org/images/products/890/400/440/3732/front_en.8.400.jpg,./off_download\images\8904004403732_front.jpg,CC BY-SA 4.0,Open Food Facts
09141209,front,Bourn Vita 500Gram Pauch,Cadbury,Instant chocolate powders,"Bulgaria, India, Morocco, Romania, United Kingdom, United States",https://images.openfoodfacts.org/images/products/000/000/914/1209/front_en.18.400.jpg,./off_download\images\09141209_front.jpg,CC BY-SA 4.0,Open Food Facts
8901262010320,front,Amul Butter,AMUL,Butters,India,https://images.openfoodfacts.org/images/products/890/126/201/0320/front_en.3.400.jpg,./off_download\images\8901262010320_front.jpg,CC BY-SA 4.0,Open Food Facts
8901491101837,front,Lays Classics Salted 20rs,Lay's,Potato crisps,India,https://images.openfoodfacts.org/images/products/890/149/110/1837/front_en.26.400.jpg,./off_download\images\8901491101837_front.jpg,CC BY-SA 4.0,Open Food Facts
8901058000306,front,Maggi noodles masala,Nestlé,Instant noodles,India,https://images.openfoodfacts.org/images/products/890/105/800/0306/front_en.10.400.jpg,./off_download\images\8901058000306_front.jpg,CC BY-SA 4.0,Open Food Facts
8906010501228,front,Scoopitos Masala Flavour,Balaji Wafers,Crisps,India,https://images.openfoodfacts.org/images/products/890/601/050/1228/front_en.5.400.jpg,./off_download\images\8906010501228_front.jpg,CC BY-SA 4.0,Open Food Facts
8901030902932,front,Fresh Tomato Ketchup,Kissan,Tomato Ketchup,India,https://images.openfoodfacts.org/images/products/890/103/090/2932/front_en.5.400.jpg,./off_download\images\8901030902932_front.jpg,CC BY-SA 4.0,Open Food Facts
8901719135217,front,Krackjack,Parle,Biscuits,"India, United Kingdom",https://images.openfoodfacts.org/images/products/890/171/913/5217/front_en.4.400.jpg,./off_download\images\8901719135217_front.jpg,CC BY-SA 4.0,Open Food Facts
8901063093287,front,Good Day Cashew Cookies,Britannia,Biscuits,India,https://images.openfoodfacts.org/images/products/890/106/309/3287/front_en.18.400.jpg,./off_download\images\8901063093287_front.jpg,CC BY-SA 4.0,Open Food Facts
8901491103794,front,Oats,"Pepsico, Quaker",Rolled oats,India,https://images.openfoodfacts.org/images/products/890/149/110/3794/front_en.41.400.jpg,./off_download\images\8901491103794_front.jpg,CC BY-SA 4.0,Open Food Facts
8901499010513,front,"Muesli Fruit, Nut & Seeds",Kellogg's,Mueslis with fruits,India,https://images.openfoodfacts.org/images/products/890/149/901/0513/front_en.12.400.jpg,./off_download\images\8901499010513_front.jpg,CC BY-SA 4.0,Open Food Facts
8904004402261,front,PHALHARI CHIWDA,Haldiram,Appetizers,India,https://images.openfoodfacts.org/images/products/890/400/440/2261/front_en.3.400.jpg,./off_download\images\8904004402261_front.jpg,CC BY-SA 4.0,Open Food Facts
8901030922787,front,Mixed Fruit Jam,Kissan,Mixed fruit jams,India,https://images.openfoodfacts.org/images/products/890/103/092/2787/front_en.3.400.jpg,./off_download\images\8901030922787_front.jpg,CC BY-SA 4.0,Open Food Facts
8904327600924,front,Myfitness Peanut Butter,Myfitness,"Nut butters, Peanut butters",India,https://images.openfoodfacts.org/images/products/890/432/760/0924/front_fr.3.400.jpg,./off_download\images\8904327600924_front.jpg,CC BY-SA 4.0,Open Food Facts
3948764032905,front,,,,"India, United States",https://images.openfoodfacts.org/images/products/394/876/403/2905/front_en.7.400.jpg,./off_download\images\3948764032905_front.jpg,CC BY-SA 4.0,Open Food Facts
8903754000062,front,Tata water 1ltr,Tata,Drinking water,India,https://images.openfoodfacts.org/images/products/890/375/400/0062/front_en.3.400.jpg,./off_download\images\8903754000062_front.jpg,CC BY-SA 4.0,Open Food Facts
8901491366229,front,Kurkure Solid Masti Masala Twisteez Crisps,Kurkure,Namkeen,"India, Spain",https://images.openfoodfacts.org/images/products/890/149/136/6229/front_en.15.400.jpg,./off_download\images\8901491366229_front.jpg,CC BY-SA 4.0,Open Food Facts
8909106018327,front,Boost,"Boost, Unilever",Beverage preparations,India,https://images.openfoodfacts.org/images/products/890/910/601/8327/front_en.23.400.jpg,./off_download\images\8909106018327_front.jpg,CC BY-SA 4.0,Open Food Facts
0846203004878,front,Bakarwadi,Chitale,"Food, Food Bakarwadi","Germany, India",https://images.openfoodfacts.org/images/products/084/620/300/4878/front_en.9.400.jpg,./off_download\images\0846203004878_front.jpg,CC BY-SA 4.0,Open Food Facts
8901063092839,front,Good day 5rs,,"Biscuits, Biskir",India,https://images.openfoodfacts.org/images/products/890/106/309/2839/front_en.28.400.jpg,./off_download\images\8901063092839_front.jpg,CC BY-SA 4.0,Open Food Facts
8901063014411,front,Vita Marie Gold,Britannia,Biscuits,India,https://images.openfoodfacts.org/images/products/890/106/301/4411/front_en.9.400.jpg,./off_download\images\8901063014411_front.jpg,CC BY-SA 4.0,Open Food Facts
8901491503051,front,West Indies' Hot 'n' Sweet Chilli flavor,Lay's,Potato crisps,India,https://images.openfoodfacts.org/images/products/890/149/150/3051/front_en.27.400.jpg,./off_download\images\8901491503051_front.jpg,CC BY-SA 4.0,Open Food Facts
89002940,front,Coconut oil,Parachute,"Coconut oils, Oil",India,https://images.openfoodfacts.org/images/products/000/008/900/2940/front_en.7.400.jpg,./off_download\images\89002940_front.jpg,CC BY-SA 4.0,Open Food Facts
8901207025365,front,Honey,Dabur,Honeys,"France, India",https://images.openfoodfacts.org/images/products/890/120/702/5365/front_en.14.400.jpg,./off_download\images\8901207025365_front.jpg,CC BY-SA 4.0,Open Food Facts
8902080504060,front,Packaged Drinking Water,"Aquafina is sold by PepsiCo, PepsiCo",Waters,"France, India",https://images.openfoodfacts.org/images/products/890/208/050/4060/front_en.28.400.jpg,./off_download\images\8902080504060_front.jpg,CC BY-SA 4.0,Open Food Facts
8902579001360,front,Frooti 125ml,Frooti,"Fruit juice concentrates, Frooti-mango-drink",India,https://images.openfoodfacts.org/images/products/890/257/900/1360/front_en.64.400.jpg,./off_download\images\8902579001360_front.jpg,CC BY-SA 4.0,Open Food Facts
8902579002039,front,appy fizz,parle agro appy fizz,Carbonated fruit soft drink,India,https://images.openfoodfacts.org/images/products/890/257/900/2039/front_en.3.400.jpg,./off_download\images\8902579002039_front.jpg,CC BY-SA 4.0,Open Food Facts
4897036693469,front,,,Energy drinks,India,https://images.openfoodfacts.org/images/products/489/703/669/3469/front_en.18.400.jpg,./off_download\images\4897036693469_front.jpg,CC BY-SA 4.0,Open Food Facts
8901491101813,front,Lays american cream onion,"Lay's, PepsiCo",Flavoured potato crisps,India,https://images.openfoodfacts.org/images/products/890/149/110/1813/front_en.40.400.jpg,./off_download\images\8901491101813_front.jpg,CC BY-SA 4.0,Open Food Facts
9300633929169,front,Chunk Light Tuna,Woolworths,Tuna chunks,"Canada, India",https://images.openfoodfacts.org/images/products/930/063/392/9169/front_en.27.400.jpg,./off_download\images\9300633929169_front.jpg,CC BY-SA 4.0,Open Food Facts
8901764012914,front,Coca-Cola,The Coca-Cola Company,"Colas, Carbonated soft drinks without fruit juice with sugar, Sweetened beverages",India,https://images.openfoodfacts.org/images/products/890/176/401/2914/front_en.29.400.jpg,./off_download\images\8901764012914_front.jpg,CC BY-SA 4.0,Open Food Facts
8901058903164,front,KitKat win gold,Nestlé,"Candy chocolate bars filled with wafer, Sweet snacks candies",India,https://images.openfoodfacts.org/images/products/890/105/890/3164/front_en.29.400.jpg,./off_download\images\8901058903164_front.jpg,CC BY-SA 4.0,Open Food Facts
8901725005856,front,,,62.8,India,https://images.openfoodfacts.org/images/products/890/172/500/5856/front_en.5.400.jpg,./off_download\images\8901725005856_front.jpg,CC BY-SA 4.0,Open Food Facts
8901725015275,front,Dark Fantasy Choco fills,"Sunfeast, Sunfeast is sold by ITC Limited",Biscuits,India,https://images.openfoodfacts.org/images/products/890/172/501/5275/front_en.51.400.jpg,./off_download\images\8901725015275_front.jpg,CC BY-SA 4.0,Open Food Facts
8901725118921,front,tedha medha,bingo,Crisps,India,https://images.openfoodfacts.org/images/products/890/172/511/8921/front_en.7.400.jpg,./off_download\images\8901725118921_front.jpg,CC BY-SA 4.0,Open Food Facts
8904004402612,front,,Haldiram's,,India,https://images.openfoodfacts.org/images/products/890/400/440/2612/front_en.4.400.jpg,./off_download\images\8904004402612_front.jpg,CC BY-SA 4.0,Open Food Facts
8902579203016,front,Packaged Drinking Water,"Bailey, Parle Agro",Mineral waters,India,https://images.openfoodfacts.org/images/products/890/257/920/3016/front_en.18.400.jpg,./off_download\images\8902579203016_front.jpg,CC BY-SA 4.0,Open Food Facts
8906010500870,front,BALAJI CREAM ONION,balaji,"Potato crisps, Wafers","India, Indonesia",https://images.openfoodfacts.org/images/products/890/601/050/0870/front_en.18.400.jpg,./off_download\images\8906010500870_front.jpg,CC BY-SA 4.0,Open Food Facts
3948764082405,front,Kinley 1ltr,,Waters,India,https://images.openfoodfacts.org/images/products/394/876/408/2405/front_en.3.400.jpg,./off_download\images\3948764082405_front.jpg,CC BY-SA 4.0,Open Food Facts
3948764092206,front,Maaza,The Coca-Cola Company,Sweetened beverages,India,https://images.openfoodfacts.org/images/products/394/876/409/2206/front_en.9.400.jpg,./off_download\images\3948764092206_front.jpg,CC BY-SA 4.0,Open Food Facts
7622202324321,front,,Dairy Milk,,"India, United Kingdom",https://images.openfoodfacts.org/images/products/762/220/232/4321/front_en.3.400.jpg,./off_download\images\7622202324321_front.jpg,CC BY-SA 4.0,Open Food Facts
8901491503037,front,American Style Cream & Onion 10rs,"Lay's, PepsiCo",Flavoured potato crisps,India,https://images.openfoodfacts.org/images/products/890/149/150/3037/front_en.24.400.jpg,./off_download\images\8901491503037_front.jpg,CC BY-SA 4.0,Open Food Facts
8901764012273,front,Coca Cola Coke Brand 750ml,Coca-Cola,"Colas, Sweetened beverages",India,https://images.openfoodfacts.org/images/products/890/176/401/2273/front_en.23.400.jpg,./off_download\images\8901764012273_front.jpg,CC BY-SA 4.0,Open Food Facts
8901719135088,front,Monaco,Parle,Appetizers,India,https://images.openfoodfacts.org/images/products/890/171/913/5088/front_en.8.400.jpg,./off_download\images\8901719135088_front.jpg,CC BY-SA 4.0,Open Food Facts
8410076601445,front,Nature valley crunchy,Nature Valley,"Cereal bars, barres-de-céréales, snacks-sucrés","France, Germany, India, Italy, United Kingdom, United States",https://images.openfoodfacts.org/images/products/841/007/660/1445/front_fr.49.400.jpg,./off_download\images\8410076601445_front.jpg,CC BY-SA 4.0,Open Food Facts
8901088068734,front,Saffola Masala Oats - Classic Masala,Saffola,"Rolled oats, Oat",India,https://images.openfoodfacts.org/images/products/890/108/806/8734/front_en.19.400.jpg,./off_download\images\8901088068734_front.jpg,CC BY-SA 4.0,Open Food Facts
8906010502973,front,Papdi gathiya,,Pulses,India,https://images.openfoodfacts.org/images/products/890/601/050/2973/front_fr.3.400.jpg,./off_download\images\8906010502973_front.jpg,CC BY-SA 4.0,Open Food Facts
8901123001214,front,Lotte Choco Pie,Lotte,"Confectioneries, Biscuits, Treat",India,https://images.openfoodfacts.org/images/products/890/112/300/1214/front_en.22.400.jpg,./off_download\images\8901123001214_front.jpg,CC BY-SA 4.0,Open Food Facts
8901063019188,front,Little Hearts,Brotannica,Biscuits,India,https://images.openfoodfacts.org/images/products/890/106/301/9188/front_en.9.400.jpg,./off_download\images\8901063019188_front.jpg,CC BY-SA 4.0,Open Food Facts
8906010500047,front,masala masti,Balaji,Potato crisps,India,https://images.openfoodfacts.org/images/products/890/601/050/0047/front_en.3.400.jpg,./off_download\images\8906010500047_front.jpg,CC BY-SA 4.0,Open Food Facts
8906017290033,front,Bisleri,BISLERI,Natural mineral waters,India,https://images.openfoodfacts.org/images/products/890/601/729/0033/front_en.34.400.jpg,./off_download\images\8906017290033_front.jpg,CC BY-SA 4.0,Open Food Facts
3948764012914,front,Cocacola zero,Cocacola,"Diet cola soft drink, Sweetened beverages",India,https://images.openfoodfacts.org/images/products/394/876/401/2914/front_en.21.400.jpg,./off_download\images\3948764012914_front.jpg,CC BY-SA 4.0,Open Food Facts
8901764175091,front,Fruit drink,Maaza,Confectioneries,India,https://images.openfoodfacts.org/images/products/890/176/417/5091/front_en.3.400.jpg,./off_download\images\8901764175091_front.jpg,CC BY-SA 4.0,Open Food Facts
8906017290064,front,Packaged Drinking Water,Bisleri,"Natural mineral waters, Packaged water",India,https://images.openfoodfacts.org/images/products/890/601/729/0064/front_en.3.400.jpg,./off_download\images\8906017290064_front.jpg,CC BY-SA 4.0,Open Food Facts
4897036691427,front,Monster Energy Drink 350ml,"Monster, Monster Energy","Energy drinks, Sweetened beverages",India,https://images.openfoodfacts.org/images/products/489/703/669/1427/front_en.32.400.jpg,./off_download\images\4897036691427_front.jpg,CC BY-SA 4.0,Open Food Facts
8901764042270,front,Thumbs Up 750ml,Coca Cola Company,"Sodas, Sweetened beverages","India, United States",https://images.openfoodfacts.org/images/products/890/176/404/2270/front_en.46.400.jpg,./off_download\images\8901764042270_front.jpg,CC BY-SA 4.0,Open Food Facts
8901063014299,front,Britannia Vita Marie Gold Biscuits,Britannia Industries Ltd.,"Biscuits, Breakfast cereals",India,https://images.openfoodfacts.org/images/products/890/106/301/4299/front_en.35.400.jpg,./off_download\images\8901063014299_front.jpg,CC BY-SA 4.0,Open Food Facts
89009758,front,NESCAFE classic,Nescafe,"Coffees, Instant coffees",India,https://images.openfoodfacts.org/images/products/000/008/900/9758/front_en.3.400.jpg,./off_download\images\89009758_front.jpg,CC BY-SA 4.0,Open Food Facts
8901063139213,front,Brit bourbon 150g (sys),Britannia,Chocolate biscuits,India,https://images.openfoodfacts.org/images/products/890/106/313/9213/front_en.24.400.jpg,./off_download\images\8901063139213_front.jpg,CC BY-SA 4.0,Open Food Facts
8901063019201,front,8901063019201,Britannia,Biscuits,India,https://images.openfoodfacts.org/images/products/890/106/301/9201/front_en.5.400.jpg,./off_download\images\8901063019201_front.jpg,CC BY-SA 4.0,Open Food Facts
8908003872315,front,Poha,,Rices,"India, United Kingdom",https://images.openfoodfacts.org/images/products/890/800/387/2315/front_en.4.400.jpg,./off_download\images\8908003872315_front.jpg,CC BY-SA 4.0,Open Food Facts
8901719135255,front,,,Biscuits,India,https://images.openfoodfacts.org/images/products/890/171/913/5255/front_en.3.400.jpg,./off_download\images\8901719135255_front.jpg,CC BY-SA 4.0,Open Food Facts
8901088000451,front,Parachnute 100% Pure Coconut Oil,Parachute,Coconut oils,"France, India, Somalia",https://images.openfoodfacts.org/images/products/890/108/800/0451/front_en.18.400.jpg,./off_download\images\8901088000451_front.jpg,CC BY-SA 4.0,Open Food Facts
8901491503020,front,Lays India's Magic Masala,Lay's,Flavoured potato crisps,India,https://images.openfoodfacts.org/images/products/890/149/150/3020/front_en.35.400.jpg,./off_download\images\8901491503020_front.jpg,CC BY-SA 4.0,Open Food Facts
8904004403725,front,Moong Dal,Haldiram's,"Salty snacks, Namkeen","France, India",https://images.openfoodfacts.org/images/products/890/400/440/3725/front_en.20.400.jpg,./off_download\images\8904004403725_front.jpg,CC BY-SA 4.0,Open Food Facts
8901262070546,front,Chocominis,Amul,"Chocolate Sculptures, Milk chocolate molds",India,https://images.openfoodfacts.org/images/products/890/126/207/0546/front_en.24.400.jpg,./off_download\images\8901262070546_front.jpg,CC BY-SA 4.0,Open Food Facts
8904043551548,front,Modern 100% Whole Wheat Bread,Modern,Wholemeal sliced breads,India,https://images.openfoodfacts.org/images/products/890/404/355/1548/front_en.15.400.jpg,./off_download\images\8904043551548_front.jpg,CC BY-SA 4.0,Open Food Facts
8901764032271,front,Sprite 750ml,coca cola,"Sodas, Sweetened beverages, Sprite",India,https://images.openfoodfacts.org/images/products/890/176/403/2271/front_en.50.400.jpg,./off_download\images\8901764032271_front.jpg,CC BY-SA 4.0,Open Food Facts
8906001023043,front,Govardhan pure cow ghee 500ml,Paragon Partners,"Butters, ghee",India,https://images.openfoodfacts.org/images/products/890/600/102/3043/front_en.6.400.jpg,./off_download\images\8906001023043_front.jpg,CC BY-SA 4.0,Open Food Facts
8901058023787,front,2-minute noodles masala taste,Maggi,"Herbs and spices, Instant noodles, Tastemaker",India,https://images.openfoodfacts.org/images/products/890/105/802/3787/front_en.6.400.jpg,./off_download\images\8901058023787_front.jpg,CC BY-SA 4.0,Open Food Facts
8904004400779,front,Haldiram's Aloo Bhujia,Haldiram's,"Sev, Snakes","France, India",https://images.openfoodfacts.org/images/products/890/400/440/0779/front_fr.9.400.jpg,./off_download\images\8904004400779_front.jpg,CC BY-SA 4.0,Open Food Facts
8903553601613,front,Mango Pickle,RAM BANDHU,Plant-based pickles,India,https://images.openfoodfacts.org/images/products/890/355/360/1613/front_en.5.400.jpg,./off_download\images\8903553601613_front.jpg,CC BY-SA 4.0,Open Food Facts
8904004402216,front,Haldiram Phulhari,Haldiram,Salty snacks,India,https://images.openfoodfacts.org/images/products/890/400/440/2216/front_en.5.400.jpg,./off_download\images\8904004402216_front.jpg,CC BY-SA 4.0,Open Food Facts
8902579103057,front,Frooti,Parle,"Plant-based beverages, Sweetened beverages",India,https://images.openfoodfacts.org/images/products/890/257/910/3057/front_en.34.400.jpg,./off_download\images\8902579103057_front.jpg,CC BY-SA 4.0,Open Food Facts
8901063016873,front,50-50,Britannia,Biscuits,India,https://images.openfoodfacts.org/images/products/890/106/301/6873/front_en.10.400.jpg,./off_download\images\8901063016873_front.jpg,CC BY-SA 4.0,Open Food Facts
8901063029279,front,Jimjam,Britannia,Biscuits,India,https://images.openfoodfacts.org/images/products/890/106/302/9279/front_en.20.400.jpg,./off_download\images\8901063029279_front.jpg,CC BY-SA 4.0,Open Food Facts
8901764092800,front,Maaza,Coca-Cola Company,Fruit juices,India,https://images.openfoodfacts.org/images/products/890/176/409/2800/front_en.4.400.jpg,./off_download\images\8901764092800_front.jpg,CC BY-SA 4.0,Open Food Facts
7622202237393,front,Bournvita 70g,,"Dietary supplements, Dietry",India,https://images.openfoodfacts.org/images/products/762/220/223/7393/front_en.10.400.jpg,./off_download\images\7622202237393_front.jpg,CC BY-SA 4.0,Open Food Facts
8906010504625,front,8906010504625,Gippi,"Crisps, Balaji",India,https://images.openfoodfacts.org/images/products/890/601/050/4625/front_en.8.400.jpg,./off_download\images\8906010504625_front.jpg,CC BY-SA 4.0,Open Food Facts
5000171010025,front,Wild Pacific Red Salmon,John West,Canned salmons,"Australia, France, India, Morocco, New Zealand, United Kingdom",https://images.openfoodfacts.org/images/products/500/017/101/0025/front_en.38.400.jpg,./off_download\images\5000171010025_front.jpg,CC BY-SA 4.0,Open Food Facts
80768258,front,健達奇趣蛋(女孩版),"Ferrero, Kinder",Chocolate candies,"China, India, Morocco",https://images.openfoodfacts.org/images/products/000/008/076/8258/front_zh.60.400.jpg,./off_download\images\80768258_front.jpg,CC BY-SA 4.0,Open Food Facts
8901719131219,front,Parle g 800 g,Parle,Biscuits,India,https://images.openfoodfacts.org/images/products/890/171/913/1219/front_en.31.400.jpg,./off_download\images\8901719131219_front.jpg,CC BY-SA 4.0,Open Food Facts
8902080003075,front,nimbooz,7up,Sodas,"India, United States",https://images.openfoodfacts.org/images/products/890/208/000/3075/front_en.11.400.jpg,./off_download\images\8902080003075_front.jpg,CC BY-SA 4.0,Open Food Facts
8904083303077,front,Farm Fresh Sahi Plain Yoghurt,Milky Mist,Yogurts,India,https://images.openfoodfacts.org/images/products/890/408/330/3077/front_en.10.400.jpg,./off_download\images\8904083303077_front.jpg,CC BY-SA 4.0,Open Food Facts
8904004401554,front,Masala Sev Murmura,Haldiram's,"Fried Snacks, fried puffed rice",India,https://images.openfoodfacts.org/images/products/890/400/440/1554/front_en.10.400.jpg,./off_download\images\8904004401554_front.jpg,CC BY-SA 4.0,Open Food Facts
8901063142664,front,britannia,Britannia,Biscuits,India,https://images.openfoodfacts.org/images/products/890/106/314/2664/front_en.3.400.jpg,./off_download\images\8901063142664_front.jpg,CC BY-SA 4.0,Open Food Facts
8906010502041,front,,Balaji Wafers,Crisps,India,https://images.openfoodfacts.org/images/products/890/601/050/2041/front_en.11.400.jpg,./off_download\images\8906010502041_front.jpg,CC BY-SA 4.0,Open Food Facts
8904004400694,front,Aloo Bhujia,Haldiram's,"Snacks, Potato preparations",India,https://images.openfoodfacts.org/images/products/890/400/440/0694/front_en.4.400.jpg,./off_download\images\8904004400694_front.jpg,CC BY-SA 4.0,Open Food Facts
8904071704527,front,Plantain Chips (Yellow Banana Chips),,Snacks,"India, Indonesia",https://images.openfoodfacts.org/images/products/890/407/170/4527/front_id.4.400.jpg,./off_download\images\8904071704527_front.jpg,CC BY-SA 4.0,Open Food Facts
8901491504782,front,West Indies hotn sweet chilli,Lay's,Chips,India,https://images.openfoodfacts.org/images/products/890/149/150/4782/front_fr.11.400.jpg,./off_download\images\8901491504782_front.jpg,CC BY-SA 4.0,Open Food Facts
8906010500276,front,Balaji Wafers Shing Bhujia,Balaji Wafers,Appetizers,India,https://images.openfoodfacts.org/images/products/890/601/050/0276/front_en.3.400.jpg,./off_download\images\8906010500276_front.jpg,CC BY-SA 4.0,Open Food Facts
3948764092305,front,3948764092305,,Garam masalas,India,https://images.openfoodfacts.org/images/products/394/876/409/2305/front_en.8.400.jpg,./off_download\images\3948764092305_front.jpg,CC BY-SA 4.0,Open Food Facts
8908000794023,front,Pasteurised full cream milk,Gokul,"Whole milks, Pasteurised full cream milk","India, United Kingdom",https://images.openfoodfacts.org/images/products/890/800/079/4023/front_en.3.400.jpg,./off_download\images\8908000794023_front.jpg,CC BY-SA 4.0,Open Food Facts
8901719135224,front,,,,India,https://images.openfoodfacts.org/images/products/890/171/913/5224/front_en.3.400.jpg,./off_download\images\8901719135224_front.jpg,CC BY-SA 4.0,Open Food Facts
8901491103084,front,Green chutney style,Kurkure,"Appetizers, Botanas, Snacks salados","India, Spain",https://images.openfoodfacts.org/images/products/890/149/110/3084/front_es.3.400.jpg,./off_download\images\8901491103084_front.jpg,CC BY-SA 4.0,Open Food Facts
8901491100533,front,Chilli Chatka 20rs,Kurkure,"Crisps, Crispy biscuits","India, Spain, United Kingdom",https://images.openfoodfacts.org/images/products/890/149/110/0533/front_en.35.400.jpg,./off_download\images\8901491100533_front.jpg,CC BY-SA 4.0,Open Food Facts
89009949,front,Nescafe Classic Instant coffee,Nescafe,"Coffees, Instant coffees",India,https://images.openfoodfacts.org/images/products/000/008/900/9949/front_en.4.400.jpg,./off_download\images\89009949_front.jpg,CC BY-SA 4.0,Open Food Facts
8901262180115,front,malai paneer fresh,Amul,Paneer,India,https://images.openfoodfacts.org/images/products/890/126/218/0115/front_en.6.400.jpg,./off_download\images\8901262180115_front.jpg,CC BY-SA 4.0,Open Food Facts
8902080002283,front,7up,PepsiCo Inc.,"Artificially sweetened beverages, Sodas, Carbonated waters",India,https://images.openfoodfacts.org/images/products/890/208/000/2283/front_en.3.400.jpg,./off_download\images\8902080002283_front.jpg,CC BY-SA 4.0,Open Food Facts
8901058023800,front,Maggi 2-minute noodles Masala,"Maggi, Nestlé",Instant noodles,"Bhutan, India, Nepal",https://images.openfoodfacts.org/images/products/890/105/802/3800/front_en.3.400.jpg,./off_download\images\8901058023800_front.jpg,CC BY-SA 4.0,Open Food Facts
8901491503013,front,Yellow Salted Lays,Lay's,Potato crisps in sunflower oil,India,https://images.openfoodfacts.org/images/products/890/149/150/3013/front_en.5.400.jpg,./off_download\images\8901491503013_front.jpg,CC BY-SA 4.0,Open Food Facts
8904004400571,front,,Haldiram's,,India,https://images.openfoodfacts.org/images/products/890/400/440/0571/front_en.3.400.jpg,./off_download\images\8904004400571_front.jpg,CC BY-SA 4.0,Open Food Facts
3948764072277,front,Soda 750 ml,,Sodas,India,https://images.openfoodfacts.org/images/products/394/876/407/2277/front_en.10.400.jpg,./off_download\images\3948764072277_front.jpg,CC BY-SA 4.0,Open Food Facts
8906010500894,front,Chataka pataka,Balaji Wafers,Puff pastry appetizers,"India, United Kingdom",https://images.openfoodfacts.org/images/products/890/601/050/0894/front_en.4.400.jpg,./off_download\images\8906010500894_front.jpg,CC BY-SA 4.0,Open Food Facts
8906010500368,front,Tikha Mitha Mix,Balaji Namkeen,Ready-to-Eat Savouries,India,https://images.openfoodfacts.org/images/products/890/601/050/0368/front_en.3.400.jpg,./off_download\images\8906010500368_front.jpg,CC BY-SA 4.0,Open Food Facts
8901595863280,front,Schezwan Chutney,Ching's Secret,Fruit chutneys,India,https://images.openfoodfacts.org/images/products/890/159/586/3280/front_en.8.400.jpg,./off_download\images\8901595863280_front.jpg,CC BY-SA 4.0,Open Food Facts
8906010500030,front,Malasa Masti,Balaji Wafers,"Potato crisps, Wafers",India,https://images.openfoodfacts.org/images/products/890/601/050/0030/front_en.26.400.jpg,./off_download\images\8906010500030_front.jpg,CC BY-SA 4.0,Open Food Facts
8901595862818,front,Dark Soy sauce,Ching secret,Soy sauces,India,https://images.openfoodfacts.org/images/products/890/159/586/2818/front_en.20.400.jpg,./off_download\images\8901595862818_front.jpg,CC BY-SA 4.0,Open Food Facts
8902579002442,front,Appy fizz,Parle,Sparkling apple juices,India,https://images.openfoodfacts.org/images/products/890/257/900/2442/front_en.3.400.jpg,./off_download\images\8902579002442_front.jpg,CC BY-SA 4.0,Open Food Facts
8901725016296,front,Dark Fantasy Bourbon Biscuit,Sunfeast,Chocolate biscuits,India,https://images.openfoodfacts.org/images/products/890/172/501/6296/front_en.20.400.jpg,./off_download\images\8901725016296_front.jpg,CC BY-SA 4.0,Open Food Facts
8906010503444,front,8906010503444,,,India,https://images.openfoodfacts.org/images/products/890/601/050/3444/front_en.3.400.jpg,./off_download\images\8906010503444_front.jpg,CC BY-SA 4.0,Open Food Facts
8906010500474,front,Crunchem Chat Chaska,Balaji Wafers,Snacks,"Côte d'Ivoire, India",https://images.openfoodfacts.org/images/products/890/601/050/0474/front_en.4.400.jpg,./off_download\images\8906010500474_front.jpg,CC BY-SA 4.0,Open Food Facts
0070970474088,front,Chewy spicy candies,"Hot Tamales, Hot Tamale",Candies,"India, United States",https://images.openfoodfacts.org/images/products/007/097/047/4088/front_en.5.400.jpg,./off_download\images\0070970474088_front.jpg,CC BY-SA 4.0,Open Food Facts
0811594100102,front,0811594100102,,,"India, Singapore, Spain",https://images.openfoodfacts.org/images/products/081/159/410/0102/front_en.16.400.jpg,./off_download\images\0811594100102_front.jpg,CC BY-SA 4.0,Open Food Facts
4000417224002,front,Ritter Sport Noir Noisettes Entières,Ritter Sport,Dark chocolates with hazelnuts,"Denmark, France, Germany, India, Morocco",https://images.openfoodfacts.org/images/products/400/041/722/4002/front_fr.46.400.jpg,./off_download\images\4000417224002_front.jpg,CC BY-SA 4.0,Open Food Facts
8992760221028,front,17000725 Oreo Original (Vanilla),BABYMONSTER OREO,Chocolate sandwich cookies,"India, Indonesia, Singapore",https://images.openfoodfacts.org/images/products/899/276/022/1028/front_en.55.400.jpg,./off_download\images\8992760221028_front.jpg,CC BY-SA 4.0,Open Food Facts
8902080204342,front,Pepsi Brand Mirinda orange flv 2ltr,Pepsico,"Fruit sodas, Sweetened beverages",India,https://images.openfoodfacts.org/images/products/890/208/020/4342/front_en.32.400.jpg,./off_download\images\8902080204342_front.jpg,CC BY-SA 4.0,Open Food Facts
8901764022913,front,Fanta,"Coca-Cola, St-Hubert","Fruit sodas, Sweetened beverages",India,https://images.openfoodfacts.org/images/products/890/176/402/2913/front_fr.3.400.jpg,./off_download\images\8901764022913_front.jpg,CC BY-SA 4.0,Open Food Facts
3948764012273,front,Coca cola Soft Drink 750ml,Coca cola,"Cola with sugar and artificial sweetener, Sweetened beverages",India,https://images.openfoodfacts.org/images/products/394/876/401/2273/front_en.7.400.jpg,./off_download\images\3948764012273_front.jpg,CC BY-SA 4.0,Open Food Facts
8901725013691,front,Bingo mad snack,,Healthy,India,https://images.openfoodfacts.org/images/products/890/172/501/3691/front_en.5.400.jpg,./off_download\images\8901725013691_front.jpg,CC BY-SA 4.0,Open Food Facts
8904004403671,front,TASTY NUTS Shing Bhujia,Haldiram's,Snacks,India,https://images.openfoodfacts.org/images/products/890/400/440/3671/front_en.5.400.jpg,./off_download\images\8904004403671_front.jpg,CC BY-SA 4.0,Open Food Facts
7622202216695,front,Gems,Cadbury,"Confectioneries, Gems",India,https://images.openfoodfacts.org/images/products/762/220/221/6695/front_en.3.400.jpg,./off_download\images\7622202216695_front.jpg,CC BY-SA 4.0,Open Food Facts
8901719130144,front,Parle Hide & Seek Cookies,Parle Biscuits PVT Ltd,"Candies, Chocolate biscuits, Choco chips",India,https://images.openfoodfacts.org/images/products/890/171/913/0144/front_en.29.400.jpg,./off_download\images\8901719130144_front.jpg,CC BY-SA 4.0,Open Food Facts
8901063012868,front,Milk bikis biscuits,Britannia,Biscuit (cookie) vitamins and chemical elements content guaranteed,"India, United States",https://images.openfoodfacts.org/images/products/890/106/301/2868/front_en.5.400.jpg,./off_download\images\8901063012868_front.jpg,CC BY-SA 4.0,Open Food Facts
8909081005251,front,Yippee Noodles,Sunfeast,Instant noodles,"India, United Kingdom",https://images.openfoodfacts.org/images/products/890/908/100/5251/front_en.16.400.jpg,./off_download\images\8909081005251_front.jpg,CC BY-SA 4.0,Open Food Facts
8906010500498,front,balaji wafers tomato twist,,"Crisps, Salty snacks made from potato, Chip",India,https://images.openfoodfacts.org/images/products/890/601/050/0498/front_en.14.400.jpg,./off_download\images\8906010500498_front.jpg,CC BY-SA 4.0,Open Food Facts
8901207900839,front,hajmola,Dabur,,India,https://images.openfoodfacts.org/images/products/890/120/790/0839/front_en.15.400.jpg,./off_download\images\8901207900839_front.jpg,CC BY-SA 4.0,Open Food Facts
8904004400250,front,Haldiram's Soya Sticks,Haldiram's,Snacks,India,https://images.openfoodfacts.org/images/products/890/400/440/0250/front_en.7.400.jpg,./off_download\images\8904004400250_front.jpg,CC BY-SA 4.0,Open Food Facts
8901071211307,front,Hershey's syrup,Hershey's,"Syrups, Chocolate syrup",India,https://images.openfoodfacts.org/images/products/890/107/121/1307/front_en.10.400.jpg,./off_download\images\8901071211307_front.jpg,CC BY-SA 4.0,Open Food Facts
8906007280242,front,refined sunflower oil,fortune,Sunflower oils,India,https://images.openfoodfacts.org/images/products/890/600/728/0242/front_en.18.400.jpg,./off_download\images\8906007280242_front.jpg,CC BY-SA 4.0,Open Food Facts
8901725007508,front,Bingo! Potato Chips Chilli Sprinkled,ITC,Potato crisps,India,https://images.openfoodfacts.org/images/products/890/172/500/7508/front_en.3.400.jpg,./off_download\images\8901725007508_front.jpg,CC BY-SA 4.0,Open Food Facts
8901764052910,front,Limca,Pepsi,"Sodas, Carbonated fruit soft drink",India,https://images.openfoodfacts.org/images/products/890/176/405/2910/front_en.24.400.jpg,./off_download\images\8901764052910_front.jpg,CC BY-SA 4.0,Open Food Facts
8902080364060,front,Mountain dew,Pepsi,Waters,"India, Nepal",https://images.openfoodfacts.org/images/products/890/208/036/4060/front_en.3.400.jpg,./off_download\images\8902080364060_front.jpg,CC BY-SA 4.0,Open Food Facts
3948764042270,front,Thumbs Up 750ml pet,Thumps up,Sodas,India,https://images.openfoodfacts.org/images/products/394/876/404/2270/front_en.21.400.jpg,./off_download\images\3948764042270_front.jpg,CC BY-SA 4.0,Open Food Facts
8901030831706,front,Mixed Fruit Jam,"Hindustan Unilever Limited, Kissan",Mixed fruit jams,"Canada, India",https://images.openfoodfacts.org/images/products/890/103/083/1706/front_en.14.400.jpg,./off_download\images\8901030831706_front.jpg,CC BY-SA 4.0,Open Food Facts
8904004400243,front,Soya Sticks,Haldiram's,,India,https://images.openfoodfacts.org/images/products/890/400/440/0243/front_en.5.400.jpg,./off_download\images\8904004400243_front.jpg,CC BY-SA 4.0,Open Food Facts
8901063162464,front,BRITANNIA marie GOLD,Britannia,Biscuits,India,https://images.openfoodfacts.org/images/products/890/106/316/2464/front_en.10.400.jpg,./off_download\images\8901063162464_front.jpg,CC BY-SA 4.0,Open Food Facts
8906006330276,front,,,Sunflower oils,"India, United States",https://images.openfoodfacts.org/images/products/890/600/633/0276/front_en.6.400.jpg,./off_download\images\8906006330276_front.jpg,CC BY-SA 4.0,Open Food Facts
8901764012600,front,,,Sodas,India,https://images.openfoodfacts.org/images/products/890/176/401/2600/front_en.17.400.jpg,./off_download\images\8901764012600_front.jpg,CC BY-SA 4.0,Open Food Facts
8901491365703,front,Puffcorn,Kurkure,Corn chips,India,https://images.openfoodfacts.org/images/products/890/149/136/5703/front_en.30.400.jpg,./off_download\images\8901491365703_front.jpg,CC BY-SA 4.0,Open Food Facts
19017198,front,Parle tostea 1kg,"Parle, Simply Good, Wholesome","Biscuits, 100g wheat per amount","Ghana, India",https://images.openfoodfacts.org/images/products/000/001/901/7198/front_en.4.400.jpg,./off_download\images\19017198_front.jpg,CC BY-SA 4.0,Open Food Facts
8901719100369,front,Parle Bis Hide &seek,Parle,Biscuits,India,https://images.openfoodfacts.org/images/products/890/171/910/0369/front_en.18.400.jpg,./off_download\images\8901719100369_front.jpg,CC BY-SA 4.0,Open Food Facts
8906010503550,front,Wafers,,Wafers,India,https://images.openfoodfacts.org/images/products/890/601/050/3550/front_fr.9.400.jpg,./off_download\images\8906010503550_front.jpg,CC BY-SA 4.0,Open Food Facts
12111202,front,Minis Mix Eggs,Cadbury,,"India, Morocco, United Kingdom",https://images.openfoodfacts.org/images/products/000/001/211/1202/front_en.3.400.jpg,./off_download\images\12111202_front.jpg,CC BY-SA 4.0,Open Food Facts
8902579002299,front,Smoodh chocolate,Parle Agro,Chocolate milks,India,https://images.openfoodfacts.org/images/products/890/257/900/2299/front_en.14.400.jpg,./off_download\images\8902579002299_front.jpg,CC BY-SA 4.0,Open Food Facts
8901058005080,front,Munch Max,Nestlé,"Biscuits, Candy chocolate bars","India, Indonesia",https://images.openfoodfacts.org/images/products/890/105/800/5080/front_en.7.400.jpg,./off_download\images\8901058005080_front.jpg,CC BY-SA 4.0,Open Food Facts
8901058009729,front,Masala Veg Atta Noodles,Maggi,Instant noodles,India,https://images.openfoodfacts.org/images/products/890/105/800/9729/front_en.19.400.jpg,./off_download\images\8901058009729_front.jpg,CC BY-SA 4.0,Open Food Facts
8902080001828,front,Pepsi Zero Sugar,PepsiCo Inc.,"Diet cola soft drink, Cold Drink",India,https://images.openfoodfacts.org/images/products/890/208/000/1828/front_en.6.400.jpg,./off_download\images\8902080001828_front.jpg,CC BY-SA 4.0,Open Food Facts
8904335604150,front,Yoga Bar Millet Muesli,Yoga Bar,Mueslis,India,https://images.openfoodfacts.org/images/products/890/433/560/4150/front_en.17.400.jpg,./off_download\images\8904335604150_front.jpg,CC BY-SA 4.0,Open Food Facts
8904004400687,front,Haldiram's Aloo Bhujia Sev,Haldiram's,Salty snacks,India,https://images.openfoodfacts.org/images/products/890/400/440/0687/front_en.5.400.jpg,./off_download\images\8904004400687_front.jpg,CC BY-SA 4.0,Open Food Facts
8906009501031,front,Pasteurised Cow Milk,Chitale,Whole milks,India,https://images.openfoodfacts.org/images/products/890/600/950/1031/front_en.5.400.jpg,./off_download\images\8906009501031_front.jpg,CC BY-SA 4.0,Open Food Facts
54491496,front,Diet Coke,Coke,"Unsweetened beverages, Diet cola soft drink, Sweetened beverages","France, India, United Kingdom",https://images.openfoodfacts.org/images/products/000/005/449/1496/front_en.73.400.jpg,./off_download\images\54491496_front.jpg,CC BY-SA 4.0,Open Food Facts
8901262020039,front,Amul cheese,Amul,Cheeses,India,https://images.openfoodfacts.org/images/products/890/126/202/0039/front_en.40.400.jpg,./off_download\images\8901262020039_front.jpg,CC BY-SA 4.0,Open Food Facts
0015000047757,front,Yogurt blends snack,Gerber,,"India, United States",https://images.openfoodfacts.org/images/products/001/500/004/7757/front_en.16.400.jpg,./off_download\images\0015000047757_front.jpg,CC BY-SA 4.0,Open Food Facts
8901262200189,front,Amul Lassi 200ml,Amul,"Yogurt drinks, Lassi",India,https://images.openfoodfacts.org/images/products/890/126/220/0189/front_en.26.400.jpg,./off_download\images\8901262200189_front.jpg,CC BY-SA 4.0,Open Food Facts
8904004409253,front,Potato Lite,Haldiram Snacks Pvt. Ltd.,Potato crisps,India,https://images.openfoodfacts.org/images/products/890/400/440/9253/front_en.4.400.jpg,./off_download\images\8904004409253_front.jpg,CC BY-SA 4.0,Open Food Facts
8901764362309,front,Pulpy orange,Minute Maid,Orange juices from concentrate,India,https://images.openfoodfacts.org/images/products/890/176/436/2309/front_en.3.400.jpg,./off_download\images\8901764362309_front.jpg,CC BY-SA 4.0,Open Food Facts
8901058000269,front,Maggi,Maggi,Noodles,"India, Mali",https://images.openfoodfacts.org/images/products/890/105/800/0269/front_en.39.400.jpg,./off_download\images\8901058000269_front.jpg,CC BY-SA 4.0,Open Food Facts
8901088050586,front,Parachute Coconut Oil,Parachute,Coconut oils,"India, United Kingdom",https://images.openfoodfacts.org/images/products/890/108/805/0586/front_en.7.400.jpg,./off_download\images\8901088050586_front.jpg,CC BY-SA 4.0,Open Food Facts
8909081005046,front,Dark Fantasy Choco Fills,Sunfeast,Chocolate biscuits,India,https://images.openfoodfacts.org/images/products/890/908/100/5046/front_en.14.400.jpg,./off_download\images\8909081005046_front.jpg,CC BY-SA 4.0,Open Food Facts
8906010500429,front,Unknown Product,,Balaji,"India, United Kingdom",https://images.openfoodfacts.org/images/products/890/601/050/0429/front_en.11.400.jpg,./off_download\images\8906010500429_front.jpg,CC BY-SA 4.0,Open Food Facts
8901063093591,front,,,Biscuits,"India, United Kingdom",https://images.openfoodfacts.org/images/products/890/106/309/3591/front_en.19.400.jpg,./off_download\images\8901063093591_front.jpg,CC BY-SA 4.0,Open Food Facts
8901088047142,front,parachute oil,parachute,Coconut oils,"India, Singapore",https://images.openfoodfacts.org/images/products/890/108/804/7142/front_en.9.400.jpg,./off_download\images\8901088047142_front.jpg,CC BY-SA 4.0,Open Food Facts
8901207005527,front,Honey Squeezy,Dabur,"Honeys, Food","France, India",https://images.openfoodfacts.org/images/products/890/120/700/5527/front_en.12.400.jpg,./off_download\images\8901207005527_front.jpg,CC BY-SA 4.0,Open Food Facts
0856069005209,front,"Fine ground sea salt almond flour crackers, sea salt",,Crackers (Appetizers),"India, United States",https://images.openfoodfacts.org/images/products/085/606/900/5209/front_en.9.400.jpg,./off_download\images\0856069005209_front.jpg,CC BY-SA 4.0,Open Food Facts
8901088000345,front,Coconut oil,Parachute,Coconut oils,"France, India, Somalia",https://images.openfoodfacts.org/images/products/890/108/800/0345/front_en.15.400.jpg,./off_download\images\8901088000345_front.jpg,CC BY-SA 4.0,Open Food Facts
8904004403800,front,Moong dal,"Haldiram, Haldiram's","Snacks, Pulses",India,https://images.openfoodfacts.org/images/products/890/400/440/3800/front_en.17.400.jpg,./off_download\images\8904004403800_front.jpg,CC BY-SA 4.0,Open Food Facts
8902080364022,front,Mountain Dew,PepsiCo,"Sodas, Carbonated waters, Energy drinks, Sweetened beverages",India,https://images.openfoodfacts.org/images/products/890/208/036/4022/front_en.6.400.jpg,./off_download\images\8902080364022_front.jpg,CC BY-SA 4.0,Open Food Facts
8901595863013,front,Schezwan Chutney,ching's,"Salted spreads, Dips, Onion chutneys, Schezwan Chutney","Bangladesh, Bhutan, India, Nepal",https://images.openfoodfacts.org/images/products/890/159/586/3013/front_en.3.400.jpg,./off_download\images\8901595863013_front.jpg,CC BY-SA 4.0,Open Food Facts
8906010503529,front,CHRUNCHEM Masala Masti,Balaji,Potato crisps,"Ghana, India",https://images.openfoodfacts.org/images/products/890/601/050/3529/front_en.6.400.jpg,./off_download\images\8906010503529_front.jpg,CC BY-SA 4.0,Open Food Facts
8901030902369,front,Knorr hot & sour veg soup,Knorr,Dehydrated soups,India,https://images.openfoodfacts.org/images/products/890/103/090/2369/front_en.15.400.jpg,./off_download\images\8901030902369_front.jpg,CC BY-SA 4.0,Open Food Facts
7622202309830,front,Bournvita 200g,,,India,https://images.openfoodfacts.org/images/products/762/220/230/9830/front_en.10.400.jpg,./off_download\images\7622202309830_front.jpg,CC BY-SA 4.0,Open Food Facts
8904422711365,front,Nariyal Biscuit,Patanjali,"Biscuits, 100, Coconut Biscuits","India, United States",https://images.openfoodfacts.org/images/products/890/442/271/1365/front_en.6.400.jpg,./off_download\images\8904422711365_front.jpg,CC BY-SA 4.0,Open Food Facts
3948063139329,front,,,,India,https://images.openfoodfacts.org/images/products/394/806/313/9329/front_en.7.400.jpg,./off_download\images\3948063139329_front.jpg,CC BY-SA 4.0,Open Food Facts
8904004404630,front,salted peanuts,haldiram's,"Legumes, Peanuts",India,https://images.openfoodfacts.org/images/products/890/400/440/4630/front_en.4.400.jpg,./off_download\images\8904004404630_front.jpg,CC BY-SA 4.0,Open Food Facts
8901491000789,front,Lays India's magic masala,Lay's,Flavoured potato crisps,"France, India",https://images.openfoodfacts.org/images/products/890/149/100/0789/front_en.30.400.jpg,./off_download\images\8901491000789_front.jpg,CC BY-SA 4.0,Open Food Facts
3948764032271,front,Sprite,Coca Cola,"Artificially sweetened beverages, Sodas, Sweetened beverages",India,https://images.openfoodfacts.org/images/products/394/876/403/2271/front_en.11.400.jpg,./off_download\images\3948764032271_front.jpg,CC BY-SA 4.0,Open Food Facts
8902346012353,front,Oral Rehydration Salts I.P. Electral,FDC LIMITED,Non food products,India,https://images.openfoodfacts.org/images/products/890/234/601/2353/front_en.13.400.jpg,./off_download\images\8902346012353_front.jpg,CC BY-SA 4.0,Open Food Facts
8901725000622,front,sunfeast Mom,Sunfeast,"Confectioneries, Biscuits",India,https://images.openfoodfacts.org/images/products/890/172/500/0622/front_en.3.400.jpg,./off_download\images\8901725000622_front.jpg,CC BY-SA 4.0,Open Food Facts
8901030877131,front,Real Mayonnaise,Hellmann's,"Confectioneries, Mayonnaises",India,https://images.openfoodfacts.org/images/products/890/103/087/7131/front_en.8.400.jpg,./off_download\images\8901030877131_front.jpg,CC BY-SA 4.0,Open Food Facts
8902080404575,front,Mango Slice 1.75ltr,PepsiCo Inc.,Fruit-based beverages,India,https://images.openfoodfacts.org/images/products/890/208/040/4575/front_en.4.400.jpg,./off_download\images\8902080404575_front.jpg,CC BY-SA 4.0,Open Food Facts
8902080204588,front,8902080204588,Mirinda,Fruit juices,India,https://images.openfoodfacts.org/images/products/890/208/020/4588/front_en.12.400.jpg,./off_download\images\8902080204588_front.jpg,CC BY-SA 4.0,Open Food Facts
8904327600948,front,MYFITNESS Chocolate Peanut Butter Crunchy,MYFITNESS,Crunchy peanut butters,India,https://images.openfoodfacts.org/images/products/890/432/760/0948/front_en.3.400.jpg,./off_download\images\8904327600948_front.jpg,CC BY-SA 4.0,Open Food Facts
8901063092822,front,BRITANNIA Good day  BUTTER COOKIES,Britannia,Biscuits,India,https://images.openfoodfacts.org/images/products/890/106/309/2822/front_en.4.400.jpg,./off_download\images\8901063092822_front.jpg,CC BY-SA 4.0,Open Food Facts
8901063014404,front,,,Biscuits,"India, United States",https://images.openfoodfacts.org/images/products/890/106/301/4404/front_en.3.400.jpg,./off_download\images\8901063014404_front.jpg,CC BY-SA 4.0,Open Food Facts
8906004560149,front,,,,"India, United States",https://images.openfoodfacts.org/images/products/890/600/456/0149/front_en.15.400.jpg,./off_download\images\8906004560149_front.jpg,CC BY-SA 4.0,Open Food Facts
7622202252419,front,Oreo 30 rs,,Biscuits,"India, United States",https://images.openfoodfacts.org/images/products/762/220/225/2419/front_en.8.400.jpg,./off_download\images\7622202252419_front.jpg,CC BY-SA 4.0,Open Food Facts
8901058022179,front,Munch,Nestlé,"Chocolate stuffed wafers, Chocolate Wafer",India,https://images.openfoodfacts.org/images/products/890/105/802/2179/front_en.27.400.jpg,./off_download\images\8901058022179_front.jpg,CC BY-SA 4.0,Open Food Facts
8901063142015,front,Nutri Choice,Britannia Digestive,Biscuits,"France, India",https://images.openfoodfacts.org/images/products/890/106/314/2015/front_en.30.400.jpg,./off_download\images\8901063142015_front.jpg,CC BY-SA 4.0,Open Food Facts
8901491502030,front,Lay's American Style Cream & Onion Flavour,Lay's,Potato crisps,India,https://images.openfoodfacts.org/images/products/890/149/150/2030/front_en.19.400.jpg,./off_download\images\8901491502030_front.jpg,CC BY-SA 4.0,Open Food Facts
0073935942400,front,"Manner - Chocolate Cream Filled Wafers, 2.5oz (72g)",Manner,Wafers,India,https://images.openfoodfacts.org/images/products/007/393/594/2400/front_en.5.400.jpg,./off_download\images\0073935942400_front.jpg,CC BY-SA 4.0,Open Food Facts
8906010501242,front,wheelos masala flavour,Balaji Wafers,Crisps,"India, United States",https://images.openfoodfacts.org/images/products/890/601/050/1242/front_en.14.400.jpg,./off_download\images\8906010501242_front.jpg,CC BY-SA 4.0,Open Food Facts
8908005144632,front,Muesli dark chocolate cranberry,Yoga bar,Mueslis,India,https://images.openfoodfacts.org/images/products/890/800/514/4632/front_en.4.400.jpg,./off_download\images\8908005144632_front.jpg,CC BY-SA 4.0,Open Food Facts
8904327600405,front,Myfitness Chocolate Peanut Butter,Myfitness,"Nut butters, Peanut butters",India,https://images.openfoodfacts.org/images/products/890/432/760/0405/front_en.3.400.jpg,./off_download\images\8904327600405_front.jpg,CC BY-SA 4.0,Open Food Facts
8901030735097,front,Vanilla Ice Cream,Kwality Walls,Ice creams,India,https://images.openfoodfacts.org/images/products/890/103/073/5097/front_en.3.400.jpg,./off_download\images\8901030735097_front.jpg,CC BY-SA 4.0,Open Food Facts
8901491103046,front,Kurkure Green chutney,,Appetizers,India,https://images.openfoodfacts.org/images/products/890/149/110/3046/front_en.8.400.jpg,./off_download\images\8901491103046_front.jpg,CC BY-SA 4.0,Open Food Facts
8906010503512,front,Balaji wafers,Balaji,"Crisps, Salty snacks made from potato",India,https://images.openfoodfacts.org/images/products/890/601/050/3512/front_en.3.400.jpg,./off_download\images\8906010503512_front.jpg,CC BY-SA 4.0,Open Food Facts
8906010500092,front,Balaji Wafers Crunchex,Balaji Wafers,Potato crisps,India,https://images.openfoodfacts.org/images/products/890/601/050/0092/front_en.3.400.jpg,./off_download\images\8906010500092_front.jpg,CC BY-SA 4.0,Open Food Facts
8906001023050,front,Gowardhan pure cow ghee,Gowardhan,"Butters, ghee",India,https://images.openfoodfacts.org/images/products/890/600/102/3050/front_en.9.400.jpg,./off_download\images\8906001023050_front.jpg,CC BY-SA 4.0,Open Food Facts
8909081001147,front,bounce,Good Life,Unsalted cashews,India,https://images.openfoodfacts.org/images/products/890/908/100/1147/front_en.7.400.jpg,./off_download\images\8909081001147_front.jpg,CC BY-SA 4.0,Open Food Facts
8901725012953,front,sunfeast Marie light 10 MRP,Coffee-Mate,Biscuits,India,https://images.openfoodfacts.org/images/products/890/172/501/2953/front_en.4.400.jpg,./off_download\images\8901725012953_front.jpg,CC BY-SA 4.0,Open Food Facts
8901595972111,front,8901595972111,,Masalas,India,https://images.openfoodfacts.org/images/products/890/159/597/2111/front_en.4.400.jpg,./off_download\images\8901595972111_front.jpg,CC BY-SA 4.0,Open Food Facts
8901030702556,front,Kissan sweet & spicy,,Sauces,India,https://images.openfoodfacts.org/images/products/890/103/070/2556/front_en.9.400.jpg,./off_download\images\8901030702556_front.jpg,CC BY-SA 4.0,Open Food Facts
7622202325960,front,Bournville Intense 70% Dark,Cadbury,Dark chocolate bar,India,https://images.openfoodfacts.org/images/products/762/220/232/5960/front_en.11.400.jpg,./off_download\images\7622202325960_front.jpg,CC BY-SA 4.0,Open Food Facts
8906010502492,front,,,,India,https://images.openfoodfacts.org/images/products/890/601/050/2492/front_en.8.400.jpg,./off_download\images\8906010502492_front.jpg,CC BY-SA 4.0,Open Food Facts
7622202318078,front,5 Star Chocolate Bar,Cadbury,"Confectioneries, Milk chocolates, Sugar-boil",India,https://images.openfoodfacts.org/images/products/762/220/231/8078/front_en.14.400.jpg,./off_download\images\7622202318078_front.jpg,CC BY-SA 4.0,Open Food Facts
8901491380010,front,Solid Masti Masala,Kurkure,"Snacks, Fried-snacks",India,https://images.openfoodfacts.org/images/products/890/149/138/0010/front_en.12.400.jpg,./off_download\images\8901491380010_front.jpg,CC BY-SA 4.0,Open Food Facts
8901088068741,front,Masala Oats - Peppy Tomato,Saffola,"Breakfasts, Oat",India,https://images.openfoodfacts.org/images/products/890/108/806/8741/front_en.24.400.jpg,./off_download\images\8901088068741_front.jpg,CC BY-SA 4.0,Open Food Facts
5000232192202,front,FOOD,Princes,"Mackerel fillets, Tinned Mackerels","France, India, Morocco, United Kingdom",https://images.openfoodfacts.org/images/products/500/023/219/2202/front_en.4.400.jpg,./off_download\images\5000232192202_front.jpg,CC BY-SA 4.0,Open Food Facts
8901262150088,front,Milk,Amul,Whole milks,India,https://images.openfoodfacts.org/images/products/890/126/215/0088/front_en.51.400.jpg,./off_download\images\8901262150088_front.jpg,CC BY-SA 4.0,Open Food Facts
8901262200004,front,Butter milk amul,Amul,Buttermilks,India,https://images.openfoodfacts.org/images/products/890/126/220/0004/front_en.3.400.jpg,./off_download\images\8901262200004_front.jpg,CC BY-SA 4.0,Open Food Facts
3948764092800,front,maaza,coco-cola,"Sweetened beverages, Cool drink",India,https://images.openfoodfacts.org/images/products/394/876/409/2800/front_en.19.400.jpg,./off_download\images\3948764092800_front.jpg,CC BY-SA 4.0,Open Food Facts
8901030872693,front,Real mayonnaise,Hellmann's,Mayonnaises,India,https://images.openfoodfacts.org/images/products/890/103/087/2693/front_en.3.400.jpg,./off_download\images\8901030872693_front.jpg,CC BY-SA 4.0,Open Food Facts
0846203081923,front,,chitale,Salty snacks,India,https://images.openfoodfacts.org/images/products/084/620/308/1923/front_en.4.400.jpg,./off_download\images\0846203081923_front.jpg,CC BY-SA 4.0,Open Food Facts
8901063028241,front,8901063028241,,Biscuits,India,https://images.openfoodfacts.org/images/products/890/106/302/8241/front_en.4.400.jpg,./off_download\images\8901063028241_front.jpg,CC BY-SA 4.0,Open Food Facts
8901262070676,front,Dark Chocolate,Amul,"Bars, Dark chocolates",India,https://images.openfoodfacts.org/images/products/890/126/207/0676/front_en.44.400.jpg,./off_download\images\8901262070676_front.jpg,CC BY-SA 4.0,Open Food Facts
8901207062865,front,Hajmola,Dabur,"Laxative, medicine",India,https://images.openfoodfacts.org/images/products/890/120/706/2865/front_en.23.400.jpg,./off_download\images\8901207062865_front.jpg,CC BY-SA 4.0,Open Food Facts
8901262020015,front,Cheese slices,Amul,"Cheeses, Processed cheese in slices",India,https://images.openfoodfacts.org/images/products/890/126/202/0015/front_en.17.400.jpg,./off_download\images\8901262020015_front.jpg,CC BY-SA 4.0,Open Food Facts
8901207025372,front,Dabur Honey,Dabur,Honeys,"India, Indian subcontinent",https://images.openfoodfacts.org/images/products/890/120/702/5372/front_en.21.400.jpg,./off_download\images\8901207025372_front.jpg,CC BY-SA 4.0,Open Food Facts
8901262151863,front,Amul Fresh Cream,Amul,"Creams, Milks, Fresh cream cheese with cow's milk",India,https://images.openfoodfacts.org/images/products/890/126/215/1863/front_en.6.400.jpg,./off_download\images\8901262151863_front.jpg,CC BY-SA 4.0,Open Food Facts
0712345678904,front,Farb,,,"India, United States",https://images.openfoodfacts.org/images/products/071/234/567/8904/front_en.32.400.jpg,./off_download\images\0712345678904_front.jpg,CC BY-SA 4.0,Open Food Facts
8906017290774,front,Soda,Bisleri,"Sodas, Carbonated waters",India,https://images.openfoodfacts.org/images/products/890/601/729/0774/front_en.5.400.jpg,./off_download\images\8906017290774_front.jpg,CC BY-SA 4.0,Open Food Facts
8901262172448,front,Amul Chocolate Brownie,Amul,"Ice creams, Chocolate icecream, Icecream",India,https://images.openfoodfacts.org/images/products/890/126/217/2448/front_en.14.400.jpg,./off_download\images\8901262172448_front.jpg,CC BY-SA 4.0,Open Food Facts
8904004400045,front,,Haldiram's,Appetizers,"France, India",https://images.openfoodfacts.org/images/products/890/400/440/0045/front_en.19.400.jpg,./off_download\images\8904004400045_front.jpg,CC BY-SA 4.0,Open Food Facts
8901012350010,front,Apple drink,johnson and Johnson,"Apple juices, Apple soft drinks",India,https://images.openfoodfacts.org/images/products/890/101/235/0010/front_en.16.400.jpg,./off_download\images\8901012350010_front.jpg,CC BY-SA 4.0,Open Food Facts
8901491000772,front,Lays american onion 80gm,Lay's,Flavoured potato crisps,India,https://images.openfoodfacts.org/images/products/890/149/100/0772/front_en.33.400.jpg,./off_download\images\8901491000772_front.jpg,CC BY-SA 4.0,Open Food Facts
8901058003000,front,Pazzta Cheese Macaroni,Maggi,Pastas,India,https://images.openfoodfacts.org/images/products/890/105/800/3000/front_en.13.400.jpg,./off_download\images\8901058003000_front.jpg,CC BY-SA 4.0,Open Food Facts
8901058015171,front,Nestle KitKat,Nestlé,Candy chocolate bars filled with biscuit,India,https://images.openfoodfacts.org/images/products/890/105/801/5171/front_en.12.400.jpg,./off_download\images\8901058015171_front.jpg,CC BY-SA 4.0,Open Food Facts
8901764112270,front,Coca Cola Zero Sugar,Coca cola zero,Diet cola soft drink,India,https://images.openfoodfacts.org/images/products/890/176/411/2270/front_en.3.400.jpg,./off_download\images\8901764112270_front.jpg,CC BY-SA 4.0,Open Food Facts
8901058016222,front,Pichkoo RICH TOMATO KETCHUP,Maggi,Ketchup,India,https://images.openfoodfacts.org/images/products/890/105/801/6222/front_en.3.400.jpg,./off_download\images\8901058016222_front.jpg,CC BY-SA 4.0,Open Food Facts
7622202315152,front,,,Candy chocolate bars filled with caramel,India,https://images.openfoodfacts.org/images/products/762/220/231/5152/front_en.4.400.jpg,./off_download\images\7622202315152_front.jpg,CC BY-SA 4.0,Open Food Facts
8901058018677,front,Rich Tomato Ketchup,,Ketchup,India,https://images.openfoodfacts.org/images/products/890/105/801/8677/front_en.9.400.jpg,./off_download\images\8901058018677_front.jpg,CC BY-SA 4.0,Open Food Facts
8901058017601,front,Nescafe 10 rupees,,"Coffees, Instant coffees",India,https://images.openfoodfacts.org/images/products/890/105/801/7601/front_en.3.400.jpg,./off_download\images\8901058017601_front.jpg,CC BY-SA 4.0,Open Food Facts
8906009803777,front,Waffy - choco flavoured wafer roll,Dukes,"Chocolate stuffed wafers, Thin crunchy wafer biscuit with chocolate",India,https://images.openfoodfacts.org/images/products/890/600/980/3777/front_en.43.400.jpg,./off_download\images\8906009803777_front.jpg,CC BY-SA 4.0,Open Food Facts
8901262151696,front,Amul Lassi 250 ml,Amul,"Yogurt drinks, Dairy based drink",India,https://images.openfoodfacts.org/images/products/890/126/215/1696/front_en.43.400.jpg,./off_download\images\8901262151696_front.jpg,CC BY-SA 4.0,Open Food Facts
8906010500085,front,Chevdo,Balaji,,India,https://images.openfoodfacts.org/images/products/890/601/050/0085/front_fr.8.400.jpg,./off_download\images\8906010500085_front.jpg,CC BY-SA 4.0,Open Food Facts
8906010500269,front,Poprings Masala flavour,Balaji,Wafers,India,https://images.openfoodfacts.org/images/products/890/601/050/0269/front_en.6.400.jpg,./off_download\images\8906010500269_front.jpg,CC BY-SA 4.0,Open Food Facts
0073893212256,front,,,,"India, Slovenia",https://images.openfoodfacts.org/images/products/007/389/321/2256/front_en.20.400.jpg,./off_download\images\0073893212256_front.jpg,CC BY-SA 4.0,Open Food Facts
3948764175091,front,maaza,Tetra Pak,Sweetened beverages,"India, United States",https://images.openfoodfacts.org/images/products/394/876/417/5091/front_en.4.400.jpg,./off_download\images\3948764175091_front.jpg,CC BY-SA 4.0,Open Food Facts
8901063017627,front,Brit 50-50 maska chaska 40g (20),Britannia,Biscuits,India,https://images.openfoodfacts.org/images/products/890/106/301/7627/front_en.3.400.jpg,./off_download\images\8901063017627_front.jpg,CC BY-SA 4.0,Open Food Facts
8906010500702,front,Chana dal,Balaji Wafers,"Snacks, Chickpeas",India,https://images.openfoodfacts.org/images/products/890/601/050/0702/front_en.5.400.jpg,./off_download\images\8906010500702_front.jpg,CC BY-SA 4.0,Open Food Facts
8901491103800,front,Oats,Quaker,Rolled oats,India,https://images.openfoodfacts.org/images/products/890/149/110/3800/front_en.4.400.jpg,./off_download\images\8901491103800_front.jpg,CC BY-SA 4.0,Open Food Facts
8901030898105,front,Hellman's Real Mayonnaise,Hellman's,Mayonnaises,India,https://images.openfoodfacts.org/images/products/890/103/089/8105/front_en.3.400.jpg,./off_download\images\8901030898105_front.jpg,CC BY-SA 4.0,Open Food Facts
8906009532356,front,CHOCOLAMOND SNACK BAR,MAX PROTEIN,"Energy bars, Protein bars",India,https://images.openfoodfacts.org/images/products/890/600/953/2356/front_en.10.400.jpg,./off_download\images\8906009532356_front.jpg,CC BY-SA 4.0,Open Food Facts
8906004560767,front,,,Greean,"India, United Kingdom",https://images.openfoodfacts.org/images/products/890/600/456/0767/front_en.5.400.jpg,./off_download\images\8906004560767_front.jpg,CC BY-SA 4.0,Open Food Facts
4897036692455,front,Monster Energy Ultra,"Monster, Monster Energy","Energy drinks, Caff","India, United States",https://images.openfoodfacts.org/images/products/489/703/669/2455/front_en.14.400.jpg,./off_download\images\4897036692455_front.jpg,CC BY-SA 4.0,Open Food Facts
7622202272639,front,Cadbury Dairy Milk,Cadbury,"Confectioneries, Milk chocolates",India,https://images.openfoodfacts.org/images/products/762/220/227/2639/front_en.3.400.jpg,./off_download\images\7622202272639_front.jpg,CC BY-SA 4.0,Open Food Facts
8906136651968,front,High Protein Oats Chocolate,Pintola,"Breakfast cereals, Oat",India,https://images.openfoodfacts.org/images/products/890/613/665/1968/front_en.13.400.jpg,./off_download\images\8906136651968_front.jpg,CC BY-SA 4.0,Open Food Facts
8904482000003,front,Hamdard Roohafza,Hamdard,Beverage preparations,India,https://images.openfoodfacts.org/images/products/890/448/200/0003/front_en.12.400.jpg,./off_download\images\8904482000003_front.jpg,CC BY-SA 4.0,Open Food Facts
8901719125348,front,8901719125348,Parle,Biscuits,"India, United States",https://images.openfoodfacts.org/images/products/890/171/912/5348/front_en.14.400.jpg,./off_download\images\8901719125348_front.jpg,CC BY-SA 4.0,Open Food Facts
18111286,front,18111286,,Chocolates,"India, United States",https://images.openfoodfacts.org/images/products/000/001/811/1286/front_en.3.400.jpg,./off_download\images\18111286_front.jpg,CC BY-SA 4.0,Open Food Facts
3948764111259,front,Coca cola zero 300ml can MFD10/04/2025,,Diet cola soft drink,India,https://images.openfoodfacts.org/images/products/394/876/411/1259/front_en.18.400.jpg,./off_download\images\3948764111259_front.jpg,CC BY-SA 4.0,Open Food Facts
89000724,front,kinley water 500ml,,Waters,India,https://images.openfoodfacts.org/images/products/000/008/900/0724/front_en.15.400.jpg,./off_download\images\89000724_front.jpg,CC BY-SA 4.0,Open Food Facts
8904258701707,front,Coconut Water,RAW Pressery,"Waters, Coconut waters",India,https://images.openfoodfacts.org/images/products/890/425/870/1707/front_en.5.400.jpg,./off_download\images\8904258701707_front.jpg,CC BY-SA 4.0,Open Food Facts
8901719121685,front,20 20 butter cookies 200g,parle,Biscuits,India,https://images.openfoodfacts.org/images/products/890/171/912/1685/front_en.4.400.jpg,./off_download\images\8901719121685_front.jpg,CC BY-SA 4.0,Open Food Facts
8906035030055,front,Refined Sunflower Oil,Freedom,Sunflower oils,"India, United States",https://images.openfoodfacts.org/images/products/890/603/503/0055/front_en.3.400.jpg,./off_download\images\8906035030055_front.jpg,CC BY-SA 4.0,Open Food Facts
8904004402247,front,Farali Chiwda,Haldiram's,Potato crisps in sunflower oil,India,https://images.openfoodfacts.org/images/products/890/400/440/2247/front_en.14.400.jpg,./off_download\images\8904004402247_front.jpg,CC BY-SA 4.0,Open Food Facts
8904043926612,front,Himalayan Rock Salt,TATA Salt,Rock salts,India,https://images.openfoodfacts.org/images/products/890/404/392/6612/front_en.24.400.jpg,./off_download\images\8904043926612_front.jpg,CC BY-SA 4.0,Open Food Facts
8908013982646,front,Lahori Zeera,Lahori Zeera,"Sodas, Carbonated fruit soft drink",India,https://images.openfoodfacts.org/images/products/890/801/398/2646/front_en.10.400.jpg,./off_download\images\8908013982646_front.jpg,CC BY-SA 4.0,Open Food Facts
8901499023339,front,"Muesli Fruit, Nut & Seeds",Kellogg's,"Seeds, Mueslis with nuts",India,https://images.openfoodfacts.org/images/products/890/149/902/3339/front_en.3.400.jpg,./off_download\images\8901499023339_front.jpg,CC BY-SA 4.0,Open Food Facts
8901207040337,front,Chyawanprash Awaleha,Dabur,Chyawanprash,"India, Italy",https://images.openfoodfacts.org/images/products/890/120/704/0337/front_en.42.400.jpg,./off_download\images\8901207040337_front.jpg,CC BY-SA 4.0,Open Food Facts
8901491001809,front,Lay's Sizzlin Hot,Lay's,Crisps,India,https://images.openfoodfacts.org/images/products/890/149/100/1809/front_en.19.400.jpg,./off_download\images\8901491001809_front.jpg,CC BY-SA 4.0,Open Food Facts
0850006000012,front,Yaourt nature sucres U,Coca Cola,"Plain yogurt with sugar, Whole milk yogurts","France, India",https://images.openfoodfacts.org/images/products/085/000/600/0012/front_fr.4.400.jpg,./off_download\images\0850006000012_front.jpg,CC BY-SA 4.0,Open Food Facts
8904043552644,front,Modern Sandwich Supreme Bread,Modern,White breads,India,https://images.openfoodfacts.org/images/products/890/404/355/2644/front_en.15.400.jpg,./off_download\images\8904043552644_front.jpg,CC BY-SA 4.0,Open Food Facts
8901595863594,front,Schezwan Chutney,,Fruit chutneys,"India, Ireland",https://images.openfoodfacts.org/images/products/890/159/586/3594/front_en.3.400.jpg,./off_download\images\8901595863594_front.jpg,CC BY-SA 4.0,Open Food Facts
8903553851377,front,Temptin  TOMATO KETCHUP,,Ketchup,India,https://images.openfoodfacts.org/images/products/890/355/385/1377/front_en.3.400.jpg,./off_download\images\8903553851377_front.jpg,CC BY-SA 4.0,Open Food Facts
8901058017670,front,Maggi 280g,Maggi,Noodles,"India, United States",https://images.openfoodfacts.org/images/products/890/105/801/7670/front_en.4.400.jpg,./off_download\images\8901058017670_front.jpg,CC BY-SA 4.0,Open Food Facts
8901071706834,front,HERSHEY'S SYRUP 623g,Hershey's,Simple syrups,India,https://images.openfoodfacts.org/images/products/890/107/170/6834/front_en.23.400.jpg,./off_download\images\8901071706834_front.jpg,CC BY-SA 4.0,Open Food Facts
8901491981552,front,Lay’s Chile Limon 20rs,Lay's,"Crisps, Salty snacks made from potato",India,https://images.openfoodfacts.org/images/products/890/149/198/1552/front_en.26.400.jpg,./off_download\images\8901491981552_front.jpg,CC BY-SA 4.0,Open Food Facts
8904109450112,front,,,,"India, Singapore",https://images.openfoodfacts.org/images/products/890/410/945/0112/front_en.3.400.jpg,./off_download\images\8904109450112_front.jpg,CC BY-SA 4.0,Open Food Facts
8906017290026,front,Bisleri Water 250ml,Bisleri,Waters,India,https://images.openfoodfacts.org/images/products/890/601/729/0026/front_en.23.400.jpg,./off_download\images\8906017290026_front.jpg,CC BY-SA 4.0,Open Food Facts
12345678,front,dsdsds,bfgfg,Beverages,"France, Germany, India, United States",https://images.openfoodfacts.org/images/products/000/001/234/5678/front_en.102.400.jpg,./off_download\images\12345678_front.jpg,CC BY-SA 4.0,Open Food Facts
8901088068758,front,Saffola Masala Veggie Twist Oats,Saffola,Oat,India,https://images.openfoodfacts.org/images/products/890/108/806/8758/front_en.26.400.jpg,./off_download\images\8901088068758_front.jpg,CC BY-SA 4.0,Open Food Facts
8901262260107,front,Amul Gold Milky Milk,Amul,"Milks, Full cream milk",India,https://images.openfoodfacts.org/images/products/890/126/226/0107/front_en.3.400.jpg,./off_download\images\8901262260107_front.jpg,CC BY-SA 4.0,Open Food Facts
8904004400601,front,Haldiram Lite Chiwda,Haldiram's,"Crisps, Crackers (Appetizers), Puffed salty snacks",India,https://images.openfoodfacts.org/images/products/890/400/440/0601/front_en.14.400.jpg,./off_download\images\8904004400601_front.jpg,CC BY-SA 4.0,Open Food Facts
8906010501952,front,Balaji Wafers Rumbles Potato Chips Pudina Twist flavour,"Balaji Wafers, Balaji, Rumbles",Potato crisps,India,https://images.openfoodfacts.org/images/products/890/601/050/1952/front_en.4.400.jpg,./off_download\images\8906010501952_front.jpg,CC BY-SA 4.0,Open Food Facts
8906009070834,front,Unibic cashew badam cookies 500g,Unibic,Biscuits,India,https://images.openfoodfacts.org/images/products/890/600/907/0834/front_en.16.400.jpg,./off_download\images\8906009070834_front.jpg,CC BY-SA 4.0,Open Food Facts
8886467122408,front,Pringles Sour Cream & Onion Flavour Potato Crisps,Pringles,Stacked extruded potato crisps,India,https://images.openfoodfacts.org/images/products/888/646/712/2408/front_en.10.400.jpg,./off_download\images\8886467122408_front.jpg,CC BY-SA 4.0,Open Food Facts
8901207006241,front,Dabur Chyawanprash,Dabur,"Sweeteners, Dietary supplements, Ayurvedic, Pro","India, United States",https://images.openfoodfacts.org/images/products/890/120/700/6241/front_en.5.400.jpg,./off_download\images\8901207006241_front.jpg,CC BY-SA 4.0,Open Food Facts
8901764111259,front,Coca cola zero sugar 300ml,Coca-Cola,Diet cola soft drink,India,https://images.openfoodfacts.org/images/products/890/176/411/1259/front_en.6.400.jpg,./off_download\images\8901764111259_front.jpg,CC BY-SA 4.0,Open Food Facts
8901063163331,front,Tiger glucose biscuit,Britannia,Biscuits,India,https://images.openfoodfacts.org/images/products/890/106/316/3331/front_en.3.400.jpg,./off_download\images\8901063163331_front.jpg,CC BY-SA 4.0,Open Food Facts
8903241110434,front,Kolhapuri Thecha,Pravin,"Chilli-garlic paste, Hot chilly sauce",India,https://images.openfoodfacts.org/images/products/890/324/111/0434/front_en.3.400.jpg,./off_download\images\8903241110434_front.jpg,CC BY-SA 4.0,Open Food Facts
8901512540102,front,Act II Classic Salted,ACT II,Popcorn,India,https://images.openfoodfacts.org/images/products/890/151/254/0102/front_en.17.400.jpg,./off_download\images\8901512540102_front.jpg,CC BY-SA 4.0,Open Food Facts
8902080364589,front,Mountain Dew,PepsiCo,"Sodas, Sweetened beverages",India,https://images.openfoodfacts.org/images/products/890/208/036/4589/front_en.25.400.jpg,./off_download\images\8902080364589_front.jpg,CC BY-SA 4.0,Open Food Facts
8901063093089,front,Good day Cashew,Britannia,Biscuits,India,https://images.openfoodfacts.org/images/products/890/106/309/3089/front_en.10.400.jpg,./off_download\images\8901063093089_front.jpg,CC BY-SA 4.0,Open Food Facts
8901030902352,front,knorr Tomato chatpata,Knorr,Non veg,India,https://images.openfoodfacts.org/images/products/890/103/090/2352/front_en.12.400.jpg,./off_download\images\8901030902352_front.jpg,CC BY-SA 4.0,Open Food Facts
8901030987007,front,Knorr Schezwan Sauce 200 g,Knorr,Sauces,India,https://images.openfoodfacts.org/images/products/890/103/098/7007/front_en.29.400.jpg,./off_download\images\8901030987007_front.jpg,CC BY-SA 4.0,Open Food Facts
0846203004885,front,BAKARWADI,Chitale,Spices,"India, United States",https://images.openfoodfacts.org/images/products/084/620/300/4885/front_en.8.400.jpg,./off_download\images\0846203004885_front.jpg,CC BY-SA 4.0,Open Food Facts
7622202237416,front,Bournvita 13.4g,,Cereal based beverage mix,India,https://images.openfoodfacts.org/images/products/762/220/223/7416/front_en.3.400.jpg,./off_download\images\7622202237416_front.jpg,CC BY-SA 4.0,Open Food Facts
8908006989355,front,,,Food,India,https://images.openfoodfacts.org/images/products/890/800/698/9355/front_en.3.400.jpg,./off_download\images\8908006989355_front.jpg,CC BY-SA 4.0,Open Food Facts
8901063155534,front,Krunch ChocoChips,"Britannia, Tiger",Biscuits,India,https://images.openfoodfacts.org/images/products/890/106/315/5534/front_en.4.400.jpg,./off_download\images\8901063155534_front.jpg,CC BY-SA 4.0,Open Food Facts
8901764312601,front,,,Diet sodas,"India, United States",https://images.openfoodfacts.org/images/products/890/176/431/2601/front_en.6.400.jpg,./off_download\images\8901764312601_front.jpg,CC BY-SA 4.0,Open Food Facts
8904004401561,front,,Haldiram's,Food,India,https://images.openfoodfacts.org/images/products/890/400/440/1561/front_en.5.400.jpg,./off_download\images\8904004401561_front.jpg,CC BY-SA 4.0,Open Food Facts
8901719135477,front,Parle G gold,Parle,Biscuits,India,https://images.openfoodfacts.org/images/products/890/171/913/5477/front_en.19.400.jpg,./off_download\images\8901719135477_front.jpg,CC BY-SA 4.0,Open Food Facts
8901764972041,front,,,"Sodas, Beverages from desugared fruit juices","India, United States",https://images.openfoodfacts.org/images/products/890/176/497/2041/front_en.4.400.jpg,./off_download\images\8901764972041_front.jpg,CC BY-SA 4.0,Open Food Facts
7622202344213,front,,,Dietary supplements,"India, United Kingdom",https://images.openfoodfacts.org/images/products/762/220/234/4213/front_en.7.400.jpg,./off_download\images\7622202344213_front.jpg,CC BY-SA 4.0,Open Food Facts
8904004401134,front,Haldiram's Khatta Sweet and Salty mix,Haldiram,Mix of Sago and rice flakes,"France, India",https://images.openfoodfacts.org/images/products/890/400/440/1134/front_en.17.400.jpg,./off_download\images\8904004401134_front.jpg,CC BY-SA 4.0,Open Food Facts
8906001023036,front,Pure Cow Ghee,Gowardhan,"Butter fat, Butters","France, India",https://images.openfoodfacts.org/images/products/890/600/102/3036/front_en.12.400.jpg,./off_download\images\8906001023036_front.jpg,CC BY-SA 4.0,Open Food Facts
8901491367219,front,kurkure,kurkure,"Appetizers, Kurkure",India,https://images.openfoodfacts.org/images/products/890/149/136/7219/front_en.6.400.jpg,./off_download\images\8901491367219_front.jpg,CC BY-SA 4.0,Open Food Facts
8901764011252,front,Coca cola Original Taste 300ml can,Coca-Cola,"Carbonated waters, Colas, Sweetened beverages, Carbonated soft",India,https://images.openfoodfacts.org/images/products/890/176/401/1252/front_en.5.400.jpg,./off_download\images\8901764011252_front.jpg,CC BY-SA 4.0,Open Food Facts
19010588,front,Chicken noodles,"Maggi, Nestlé","Meals, Instant noodles, Chicken Noodles",India,https://images.openfoodfacts.org/images/products/000/001/901/0588/front_en.15.400.jpg,./off_download\images\19010588_front.jpg,CC BY-SA 4.0,Open Food Facts
8901491365666,front,Kurkure Puffcorn,Kurkure,Corn chips,India,https://images.openfoodfacts.org/images/products/890/149/136/5666/front_en.4.400.jpg,./off_download\images\8901491365666_front.jpg,CC BY-SA 4.0,Open Food Facts
8901491981538,front,Lay’s Chile Limon,Lay's,Snacks,India,https://images.openfoodfacts.org/images/products/890/149/198/1538/front_en.3.400.jpg,./off_download\images\8901491981538_front.jpg,CC BY-SA 4.0,Open Food Facts
8902080204021,front,Mirinda,"Mirinda, PepsiCo Inc.","Sodas, Carbonated waters, Carbonated soft drinks without fruit juice with sugar, Sweetened beverages",India,https://images.openfoodfacts.org/images/products/890/208/020/4021/front_en.4.400.jpg,./off_download\images\8902080204021_front.jpg,CC BY-SA 4.0,Open Food Facts
8906069403412,front,Chef's Special Tomato Ketchup,VEEBA,Tomato Ketchup,India,https://images.openfoodfacts.org/images/products/890/606/940/3412/front_en.15.400.jpg,./off_download\images\8906069403412_front.jpg,CC BY-SA 4.0,Open Food Facts
8908005144014,front,Multigain energy bar,Yoga Bar,Cereal bars,India,https://images.openfoodfacts.org/images/products/890/800/514/4014/front_fr.3.400.jpg,./off_download\images\8908005144014_front.jpg,CC BY-SA 4.0,Open Food Facts
3948764022913,front,fanta coca cola,Everest Turmeric powder tikha lal,"Sodas, Pran Lichi",India,https://images.openfoodfacts.org/images/products/394/876/402/2913/front_en.28.400.jpg,./off_download\images\3948764022913_front.jpg,CC BY-SA 4.0,Open Food Facts
8901063338593,front,100% Whole Wheat Brown Bread,Britannia,Breads,India,https://images.openfoodfacts.org/images/products/890/106/333/8593/front_en.3.400.jpg,./off_download\images\8901063338593_front.jpg,CC BY-SA 4.0,Open Food Facts
8908000861107,front,GOPAL,gopal,,India,https://images.openfoodfacts.org/images/products/890/800/086/1107/front_en.3.400.jpg,./off_download\images\8908000861107_front.jpg,CC BY-SA 4.0,Open Food Facts
8901764092152,front,Maaza Original 1.75ltr,HINDUSTAN COCO-COLA BEVERAGES PVT.LTD,"Sweetened beverages, Cooldrank",India,https://images.openfoodfacts.org/images/products/890/176/409/2152/front_en.8.400.jpg,./off_download\images\8901764092152_front.jpg,CC BY-SA 4.0,Open Food Facts
8901030953217,front,Kissan Sweet & Spicy Sauce,Kissan,Tomato sauces,India,https://images.openfoodfacts.org/images/products/890/103/095/3217/front_en.3.400.jpg,./off_download\images\8901030953217_front.jpg,CC BY-SA 4.0,Open Food Facts
8909081001123,front,Bounce Chocho,Sunfest,"Chocolate candies, Chocolate biscuits, Biscuit (cookie) snack w chocolate filling",India,https://images.openfoodfacts.org/images/products/890/908/100/1123/front_en.17.400.jpg,./off_download\images\8909081001123_front.jpg,CC BY-SA 4.0,Open Food Facts
8904004400021,front,bhujia sev,Haldiram's,Fried foods,India,https://images.openfoodfacts.org/images/products/890/400/440/0021/front_en.3.400.jpg,./off_download\images\8904004400021_front.jpg,CC BY-SA 4.0,Open Food Facts
8901030980053,front,Peanut Butter Crunchy,Kissan,"Peanut butters, Nut butters",India,https://images.openfoodfacts.org/images/products/890/103/098/0053/front_de.3.400.jpg,./off_download\images\8901030980053_front.jpg,CC BY-SA 4.0,Open Food Facts
8901719129179,front,PARLE COCONUT,Parle,Biscuits,India,https://images.openfoodfacts.org/images/products/890/171/912/9179/front_en.4.400.jpg,./off_download\images\8901719129179_front.jpg,CC BY-SA 4.0,Open Food Facts
8901725018016,front,Yippee noodles (snack pack),Sunfeast,"Snacks, Noodles",India,https://images.openfoodfacts.org/images/products/890/172/501/8016/front_en.8.400.jpg,./off_download\images\8901725018016_front.jpg,CC BY-SA 4.0,Open Food Facts
8901719126468,front,parle 20-20,Parle,"Biscuits, Buiscuit",India,https://images.openfoodfacts.org/images/products/890/171/912/6468/front_en.8.400.jpg,./off_download\images\8901719126468_front.jpg,CC BY-SA 4.0,Open Food Facts
8906002006601,front,8906002006601,Dr. Oetker,French sausages,India,https://images.openfoodfacts.org/images/products/890/600/200/6601/front_en.3.400.jpg,./off_download\images\8906002006601_front.jpg,CC BY-SA 4.0,Open Food Facts
8906004560262,front,,,Crisps,India,https://images.openfoodfacts.org/images/products/890/600/456/0262/front_en.8.400.jpg,./off_download\images\8906004560262_front.jpg,CC BY-SA 4.0,Open Food Facts
8904071700031,front,Masala Banana Chips,Chheda's,"Chips and fries, Olives, Banana breads",India,https://images.openfoodfacts.org/images/products/890/407/170/0031/front_en.24.400.jpg,./off_download\images\8904071700031_front.jpg,CC BY-SA 4.0,Open Food Facts
8906010502300,front,balaji wafers flamin hot,,veg wafers,India,https://images.openfoodfacts.org/images/products/890/601/050/2300/front_en.12.400.jpg,./off_download\images\8906010502300_front.jpg,CC BY-SA 4.0,Open Food Facts
8901725123123,front,iodized salt,Aashirvaad,"Spices, Iodised salts",India,https://images.openfoodfacts.org/images/products/890/172/512/3123/front_en.13.400.jpg,./off_download\images\8901725123123_front.jpg,CC BY-SA 4.0,Open Food Facts
8904004400083,front,Haldiram's Bhujia sev,Haldiram's,Salty snacks,"India, Singapore",https://images.openfoodfacts.org/images/products/890/400/440/0083/front_en.18.400.jpg,./off_download\images\8904004400083_front.jpg,CC BY-SA 4.0,Open Food Facts
8901030779282,front,Green tea honey lemon 25 Tea Bags,Lipton,Green teas,India,https://images.openfoodfacts.org/images/products/890/103/077/9282/front_en.13.400.jpg,./off_download\images\8901030779282_front.jpg,CC BY-SA 4.0,Open Food Facts
8886467122439,front,Pringles Desi Masala Tadka Flavour,Pringles,Stacked extruded potato crisps,India,https://images.openfoodfacts.org/images/products/888/646/712/2439/front_en.3.400.jpg,./off_download\images\8886467122439_front.jpg,CC BY-SA 4.0,Open Food Facts
8904071700192,front,Golden potato chips,,Potato crisps,"India, United States",https://images.openfoodfacts.org/images/products/890/407/170/0192/front_en.3.400.jpg,./off_download\images\8904071700192_front.jpg,CC BY-SA 4.0,Open Food Facts
8904090906520,front,Garlic mixture,Rajam snacks,Snacks,India,https://images.openfoodfacts.org/images/products/890/409/090/6520/front_en.6.400.jpg,./off_download\images\8904090906520_front.jpg,CC BY-SA 4.0,Open Food Facts
8901595851218,front,Veg Hakka Noodles,Ching's Secret,"Pasta dishes, Instant noodles",India,https://images.openfoodfacts.org/images/products/890/159/585/1218/front_en.31.400.jpg,./off_download\images\8901595851218_front.jpg,CC BY-SA 4.0,Open Food Facts
8901262174114,front,King Alphonso Gold Ice Cream,Amul,Ice cream in a box,India,https://images.openfoodfacts.org/images/products/890/126/217/4114/front_en.25.400.jpg,./off_download\images\8901262174114_front.jpg,CC BY-SA 4.0,Open Food Facts
8901725104641,front,Sunfeast moms magic cashew almond,Sunfeast,,India,https://images.openfoodfacts.org/images/products/890/172/510/4641/front_en.6.400.jpg,./off_download\images\8901725104641_front.jpg,CC BY-SA 4.0,Open Food Facts
8902579001438,front,Appy Fizz,Appy,Beverages,India,https://images.openfoodfacts.org/images/products/890/257/900/1438/front_en.5.400.jpg,./off_download\images\8902579001438_front.jpg,CC BY-SA 4.0,Open Food Facts
8901117250000,front,prolyte ors Orange flavour,cipla health,"Dietary drink for sport, Artificial Juice",India,https://images.openfoodfacts.org/images/products/890/111/725/0000/front_en.7.400.jpg,./off_download\images\8901117250000_front.jpg,CC BY-SA 4.0,Open Food Facts
8901088136945,front,100% Pure Coconut Oil,Parachute,Coconut oils,India,https://images.openfoodfacts.org/images/products/890/108/813/6945/front_en.3.400.jpg,./off_download\images\8901088136945_front.jpg,CC BY-SA 4.0,Open Food Facts
8908010900070,front,Pintola all natural peanut butter (crunchy),Pintola,"Nut butters, Crunchy peanut butters","India, United States",https://images.openfoodfacts.org/images/products/890/801/090/0070/front_en.22.400.jpg,./off_download\images\8908010900070_front.jpg,CC BY-SA 4.0,Open Food Facts
8906010501822,front,GIPPI,Balaji,"Cereals and their products, Noodles",India,https://images.openfoodfacts.org/images/products/890/601/050/1822/front_en.7.400.jpg,./off_download\images\8906010501822_front.jpg,CC BY-SA 4.0,Open Food Facts
3948764052910,front,Limca,,Sodas,India,https://images.openfoodfacts.org/images/products/394/876/405/2910/front_en.8.400.jpg,./off_download\images\3948764052910_front.jpg,CC BY-SA 4.0,Open Food Facts
8906032018919,front,Nutrela Soya mini chunks,Nutrela,"Soy beans, Soybean flours, Textured soy protein, Nutrela-soya-mini-chunks",India,https://images.openfoodfacts.org/images/products/890/603/201/8919/front_en.5.400.jpg,./off_download\images\8906032018919_front.jpg,CC BY-SA 4.0,Open Food Facts
8996001312476,front,,Mayora,,India,https://images.openfoodfacts.org/images/products/899/600/131/2476/front_en.4.400.jpg,./off_download\images\8996001312476_front.jpg,CC BY-SA 4.0,Open Food Facts
8901030919305,front,pizza & pasta sauce,Knorr,"Pasta sauces, Pizza sauces",India,https://images.openfoodfacts.org/images/products/890/103/091/9305/front_en.3.400.jpg,./off_download\images\8901030919305_front.jpg,CC BY-SA 4.0,Open Food Facts
8901725005986,front,Sunfeast Yippee! masala magic,"Sunfeast, Yippee!",Instant noodles,India,https://images.openfoodfacts.org/images/products/890/172/500/5986/front_en.3.400.jpg,./off_download\images\8901725005986_front.jpg,CC BY-SA 4.0,Open Food Facts
8906032018810,front,Patanjali Doodh biscuits,Patanjali,Biscuits,India,https://images.openfoodfacts.org/images/products/890/603/201/8810/front_en.3.400.jpg,./off_download\images\8906032018810_front.jpg,CC BY-SA 4.0,Open Food Facts
8904004404661,front,salted peanuts,Haldiram's,Salted peanuts,India,https://images.openfoodfacts.org/images/products/890/400/440/4661/front_en.8.400.jpg,./off_download\images\8904004404661_front.jpg,CC BY-SA 4.0,Open Food Facts
8906010500511,front,Chataka Pataka,Balaji,"Crisps, Namkeen",India,https://images.openfoodfacts.org/images/products/890/601/050/0511/front_en.9.400.jpg,./off_download\images\8906010500511_front.jpg,CC BY-SA 4.0,Open Food Facts
8901764012907,front,8901764012907,Coca-Cola,Beverages,India,https://images.openfoodfacts.org/images/products/890/176/401/2907/front_en.5.400.jpg,./off_download\images\8901764012907_front.jpg,CC BY-SA 4.0,Open Food Facts
3948262200196,front,amul butter masti 15,,,India,https://images.openfoodfacts.org/images/products/394/826/220/0196/front_en.3.400.jpg,./off_download\images\3948262200196_front.jpg,CC BY-SA 4.0,Open Food Facts
8901719135156,front,PARLE MONACO,parle,"Biscuits, Bi",India,https://images.openfoodfacts.org/images/products/890/171/913/5156/front_en.4.400.jpg,./off_download\images\8901719135156_front.jpg,CC BY-SA 4.0,Open Food Facts
7622202324260,front,Dairy Milk Chocolate,,"Candy chocolate bars, Milk chocolates, Ch",India,https://images.openfoodfacts.org/images/products/762/220/232/4260/front_en.7.400.jpg,./off_download\images\7622202324260_front.jpg,CC BY-SA 4.0,Open Food Facts
8906080604690,front,Swing Coconut Water,Paper Boat,Beverages,India,https://images.openfoodfacts.org/images/products/890/608/060/4690/front_en.22.400.jpg,./off_download\images\8906080604690_front.jpg,CC BY-SA 4.0,Open Food Facts
8901030735110,front,,,Ice cream tubs,India,https://images.openfoodfacts.org/images/products/890/103/073/5110/front_en.11.400.jpg,./off_download\images\8901030735110_front.jpg,CC BY-SA 4.0,Open Food Facts
8901058851298,front,Maggi 2-minutes Noodles,"Maggi, Nestlé",Instant noodles,India,https://images.openfoodfacts.org/images/products/890/105/885/1298/front_en.31.400.jpg,./off_download\images\8901058851298_front.jpg,CC BY-SA 4.0,Open Food Facts
8906010501419,front,poprings,balaji,Sweet snacks,India,https://images.openfoodfacts.org/images/products/890/601/050/1419/front_en.14.400.jpg,./off_download\images\8906010501419_front.jpg,CC BY-SA 4.0,Open Food Facts
8906006721821,front,lion kimjo Dates,LION,"Dried fruits, Dates",India,https://images.openfoodfacts.org/images/products/890/600/672/1821/front_en.4.400.jpg,./off_download\images\8906006721821_front.jpg,CC BY-SA 4.0,Open Food Facts
0786162002969,front,acai blueberry pomegranate nutrient enhanced water beverage,vitamin water,"Artificially sweetened beverages, Vitamin waters","India, United States",https://images.openfoodfacts.org/images/products/078/616/200/2969/front_en.46.400.jpg,./off_download\images\0786162002969_front.jpg,CC BY-SA 4.0,Open Food Facts
8904004400588,front,Haldiram's Lite Chiwda,Haldiram,,India,https://images.openfoodfacts.org/images/products/890/400/440/0588/front_en.6.400.jpg,./off_download\images\8904004400588_front.jpg,CC BY-SA 4.0,Open Food Facts
8906010500535,front,Balaji Wafers Chaat Chaska,Balaji,"Crisps, Salty snacks made from potato",India,https://images.openfoodfacts.org/images/products/890/601/050/0535/front_en.21.400.jpg,./off_download\images\8906010500535_front.jpg,CC BY-SA 4.0,Open Food Facts
8901491702188,front,Oats,Quaker,Rolled oats,India,https://images.openfoodfacts.org/images/products/890/149/170/2188/front_en.3.400.jpg,./off_download\images\8901491702188_front.jpg,CC BY-SA 4.0,Open Food Facts
8906002000494,front,Dr Oetker Funfoods Veg Mayonnaise,"Dr. Oetker, Funfoods",Mayonnaises,India,https://images.openfoodfacts.org/images/products/890/600/200/0494/front_en.4.400.jpg,./off_download\images\8906002000494_front.jpg,CC BY-SA 4.0,Open Food Facts
8901491435109,front,Potato chips (Spicy Treat flavour)20rs,Uncle Chipps,Potato crisps,"Canada, India, United States",https://images.openfoodfacts.org/images/products/890/149/143/5109/front_en.18.400.jpg,./off_download\images\8901491435109_front.jpg,CC BY-SA 4.0,Open Food Facts
8901512540201,front,ACT TT GOlDEN SIZZLE,ACT II,Popcorn,India,https://images.openfoodfacts.org/images/products/890/151/254/0201/front_en.34.400.jpg,./off_download\images\8901512540201_front.jpg,CC BY-SA 4.0,Open Food Facts
8901491001854,front,PEPSICO.,Lay's,Potato crisps,India,https://images.openfoodfacts.org/images/products/890/149/100/1854/front_en.22.400.jpg,./off_download\images\8901491001854_front.jpg,CC BY-SA 4.0,Open Food Facts
8901063142244,front,Nutri choice zero,Britannia,Biscuits,India,https://images.openfoodfacts.org/images/products/890/106/314/2244/front_fr.3.400.jpg,./off_download\images\8901063142244_front.jpg,CC BY-SA 4.0,Open Food Facts
8901058904741,front,Nestle kit Kat (Ind),KitKat,"Wafers, Candy chocolate bars filled with biscuit",India,https://images.openfoodfacts.org/images/products/890/105/890/4741/front_en.3.400.jpg,./off_download\images\8901058904741_front.jpg,CC BY-SA 4.0,Open Food Facts
8906007611602,front,Kreamy magic,Kwality,Cream pav,India,https://images.openfoodfacts.org/images/products/890/600/761/1602/front_en.3.400.jpg,./off_download\images\8906007611602_front.jpg,CC BY-SA 4.0,Open Food Facts
8901725013684,front,Madangle Achari Masti,ITC,"Crisps, Namkeen",India,https://images.openfoodfacts.org/images/products/890/172/501/3684/front_en.3.400.jpg,./off_download\images\8901725013684_front.jpg,CC BY-SA 4.0,Open Food Facts
8901058875577,front,Milkybar,Nestlé,Milk chocolate bar,India,https://images.openfoodfacts.org/images/products/890/105/887/5577/front_en.8.400.jpg,./off_download\images\8901058875577_front.jpg,CC BY-SA 4.0,Open Food Facts
8904004403626,front,,Haldiram's,,India,https://images.openfoodfacts.org/images/products/890/400/440/3626/front_en.4.400.jpg,./off_download\images\8904004403626_front.jpg,CC BY-SA 4.0,Open Food Facts
8906005508904,front,Bikaji mobile bhel chowpati bhelpuri,Bikaji,Snacks,India,https://images.openfoodfacts.org/images/products/890/600/550/8904/front_en.3.400.jpg,./off_download\images\8906005508904_front.jpg,CC BY-SA 4.0,Open Food Facts
0992880034469,front,,,Energy drinks,"India, Romania",https://images.openfoodfacts.org/images/products/099/288/003/4469/front_ro.3.400.jpg,./off_download\images\0992880034469_front.jpg,CC BY-SA 4.0,Open Food Facts
8901764175015,front,Maaza,Coca-Cola,"Fruit juices, Sweetened beverages, Mango-juice",India,https://images.openfoodfacts.org/images/products/890/176/417/5015/front_en.3.400.jpg,./off_download\images\8901764175015_front.jpg,CC BY-SA 4.0,Open Food Facts
7622202216916,front,Cadbury Chocobakes 17gm,Cadbury,Confectioneries,India,https://images.openfoodfacts.org/images/products/762/220/221/6916/front_en.22.400.jpg,./off_download\images\7622202216916_front.jpg,CC BY-SA 4.0,Open Food Facts
8901088213608,front,Saffola Oats,"Saffola, Marico",Rolled oats,India,https://images.openfoodfacts.org/images/products/890/108/821/3608/front_en.3.400.jpg,./off_download\images\8901088213608_front.jpg,CC BY-SA 4.0,Open Food Facts
8901058016116,front,KitKat 50,KitKat,"Chocolate candies, Chocolate-covered biscuits",India,https://images.openfoodfacts.org/images/products/890/105/801/6116/front_en.30.400.jpg,./off_download\images\8901058016116_front.jpg,CC BY-SA 4.0,Open Food Facts
8901063365964,front,Britannia Chocolate Cake 100gm,Britannia,Cakes,"Australia, India",https://images.openfoodfacts.org/images/products/890/106/336/5964/front_en.22.400.jpg,./off_download\images\8901063365964_front.jpg,CC BY-SA 4.0,Open Food Facts
8906151420389,front,best misal farsan,Sitashree LaxmiNarayan,Snacks,"India, United Kingdom",https://images.openfoodfacts.org/images/products/890/615/142/0389/front_en.8.400.jpg,./off_download\images\8906151420389_front.jpg,CC BY-SA 4.0,Open Food Facts
3948764012600,front,Coca cola 400,Coca-Cola,Colas,"India, United States",https://images.openfoodfacts.org/images/products/394/876/401/2600/front_en.3.400.jpg,./off_download\images\3948764012600_front.jpg,CC BY-SA 4.0,Open Food Facts
8901719127106,front,NG,,"Biscuits, Buiscuits","India, United States",https://images.openfoodfacts.org/images/products/890/171/912/7106/front_en.7.400.jpg,./off_download\images\8901719127106_front.jpg,CC BY-SA 4.0,Open Food Facts
8906010500320,front,8906010500320,,,"India, United States",https://images.openfoodfacts.org/images/products/890/601/050/0320/front_en.6.400.jpg,./off_download\images\8906010500320_front.jpg,CC BY-SA 4.0,Open Food Facts
7622202324697,front,,,Chocolates,India,https://images.openfoodfacts.org/images/products/762/220/232/4697/front_en.13.400.jpg,./off_download\images\7622202324697_front.jpg,CC BY-SA 4.0,Open Food Facts
8906031252314,front,Chakote Slice Cake,Chakote,Cakes,India,https://images.openfoodfacts.org/images/products/890/603/125/2314/front_en.4.400.jpg,./off_download\images\8906031252314_front.jpg,CC BY-SA 4.0,Open Food Facts
8901058022193,front,Maggi Noodles,Maggi,Instant noodles,India,https://images.openfoodfacts.org/images/products/890/105/802/2193/front_en.9.400.jpg,./off_download\images\8901058022193_front.jpg,CC BY-SA 4.0,Open Food Facts
8901262010023,front,Amul pasteurised butter,Amul,"Cheeses, Butters",India,https://images.openfoodfacts.org/images/products/890/126/201/0023/front_en.7.400.jpg,./off_download\images\8901262010023_front.jpg,CC BY-SA 4.0,Open Food Facts
8901262020046,front,Pure Milk Cheese Slices,Amul,Cheeses,"France, India",https://images.openfoodfacts.org/images/products/890/126/202/0046/front_fr.4.400.jpg,./off_download\images\8901262020046_front.jpg,CC BY-SA 4.0,Open Food Facts
8906017290125,front,Vedica,Bisleri,Natural mineral waters,India,https://images.openfoodfacts.org/images/products/890/601/729/0125/front_en.7.400.jpg,./off_download\images\8906017290125_front.jpg,CC BY-SA 4.0,Open Food Facts
8902579103170,front,Frooti,"Frooti, Parle Agro","Fruit juices, Sweetened beverages, Ready to serve fruit drink",India,https://images.openfoodfacts.org/images/products/890/257/910/3170/front_en.69.400.jpg,./off_download\images\8902579103170_front.jpg,CC BY-SA 4.0,Open Food Facts
8000500347508,front,,Kinder,"Confectioneries, Chocolate biscuits","India, Malaysia, Poland",https://images.openfoodfacts.org/images/products/800/050/034/7508/front_et.73.400.jpg,./off_download\images\8000500347508_front.jpg,CC BY-SA 4.0,Open Food Facts
8901499010483,front,Kelloggs Muesli,Kellogg's,"Cereal flakes, Mueslis with fruits",India,https://images.openfoodfacts.org/images/products/890/149/901/0483/front_en.24.400.jpg,./off_download\images\8901499010483_front.jpg,CC BY-SA 4.0,Open Food Facts
8904004407617,front,Taka-tak,Haldiram's,Crisps,India,https://images.openfoodfacts.org/images/products/890/400/440/7617/front_fr.3.400.jpg,./off_download\images\8904004407617_front.jpg,CC BY-SA 4.0,Open Food Facts
8901262071864,front,99% Cacao Ultimate Dark Chocolate,Amul,Dark chocolate bar,India,https://images.openfoodfacts.org/images/products/890/126/207/1864/front_en.17.400.jpg,./off_download\images\8901262071864_front.jpg,CC BY-SA 4.0,Open Food Facts
8901246005373,front,TOMATO KETCHUP CLASSIC BLEND,Del Monte,Ketchup,India,https://images.openfoodfacts.org/images/products/890/124/600/5373/front_en.20.400.jpg,./off_download\images\8901246005373_front.jpg,CC BY-SA 4.0,Open Food Facts
8906010261078,front,Refined Sunflower Oil,Gold winner kaleesuwari,"Sunflower oils, Refined sunflower oils",India,https://images.openfoodfacts.org/images/products/890/601/026/1078/front_en.3.400.jpg,./off_download\images\8906010261078_front.jpg,CC BY-SA 4.0,Open Food Facts
8901030902383,front,Manchow Veg,Knorr,"Dried meals, Soup mixes",India,https://images.openfoodfacts.org/images/products/890/103/090/2383/front_en.3.400.jpg,./off_download\images\8901030902383_front.jpg,CC BY-SA 4.0,Open Food Facts
8906006783058,front,D-lite Tomato Ketchup,Surabhi,Tomato Ketchup,India,https://images.openfoodfacts.org/images/products/890/600/678/3058/front_en.3.400.jpg,./off_download\images\8906006783058_front.jpg,CC BY-SA 4.0,Open Food Facts
8904272600154,front,Storia Tender Coconut Water,Storia,"Waters, Coconut waters",India,https://images.openfoodfacts.org/images/products/890/427/260/0154/front_en.27.400.jpg,./off_download\images\8904272600154_front.jpg,CC BY-SA 4.0,Open Food Facts
8901063162648,front,Britannia Marie Gold,Britannia,Biscuits,India,https://images.openfoodfacts.org/images/products/890/106/316/2648/front_en.3.400.jpg,./off_download\images\8901063162648_front.jpg,CC BY-SA 4.0,Open Food Facts
8901207019234,front,Hajmola,Dabur,"Ayurvedic, Digestive-tablets",India,https://images.openfoodfacts.org/images/products/890/120/701/9234/front_fr.5.400.jpg,./off_download\images\8901207019234_front.jpg,CC BY-SA 4.0,Open Food Facts
7622201763329,front,Orange Tang,,Beverages,India,https://images.openfoodfacts.org/images/products/762/220/176/3329/front_en.6.400.jpg,./off_download\images\7622201763329_front.jpg,CC BY-SA 4.0,Open Food Facts
8902080204052,front,Mirinda orange Flavour 750ml,Mirinda,Fruit-based beverages,India,https://images.openfoodfacts.org/images/products/890/208/020/4052/front_en.7.400.jpg,./off_download\images\8902080204052_front.jpg,CC BY-SA 4.0,Open Food Facts
8904320015404,front,Peanut Butter - Crunchy,Disano,"Nut butters, Peanut butters","India, Japan",https://images.openfoodfacts.org/images/products/890/432/001/5404/front_en.5.400.jpg,./off_download\images\8904320015404_front.jpg,CC BY-SA 4.0,Open Food Facts
8906010501198,front,Crunchem Pizzy Masala,Balaji,"Crisps, Chips",India,https://images.openfoodfacts.org/images/products/890/601/050/1198/front_en.3.400.jpg,./off_download\images\8906010501198_front.jpg,CC BY-SA 4.0,Open Food Facts
00001295,front,Feed Grade Soybeans,"H‑E‑B, Rural Route 1",,"India, Ireland, world",https://images.openfoodfacts.org/images/products/000/000/000/1295/front_en.16.400.jpg,./off_download\images\00001295_front.jpg,CC BY-SA 4.0,Open Food Facts
8906090573047,front,Too yummy Chips green,,Crisps,India,https://images.openfoodfacts.org/images/products/890/609/057/3047/front_en.7.400.jpg,./off_download\images\8906090573047_front.jpg,CC BY-SA 4.0,Open Food Facts
